mid,dtg,y,x
ST-DEV-001,2026-02-01T05:30:00,12.359709,-1.516402
VEH-032-0,2026-02-01T05:30:00,12.364466,-1.521212
VEH-032-0,2026-02-01T05:30:30,12.36496,-1.518575
VEH-032-0,2026-02-01T05:31:00,12.362497,-1.518014
VEH-032-0,2026-02-01T05:31:30,12.361353,-1.516538
VEH-032-1,2026-02-01T05:40:00,12.364466,-1.521212
ST-DEV-001,2026-02-01T05:40:00,12.359712,-1.516373
VEH-032-1,2026-02-01T05:40:30,12.36496,-1.518575
VEH-032-1,2026-02-01T05:41:00,12.362497,-1.518014
VEH-032-1,2026-02-01T05:41:30,12.361353,-1.516538
ST-DEV-001,2026-02-01T05:50:00,12.359696,-1.516404
ST-DEV-001,2026-02-01T06:00:00,12.359728,-1.516386
ST-ASC-003,2026-02-01T06:00:00,12.359413,-1.51634
ST-ASC-003,2026-02-01T06:00:30,12.361402,-1.515987
ST-DEV-001,2026-02-01T06:10:00,12.359692,-1.51639
ST-DEV-001,2026-02-01T06:20:00,12.359692,-1.516408
ST-DEV-001,2026-02-01T06:30:00,12.359704,-1.516434
VEH-032-0,2026-02-01T06:30:00,12.362488,-1.513093
VEH-032-0,2026-02-01T06:40:00,12.362502,-1.513102
ST-DEV-001,2026-02-01T06:40:00,12.359669,-1.51641
VEH-032-1,2026-02-01T06:40:00,12.362509,-1.513096
VEH-032-0,2026-02-01T06:50:00,12.3625,-1.513097
VEH-032-1,2026-02-01T06:50:00,12.362502,-1.513091
ST-DEV-001,2026-02-01T06:50:00,12.359682,-1.516394
VEH-032-0,2026-02-01T07:00:00,12.362495,-1.513107
VEH-032-1,2026-02-01T07:00:00,12.362515,-1.513091
ST-ASC-003,2026-02-01T07:00:00,12.362491,-1.513105
LR-DEV-001,2026-02-01T07:00:00,12.359002,-1.520911
ST-DEV-001,2026-02-01T07:00:00,12.359684,-1.516425
VEH-032-1,2026-02-01T07:10:00,12.362483,-1.513112
VEH-032-0,2026-02-01T07:10:00,12.362502,-1.513109
ST-ASC-003,2026-02-01T07:10:00,12.362501,-1.513105
ST-DEV-001,2026-02-01T07:10:00,12.359726,-1.516404
LR-DEV-001,2026-02-01T07:10:00,12.359002,-1.520897
VEH-032-0,2026-02-01T07:20:00,12.362504,-1.513115
VEH-032-1,2026-02-01T07:20:00,12.362494,-1.5131
ST-ASC-003,2026-02-01T07:20:00,12.362486,-1.513099
ST-DEV-001,2026-02-01T07:20:00,12.359701,-1.516426
LR-DEV-001,2026-02-01T07:20:00,12.358992,-1.520899
ST-ASC-003,2026-02-01T07:30:00,12.36249,-1.513096
LR-DEV-001,2026-02-01T07:30:00,12.359001,-1.52091
ST-ASC-004,2026-02-01T07:30:00,12.362917,-1.522496
VEH-032-1,2026-02-01T07:30:00,12.362505,-1.513107
ST-DEV-001,2026-02-01T07:30:00,12.359413,-1.51634
ST-DEV-001,2026-02-01T07:30:30,12.360477,-1.517563
ST-DEV-001,2026-02-01T07:31:00,12.362689,-1.517976
ST-DEV-001,2026-02-01T07:31:30,12.363412,-1.516165
civ-d8b7daca-ee30-436f-8068-55f18110860d,2026-02-01T07:36:59,12.363865,-1.515215
ST-ASC-004,2026-02-01T07:40:00,12.362889,-1.522494
ST-ASC-003,2026-02-01T07:40:00,12.362492,-1.513086
LR-DEV-001,2026-02-01T07:40:00,12.359003,-1.520895
civ-d914300c-71f1-433a-9c13-50294a4699cb,2026-02-01T07:41:47,12.363898,-1.515564
civ-b7e3e859-9789-4511-9091-3013ac317000,2026-02-01T07:43:02,12.363917,-1.51535
LR-DEV-001,2026-02-01T07:50:00,12.35901,-1.520891
ST-ASC-003,2026-02-01T07:50:00,12.362493,-1.513103
ST-ASC-004,2026-02-01T07:50:00,12.362891,-1.522493
civ-aada54c8-b736-4f69-8649-471827354a37,2026-02-01T07:55:09,12.363962,-1.515324
civ-bb1a3b8d-6013-4514-b1e6-efb6fe8b0a59,2026-02-01T07:55:15,12.362849,-1.522492
civ-fb779864-9bc9-4670-9e47-b8ea339c3672,2026-02-01T07:56:01,12.362924,-1.52253
civ-fb779864-9bc9-4670-9e47-b8ea339c3672,2026-02-01T07:56:02,12.364028,-1.51543
civ-eb6bca32-ee6b-4d0a-8030-aae8db13a9d5,2026-02-01T07:56:42,12.363983,-1.51535
civ-9ab99406-c557-4ff3-9546-d37339008bda,2026-02-01T07:56:47,12.362913,-1.522482
civ-cc100b8b-4558-4c64-aa34-d02bf900f083,2026-02-01T07:57:42,12.364034,-1.515376
civ-9882446e-69c8-4759-964a-00f38ec7e4eb,2026-02-01T07:57:54,12.362857,-1.522562
civ-c967612c-4cbd-48d4-93ae-3c8a9efdb5fc,2026-02-01T07:58:13,12.362952,-1.522581
civ-4472992d-2849-4630-9c4d-54f39f5e8ed9,2026-02-01T07:59:21,12.362827,-1.522619
civ-b7fa315c-1ea4-4bff-9ffe-220fb9d76e77,2026-02-01T07:59:29,12.364024,-1.515416
civ-62d7d317-8457-4ab1-9267-775a132d353e,2026-02-01T07:59:38,12.363883,-1.515391
ST-ASC-004,2026-02-01T08:00:00,12.36291,-1.522507
ST-ASC-003,2026-02-01T08:00:00,12.361831,-1.514451
LR-ASC-004,2026-02-01T08:00:00,12.35903,-1.520731
ST-DEV-001,2026-02-01T08:00:00,12.363985,-1.515397
LR-DEV-001,2026-02-01T08:00:00,12.358988,-1.520908
NEW-DEV-X1,2026-02-01T08:00:00,12.358977,-1.520585
civ-52216a52-4637-4288-9689-1b401180ecf7,2026-02-01T08:00:18,12.364019,-1.515404
ST-ASC-003,2026-02-01T08:00:30,12.360786,-1.516085
LR-ASC-004,2026-02-01T08:00:30,12.360485,-1.521311
civ-e20dc56d-a415-4159-b4a5-869333b3e011,2026-02-01T08:00:48,12.362951,-1.522468
civ-e8dc8ba3-bb2c-48c0-a27f-1f0939012fb5,2026-02-01T08:01:09,12.362882,-1.522392
civ-5b5de6bb-92db-43c6-9982-ac8c804e1ff3,2026-02-01T08:01:13,12.362822,-1.522456
civ-c967612c-4cbd-48d4-93ae-3c8a9efdb5fc,2026-02-01T08:01:21,12.362831,-1.522436
civ-cece9c82-aff1-4a7b-a95f-8fede9573ccc,2026-02-01T08:01:30,12.363894,-1.515318
civ-b7e3e859-9789-4511-9091-3013ac317000,2026-02-01T08:01:35,12.364035,-1.515384
civ-3e6a8a9e-f47d-46e1-8940-4918058ed49b,2026-02-01T08:01:53,12.362883,-1.522565
civ-1728b5a6-c412-442d-b081-e8a8b42b5e38,2026-02-01T08:02:00,12.362901,-1.522502
civ-4e6f6a58-041a-446a-b97e-2eac0f9997d3,2026-02-01T08:02:10,12.364122,-1.51547
civ-560e35c7-b256-4f74-b9d8-7519c1756d49,2026-02-01T08:02:11,12.36296,-1.522581
civ-dbb2498a-52c9-4500-8a72-a1de35cc0a87,2026-02-01T08:02:26,12.364063,-1.515423
civ-8481ec28-d882-446a-b3db-32ba460d4b17,2026-02-01T08:02:41,12.363997,-1.515321
civ-52e12e63-9cf1-450f-b811-723dd006ab95,2026-02-01T08:02:56,12.362845,-1.52263
civ-52e12e63-9cf1-450f-b811-723dd006ab95,2026-02-01T08:03:16,12.363883,-1.515397
civ-62bbac52-ba2e-4404-97d7-2d93b963ebf3,2026-02-01T08:03:49,12.362799,-1.522556
civ-c9a81ee6-40fb-4df7-9494-366e6f87591d,2026-02-01T08:04:04,12.36275,-1.522378
civ-62bbac52-ba2e-4404-97d7-2d93b963ebf3,2026-02-01T08:04:15,12.36392,-1.515274
civ-068f17d0-0065-405c-bdd7-f715203c8e19,2026-02-01T08:04:15,12.362975,-1.522537
civ-58babd9c-f204-49ee-985a-f994c95fa4bd,2026-02-01T08:04:24,12.364185,-1.515396
civ-62d7d317-8457-4ab1-9267-775a132d353e,2026-02-01T08:04:38,12.363995,-1.515487
civ-068f17d0-0065-405c-bdd7-f715203c8e19,2026-02-01T08:04:39,12.36392,-1.515332
civ-7acf1504-7434-49b3-ade9-cad12822f55f,2026-02-01T08:05:06,12.362778,-1.52239
civ-02576fae-ffff-4cf6-a5bc-b03aa4a9ac88,2026-02-01T08:05:21,12.363929,-1.515409
civ-cee79db9-2e6e-4786-bea4-267e53b2f310,2026-02-01T08:05:21,12.364022,-1.515523
civ-b7e3e859-9789-4511-9091-3013ac317000,2026-02-01T08:05:35,12.363076,-1.522491
civ-d8b7daca-ee30-436f-8068-55f18110860d,2026-02-01T08:06:19,12.363888,-1.515356
civ-155783d0-b79c-4de9-a91d-5c2e44bbd601,2026-02-01T08:06:44,12.363899,-1.515359
civ-19d8cd88-9b8a-452a-a525-d1043b3c1526,2026-02-01T08:06:45,12.364063,-1.515302
civ-d914300c-71f1-433a-9c13-50294a4699cb,2026-02-01T08:07:16,12.36403,-1.515265
civ-58babd9c-f204-49ee-985a-f994c95fa4bd,2026-02-01T08:07:32,12.363033,-1.522419
civ-8481ec28-d882-446a-b3db-32ba460d4b17,2026-02-01T08:09:40,12.362861,-1.522471
civ-eb6bca32-ee6b-4d0a-8030-aae8db13a9d5,2026-02-01T08:09:43,12.362496,-1.522508
ST-DEV-001,2026-02-01T08:10:00,12.363969,-1.51539
NEW-DEV-X1,2026-02-01T08:10:00,12.35897,-1.520573
LR-DEV-001,2026-02-01T08:10:00,12.359005,-1.520895
ST-ASC-004,2026-02-01T08:10:00,12.362909,-1.522496
civ-5f953348-9eea-4e6f-adfb-b33b5a94eae7,2026-02-01T08:10:07,12.363982,-1.51542
civ-4472992d-2849-4630-9c4d-54f39f5e8ed9,2026-02-01T08:10:34,12.363907,-1.515493
civ-3e6a8a9e-f47d-46e1-8940-4918058ed49b,2026-02-01T08:15:10,12.364065,-1.515527
civ-c49fd41d-7955-4cb5-b6a7-786718622610,2026-02-01T08:15:27,12.364106,-1.515409
civ-b7fa315c-1ea4-4bff-9ffe-220fb9d76e77,2026-02-01T08:16:41,12.362732,-1.522583
LR-DEV-001,2026-02-01T08:20:00,12.359005,-1.520865
NEW-DEV-X1,2026-02-01T08:20:00,12.358979,-1.520576
LR-ASC-004,2026-02-01T08:20:00,12.360297,-1.521919
ST-DEV-001,2026-02-01T08:20:00,12.363984,-1.515408
ST-ASC-004,2026-02-01T08:20:00,12.362907,-1.522483
LR-ASC-004,2026-02-01T08:20:30,12.362138,-1.522277
civ-4e6f6a58-041a-446a-b97e-2eac0f9997d3,2026-02-01T08:21:07,12.362775,-1.522556
LR-DEV-001,2026-02-01T08:30:00,12.359005,-1.52089
ST-DEV-001,2026-02-01T08:30:00,12.363984,-1.51535
ST-ASC-004,2026-02-01T08:30:00,12.362898,-1.522507
NEW-DEV-X1,2026-02-01T08:30:00,12.358984,-1.520583
LR-ASC-004,2026-02-01T08:40:00,12.362893,-1.522505
NEW-DEV-X1,2026-02-01T08:40:00,12.358978,-1.520586
LR-DEV-001,2026-02-01T08:40:00,12.359009,-1.520894
ST-ASC-004,2026-02-01T08:40:00,12.362892,-1.522507
ST-DEV-001,2026-02-01T08:40:00,12.364,-1.515429
LR-ASC-004,2026-02-01T08:45:00,12.362907,-1.522495
NEW-DEV-X1,2026-02-01T08:50:00,12.358975,-1.520584
LR-ASC-004,2026-02-01T08:50:00,12.362269,-1.522382
LR-DEV-001,2026-02-01T08:50:00,12.358997,-1.520893
ST-ASC-004,2026-02-01T08:50:00,12.362899,-1.522497
ST-DEV-001,2026-02-01T08:50:00,12.364022,-1.515433
LR-ASC-004,2026-02-01T08:50:30,12.360518,-1.52196
ST-DEV-001,2026-02-01T09:00:00,12.364006,-1.515453
NEW-DEV-X1,2026-02-01T09:00:00,12.358973,-1.520578
NEW-DEV-X2,2026-02-01T09:00:00,12.358958,-1.520777
LR-DEV-001,2026-02-01T09:00:00,12.358993,-1.520902
ST-ASC-004,2026-02-01T09:00:00,12.362902,-1.522493
LR-ASC-004,2026-02-01T09:10:00,12.360297,-1.521919
NEW-DEV-X2,2026-02-01T09:10:00,12.358955,-1.520777
LR-DEV-001,2026-02-01T09:10:00,12.358996,-1.520899
ST-DEV-001,2026-02-01T09:10:00,12.363964,-1.515395
NEW-DEV-X1,2026-02-01T09:10:00,12.358965,-1.520564
ST-ASC-004,2026-02-01T09:10:00,12.3629,-1.522487
LR-ASC-004,2026-02-01T09:10:30,12.359626,-1.520842
LR-DEV-001,2026-02-01T09:20:00,12.359021,-1.520917
ST-ASC-004,2026-02-01T09:20:00,12.362898,-1.522476
NEW-DEV-X2,2026-02-01T09:20:00,12.358963,-1.520762
NEW-DEV-X1,2026-02-01T09:20:00,12.358963,-1.520594
ST-DEV-001,2026-02-01T09:20:00,12.36402,-1.515395
NEW-DEV-X1,2026-02-01T09:30:00,12.358982,-1.520576
ST-DEV-001,2026-02-01T09:30:00,12.363997,-1.515408
LR-DEV-001,2026-02-01T09:30:00,12.359006,-1.520915
NEW-DEV-X2,2026-02-01T09:30:00,12.358942,-1.520769
LR-ASC-004,2026-02-01T09:30:00,12.35903,-1.520731
LR-ASC-004,2026-02-01T09:30:30,12.360485,-1.521311
ST-DEV-001,2026-02-01T09:40:00,12.36396,-1.515419
NEW-DEV-X1,2026-02-01T09:40:00,12.358978,-1.520577
NEW-DEV-X2,2026-02-01T09:40:00,12.35895,-1.520766
LR-DEV-001,2026-02-01T09:40:00,12.358996,-1.52089
LR-ASC-004,2026-02-01T09:50:00,12.360297,-1.521919
NEW-DEV-X2,2026-02-01T09:50:00,12.358935,-1.520772
ST-DEV-001,2026-02-01T09:50:00,12.363988,-1.515371
NEW-DEV-X1,2026-02-01T09:50:00,12.358972,-1.520591
LR-DEV-001,2026-02-01T09:50:00,12.359001,-1.52091
LR-ASC-004,2026-02-01T09:50:30,12.362138,-1.522277
NEW-DEV-X2,2026-02-01T10:00:00,12.358954,-1.520794
LR-DEV-001,2026-02-01T10:00:00,12.358994,-1.520894
ST-DEV-001,2026-02-01T10:00:00,12.364009,-1.515448
NEW-DEV-X1,2026-02-01T10:00:00,12.358973,-1.520589
LR-DEV-001,2026-02-01T10:10:00,12.358993,-1.520898
NEW-DEV-X2,2026-02-01T10:10:00,12.358933,-1.520796
ST-DEV-001,2026-02-01T10:10:00,12.364009,-1.51541
LR-ASC-004,2026-02-01T10:10:00,12.3629,-1.522499
NEW-DEV-X1,2026-02-01T10:10:00,12.358981,-1.520584
LR-ASC-004,2026-02-01T10:15:00,12.362911,-1.522505
LR-ASC-004,2026-02-01T10:20:00,12.362269,-1.522382
NEW-DEV-X2,2026-02-01T10:20:00,12.358942,-1.520772
ST-DEV-001,2026-02-01T10:20:00,12.363982,-1.515383
NEW-DEV-X1,2026-02-01T10:20:00,12.358965,-1.520586
LR-DEV-001,2026-02-01T10:20:00,12.359,-1.520906
LR-ASC-004,2026-02-01T10:20:30,12.360518,-1.52196
NEW-DEV-X1,2026-02-01T10:30:00,12.358976,-1.520588
ST-DEV-001,2026-02-01T10:30:00,12.364028,-1.515375
NEW-DEV-X2,2026-02-01T10:30:00,12.358958,-1.520777
LR-DEV-001,2026-02-01T10:30:00,12.359019,-1.520894
ST-DEV-001,2026-02-01T10:40:00,12.363977,-1.515408
NEW-DEV-X2,2026-02-01T10:40:00,12.358959,-1.52079
LR-DEV-001,2026-02-01T10:40:00,12.358982,-1.520898
NEW-DEV-X1,2026-02-01T10:40:00,12.358965,-1.520581
LR-ASC-004,2026-02-01T10:40:00,12.360297,-1.521919
LR-ASC-004,2026-02-01T10:40:30,12.359626,-1.520842
LR-DEV-001,2026-02-01T10:50:00,12.358994,-1.520892
NEW-DEV-X1,2026-02-01T10:50:00,12.358974,-1.520588
NEW-DEV-X2,2026-02-01T10:50:00,12.358929,-1.520778
ST-DEV-001,2026-02-01T10:50:00,12.364009,-1.515374
NEW-DEV-X1,2026-02-01T11:00:00,12.358968,-1.520581
NEW-DEV-X2,2026-02-01T11:00:00,12.358947,-1.520778
ST-DEV-001,2026-02-01T11:00:00,12.363987,-1.515405
LR-DEV-001,2026-02-01T11:00:00,12.358993,-1.520901
ST-DEV-001,2026-02-01T11:10:00,12.36397,-1.515432
NEW-DEV-X1,2026-02-01T11:10:00,12.358959,-1.520596
NEW-DEV-X2,2026-02-01T11:10:00,12.358925,-1.520779
LR-DEV-001,2026-02-01T11:10:00,12.359005,-1.520892
NEW-DEV-X2,2026-02-01T11:20:00,12.358932,-1.520772
ST-DEV-001,2026-02-01T11:20:00,12.364022,-1.515363
NEW-DEV-X1,2026-02-01T11:20:00,12.358966,-1.520585
LR-DEV-001,2026-02-01T11:20:00,12.358989,-1.520903
ST-DEV-001,2026-02-01T11:30:00,12.363998,-1.515373
LR-DEV-001,2026-02-01T11:30:00,12.358996,-1.520906
NEW-DEV-X2,2026-02-01T11:30:00,12.358947,-1.520786
NEW-DEV-X1,2026-02-01T11:30:00,12.358975,-1.52057
NEW-DEV-X1,2026-02-01T11:40:00,12.35898,-1.520584
LR-DEV-001,2026-02-01T11:40:00,12.359016,-1.520896
ST-DEV-001,2026-02-01T11:40:00,12.36401,-1.515417
NEW-DEV-X2,2026-02-01T11:40:00,12.358939,-1.520788
ST-DEV-001,2026-02-01T11:50:00,12.36401,-1.515358
LR-DEV-001,2026-02-01T11:50:00,12.358989,-1.520892
NEW-DEV-X1,2026-02-01T11:50:00,12.358972,-1.520592
NEW-DEV-X2,2026-02-01T11:50:00,12.358943,-1.520769
NEW-DEV-X2,2026-02-01T12:00:00,12.358935,-1.520773
NEW-DEV-X1,2026-02-01T12:00:00,12.358972,-1.520586
NEW-DEV-X1,2026-02-01T12:10:00,12.358975,-1.52059
NEW-DEV-X2,2026-02-01T12:10:00,12.358939,-1.520785
NEW-DEV-X1,2026-02-01T12:20:00,12.358977,-1.520569
NEW-DEV-X2,2026-02-01T12:20:00,12.358943,-1.520787
NEW-DEV-X1,2026-02-01T12:30:00,12.358971,-1.520579
NEW-DEV-X2,2026-02-01T12:30:00,12.358939,-1.520789
NEW-DEV-X1,2026-02-01T12:40:00,12.358978,-1.520587
NEW-DEV-X2,2026-02-01T12:40:00,12.358962,-1.520778
civ-cece9c82-aff1-4a7b-a95f-8fede9573ccc,2026-02-01T12:40:59,12.362936,-1.522382
civ-f7b60403-c6bb-4b3e-adf7-46afadfd190b,2026-02-01T12:43:51,12.363052,-1.522753
civ-9ab99406-c557-4ff3-9546-d37339008bda,2026-02-01T12:46:04,12.364113,-1.515517
civ-b7fa315c-1ea4-4bff-9ffe-220fb9d76e77,2026-02-01T12:47:12,12.362902,-1.522282
civ-aada54c8-b736-4f69-8649-471827354a37,2026-02-01T12:48:29,12.363896,-1.515608
civ-068f17d0-0065-405c-bdd7-f715203c8e19,2026-02-01T12:48:32,12.364076,-1.515493
NEW-DEV-X2,2026-02-01T12:50:00,12.358938,-1.520776
NEW-DEV-X1,2026-02-01T12:50:00,12.358974,-1.520583
civ-5b5de6bb-92db-43c6-9982-ac8c804e1ff3,2026-02-01T12:53:34,12.364023,-1.51549
civ-62d7d317-8457-4ab1-9267-775a132d353e,2026-02-01T12:54:07,12.362946,-1.52262
civ-9882446e-69c8-4759-964a-00f38ec7e4eb,2026-02-01T12:54:29,12.362903,-1.52256
civ-cece9c82-aff1-4a7b-a95f-8fede9573ccc,2026-02-01T12:55:24,12.364024,-1.51543
civ-5b5de6bb-92db-43c6-9982-ac8c804e1ff3,2026-02-01T12:57:14,12.364131,-1.515426
civ-abb599b3-970c-4aed-a7cd-a2f03dd05458,2026-02-01T12:58:56,12.363003,-1.522536
civ-fb779864-9bc9-4670-9e47-b8ea339c3672,2026-02-01T12:59:04,12.362865,-1.522531
civ-cece9c82-aff1-4a7b-a95f-8fede9573ccc,2026-02-01T12:59:16,12.364109,-1.515009
civ-3e6a8a9e-f47d-46e1-8940-4918058ed49b,2026-02-01T12:59:17,12.362858,-1.522446
civ-c967612c-4cbd-48d4-93ae-3c8a9efdb5fc,2026-02-01T12:59:26,12.362812,-1.522449
civ-fb779864-9bc9-4670-9e47-b8ea339c3672,2026-02-01T12:59:42,12.364021,-1.515251
civ-155783d0-b79c-4de9-a91d-5c2e44bbd601,2026-02-01T12:59:48,12.363953,-1.515435
NEW-DEV-X2,2026-02-01T13:00:00,12.358943,-1.52078
ST-DEV-001,2026-02-01T13:00:00,12.363601,-1.515311
NEW-DEV-X1,2026-02-01T13:00:00,12.358973,-1.52059
ST-ASC-004,2026-02-01T13:00:00,12.362906,-1.522508
civ-abb599b3-970c-4aed-a7cd-a2f03dd05458,2026-02-01T13:00:01,12.362722,-1.522557
civ-9625ea0f-0516-485b-9a2c-c109b8dc9eeb,2026-02-01T13:00:06,12.363036,-1.522403
civ-c49fd41d-7955-4cb5-b6a7-786718622610,2026-02-01T13:00:08,12.36402,-1.515481
civ-69fb9cc1-ef25-4bcf-92ba-fd2160d52f85,2026-02-01T13:00:17,12.36388,-1.515361
ST-DEV-001,2026-02-01T13:00:30,12.361614,-1.515156
civ-b7fa315c-1ea4-4bff-9ffe-220fb9d76e77,2026-02-01T13:00:55,12.362765,-1.522525
civ-58babd9c-f204-49ee-985a-f994c95fa4bd,2026-02-01T13:01:18,12.362881,-1.52258
civ-dbb2498a-52c9-4500-8a72-a1de35cc0a87,2026-02-01T13:01:27,12.364086,-1.515429
civ-5f953348-9eea-4e6f-adfb-b33b5a94eae7,2026-02-01T13:01:46,12.362881,-1.522608
civ-cfaec9ab-5ac9-4b7c-a1c3-b15e20dcb410,2026-02-01T13:01:55,12.363974,-1.515317
civ-7acf1504-7434-49b3-ade9-cad12822f55f,2026-02-01T13:02:12,12.362889,-1.522531
civ-155783d0-b79c-4de9-a91d-5c2e44bbd601,2026-02-01T13:02:17,12.362967,-1.522363
civ-3e6a8a9e-f47d-46e1-8940-4918058ed49b,2026-02-01T13:02:17,12.364007,-1.515346
civ-cee79db9-2e6e-4786-bea4-267e53b2f310,2026-02-01T13:02:20,12.362874,-1.522504
civ-eb961fb2-fc9b-493a-b186-f94d7d40522d,2026-02-01T13:02:35,12.362984,-1.522482
civ-1728b5a6-c412-442d-b081-e8a8b42b5e38,2026-02-01T13:02:57,12.363959,-1.515439
civ-abb599b3-970c-4aed-a7cd-a2f03dd05458,2026-02-01T13:03:05,12.364027,-1.515443
civ-62bbac52-ba2e-4404-97d7-2d93b963ebf3,2026-02-01T13:03:08,12.364067,-1.515308
civ-52e12e63-9cf1-450f-b811-723dd006ab95,2026-02-01T13:03:23,12.364019,-1.515465
civ-a5d5f0ac-097b-48e0-991d-f1066f980ce7,2026-02-01T13:03:42,12.362915,-1.522507
civ-068f17d0-0065-405c-bdd7-f715203c8e19,2026-02-01T13:04:29,12.362881,-1.52257
civ-88351541-c041-41e4-903d-ddffd8fff7d9,2026-02-01T13:04:39,12.362898,-1.522539
civ-d914300c-71f1-433a-9c13-50294a4699cb,2026-02-01T13:04:45,12.363872,-1.515292
civ-560e35c7-b256-4f74-b9d8-7519c1756d49,2026-02-01T13:04:53,12.362938,-1.522396
ST-ASC-004,2026-02-01T13:05:00,12.36289,-1.522496
civ-02576fae-ffff-4cf6-a5bc-b03aa4a9ac88,2026-02-01T13:05:47,12.364004,-1.515321
civ-4472992d-2849-4630-9c4d-54f39f5e8ed9,2026-02-01T13:06:22,12.362959,-1.522495
civ-f7b60403-c6bb-4b3e-adf7-46afadfd190b,2026-02-01T13:06:28,12.363975,-1.515427
civ-1728b5a6-c412-442d-b081-e8a8b42b5e38,2026-02-01T13:06:38,12.362914,-1.52251
civ-e8dc8ba3-bb2c-48c0-a27f-1f0939012fb5,2026-02-01T13:06:49,12.362709,-1.522421
civ-abb599b3-970c-4aed-a7cd-a2f03dd05458,2026-02-01T13:06:52,12.364007,-1.515412
civ-02576fae-ffff-4cf6-a5bc-b03aa4a9ac88,2026-02-01T13:07:11,12.363015,-1.522537
civ-4472992d-2849-4630-9c4d-54f39f5e8ed9,2026-02-01T13:08:16,12.363976,-1.51528
civ-5b5de6bb-92db-43c6-9982-ac8c804e1ff3,2026-02-01T13:08:17,12.362943,-1.522522
civ-db07abea-ca3d-4b89-b8e6-498a67d93f8b,2026-02-01T13:09:15,12.364008,-1.515389
civ-cc100b8b-4558-4c64-aa34-d02bf900f083,2026-02-01T13:09:15,12.362905,-1.522534
civ-c967612c-4cbd-48d4-93ae-3c8a9efdb5fc,2026-02-01T13:09:36,12.363983,-1.515427
NEW-DEV-X2,2026-02-01T13:10:00,12.35895,-1.520771
NEW-DEV-X1,2026-02-01T13:10:00,12.358972,-1.520579
ST-ASC-004,2026-02-01T13:10:00,12.362898,-1.522494
civ-69fb9cc1-ef25-4bcf-92ba-fd2160d52f85,2026-02-01T13:11:56,12.363901,-1.515315
civ-9ab99406-c557-4ff3-9546-d37339008bda,2026-02-01T13:12:30,12.362842,-1.522607
civ-cece9c82-aff1-4a7b-a95f-8fede9573ccc,2026-02-01T13:14:53,12.36296,-1.522659
ST-ASC-004,2026-02-01T13:15:00,12.362904,-1.522501
civ-b7e3e859-9789-4511-9091-3013ac317000,2026-02-01T13:19:57,12.36291,-1.522436
NEW-DEV-X2,2026-02-01T13:20:00,12.358939,-1.520783
NEW-DEV-X1,2026-02-01T13:20:00,12.358985,-1.520574
ST-ASC-004,2026-02-01T13:20:00,12.362892,-1.522514
ST-ASC-004,2026-02-01T13:25:00,12.362896,-1.522492
ST-ASC-003,2026-02-01T13:30:00,12.359413,-1.51634
LR-DEV-001,2026-02-01T13:30:00,12.35903,-1.520731
NEW-DEV-X2,2026-02-01T13:30:00,12.358942,-1.520799
NEW-DEV-X1,2026-02-01T13:30:00,12.358991,-1.52059
ST-DEV-001,2026-02-01T13:30:00,12.3625,-1.513086
ST-ASC-003,2026-02-01T13:30:30,12.361402,-1.515987
LR-DEV-001,2026-02-01T13:30:30,12.3606,-1.520219
LR-DEV-001,2026-02-01T13:31:00,12.361061,-1.518057
LR-DEV-001,2026-02-01T13:31:30,12.361438,-1.515808
NEW-DEV-X1,2026-02-01T13:40:00,12.35898,-1.520581
ST-DEV-001,2026-02-01T13:40:00,12.362476,-1.513093
NEW-DEV-X2,2026-02-01T13:40:00,12.35893,-1.520766
NEW-DEV-X2,2026-02-01T13:50:00,12.358959,-1.52078
NEW-DEV-X1,2026-02-01T13:50:00,12.358992,-1.52059
ST-DEV-001,2026-02-01T13:50:00,12.362501,-1.513103
VEH-COL-032-0,2026-02-01T14:00:00,12.362502,-1.513107
ST-ASC-003,2026-02-01T14:00:00,12.362507,-1.513111
LR-DEV-001,2026-02-01T14:00:00,12.362519,-1.513091
ST-DEV-001,2026-02-01T14:00:00,12.362501,-1.513118
NEW-DEV-X1,2026-02-01T14:00:00,12.358964,-1.520588
NEW-DEV-X2,2026-02-01T14:00:00,12.358949,-1.520775
VEH-COL-032-1,2026-02-01T14:00:00,12.36249,-1.513091
ST-ASC-003,2026-02-01T14:10:00,12.362502,-1.513088
LR-DEV-001,2026-02-01T14:10:00,12.362486,-1.513104
NEW-DEV-X1,2026-02-01T14:10:00,12.358953,-1.520588
ST-DEV-001,2026-02-01T14:10:00,12.362498,-1.513097
VEH-COL-032-0,2026-02-01T14:10:00,12.362494,-1.513113
NEW-DEV-X2,2026-02-01T14:10:00,12.358972,-1.520768
VEH-COL-032-1,2026-02-01T14:10:00,12.3625,-1.513094
VEH-COL-032-1,2026-02-01T14:20:00,12.3625,-1.5131
NEW-DEV-X1,2026-02-01T14:20:00,12.358965,-1.520582
VEH-COL-032-0,2026-02-01T14:20:00,12.362492,-1.513112
LR-DEV-001,2026-02-01T14:20:00,12.362511,-1.513106
NEW-DEV-X2,2026-02-01T14:20:00,12.358943,-1.520787
ST-ASC-003,2026-02-01T14:20:00,12.362486,-1.513098
ST-DEV-001,2026-02-01T14:20:00,12.362513,-1.513105
LR-DEV-001,2026-02-01T14:30:00,12.362504,-1.513093
VEH-COL-032-1,2026-02-01T14:30:00,12.362508,-1.513105
VEH-COL-032-0,2026-02-01T14:30:00,12.362491,-1.513091
ST-DEV-001,2026-02-01T14:30:00,12.362493,-1.513105
NEW-DEV-X2,2026-02-01T14:30:00,12.35893,-1.520776
ST-ASC-003,2026-02-01T14:30:00,12.362502,-1.513093
NEW-DEV-X1,2026-02-01T14:30:00,12.358975,-1.520566
VEH-COL-032-0,2026-02-01T14:40:00,12.362491,-1.513076
VEH-COL-032-1,2026-02-01T14:40:00,12.362501,-1.513104
ST-ASC-003,2026-02-01T14:40:00,12.362489,-1.513112
ST-DEV-001,2026-02-01T14:40:00,12.362508,-1.513097
LR-DEV-001,2026-02-01T14:40:00,12.362492,-1.513101
NEW-DEV-X1,2026-02-01T14:40:00,12.358981,-1.520588
NEW-DEV-X2,2026-02-01T14:40:00,12.358937,-1.520791
ST-DEV-001,2026-02-01T14:50:00,12.362495,-1.513095
ST-ASC-003,2026-02-01T14:50:00,12.362505,-1.513097
VEH-COL-032-0,2026-02-01T14:50:00,12.362504,-1.513098
LR-DEV-001,2026-02-01T14:50:00,12.362471,-1.513109
NEW-DEV-X1,2026-02-01T14:50:00,12.358964,-1.520579
NEW-DEV-X2,2026-02-01T14:50:00,12.358938,-1.520788
VEH-COL-032-1,2026-02-01T14:50:00,12.362496,-1.513103
ST-DEV-001,2026-02-01T15:00:00,12.362501,-1.513091
NEW-DEV-X1,2026-02-01T15:00:00,12.35896,-1.520567
LR-DEV-001,2026-02-01T15:00:00,12.362498,-1.513111
NEW-DEV-X2,2026-02-01T15:00:00,12.358959,-1.52077
VEH-COL-032-0,2026-02-01T15:00:00,12.362492,-1.513094
ST-ASC-003,2026-02-01T15:00:00,12.362502,-1.513097
VEH-COL-032-1,2026-02-01T15:00:00,12.362502,-1.513104
VEH-COL-032-0,2026-02-01T15:10:00,12.362495,-1.513099
LR-DEV-001,2026-02-01T15:10:00,12.362515,-1.513113
NEW-DEV-X2,2026-02-01T15:10:00,12.358944,-1.520765
NEW-DEV-X1,2026-02-01T15:10:00,12.358983,-1.520587
ST-ASC-003,2026-02-01T15:10:00,12.362494,-1.513098
ST-DEV-001,2026-02-01T15:10:00,12.362494,-1.513103
VEH-COL-032-1,2026-02-01T15:10:00,12.362511,-1.513108
VEH-COL-032-1,2026-02-01T15:20:00,12.362498,-1.513104
ST-ASC-003,2026-02-01T15:20:00,12.362503,-1.513106
VEH-COL-032-0,2026-02-01T15:20:00,12.362523,-1.513101
LR-DEV-001,2026-02-01T15:20:00,12.362496,-1.513099
NEW-DEV-X1,2026-02-01T15:20:00,12.358957,-1.520571
ST-DEV-001,2026-02-01T15:20:00,12.362496,-1.513113
NEW-DEV-X2,2026-02-01T15:20:00,12.358945,-1.520786
VEH-COL-032-0,2026-02-01T15:30:00,12.36251,-1.513106
ST-DEV-001,2026-02-01T15:30:00,12.362503,-1.513098
NEW-DEV-X2,2026-02-01T15:30:00,12.358958,-1.520773
VEH-COL-032-1,2026-02-01T15:30:00,12.362513,-1.513098
LR-DEV-001,2026-02-01T15:30:00,12.362513,-1.513113
NEW-DEV-X1,2026-02-01T15:30:00,12.358971,-1.520572
NEW-DEV-X1,2026-02-01T15:40:00,12.358958,-1.520588
NEW-DEV-X2,2026-02-01T15:40:00,12.358935,-1.52078
ST-DEV-001,2026-02-01T15:40:00,12.3625,-1.513102
LR-DEV-001,2026-02-01T15:40:00,12.36251,-1.5131
VEH-COL-032-0,2026-02-01T15:40:00,12.3625,-1.513084
VEH-COL-032-1,2026-02-01T15:40:00,12.362509,-1.513113
NEW-DEV-X2,2026-02-01T15:50:00,12.358936,-1.52079
NEW-DEV-X1,2026-02-01T15:50:00,12.358972,-1.520583
ST-DEV-001,2026-02-01T15:50:00,12.362487,-1.513104
VEH-COL-032-0,2026-02-01T15:50:00,12.362494,-1.513084
VEH-COL-032-1,2026-02-01T15:50:00,12.362502,-1.513092
LR-DEV-001,2026-02-01T15:50:00,12.362491,-1.513096
ST-DEV-001,2026-02-01T16:00:00,12.362497,-1.513107
VEH-COL-032-1,2026-02-01T16:00:00,12.362501,-1.51309
NEW-DEV-X1,2026-02-01T16:00:00,12.358968,-1.520577
VEH-COL-032-0,2026-02-01T16:00:00,12.362506,-1.513105
LR-DEV-001,2026-02-01T16:00:00,12.362502,-1.513105
LR-DEV-001,2026-02-01T16:10:00,12.362501,-1.513103
NEW-DEV-X1,2026-02-01T16:10:00,12.358962,-1.520584
ST-DEV-001,2026-02-01T16:10:00,12.362499,-1.513096
VEH-COL-032-1,2026-02-01T16:10:00,12.362495,-1.513087
VEH-COL-032-0,2026-02-01T16:10:00,12.362506,-1.513091
LR-DEV-001,2026-02-01T16:20:00,12.362501,-1.513094
ST-DEV-001,2026-02-01T16:20:00,12.362517,-1.513098
VEH-COL-032-1,2026-02-01T16:20:00,12.362521,-1.513103
VEH-COL-032-0,2026-02-01T16:20:00,12.362506,-1.513114
NEW-DEV-X1,2026-02-01T16:20:00,12.358973,-1.520578
VEH-COL-032-1,2026-02-01T16:30:00,12.362496,-1.513087
VEH-COL-032-0,2026-02-01T16:30:00,12.362493,-1.513102
ST-DEV-001,2026-02-01T16:30:00,12.362502,-1.513101
NEW-DEV-X1,2026-02-01T16:30:00,12.358978,-1.520593
LR-DEV-001,2026-02-01T16:30:00,12.362514,-1.513111
VEH-COL-032-0,2026-02-01T16:40:00,12.362499,-1.513094
VEH-COL-032-1,2026-02-01T16:40:00,12.362514,-1.513105
LR-DEV-001,2026-02-01T16:40:00,12.362519,-1.513118
NEW-DEV-X1,2026-02-01T16:40:00,12.358958,-1.520572
ST-DEV-001,2026-02-01T16:40:00,12.362483,-1.5131
LR-DEV-001,2026-02-01T16:50:00,12.362499,-1.513095
ST-DEV-001,2026-02-01T16:50:00,12.362501,-1.513078
NEW-DEV-X1,2026-02-01T16:50:00,12.358975,-1.52059
VEH-COL-032-0,2026-02-01T16:50:00,12.362502,-1.513112
VEH-COL-032-1,2026-02-01T16:50:00,12.362496,-1.513103
LR-DEV-001,2026-02-01T17:00:00,12.362503,-1.513106
VEH-COL-032-0,2026-02-01T17:00:00,12.362503,-1.513095
VEH-COL-032-1,2026-02-01T17:00:00,12.362488,-1.513108
ST-DEV-001,2026-02-01T17:00:00,12.362498,-1.513097
VEH-COL-032-1,2026-02-01T17:10:00,12.362491,-1.513107
ST-DEV-001,2026-02-01T17:10:00,12.3625,-1.513111
VEH-COL-032-0,2026-02-01T17:10:00,12.362505,-1.51309
LR-DEV-001,2026-02-01T17:10:00,12.362498,-1.513104
VEH-COL-032-1,2026-02-01T17:20:00,12.3625,-1.513098
VEH-COL-032-0,2026-02-01T17:20:00,12.362508,-1.513096
LR-DEV-001,2026-02-01T17:20:00,12.362495,-1.513092
ST-DEV-001,2026-02-01T17:20:00,12.36251,-1.513093
LR-DEV-001,2026-02-01T17:30:00,12.362503,-1.513106
VEH-COL-032-1,2026-02-01T17:30:00,12.362514,-1.513109
VEH-COL-032-0,2026-02-01T17:30:00,12.362499,-1.513115
ST-DEV-001,2026-02-01T17:30:00,12.362507,-1.513108
VEH-COL-032-1,2026-02-01T17:40:00,12.362509,-1.513102
LR-DEV-001,2026-02-01T17:40:00,12.362508,-1.513097
ST-DEV-001,2026-02-01T17:40:00,12.362513,-1.513113
VEH-COL-032-0,2026-02-01T17:40:00,12.362504,-1.513098
VEH-COL-032-1,2026-02-01T17:50:00,12.3625,-1.513094
ST-DEV-001,2026-02-01T17:50:00,12.362505,-1.51308
VEH-COL-032-0,2026-02-01T17:50:00,12.362502,-1.513111
LR-DEV-001,2026-02-01T17:50:00,12.362507,-1.513094
ST-DEV-001,2026-02-01T18:00:00,12.361831,-1.514451
LR-DEV-001,2026-02-01T18:00:00,12.361831,-1.514451
LR-DEV-001,2026-02-01T18:00:30,12.361354,-1.516534
ST-DEV-001,2026-02-01T18:00:30,12.361153,-1.516164
LR-DEV-001,2026-02-01T18:01:00,12.360976,-1.518793
LR-DEV-001,2026-02-01T18:01:30,12.360586,-1.520956
ST-DEV-001,2026-02-02T05:30:00,12.35968,-1.516393
VEH-033-0,2026-02-02T05:30:00,12.364466,-1.521212
VEH-033-0,2026-02-02T05:30:30,12.36496,-1.518575
VEH-033-0,2026-02-02T05:31:00,12.362497,-1.518014
VEH-033-0,2026-02-02T05:31:30,12.361353,-1.516538
ST-DEV-001,2026-02-02T05:40:00,12.359703,-1.516391
VEH-033-1,2026-02-02T05:40:00,12.364466,-1.521212
VEH-033-1,2026-02-02T05:40:30,12.36496,-1.518575
VEH-033-1,2026-02-02T05:41:00,12.362497,-1.518014
VEH-033-1,2026-02-02T05:41:30,12.361353,-1.516538
ST-DEV-001,2026-02-02T05:50:00,12.359705,-1.516356
ST-DEV-001,2026-02-02T06:00:00,12.359689,-1.51641
ST-ASC-003,2026-02-02T06:00:00,12.359413,-1.51634
ST-ASC-003,2026-02-02T06:00:30,12.361402,-1.515987
ST-DEV-001,2026-02-02T06:10:00,12.359689,-1.51641
ST-DEV-001,2026-02-02T06:20:00,12.359689,-1.516379
ST-DEV-001,2026-02-02T06:30:00,12.359726,-1.51641
VEH-033-0,2026-02-02T06:30:00,12.362491,-1.513099
VEH-033-0,2026-02-02T06:40:00,12.362504,-1.513094
ST-DEV-001,2026-02-02T06:40:00,12.359685,-1.516392
VEH-033-1,2026-02-02T06:40:00,12.362479,-1.513109
VEH-033-0,2026-02-02T06:50:00,12.362502,-1.513103
ST-DEV-001,2026-02-02T06:50:00,12.35969,-1.516389
VEH-033-1,2026-02-02T06:50:00,12.362506,-1.513081
VEH-033-1,2026-02-02T07:00:00,12.3625,-1.513107
LR-DEV-001,2026-02-02T07:00:00,12.358996,-1.520886
VEH-033-0,2026-02-02T07:00:00,12.362493,-1.513099
ST-ASC-003,2026-02-02T07:00:00,12.3625,-1.513113
ST-DEV-001,2026-02-02T07:00:00,12.359704,-1.516427
VEH-033-1,2026-02-02T07:10:00,12.362498,-1.513088
ST-DEV-001,2026-02-02T07:10:00,12.359728,-1.516368
ST-ASC-003,2026-02-02T07:10:00,12.362501,-1.513106
VEH-033-0,2026-02-02T07:10:00,12.36249,-1.513126
LR-DEV-001,2026-02-02T07:10:00,12.358989,-1.520913
ST-DEV-001,2026-02-02T07:20:00,12.359689,-1.516407
LR-DEV-001,2026-02-02T07:20:00,12.359002,-1.520891
ST-ASC-003,2026-02-02T07:20:00,12.362508,-1.513106
VEH-033-0,2026-02-02T07:20:00,12.362504,-1.513092
VEH-033-1,2026-02-02T07:20:00,12.362494,-1.513107
LR-DEV-001,2026-02-02T07:30:00,12.359015,-1.520904
ST-ASC-004,2026-02-02T07:30:00,12.362895,-1.522495
ST-ASC-003,2026-02-02T07:30:00,12.362496,-1.513117
ST-DEV-001,2026-02-02T07:30:00,12.359413,-1.51634
VEH-033-1,2026-02-02T07:30:00,12.362496,-1.513109
ST-DEV-001,2026-02-02T07:30:30,12.360477,-1.517563
ST-DEV-001,2026-02-02T07:31:00,12.362689,-1.517976
ST-DEV-001,2026-02-02T07:31:30,12.363412,-1.516165
civ-db07abea-ca3d-4b89-b8e6-498a67d93f8b,2026-02-02T07:36:29,12.36408,-1.515406
civ-52e12e63-9cf1-450f-b811-723dd006ab95,2026-02-02T07:39:25,12.362898,-1.522428
ST-ASC-003,2026-02-02T07:40:00,12.362496,-1.513122
ST-ASC-004,2026-02-02T07:40:00,12.362913,-1.522492
LR-DEV-001,2026-02-02T07:40:00,12.35901,-1.5209
civ-cfaec9ab-5ac9-4b7c-a1c3-b15e20dcb410,2026-02-02T07:40:05,12.364038,-1.515418
civ-a5d5f0ac-097b-48e0-991d-f1066f980ce7,2026-02-02T07:40:17,12.364109,-1.515496
civ-eb961fb2-fc9b-493a-b186-f94d7d40522d,2026-02-02T07:49:43,12.362975,-1.52261
ST-ASC-004,2026-02-02T07:50:00,12.362901,-1.522506
ST-ASC-003,2026-02-02T07:50:00,12.362486,-1.513093
LR-DEV-001,2026-02-02T07:50:00,12.358998,-1.520892
civ-52e12e63-9cf1-450f-b811-723dd006ab95,2026-02-02T07:50:07,12.364158,-1.515421
civ-4e6f6a58-041a-446a-b97e-2eac0f9997d3,2026-02-02T07:50:11,12.362719,-1.522712
civ-e8dc8ba3-bb2c-48c0-a27f-1f0939012fb5,2026-02-02T07:52:12,12.364364,-1.515187
civ-c9a81ee6-40fb-4df7-9494-366e6f87591d,2026-02-02T07:54:55,12.362955,-1.522412
civ-5b5de6bb-92db-43c6-9982-ac8c804e1ff3,2026-02-02T07:56:35,12.362866,-1.522615
civ-22b80c92-07d6-4eb0-a931-465d2de665e3,2026-02-02T07:57:26,12.363855,-1.515505
civ-9625ea0f-0516-485b-9a2c-c109b8dc9eeb,2026-02-02T07:57:37,12.364025,-1.515129
civ-eb6bca32-ee6b-4d0a-8030-aae8db13a9d5,2026-02-02T07:58:34,12.362858,-1.522458
civ-f7b60403-c6bb-4b3e-adf7-46afadfd190b,2026-02-02T07:59:40,12.362974,-1.522457
civ-4e6f6a58-041a-446a-b97e-2eac0f9997d3,2026-02-02T07:59:42,12.362888,-1.522377
civ-9882446e-69c8-4759-964a-00f38ec7e4eb,2026-02-02T07:59:44,12.362968,-1.522607
ST-ASC-004,2026-02-02T08:00:00,12.362906,-1.522496
NEW-DEV-X1,2026-02-02T08:00:00,12.358963,-1.520602
LR-DEV-001,2026-02-02T08:00:00,12.359006,-1.520914
ST-ASC-003,2026-02-02T08:00:00,12.361831,-1.514451
LR-ASC-004,2026-02-02T08:00:00,12.35903,-1.520731
ST-DEV-001,2026-02-02T08:00:00,12.364008,-1.515391
civ-c49fd41d-7955-4cb5-b6a7-786718622610,2026-02-02T08:00:03,12.364029,-1.515447
civ-560e35c7-b256-4f74-b9d8-7519c1756d49,2026-02-02T08:00:09,12.364049,-1.515435
LR-ASC-004,2026-02-02T08:00:30,12.360485,-1.521311
ST-ASC-003,2026-02-02T08:00:30,12.360786,-1.516085
civ-abb599b3-970c-4aed-a7cd-a2f03dd05458,2026-02-02T08:00:34,12.364094,-1.515288
civ-8481ec28-d882-446a-b3db-32ba460d4b17,2026-02-02T08:00:38,12.363811,-1.515331
civ-e20dc56d-a415-4159-b4a5-869333b3e011,2026-02-02T08:00:40,12.362873,-1.522422
civ-3e6a8a9e-f47d-46e1-8940-4918058ed49b,2026-02-02T08:00:45,12.363958,-1.515587
civ-4e6f6a58-041a-446a-b97e-2eac0f9997d3,2026-02-02T08:00:45,12.363952,-1.515325
civ-fb779864-9bc9-4670-9e47-b8ea339c3672,2026-02-02T08:00:49,12.364085,-1.515348
civ-b7fa315c-1ea4-4bff-9ffe-220fb9d76e77,2026-02-02T08:01:14,12.364033,-1.515244
civ-52216a52-4637-4288-9689-1b401180ecf7,2026-02-02T08:01:19,12.362716,-1.522433
civ-02576fae-ffff-4cf6-a5bc-b03aa4a9ac88,2026-02-02T08:01:22,12.364041,-1.515527
civ-62bbac52-ba2e-4404-97d7-2d93b963ebf3,2026-02-02T08:01:23,12.363994,-1.515409
civ-5f953348-9eea-4e6f-adfb-b33b5a94eae7,2026-02-02T08:01:37,12.36399,-1.515488
civ-cfaec9ab-5ac9-4b7c-a1c3-b15e20dcb410,2026-02-02T08:01:42,12.36291,-1.522627
civ-db07abea-ca3d-4b89-b8e6-498a67d93f8b,2026-02-02T08:01:47,12.364021,-1.515498
civ-8481ec28-d882-446a-b3db-32ba460d4b17,2026-02-02T08:02:07,12.362898,-1.522577
civ-9ab99406-c557-4ff3-9546-d37339008bda,2026-02-02T08:02:22,12.363974,-1.51546
civ-c9a81ee6-40fb-4df7-9494-366e6f87591d,2026-02-02T08:02:24,12.363937,-1.51546
civ-068f17d0-0065-405c-bdd7-f715203c8e19,2026-02-02T08:02:37,12.363984,-1.51542
civ-d8b7daca-ee30-436f-8068-55f18110860d,2026-02-02T08:03:49,12.36302,-1.522533
civ-b7fa315c-1ea4-4bff-9ffe-220fb9d76e77,2026-02-02T08:04:07,12.362877,-1.522518
civ-fb779864-9bc9-4670-9e47-b8ea339c3672,2026-02-02T08:04:18,12.362986,-1.522547
civ-58babd9c-f204-49ee-985a-f994c95fa4bd,2026-02-02T08:04:43,12.362843,-1.522453
civ-9ab99406-c557-4ff3-9546-d37339008bda,2026-02-02T08:04:53,12.362939,-1.522423
civ-58babd9c-f204-49ee-985a-f994c95fa4bd,2026-02-02T08:05:00,12.363991,-1.51537
civ-bb1a3b8d-6013-4514-b1e6-efb6fe8b0a59,2026-02-02T08:05:09,12.36286,-1.522316
civ-db07abea-ca3d-4b89-b8e6-498a67d93f8b,2026-02-02T08:05:11,12.362787,-1.522538
civ-0c9d309b-d3d9-4e92-9ae0-012b816f9fce,2026-02-02T08:05:26,12.36411,-1.515363
civ-82cfb0ab-487f-47c9-aee5-fdde8e8a17f6,2026-02-02T08:06:09,12.363988,-1.515433
civ-52e12e63-9cf1-450f-b811-723dd006ab95,2026-02-02T08:06:19,12.364009,-1.51547
civ-cc100b8b-4558-4c64-aa34-d02bf900f083,2026-02-02T08:06:26,12.363925,-1.515542
civ-eb6bca32-ee6b-4d0a-8030-aae8db13a9d5,2026-02-02T08:06:30,12.363914,-1.515368
civ-cece9c82-aff1-4a7b-a95f-8fede9573ccc,2026-02-02T08:06:31,12.362854,-1.522433
civ-88351541-c041-41e4-903d-ddffd8fff7d9,2026-02-02T08:06:58,12.363024,-1.522529
civ-62bbac52-ba2e-4404-97d7-2d93b963ebf3,2026-02-02T08:07:08,12.36295,-1.522431
civ-c2976329-879a-401f-ab0a-bec2a5026bf5,2026-02-02T08:07:26,12.363965,-1.515481
civ-b7e3e859-9789-4511-9091-3013ac317000,2026-02-02T08:08:09,12.364022,-1.515277
civ-cee79db9-2e6e-4786-bea4-267e53b2f310,2026-02-02T08:08:29,12.363947,-1.515458
civ-d8b7daca-ee30-436f-8068-55f18110860d,2026-02-02T08:08:53,12.363957,-1.515366
civ-88351541-c041-41e4-903d-ddffd8fff7d9,2026-02-02T08:09:08,12.363838,-1.515601
civ-db07abea-ca3d-4b89-b8e6-498a67d93f8b,2026-02-02T08:09:45,12.362977,-1.522621
ST-DEV-001,2026-02-02T08:10:00,12.364018,-1.515346
ST-ASC-004,2026-02-02T08:10:00,12.362908,-1.522494
LR-DEV-001,2026-02-02T08:10:00,12.359013,-1.520888
NEW-DEV-X1,2026-02-02T08:10:00,12.358966,-1.520595
civ-b7fa315c-1ea4-4bff-9ffe-220fb9d76e77,2026-02-02T08:15:38,12.36311,-1.522412
civ-c2976329-879a-401f-ab0a-bec2a5026bf5,2026-02-02T08:16:41,12.363214,-1.522243
civ-c9a81ee6-40fb-4df7-9494-366e6f87591d,2026-02-02T08:17:25,12.362892,-1.522516
LR-ASC-004,2026-02-02T08:20:00,12.360297,-1.521919
ST-DEV-001,2026-02-02T08:20:00,12.363995,-1.515422
LR-DEV-001,2026-02-02T08:20:00,12.358994,-1.520896
ST-ASC-004,2026-02-02T08:20:00,12.362909,-1.522505
NEW-DEV-X1,2026-02-02T08:20:00,12.358987,-1.520574
LR-ASC-004,2026-02-02T08:20:30,12.362138,-1.522277
civ-cc100b8b-4558-4c64-aa34-d02bf900f083,2026-02-02T08:22:30,12.364305,-1.515563
civ-62bbac52-ba2e-4404-97d7-2d93b963ebf3,2026-02-02T08:25:50,12.362909,-1.522356
ST-DEV-001,2026-02-02T08:30:00,12.363963,-1.51542
LR-DEV-001,2026-02-02T08:30:00,12.359004,-1.520898
ST-ASC-004,2026-02-02T08:30:00,12.362912,-1.522498
NEW-DEV-X1,2026-02-02T08:30:00,12.358966,-1.520563
LR-ASC-004,2026-02-02T08:40:00,12.362899,-1.522499
LR-DEV-001,2026-02-02T08:40:00,12.358995,-1.520906
ST-ASC-004,2026-02-02T08:40:00,12.362919,-1.522506
ST-DEV-001,2026-02-02T08:40:00,12.363999,-1.515352
NEW-DEV-X1,2026-02-02T08:40:00,12.358981,-1.520586
LR-ASC-004,2026-02-02T08:45:00,12.362898,-1.5225
NEW-DEV-X1,2026-02-02T08:50:00,12.35895,-1.520562
LR-ASC-004,2026-02-02T08:50:00,12.362269,-1.522382
ST-ASC-004,2026-02-02T08:50:00,12.362916,-1.522498
ST-DEV-001,2026-02-02T08:50:00,12.363986,-1.515394
LR-DEV-001,2026-02-02T08:50:00,12.359,-1.520889
LR-ASC-004,2026-02-02T08:50:30,12.360518,-1.52196
NEW-DEV-X1,2026-02-02T09:00:00,12.358959,-1.520598
NEW-DEV-X2,2026-02-02T09:00:00,12.358938,-1.520779
LR-DEV-001,2026-02-02T09:00:00,12.359005,-1.520903
ST-DEV-001,2026-02-02T09:00:00,12.364,-1.515368
ST-ASC-004,2026-02-02T09:00:00,12.362894,-1.522504
ST-ASC-004,2026-02-02T09:10:00,12.362897,-1.522496
LR-DEV-001,2026-02-02T09:10:00,12.359007,-1.520926
NEW-DEV-X1,2026-02-02T09:10:00,12.358981,-1.520561
LR-ASC-004,2026-02-02T09:10:00,12.360297,-1.521919
NEW-DEV-X2,2026-02-02T09:10:00,12.358949,-1.520777
ST-DEV-001,2026-02-02T09:10:00,12.364068,-1.515414
LR-ASC-004,2026-02-02T09:10:30,12.359626,-1.520842
ST-DEV-001,2026-02-02T09:20:00,12.363987,-1.515372
ST-ASC-004,2026-02-02T09:20:00,12.362905,-1.522505
NEW-DEV-X1,2026-02-02T09:20:00,12.358984,-1.520578
NEW-DEV-X2,2026-02-02T09:20:00,12.358949,-1.520786
LR-DEV-001,2026-02-02T09:20:00,12.35901,-1.520916
NEW-DEV-X1,2026-02-02T09:30:00,12.358977,-1.520575
LR-DEV-001,2026-02-02T09:30:00,12.358997,-1.52091
NEW-DEV-X2,2026-02-02T09:30:00,12.358946,-1.520791
ST-DEV-001,2026-02-02T09:30:00,12.364018,-1.51535
LR-ASC-004,2026-02-02T09:30:00,12.35903,-1.520731
LR-ASC-004,2026-02-02T09:30:30,12.360485,-1.521311
NEW-DEV-X2,2026-02-02T09:40:00,12.358943,-1.520786
ST-DEV-001,2026-02-02T09:40:00,12.364016,-1.51541
NEW-DEV-X1,2026-02-02T09:40:00,12.358979,-1.52058
LR-DEV-001,2026-02-02T09:40:00,12.358988,-1.52089
ST-DEV-001,2026-02-02T09:50:00,12.364016,-1.51537
LR-ASC-004,2026-02-02T09:50:00,12.360297,-1.521919
NEW-DEV-X1,2026-02-02T09:50:00,12.358973,-1.520584
LR-DEV-001,2026-02-02T09:50:00,12.358996,-1.520897
NEW-DEV-X2,2026-02-02T09:50:00,12.358937,-1.520767
LR-ASC-004,2026-02-02T09:50:30,12.362138,-1.522277
NEW-DEV-X1,2026-02-02T10:00:00,12.358965,-1.520586
LR-DEV-001,2026-02-02T10:00:00,12.359,-1.520896
NEW-DEV-X2,2026-02-02T10:00:00,12.358954,-1.520773
ST-DEV-001,2026-02-02T10:00:00,12.364022,-1.515386
LR-DEV-001,2026-02-02T10:10:00,12.359001,-1.520912
NEW-DEV-X2,2026-02-02T10:10:00,12.358934,-1.520781
LR-ASC-004,2026-02-02T10:10:00,12.36289,-1.522513
ST-DEV-001,2026-02-02T10:10:00,12.364029,-1.515368
NEW-DEV-X1,2026-02-02T10:10:00,12.358957,-1.520584
LR-ASC-004,2026-02-02T10:15:00,12.362914,-1.522508
NEW-DEV-X1,2026-02-02T10:20:00,12.358963,-1.520593
NEW-DEV-X2,2026-02-02T10:20:00,12.358955,-1.520777
LR-DEV-001,2026-02-02T10:20:00,12.359009,-1.520904
LR-ASC-004,2026-02-02T10:20:00,12.362269,-1.522382
ST-DEV-001,2026-02-02T10:20:00,12.364037,-1.515382
LR-ASC-004,2026-02-02T10:20:30,12.360518,-1.52196
LR-DEV-001,2026-02-02T10:30:00,12.358986,-1.520904
ST-DEV-001,2026-02-02T10:30:00,12.363995,-1.515396
NEW-DEV-X1,2026-02-02T10:30:00,12.358974,-1.52057
NEW-DEV-X2,2026-02-02T10:30:00,12.358965,-1.520774
NEW-DEV-X2,2026-02-02T10:40:00,12.358946,-1.520781
ST-DEV-001,2026-02-02T10:40:00,12.364033,-1.515422
NEW-DEV-X1,2026-02-02T10:40:00,12.35898,-1.520597
LR-DEV-001,2026-02-02T10:40:00,12.359014,-1.520892
LR-ASC-004,2026-02-02T10:40:00,12.360297,-1.521919
LR-ASC-004,2026-02-02T10:40:30,12.359626,-1.520842
LR-DEV-001,2026-02-02T10:50:00,12.358997,-1.520903
NEW-DEV-X1,2026-02-02T10:50:00,12.358963,-1.520575
NEW-DEV-X2,2026-02-02T10:50:00,12.358945,-1.520779
ST-DEV-001,2026-02-02T10:50:00,12.36401,-1.515411
LR-DEV-001,2026-02-02T11:00:00,12.358997,-1.520881
NEW-DEV-X2,2026-02-02T11:00:00,12.35895,-1.520769
NEW-DEV-X1,2026-02-02T11:00:00,12.358963,-1.520585
ST-DEV-001,2026-02-02T11:00:00,12.364001,-1.515365
NEW-DEV-X1,2026-02-02T11:10:00,12.358977,-1.520592
ST-DEV-001,2026-02-02T11:10:00,12.364005,-1.515399
NEW-DEV-X2,2026-02-02T11:10:00,12.358937,-1.52079
LR-DEV-001,2026-02-02T11:10:00,12.359003,-1.520896
ST-DEV-001,2026-02-02T11:20:00,12.363963,-1.51538
NEW-DEV-X1,2026-02-02T11:20:00,12.358973,-1.520595
LR-DEV-001,2026-02-02T11:20:00,12.359009,-1.520898
NEW-DEV-X2,2026-02-02T11:20:00,12.358927,-1.520773
NEW-DEV-X1,2026-02-02T11:30:00,12.358967,-1.52058
LR-DEV-001,2026-02-02T11:30:00,12.358998,-1.520902
ST-DEV-001,2026-02-02T11:30:00,12.364017,-1.515342
NEW-DEV-X2,2026-02-02T11:30:00,12.358934,-1.520797
NEW-DEV-X1,2026-02-02T11:40:00,12.358958,-1.520579
ST-DEV-001,2026-02-02T11:40:00,12.363992,-1.515394
LR-DEV-001,2026-02-02T11:40:00,12.358999,-1.5209
NEW-DEV-X2,2026-02-02T11:40:00,12.358947,-1.520756
LR-DEV-001,2026-02-02T11:50:00,12.359007,-1.5209
NEW-DEV-X1,2026-02-02T11:50:00,12.358972,-1.520578
ST-DEV-001,2026-02-02T11:50:00,12.364007,-1.515357
NEW-DEV-X2,2026-02-02T11:50:00,12.358944,-1.52077
NEW-DEV-X2,2026-02-02T12:00:00,12.358945,-1.520779
NEW-DEV-X1,2026-02-02T12:00:00,12.358974,-1.520571
NEW-DEV-X1,2026-02-02T12:10:00,12.358973,-1.520587
NEW-DEV-X2,2026-02-02T12:10:00,12.358952,-1.520781
NEW-DEV-X2,2026-02-02T12:20:00,12.358946,-1.520775
NEW-DEV-X1,2026-02-02T12:20:00,12.358973,-1.520578
NEW-DEV-X1,2026-02-02T12:30:00,12.358972,-1.520583
NEW-DEV-X2,2026-02-02T12:30:00,12.358938,-1.520769
civ-69fb9cc1-ef25-4bcf-92ba-fd2160d52f85,2026-02-02T12:35:36,12.362748,-1.522481
civ-88351541-c041-41e4-903d-ddffd8fff7d9,2026-02-02T12:37:02,12.362924,-1.522402
civ-eb6bca32-ee6b-4d0a-8030-aae8db13a9d5,2026-02-02T12:39:09,12.363979,-1.515398
NEW-DEV-X2,2026-02-02T12:40:00,12.358942,-1.520785
NEW-DEV-X1,2026-02-02T12:40:00,12.358966,-1.520589
civ-c967612c-4cbd-48d4-93ae-3c8a9efdb5fc,2026-02-02T12:40:20,12.363969,-1.515532
civ-cee79db9-2e6e-4786-bea4-267e53b2f310,2026-02-02T12:41:15,12.364024,-1.515263
civ-c49fd41d-7955-4cb5-b6a7-786718622610,2026-02-02T12:45:44,12.362919,-1.522635
civ-560e35c7-b256-4f74-b9d8-7519c1756d49,2026-02-02T12:45:50,12.364227,-1.515464
civ-1728b5a6-c412-442d-b081-e8a8b42b5e38,2026-02-02T12:49:30,12.362954,-1.522528
civ-4e6f6a58-041a-446a-b97e-2eac0f9997d3,2026-02-02T12:49:59,12.363939,-1.515216
NEW-DEV-X2,2026-02-02T12:50:00,12.358949,-1.520786
NEW-DEV-X1,2026-02-02T12:50:00,12.358959,-1.520567
civ-8481ec28-d882-446a-b3db-32ba460d4b17,2026-02-02T12:51:18,12.364007,-1.515345
civ-aada54c8-b736-4f69-8649-471827354a37,2026-02-02T12:52:36,12.363997,-1.515229
civ-abb599b3-970c-4aed-a7cd-a2f03dd05458,2026-02-02T12:54:27,12.364002,-1.515454
civ-eb961fb2-fc9b-493a-b186-f94d7d40522d,2026-02-02T12:54:48,12.364145,-1.51539
civ-3e6a8a9e-f47d-46e1-8940-4918058ed49b,2026-02-02T12:56:12,12.362939,-1.522445
civ-cee79db9-2e6e-4786-bea4-267e53b2f310,2026-02-02T12:57:01,12.362784,-1.522416
civ-c49fd41d-7955-4cb5-b6a7-786718622610,2026-02-02T12:57:33,12.363962,-1.515358
civ-abb599b3-970c-4aed-a7cd-a2f03dd05458,2026-02-02T12:57:44,12.362953,-1.522478
civ-62bbac52-ba2e-4404-97d7-2d93b963ebf3,2026-02-02T12:58:03,12.362818,-1.522514
civ-52216a52-4637-4288-9689-1b401180ecf7,2026-02-02T12:58:07,12.362802,-1.522516
civ-dbb2498a-52c9-4500-8a72-a1de35cc0a87,2026-02-02T12:58:23,12.362972,-1.522554
NEW-DEV-X2,2026-02-02T13:00:00,12.358944,-1.520778
NEW-DEV-X1,2026-02-02T13:00:00,12.358961,-1.520589
ST-DEV-001,2026-02-02T13:00:00,12.363601,-1.515311
ST-ASC-004,2026-02-02T13:00:00,12.3629,-1.522481
civ-dbb2498a-52c9-4500-8a72-a1de35cc0a87,2026-02-02T13:00:08,12.363898,-1.515292
ST-DEV-001,2026-02-02T13:00:30,12.361614,-1.515156
civ-c9a81ee6-40fb-4df7-9494-366e6f87591d,2026-02-02T13:00:46,12.363984,-1.515374
civ-58babd9c-f204-49ee-985a-f994c95fa4bd,2026-02-02T13:00:47,12.363936,-1.515431
civ-d8b7daca-ee30-436f-8068-55f18110860d,2026-02-02T13:00:48,12.363928,-1.515378
civ-62bbac52-ba2e-4404-97d7-2d93b963ebf3,2026-02-02T13:01:33,12.36284,-1.522657
civ-155783d0-b79c-4de9-a91d-5c2e44bbd601,2026-02-02T13:01:35,12.362931,-1.522414
civ-4e6f6a58-041a-446a-b97e-2eac0f9997d3,2026-02-02T13:01:44,12.363006,-1.522515
civ-eb6bca32-ee6b-4d0a-8030-aae8db13a9d5,2026-02-02T13:02:17,12.36302,-1.522472
civ-62bbac52-ba2e-4404-97d7-2d93b963ebf3,2026-02-02T13:02:39,12.364109,-1.515355
civ-52e12e63-9cf1-450f-b811-723dd006ab95,2026-02-02T13:03:39,12.363998,-1.515467
civ-7acf1504-7434-49b3-ade9-cad12822f55f,2026-02-02T13:03:43,12.362954,-1.522473
civ-19d8cd88-9b8a-452a-a525-d1043b3c1526,2026-02-02T13:04:09,12.362962,-1.522542
civ-b7e3e859-9789-4511-9091-3013ac317000,2026-02-02T13:04:24,12.362989,-1.522498
civ-a5d5f0ac-097b-48e0-991d-f1066f980ce7,2026-02-02T13:04:26,12.364107,-1.51542
civ-c49fd41d-7955-4cb5-b6a7-786718622610,2026-02-02T13:04:55,12.362948,-1.522416
ST-ASC-004,2026-02-02T13:05:00,12.362916,-1.522496
civ-bb1a3b8d-6013-4514-b1e6-efb6fe8b0a59,2026-02-02T13:05:13,12.363959,-1.515387
civ-d914300c-71f1-433a-9c13-50294a4699cb,2026-02-02T13:05:18,12.364035,-1.515347
civ-cece9c82-aff1-4a7b-a95f-8fede9573ccc,2026-02-02T13:05:26,12.362904,-1.522481
civ-e8dc8ba3-bb2c-48c0-a27f-1f0939012fb5,2026-02-02T13:05:34,12.363011,-1.522356
civ-d914300c-71f1-433a-9c13-50294a4699cb,2026-02-02T13:05:48,12.362882,-1.522384
civ-c967612c-4cbd-48d4-93ae-3c8a9efdb5fc,2026-02-02T13:05:54,12.363041,-1.522433
civ-fb779864-9bc9-4670-9e47-b8ea339c3672,2026-02-02T13:06:02,12.362825,-1.522461
civ-52216a52-4637-4288-9689-1b401180ecf7,2026-02-02T13:06:17,12.363916,-1.51553
civ-82cfb0ab-487f-47c9-aee5-fdde8e8a17f6,2026-02-02T13:06:50,12.362841,-1.5225
civ-4472992d-2849-4630-9c4d-54f39f5e8ed9,2026-02-02T13:07:14,12.362993,-1.522452
civ-f7b60403-c6bb-4b3e-adf7-46afadfd190b,2026-02-02T13:07:15,12.362956,-1.52254
civ-068f17d0-0065-405c-bdd7-f715203c8e19,2026-02-02T13:08:06,12.364022,-1.515341
civ-aada54c8-b736-4f69-8649-471827354a37,2026-02-02T13:08:23,12.363916,-1.515607
civ-62d7d317-8457-4ab1-9267-775a132d353e,2026-02-02T13:08:27,12.362868,-1.522564
civ-eb6bca32-ee6b-4d0a-8030-aae8db13a9d5,2026-02-02T13:08:51,12.364086,-1.515444
civ-5b5de6bb-92db-43c6-9982-ac8c804e1ff3,2026-02-02T13:09:03,12.364037,-1.515438
civ-5f953348-9eea-4e6f-adfb-b33b5a94eae7,2026-02-02T13:09:20,12.363985,-1.515461
NEW-DEV-X1,2026-02-02T13:10:00,12.358966,-1.520575
ST-ASC-004,2026-02-02T13:10:00,12.3629,-1.522499
NEW-DEV-X2,2026-02-02T13:10:00,12.358954,-1.520774
civ-8481ec28-d882-446a-b3db-32ba460d4b17,2026-02-02T13:10:49,12.364053,-1.51542
civ-88351541-c041-41e4-903d-ddffd8fff7d9,2026-02-02T13:11:44,12.36389,-1.515309
civ-3e6a8a9e-f47d-46e1-8940-4918058ed49b,2026-02-02T13:12:35,12.363961,-1.515372
civ-22b80c92-07d6-4eb0-a931-465d2de665e3,2026-02-02T13:14:27,12.362874,-1.522487
ST-ASC-004,2026-02-02T13:15:00,12.362906,-1.522509
NEW-DEV-X2,2026-02-02T13:20:00,12.358944,-1.520771
NEW-DEV-X1,2026-02-02T13:20:00,12.358969,-1.520572
ST-ASC-004,2026-02-02T13:20:00,12.362898,-1.522515
ST-ASC-004,2026-02-02T13:25:00,12.362904,-1.522494
civ-19d8cd88-9b8a-452a-a525-d1043b3c1526,2026-02-02T13:25:16,12.362882,-1.522469
civ-62bbac52-ba2e-4404-97d7-2d93b963ebf3,2026-02-02T13:25:58,12.36383,-1.515093
ST-ASC-003,2026-02-02T13:30:00,12.359413,-1.51634
LR-DEV-001,2026-02-02T13:30:00,12.35903,-1.520731
NEW-DEV-X2,2026-02-02T13:30:00,12.358957,-1.520773
ST-DEV-001,2026-02-02T13:30:00,12.362499,-1.513097
NEW-DEV-X1,2026-02-02T13:30:00,12.358966,-1.52058
LR-DEV-001,2026-02-02T13:30:30,12.3606,-1.520219
ST-ASC-003,2026-02-02T13:30:30,12.361402,-1.515987
LR-DEV-001,2026-02-02T13:31:00,12.361061,-1.518057
LR-DEV-001,2026-02-02T13:31:30,12.361438,-1.515808
ST-DEV-001,2026-02-02T13:40:00,12.362505,-1.513098
NEW-DEV-X2,2026-02-02T13:40:00,12.358944,-1.52079
NEW-DEV-X1,2026-02-02T13:40:00,12.358964,-1.520564
NEW-DEV-X1,2026-02-02T13:50:00,12.358961,-1.52058
ST-DEV-001,2026-02-02T13:50:00,12.362496,-1.513098
NEW-DEV-X2,2026-02-02T13:50:00,12.358934,-1.520781
NEW-DEV-X1,2026-02-02T14:00:00,12.358978,-1.520579
VEH-COL-033-0,2026-02-02T14:00:00,12.362501,-1.513085
VEH-COL-033-1,2026-02-02T14:00:00,12.362503,-1.513103
ST-DEV-001,2026-02-02T14:00:00,12.36251,-1.513109
NEW-DEV-X2,2026-02-02T14:00:00,12.358939,-1.52078
LR-DEV-001,2026-02-02T14:00:00,12.362507,-1.513101
ST-ASC-003,2026-02-02T14:00:00,12.362507,-1.513096
ST-DEV-001,2026-02-02T14:10:00,12.362501,-1.513106
VEH-COL-033-1,2026-02-02T14:10:00,12.362502,-1.513088
VEH-COL-033-0,2026-02-02T14:10:00,12.362503,-1.513102
ST-ASC-003,2026-02-02T14:10:00,12.362491,-1.5131
LR-DEV-001,2026-02-02T14:10:00,12.362501,-1.513118
NEW-DEV-X2,2026-02-02T14:10:00,12.358945,-1.520773
NEW-DEV-X1,2026-02-02T14:10:00,12.35897,-1.520584
LR-DEV-001,2026-02-02T14:20:00,12.362508,-1.513097
VEH-COL-033-1,2026-02-02T14:20:00,12.362491,-1.51309
ST-DEV-001,2026-02-02T14:20:00,12.362511,-1.513114
NEW-DEV-X2,2026-02-02T14:20:00,12.358943,-1.520774
VEH-COL-033-0,2026-02-02T14:20:00,12.362497,-1.513114
NEW-DEV-X1,2026-02-02T14:20:00,12.358972,-1.520584
ST-ASC-003,2026-02-02T14:20:00,12.3625,-1.51311
NEW-DEV-X1,2026-02-02T14:30:00,12.358981,-1.520563
VEH-COL-033-1,2026-02-02T14:30:00,12.362512,-1.513101
LR-DEV-001,2026-02-02T14:30:00,12.362509,-1.513126
ST-DEV-001,2026-02-02T14:30:00,12.362495,-1.513097
ST-ASC-003,2026-02-02T14:30:00,12.362514,-1.513092
VEH-COL-033-0,2026-02-02T14:30:00,12.362508,-1.513101
NEW-DEV-X2,2026-02-02T14:30:00,12.358945,-1.520796
ST-DEV-001,2026-02-02T14:40:00,12.362514,-1.513101
VEH-COL-033-1,2026-02-02T14:40:00,12.362481,-1.513105
NEW-DEV-X1,2026-02-02T14:40:00,12.358967,-1.520595
LR-DEV-001,2026-02-02T14:40:00,12.362519,-1.513101
NEW-DEV-X2,2026-02-02T14:40:00,12.358936,-1.520779
VEH-COL-033-0,2026-02-02T14:40:00,12.362498,-1.513071
ST-ASC-003,2026-02-02T14:40:00,12.362498,-1.5131
ST-DEV-001,2026-02-02T14:50:00,12.362495,-1.513083
VEH-COL-033-1,2026-02-02T14:50:00,12.362512,-1.5131
VEH-COL-033-0,2026-02-02T14:50:00,12.362503,-1.513107
ST-ASC-003,2026-02-02T14:50:00,12.362502,-1.513118
NEW-DEV-X2,2026-02-02T14:50:00,12.358933,-1.520773
LR-DEV-001,2026-02-02T14:50:00,12.36251,-1.513109
NEW-DEV-X1,2026-02-02T14:50:00,12.358971,-1.52056
NEW-DEV-X2,2026-02-02T15:00:00,12.358958,-1.520767
VEH-COL-033-0,2026-02-02T15:00:00,12.362496,-1.51309
ST-ASC-003,2026-02-02T15:00:00,12.362498,-1.513106
VEH-COL-033-1,2026-02-02T15:00:00,12.362491,-1.513105
NEW-DEV-X1,2026-02-02T15:00:00,12.358965,-1.520568
ST-DEV-001,2026-02-02T15:00:00,12.362487,-1.51312
LR-DEV-001,2026-02-02T15:00:00,12.362506,-1.513109
ST-DEV-001,2026-02-02T15:10:00,12.362504,-1.513105
VEH-COL-033-1,2026-02-02T15:10:00,12.362508,-1.513095
VEH-COL-033-0,2026-02-02T15:10:00,12.362501,-1.513113
LR-DEV-001,2026-02-02T15:10:00,12.362494,-1.513083
NEW-DEV-X1,2026-02-02T15:10:00,12.358987,-1.520588
NEW-DEV-X2,2026-02-02T15:10:00,12.358942,-1.520765
ST-ASC-003,2026-02-02T15:10:00,12.362491,-1.513103
ST-ASC-003,2026-02-02T15:20:00,12.362516,-1.513094
NEW-DEV-X1,2026-02-02T15:20:00,12.358977,-1.520568
NEW-DEV-X2,2026-02-02T15:20:00,12.358945,-1.520781
VEH-COL-033-1,2026-02-02T15:20:00,12.362498,-1.513103
VEH-COL-033-0,2026-02-02T15:20:00,12.362508,-1.513106
LR-DEV-001,2026-02-02T15:20:00,12.362498,-1.513098
ST-DEV-001,2026-02-02T15:20:00,12.362491,-1.513094
NEW-DEV-X1,2026-02-02T15:30:00,12.358969,-1.520585
NEW-DEV-X2,2026-02-02T15:30:00,12.358938,-1.520781
VEH-COL-033-0,2026-02-02T15:30:00,12.362517,-1.51309
ST-DEV-001,2026-02-02T15:30:00,12.362502,-1.513105
VEH-COL-033-1,2026-02-02T15:30:00,12.362496,-1.513108
LR-DEV-001,2026-02-02T15:30:00,12.362508,-1.513096
LR-DEV-001,2026-02-02T15:40:00,12.362501,-1.513097
VEH-COL-033-0,2026-02-02T15:40:00,12.362496,-1.513088
ST-DEV-001,2026-02-02T15:40:00,12.362488,-1.513092
NEW-DEV-X2,2026-02-02T15:40:00,12.358941,-1.520776
VEH-COL-033-1,2026-02-02T15:40:00,12.362515,-1.513103
NEW-DEV-X1,2026-02-02T15:40:00,12.358967,-1.520592
LR-DEV-001,2026-02-02T15:50:00,12.362522,-1.513101
NEW-DEV-X2,2026-02-02T15:50:00,12.358945,-1.520778
ST-DEV-001,2026-02-02T15:50:00,12.362506,-1.513101
VEH-COL-033-1,2026-02-02T15:50:00,12.362511,-1.513086
NEW-DEV-X1,2026-02-02T15:50:00,12.358966,-1.520594
VEH-COL-033-0,2026-02-02T15:50:00,12.362501,-1.513092
NEW-DEV-X1,2026-02-02T16:00:00,12.358972,-1.52059
VEH-COL-033-1,2026-02-02T16:00:00,12.362509,-1.513104
ST-DEV-001,2026-02-02T16:00:00,12.362517,-1.51311
LR-DEV-001,2026-02-02T16:00:00,12.362502,-1.513091
VEH-COL-033-0,2026-02-02T16:00:00,12.362504,-1.513108
NEW-DEV-X1,2026-02-02T16:10:00,12.358974,-1.520597
VEH-COL-033-0,2026-02-02T16:10:00,12.362494,-1.513091
VEH-COL-033-1,2026-02-02T16:10:00,12.362504,-1.5131
LR-DEV-001,2026-02-02T16:10:00,12.36251,-1.513089
ST-DEV-001,2026-02-02T16:10:00,12.362486,-1.513106
VEH-COL-033-0,2026-02-02T16:20:00,12.362497,-1.513104
LR-DEV-001,2026-02-02T16:20:00,12.362506,-1.51311
VEH-COL-033-1,2026-02-02T16:20:00,12.362492,-1.513097
ST-DEV-001,2026-02-02T16:20:00,12.3625,-1.513098
NEW-DEV-X1,2026-02-02T16:20:00,12.358975,-1.520575
VEH-COL-033-0,2026-02-02T16:30:00,12.362491,-1.513096
VEH-COL-033-1,2026-02-02T16:30:00,12.362489,-1.513089
ST-DEV-001,2026-02-02T16:30:00,12.362498,-1.513097
LR-DEV-001,2026-02-02T16:30:00,12.362515,-1.51311
NEW-DEV-X1,2026-02-02T16:30:00,12.358954,-1.52058
LR-DEV-001,2026-02-02T16:40:00,12.362503,-1.513107
VEH-COL-033-1,2026-02-02T16:40:00,12.362496,-1.513098
ST-DEV-001,2026-02-02T16:40:00,12.362489,-1.513087
VEH-COL-033-0,2026-02-02T16:40:00,12.362519,-1.51311
NEW-DEV-X1,2026-02-02T16:40:00,12.358983,-1.520594
VEH-COL-033-0,2026-02-02T16:50:00,12.3625,-1.513087
VEH-COL-033-1,2026-02-02T16:50:00,12.362503,-1.513102
ST-DEV-001,2026-02-02T16:50:00,12.362499,-1.51309
LR-DEV-001,2026-02-02T16:50:00,12.362499,-1.513097
NEW-DEV-X1,2026-02-02T16:50:00,12.358987,-1.520579
VEH-COL-033-1,2026-02-02T17:00:00,12.362505,-1.513104
ST-DEV-001,2026-02-02T17:00:00,12.362503,-1.513096
VEH-COL-033-0,2026-02-02T17:00:00,12.362499,-1.513096
LR-DEV-001,2026-02-02T17:00:00,12.362503,-1.513096
VEH-COL-033-0,2026-02-02T17:10:00,12.36249,-1.513096
ST-DEV-001,2026-02-02T17:10:00,12.362505,-1.513096
LR-DEV-001,2026-02-02T17:10:00,12.362515,-1.513096
VEH-COL-033-1,2026-02-02T17:10:00,12.362508,-1.513112
VEH-COL-033-0,2026-02-02T17:20:00,12.362498,-1.513091
ST-DEV-001,2026-02-02T17:20:00,12.362506,-1.513088
LR-DEV-001,2026-02-02T17:20:00,12.362498,-1.513091
VEH-COL-033-1,2026-02-02T17:20:00,12.362501,-1.513083
ST-DEV-001,2026-02-02T17:30:00,12.362502,-1.513094
VEH-COL-033-0,2026-02-02T17:30:00,12.362511,-1.513077
VEH-COL-033-1,2026-02-02T17:30:00,12.362491,-1.513106
LR-DEV-001,2026-02-02T17:30:00,12.362511,-1.513111
VEH-COL-033-0,2026-02-02T17:40:00,12.362505,-1.513097
VEH-COL-033-1,2026-02-02T17:40:00,12.362505,-1.513098
LR-DEV-001,2026-02-02T17:40:00,12.362505,-1.513094
ST-DEV-001,2026-02-02T17:40:00,12.362499,-1.513087
ST-DEV-001,2026-02-02T17:50:00,12.362494,-1.513084
VEH-COL-033-0,2026-02-02T17:50:00,12.362502,-1.513103
VEH-COL-033-1,2026-02-02T17:50:00,12.362503,-1.513096
LR-DEV-001,2026-02-02T17:50:00,12.362497,-1.513088
ST-DEV-001,2026-02-02T18:00:00,12.361831,-1.514451
LR-DEV-001,2026-02-02T18:00:00,12.361831,-1.514451
ST-DEV-001,2026-02-02T18:00:30,12.361153,-1.516164
LR-DEV-001,2026-02-02T18:00:30,12.361354,-1.516534
LR-DEV-001,2026-02-02T18:01:00,12.360976,-1.518793
LR-DEV-001,2026-02-02T18:01:30,12.360586,-1.520956
VEH-034-0,2026-02-03T05:30:00,12.364466,-1.521212
ST-DEV-001,2026-02-03T05:30:00,12.359711,-1.51638
VEH-034-0,2026-02-03T05:30:30,12.36496,-1.518575
VEH-034-0,2026-02-03T05:31:00,12.362497,-1.518014
VEH-034-0,2026-02-03T05:31:30,12.361353,-1.516538
ST-DEV-001,2026-02-03T05:40:00,12.359707,-1.516404
VEH-034-1,2026-02-03T05:40:00,12.364466,-1.521212
VEH-034-1,2026-02-03T05:40:30,12.36496,-1.518575
VEH-034-1,2026-02-03T05:41:00,12.362497,-1.518014
VEH-034-1,2026-02-03T05:41:30,12.361353,-1.516538
ST-DEV-001,2026-02-03T05:50:00,12.359712,-1.516366
ST-ASC-003,2026-02-03T06:00:00,12.359413,-1.51634
ST-DEV-001,2026-02-03T06:00:00,12.359698,-1.516418
ST-ASC-003,2026-02-03T06:00:30,12.361402,-1.515987
ST-DEV-001,2026-02-03T06:10:00,12.35972,-1.516402
ST-DEV-001,2026-02-03T06:20:00,12.359661,-1.516385
VEH-034-0,2026-02-03T06:30:00,12.3625,-1.513107
ST-DEV-001,2026-02-03T06:30:00,12.35969,-1.516402
VEH-034-1,2026-02-03T06:40:00,12.362492,-1.513109
ST-DEV-001,2026-02-03T06:40:00,12.359706,-1.516397
VEH-034-0,2026-02-03T06:40:00,12.362498,-1.513108
ST-DEV-001,2026-02-03T06:50:00,12.359713,-1.516408
VEH-034-1,2026-02-03T06:50:00,12.362502,-1.513099
VEH-034-0,2026-02-03T06:50:00,12.362508,-1.513091
ST-DEV-001,2026-02-03T07:00:00,12.359709,-1.516405
VEH-034-1,2026-02-03T07:00:00,12.362494,-1.513098
LR-DEV-001,2026-02-03T07:00:00,12.358999,-1.520903
ST-ASC-003,2026-02-03T07:00:00,12.362499,-1.5131
VEH-034-0,2026-02-03T07:00:00,12.362483,-1.513108
LR-DEV-001,2026-02-03T07:10:00,12.358998,-1.520886
ST-DEV-001,2026-02-03T07:10:00,12.359713,-1.516389
VEH-034-0,2026-02-03T07:10:00,12.362487,-1.513106
VEH-034-1,2026-02-03T07:10:00,12.362495,-1.513102
ST-ASC-003,2026-02-03T07:10:00,12.362506,-1.513098
VEH-034-0,2026-02-03T07:20:00,12.362499,-1.513113
VEH-034-1,2026-02-03T07:20:00,12.362515,-1.513088
ST-ASC-003,2026-02-03T07:20:00,12.362509,-1.513097
ST-DEV-001,2026-02-03T07:20:00,12.359683,-1.51638
LR-DEV-001,2026-02-03T07:20:00,12.359005,-1.520903
ST-ASC-003,2026-02-03T07:30:00,12.362494,-1.513097
VEH-034-1,2026-02-03T07:30:00,12.362488,-1.513093
ST-ASC-004,2026-02-03T07:30:00,12.362903,-1.522498
LR-DEV-001,2026-02-03T07:30:00,12.359006,-1.520903
ST-DEV-001,2026-02-03T07:30:00,12.359413,-1.51634
ST-DEV-001,2026-02-03T07:30:30,12.360477,-1.517563
ST-DEV-001,2026-02-03T07:31:00,12.362689,-1.517976
ST-DEV-001,2026-02-03T07:31:30,12.363412,-1.516165
ST-ASC-003,2026-02-03T07:40:00,12.36249,-1.513099
LR-DEV-001,2026-02-03T07:40:00,12.359011,-1.520897
ST-ASC-004,2026-02-03T07:40:00,12.362899,-1.522493
civ-eb6bca32-ee6b-4d0a-8030-aae8db13a9d5,2026-02-03T07:40:04,12.362956,-1.522406
civ-cece9c82-aff1-4a7b-a95f-8fede9573ccc,2026-02-03T07:41:53,12.363112,-1.52259
civ-9625ea0f-0516-485b-9a2c-c109b8dc9eeb,2026-02-03T07:44:43,12.36401,-1.515497
civ-19d8cd88-9b8a-452a-a525-d1043b3c1526,2026-02-03T07:47:02,12.363095,-1.522669
civ-0c9d309b-d3d9-4e92-9ae0-012b816f9fce,2026-02-03T07:48:53,12.362726,-1.522421
ST-ASC-003,2026-02-03T07:50:00,12.3625,-1.513102
LR-DEV-001,2026-02-03T07:50:00,12.358999,-1.520896
ST-ASC-004,2026-02-03T07:50:00,12.362907,-1.522516
civ-9ab99406-c557-4ff3-9546-d37339008bda,2026-02-03T07:53:22,12.364142,-1.515513
civ-9625ea0f-0516-485b-9a2c-c109b8dc9eeb,2026-02-03T07:55:54,12.362956,-1.522518
civ-cece9c82-aff1-4a7b-a95f-8fede9573ccc,2026-02-03T07:57:14,12.362853,-1.522405
civ-c49fd41d-7955-4cb5-b6a7-786718622610,2026-02-03T07:57:20,12.364049,-1.515483
civ-abb599b3-970c-4aed-a7cd-a2f03dd05458,2026-02-03T07:59:13,12.36303,-1.522514
civ-bb1a3b8d-6013-4514-b1e6-efb6fe8b0a59,2026-02-03T07:59:36,12.363921,-1.515428
civ-9882446e-69c8-4759-964a-00f38ec7e4eb,2026-02-03T07:59:38,12.364036,-1.515318
LR-DEV-001,2026-02-03T08:00:00,12.358986,-1.52091
LR-ASC-004,2026-02-03T08:00:00,12.35903,-1.520731
NEW-DEV-X1,2026-02-03T08:00:00,12.35897,-1.520584
ST-ASC-004,2026-02-03T08:00:00,12.362912,-1.522515
ST-ASC-003,2026-02-03T08:00:00,12.361831,-1.514451
ST-DEV-001,2026-02-03T08:00:00,12.363986,-1.515378
civ-4472992d-2849-4630-9c4d-54f39f5e8ed9,2026-02-03T08:00:10,12.364144,-1.515176
LR-ASC-004,2026-02-03T08:00:30,12.360485,-1.521311
ST-ASC-003,2026-02-03T08:00:30,12.360786,-1.516085
civ-3e6a8a9e-f47d-46e1-8940-4918058ed49b,2026-02-03T08:00:41,12.36394,-1.51525
civ-d914300c-71f1-433a-9c13-50294a4699cb,2026-02-03T08:01:24,12.364025,-1.515435
civ-22b80c92-07d6-4eb0-a931-465d2de665e3,2026-02-03T08:01:26,12.362877,-1.5225
civ-62d7d317-8457-4ab1-9267-775a132d353e,2026-02-03T08:01:33,12.362886,-1.522526
civ-9625ea0f-0516-485b-9a2c-c109b8dc9eeb,2026-02-03T08:01:36,12.364125,-1.51533
civ-b7e3e859-9789-4511-9091-3013ac317000,2026-02-03T08:01:46,12.362776,-1.522549
civ-f7b60403-c6bb-4b3e-adf7-46afadfd190b,2026-02-03T08:01:48,12.364064,-1.515359
civ-19d8cd88-9b8a-452a-a525-d1043b3c1526,2026-02-03T08:01:52,12.364049,-1.515314
civ-52e12e63-9cf1-450f-b811-723dd006ab95,2026-02-03T08:02:09,12.362784,-1.522487
civ-dbb2498a-52c9-4500-8a72-a1de35cc0a87,2026-02-03T08:02:10,12.362964,-1.522533
civ-f7b60403-c6bb-4b3e-adf7-46afadfd190b,2026-02-03T08:02:21,12.362879,-1.522505
civ-3e6a8a9e-f47d-46e1-8940-4918058ed49b,2026-02-03T08:02:40,12.362883,-1.522466
civ-cc100b8b-4558-4c64-aa34-d02bf900f083,2026-02-03T08:02:40,12.363986,-1.515334
civ-aada54c8-b736-4f69-8649-471827354a37,2026-02-03T08:02:41,12.363955,-1.51529
civ-b7fa315c-1ea4-4bff-9ffe-220fb9d76e77,2026-02-03T08:02:53,12.362874,-1.522547
civ-560e35c7-b256-4f74-b9d8-7519c1756d49,2026-02-03T08:03:05,12.363046,-1.522598
civ-cfaec9ab-5ac9-4b7c-a1c3-b15e20dcb410,2026-02-03T08:03:10,12.363926,-1.515497
civ-e20dc56d-a415-4159-b4a5-869333b3e011,2026-02-03T08:03:12,12.363966,-1.515462
civ-155783d0-b79c-4de9-a91d-5c2e44bbd601,2026-02-03T08:03:33,12.36392,-1.515382
civ-7acf1504-7434-49b3-ade9-cad12822f55f,2026-02-03T08:03:44,12.362976,-1.522572
civ-62d7d317-8457-4ab1-9267-775a132d353e,2026-02-03T08:03:50,12.363841,-1.51529
civ-cee79db9-2e6e-4786-bea4-267e53b2f310,2026-02-03T08:04:22,12.364025,-1.515404
civ-19d8cd88-9b8a-452a-a525-d1043b3c1526,2026-02-03T08:04:29,12.362931,-1.522471
civ-4e6f6a58-041a-446a-b97e-2eac0f9997d3,2026-02-03T08:04:42,12.362869,-1.522458
civ-4e6f6a58-041a-446a-b97e-2eac0f9997d3,2026-02-03T08:04:58,12.363885,-1.515367
civ-0c9d309b-d3d9-4e92-9ae0-012b816f9fce,2026-02-03T08:05:15,12.363913,-1.515347
civ-068f17d0-0065-405c-bdd7-f715203c8e19,2026-02-03T08:05:29,12.363812,-1.515386
civ-02576fae-ffff-4cf6-a5bc-b03aa4a9ac88,2026-02-03T08:05:31,12.36403,-1.515299
civ-068f17d0-0065-405c-bdd7-f715203c8e19,2026-02-03T08:05:40,12.362796,-1.522501
civ-c9a81ee6-40fb-4df7-9494-366e6f87591d,2026-02-03T08:05:58,12.36298,-1.522396
civ-d8b7daca-ee30-436f-8068-55f18110860d,2026-02-03T08:06:15,12.36392,-1.515311
civ-9ab99406-c557-4ff3-9546-d37339008bda,2026-02-03T08:06:31,12.362871,-1.522451
civ-bb1a3b8d-6013-4514-b1e6-efb6fe8b0a59,2026-02-03T08:08:02,12.362933,-1.522379
civ-8481ec28-d882-446a-b3db-32ba460d4b17,2026-02-03T08:08:19,12.36397,-1.515381
civ-c2976329-879a-401f-ab0a-bec2a5026bf5,2026-02-03T08:08:48,12.364087,-1.515381
civ-58babd9c-f204-49ee-985a-f994c95fa4bd,2026-02-03T08:09:27,12.364048,-1.51537
civ-cc100b8b-4558-4c64-aa34-d02bf900f083,2026-02-03T08:09:34,12.362835,-1.522596
civ-fb779864-9bc9-4670-9e47-b8ea339c3672,2026-02-03T08:09:50,12.36281,-1.522456
LR-DEV-001,2026-02-03T08:10:00,12.358989,-1.520899
ST-ASC-004,2026-02-03T08:10:00,12.362909,-1.52249
NEW-DEV-X1,2026-02-03T08:10:00,12.35897,-1.520573
ST-DEV-001,2026-02-03T08:10:00,12.36401,-1.51535
civ-c2976329-879a-401f-ab0a-bec2a5026bf5,2026-02-03T08:10:43,12.362976,-1.522456
civ-62bbac52-ba2e-4404-97d7-2d93b963ebf3,2026-02-03T08:11:29,12.364001,-1.515448
civ-068f17d0-0065-405c-bdd7-f715203c8e19,2026-02-03T08:12:47,12.362707,-1.522444
civ-c2976329-879a-401f-ab0a-bec2a5026bf5,2026-02-03T08:13:32,12.363957,-1.515383
civ-d914300c-71f1-433a-9c13-50294a4699cb,2026-02-03T08:16:21,12.362849,-1.522508
civ-b7e3e859-9789-4511-9091-3013ac317000,2026-02-03T08:17:40,12.363946,-1.515346
civ-d8b7daca-ee30-436f-8068-55f18110860d,2026-02-03T08:19:07,12.363986,-1.515451
LR-DEV-001,2026-02-03T08:20:00,12.359016,-1.52088
ST-DEV-001,2026-02-03T08:20:00,12.363994,-1.515409
NEW-DEV-X1,2026-02-03T08:20:00,12.358977,-1.520609
LR-ASC-004,2026-02-03T08:20:00,12.360297,-1.521919
ST-ASC-004,2026-02-03T08:20:00,12.36289,-1.522504
LR-ASC-004,2026-02-03T08:20:30,12.362138,-1.522277
ST-DEV-001,2026-02-03T08:30:00,12.363999,-1.515408
ST-ASC-004,2026-02-03T08:30:00,12.36289,-1.522502
NEW-DEV-X1,2026-02-03T08:30:00,12.358978,-1.520581
LR-DEV-001,2026-02-03T08:30:00,12.359006,-1.520895
ST-DEV-001,2026-02-03T08:40:00,12.364022,-1.515444
ST-ASC-004,2026-02-03T08:40:00,12.362897,-1.522493
LR-ASC-004,2026-02-03T08:40:00,12.362895,-1.522488
NEW-DEV-X1,2026-02-03T08:40:00,12.358972,-1.520586
LR-DEV-001,2026-02-03T08:40:00,12.358984,-1.520905
LR-ASC-004,2026-02-03T08:45:00,12.362881,-1.522472
LR-DEV-001,2026-02-03T08:50:00,12.358993,-1.520906
NEW-DEV-X1,2026-02-03T08:50:00,12.358982,-1.520574
ST-ASC-004,2026-02-03T08:50:00,12.362912,-1.522487
ST-DEV-001,2026-02-03T08:50:00,12.363972,-1.515429
LR-ASC-004,2026-02-03T08:50:00,12.362269,-1.522382
LR-ASC-004,2026-02-03T08:50:30,12.360518,-1.52196
NEW-DEV-X1,2026-02-03T09:00:00,12.358965,-1.520579
NEW-DEV-X2,2026-02-03T09:00:00,12.358938,-1.520781
LR-DEV-001,2026-02-03T09:00:00,12.358998,-1.520904
ST-ASC-004,2026-02-03T09:00:00,12.362895,-1.522502
ST-DEV-001,2026-02-03T09:00:00,12.364026,-1.515354
LR-ASC-004,2026-02-03T09:10:00,12.360297,-1.521919
LR-DEV-001,2026-02-03T09:10:00,12.358982,-1.520893
ST-DEV-001,2026-02-03T09:10:00,12.363997,-1.515405
NEW-DEV-X2,2026-02-03T09:10:00,12.35895,-1.520767
ST-ASC-004,2026-02-03T09:10:00,12.362885,-1.522507
NEW-DEV-X1,2026-02-03T09:10:00,12.358963,-1.520595
LR-ASC-004,2026-02-03T09:10:30,12.359626,-1.520842
NEW-DEV-X2,2026-02-03T09:20:00,12.358943,-1.520782
ST-ASC-004,2026-02-03T09:20:00,12.362909,-1.522485
ST-DEV-001,2026-02-03T09:20:00,12.364002,-1.515369
LR-DEV-001,2026-02-03T09:20:00,12.35899,-1.520898
NEW-DEV-X1,2026-02-03T09:20:00,12.358966,-1.520575
LR-DEV-001,2026-02-03T09:30:00,12.359019,-1.520908
NEW-DEV-X2,2026-02-03T09:30:00,12.358944,-1.520773
ST-DEV-001,2026-02-03T09:30:00,12.363975,-1.515394
LR-ASC-004,2026-02-03T09:30:00,12.35903,-1.520731
NEW-DEV-X1,2026-02-03T09:30:00,12.358981,-1.520578
LR-ASC-004,2026-02-03T09:30:30,12.360485,-1.521311
ST-DEV-001,2026-02-03T09:40:00,12.364026,-1.515386
NEW-DEV-X1,2026-02-03T09:40:00,12.358979,-1.520578
LR-DEV-001,2026-02-03T09:40:00,12.358977,-1.520903
NEW-DEV-X2,2026-02-03T09:40:00,12.358931,-1.520799
LR-DEV-001,2026-02-03T09:50:00,12.35901,-1.520882
ST-DEV-001,2026-02-03T09:50:00,12.364005,-1.515373
LR-ASC-004,2026-02-03T09:50:00,12.360297,-1.521919
NEW-DEV-X1,2026-02-03T09:50:00,12.358966,-1.520579
NEW-DEV-X2,2026-02-03T09:50:00,12.358939,-1.520789
LR-ASC-004,2026-02-03T09:50:30,12.362138,-1.522277
ST-DEV-001,2026-02-03T10:00:00,12.363927,-1.515382
NEW-DEV-X1,2026-02-03T10:00:00,12.358979,-1.520576
LR-DEV-001,2026-02-03T10:00:00,12.358989,-1.520896
NEW-DEV-X2,2026-02-03T10:00:00,12.358939,-1.520779
NEW-DEV-X2,2026-02-03T10:10:00,12.35894,-1.520765
ST-DEV-001,2026-02-03T10:10:00,12.363982,-1.515449
NEW-DEV-X1,2026-02-03T10:10:00,12.358983,-1.520577
LR-ASC-004,2026-02-03T10:10:00,12.36291,-1.522498
LR-DEV-001,2026-02-03T10:10:00,12.358996,-1.520901
LR-ASC-004,2026-02-03T10:15:00,12.3629,-1.522497
NEW-DEV-X1,2026-02-03T10:20:00,12.358975,-1.520573
LR-ASC-004,2026-02-03T10:20:00,12.362269,-1.522382
NEW-DEV-X2,2026-02-03T10:20:00,12.358947,-1.520775
LR-DEV-001,2026-02-03T10:20:00,12.359024,-1.520914
ST-DEV-001,2026-02-03T10:20:00,12.364014,-1.515363
LR-ASC-004,2026-02-03T10:20:30,12.360518,-1.52196
NEW-DEV-X2,2026-02-03T10:30:00,12.35895,-1.520788
LR-DEV-001,2026-02-03T10:30:00,12.359002,-1.520896
ST-DEV-001,2026-02-03T10:30:00,12.363996,-1.515374
NEW-DEV-X1,2026-02-03T10:30:00,12.358972,-1.520591
ST-DEV-001,2026-02-03T10:40:00,12.364044,-1.515364
LR-ASC-004,2026-02-03T10:40:00,12.360297,-1.521919
LR-DEV-001,2026-02-03T10:40:00,12.35901,-1.520899
NEW-DEV-X2,2026-02-03T10:40:00,12.358953,-1.520779
NEW-DEV-X1,2026-02-03T10:40:00,12.358971,-1.52059
LR-ASC-004,2026-02-03T10:40:30,12.359626,-1.520842
NEW-DEV-X2,2026-02-03T10:50:00,12.35895,-1.520788
NEW-DEV-X1,2026-02-03T10:50:00,12.358966,-1.520584
LR-DEV-001,2026-02-03T10:50:00,12.359003,-1.520904
ST-DEV-001,2026-02-03T10:50:00,12.364044,-1.51538
NEW-DEV-X2,2026-02-03T11:00:00,12.35893,-1.520771
NEW-DEV-X1,2026-02-03T11:00:00,12.358965,-1.520586
ST-DEV-001,2026-02-03T11:00:00,12.364002,-1.515443
LR-DEV-001,2026-02-03T11:00:00,12.359002,-1.520903
LR-ASC-004,2026-02-03T11:00:00,12.35903,-1.520731
LR-ASC-004,2026-02-03T11:00:30,12.360485,-1.521311
ST-DEV-001,2026-02-03T11:10:00,12.363993,-1.515423
NEW-DEV-X2,2026-02-03T11:10:00,12.358947,-1.520786
NEW-DEV-X1,2026-02-03T11:10:00,12.358955,-1.520581
LR-DEV-001,2026-02-03T11:10:00,12.359006,-1.520903
NEW-DEV-X2,2026-02-03T11:20:00,12.358936,-1.520768
LR-ASC-004,2026-02-03T11:20:00,12.360297,-1.521919
ST-DEV-001,2026-02-03T11:20:00,12.364059,-1.515405
NEW-DEV-X1,2026-02-03T11:20:00,12.358972,-1.52059
LR-DEV-001,2026-02-03T11:20:00,12.359003,-1.5209
LR-ASC-004,2026-02-03T11:20:30,12.362138,-1.522277
NEW-DEV-X2,2026-02-03T11:30:00,12.358933,-1.520763
ST-DEV-001,2026-02-03T11:30:00,12.364003,-1.515385
LR-DEV-001,2026-02-03T11:30:00,12.35901,-1.5209
NEW-DEV-X1,2026-02-03T11:30:00,12.358978,-1.520575
NEW-DEV-X1,2026-02-03T11:40:00,12.358958,-1.52059
ST-DEV-001,2026-02-03T11:40:00,12.364001,-1.515354
NEW-DEV-X2,2026-02-03T11:40:00,12.358936,-1.520772
LR-ASC-004,2026-02-03T11:40:00,12.362905,-1.522494
LR-DEV-001,2026-02-03T11:40:00,12.358984,-1.520889
LR-ASC-004,2026-02-03T11:45:00,12.362905,-1.522499
NEW-DEV-X2,2026-02-03T11:50:00,12.358941,-1.520773
NEW-DEV-X1,2026-02-03T11:50:00,12.358965,-1.520591
LR-ASC-004,2026-02-03T11:50:00,12.362269,-1.522382
ST-DEV-001,2026-02-03T11:50:00,12.363983,-1.515395
LR-DEV-001,2026-02-03T11:50:00,12.358992,-1.520906
LR-ASC-004,2026-02-03T11:50:30,12.360518,-1.52196
NEW-DEV-X1,2026-02-03T12:00:00,12.358979,-1.520585
NEW-DEV-X2,2026-02-03T12:00:00,12.358939,-1.520779
LR-ASC-004,2026-02-03T12:10:00,12.360297,-1.521919
NEW-DEV-X2,2026-02-03T12:10:00,12.358944,-1.520787
NEW-DEV-X1,2026-02-03T12:10:00,12.35897,-1.520601
LR-ASC-004,2026-02-03T12:10:30,12.359626,-1.520842
NEW-DEV-X2,2026-02-03T12:20:00,12.358951,-1.520783
NEW-DEV-X1,2026-02-03T12:20:00,12.358978,-1.520594
NEW-DEV-X2,2026-02-03T12:30:00,12.358942,-1.520787
NEW-DEV-X1,2026-02-03T12:30:00,12.358973,-1.520581
civ-9625ea0f-0516-485b-9a2c-c109b8dc9eeb,2026-02-03T12:39:15,12.362807,-1.522278
civ-7acf1504-7434-49b3-ade9-cad12822f55f,2026-02-03T12:39:28,12.362865,-1.522477
NEW-DEV-X2,2026-02-03T12:40:00,12.358921,-1.52078
NEW-DEV-X1,2026-02-03T12:40:00,12.358984,-1.520595
civ-dbb2498a-52c9-4500-8a72-a1de35cc0a87,2026-02-03T12:40:48,12.364188,-1.515422
NEW-DEV-X2,2026-02-03T12:50:00,12.358966,-1.520771
NEW-DEV-X1,2026-02-03T12:50:00,12.358945,-1.520581
civ-dbb2498a-52c9-4500-8a72-a1de35cc0a87,2026-02-03T12:51:03,12.362834,-1.522462
civ-c967612c-4cbd-48d4-93ae-3c8a9efdb5fc,2026-02-03T12:52:06,12.363845,-1.515321
civ-62bbac52-ba2e-4404-97d7-2d93b963ebf3,2026-02-03T12:53:25,12.36405,-1.51537
civ-bb1a3b8d-6013-4514-b1e6-efb6fe8b0a59,2026-02-03T12:54:41,12.3629,-1.522452
civ-c2976329-879a-401f-ab0a-bec2a5026bf5,2026-02-03T12:54:45,12.363872,-1.515371
civ-e8dc8ba3-bb2c-48c0-a27f-1f0939012fb5,2026-02-03T12:55:03,12.36405,-1.515339
civ-c967612c-4cbd-48d4-93ae-3c8a9efdb5fc,2026-02-03T12:55:31,12.362935,-1.522538
civ-b7fa315c-1ea4-4bff-9ffe-220fb9d76e77,2026-02-03T12:55:32,12.364054,-1.515413
civ-3e6a8a9e-f47d-46e1-8940-4918058ed49b,2026-02-03T12:55:32,12.362971,-1.522505
civ-eb6bca32-ee6b-4d0a-8030-aae8db13a9d5,2026-02-03T12:55:41,12.363974,-1.515256
civ-82cfb0ab-487f-47c9-aee5-fdde8e8a17f6,2026-02-03T12:56:18,12.362936,-1.522496
civ-c2976329-879a-401f-ab0a-bec2a5026bf5,2026-02-03T12:56:23,12.362949,-1.522598
civ-cece9c82-aff1-4a7b-a95f-8fede9573ccc,2026-02-03T12:57:02,12.362766,-1.522427
civ-5f953348-9eea-4e6f-adfb-b33b5a94eae7,2026-02-03T12:59:08,12.362944,-1.522513
ST-DEV-001,2026-02-03T13:00:00,12.363601,-1.515311
NEW-DEV-X2,2026-02-03T13:00:00,12.358944,-1.52078
NEW-DEV-X1,2026-02-03T13:00:00,12.358988,-1.520572
ST-ASC-004,2026-02-03T13:00:00,12.362889,-1.522505
civ-5b5de6bb-92db-43c6-9982-ac8c804e1ff3,2026-02-03T13:00:07,12.36389,-1.51532
civ-068f17d0-0065-405c-bdd7-f715203c8e19,2026-02-03T13:00:21,12.362964,-1.52253
civ-155783d0-b79c-4de9-a91d-5c2e44bbd601,2026-02-03T13:00:21,12.362992,-1.52246
ST-DEV-001,2026-02-03T13:00:30,12.361614,-1.515156
civ-88351541-c041-41e4-903d-ddffd8fff7d9,2026-02-03T13:00:34,12.36286,-1.522579
civ-62d7d317-8457-4ab1-9267-775a132d353e,2026-02-03T13:00:35,12.363897,-1.515419
civ-eb961fb2-fc9b-493a-b186-f94d7d40522d,2026-02-03T13:00:49,12.362831,-1.522466
civ-d8b7daca-ee30-436f-8068-55f18110860d,2026-02-03T13:01:26,12.364012,-1.515364
civ-e20dc56d-a415-4159-b4a5-869333b3e011,2026-02-03T13:01:28,12.36405,-1.515428
civ-0c9d309b-d3d9-4e92-9ae0-012b816f9fce,2026-02-03T13:01:50,12.364001,-1.515469
civ-9625ea0f-0516-485b-9a2c-c109b8dc9eeb,2026-02-03T13:02:04,12.36394,-1.515362
civ-9ab99406-c557-4ff3-9546-d37339008bda,2026-02-03T13:02:15,12.362908,-1.522458
civ-8481ec28-d882-446a-b3db-32ba460d4b17,2026-02-03T13:02:15,12.362874,-1.522595
civ-52e12e63-9cf1-450f-b811-723dd006ab95,2026-02-03T13:04:02,12.364146,-1.5154
civ-9ab99406-c557-4ff3-9546-d37339008bda,2026-02-03T13:04:05,12.364116,-1.515392
civ-c49fd41d-7955-4cb5-b6a7-786718622610,2026-02-03T13:04:27,12.364048,-1.515367
civ-3e6a8a9e-f47d-46e1-8940-4918058ed49b,2026-02-03T13:04:28,12.362876,-1.522488
civ-d8b7daca-ee30-436f-8068-55f18110860d,2026-02-03T13:04:39,12.362861,-1.522623
ST-ASC-004,2026-02-03T13:05:00,12.3629,-1.522497
civ-d914300c-71f1-433a-9c13-50294a4699cb,2026-02-03T13:05:23,12.363951,-1.515398
civ-cece9c82-aff1-4a7b-a95f-8fede9573ccc,2026-02-03T13:05:28,12.363951,-1.515343
civ-560e35c7-b256-4f74-b9d8-7519c1756d49,2026-02-03T13:05:32,12.363954,-1.515365
civ-eb961fb2-fc9b-493a-b186-f94d7d40522d,2026-02-03T13:05:39,12.364107,-1.515374
civ-f7b60403-c6bb-4b3e-adf7-46afadfd190b,2026-02-03T13:05:46,12.362791,-1.522526
civ-cee79db9-2e6e-4786-bea4-267e53b2f310,2026-02-03T13:06:09,12.362831,-1.522569
civ-19d8cd88-9b8a-452a-a525-d1043b3c1526,2026-02-03T13:06:12,12.363872,-1.515377
civ-cc100b8b-4558-4c64-aa34-d02bf900f083,2026-02-03T13:06:22,12.363991,-1.515291
civ-abb599b3-970c-4aed-a7cd-a2f03dd05458,2026-02-03T13:07:32,12.364052,-1.515493
civ-58babd9c-f204-49ee-985a-f994c95fa4bd,2026-02-03T13:07:35,12.362917,-1.522464
civ-560e35c7-b256-4f74-b9d8-7519c1756d49,2026-02-03T13:07:52,12.362914,-1.522548
civ-dbb2498a-52c9-4500-8a72-a1de35cc0a87,2026-02-03T13:08:54,12.363969,-1.515405
NEW-DEV-X2,2026-02-03T13:10:00,12.358944,-1.520773
ST-ASC-004,2026-02-03T13:10:00,12.362893,-1.522496
NEW-DEV-X1,2026-02-03T13:10:00,12.358974,-1.520587
civ-1728b5a6-c412-442d-b081-e8a8b42b5e38,2026-02-03T13:10:14,12.36296,-1.522544
civ-62d7d317-8457-4ab1-9267-775a132d353e,2026-02-03T13:10:24,12.362887,-1.522401
civ-52216a52-4637-4288-9689-1b401180ecf7,2026-02-03T13:10:36,12.362842,-1.522591
civ-c49fd41d-7955-4cb5-b6a7-786718622610,2026-02-03T13:13:52,12.362801,-1.522599
civ-b7e3e859-9789-4511-9091-3013ac317000,2026-02-03T13:14:17,12.362986,-1.522571
ST-ASC-004,2026-02-03T13:15:00,12.362896,-1.5225
civ-88351541-c041-41e4-903d-ddffd8fff7d9,2026-02-03T13:16:10,12.36296,-1.522394
civ-560e35c7-b256-4f74-b9d8-7519c1756d49,2026-02-03T13:19:53,12.362974,-1.522497
NEW-DEV-X2,2026-02-03T13:20:00,12.358933,-1.520768
NEW-DEV-X1,2026-02-03T13:20:00,12.358979,-1.520592
ST-ASC-004,2026-02-03T13:20:00,12.362905,-1.5225
civ-02576fae-ffff-4cf6-a5bc-b03aa4a9ac88,2026-02-03T13:24:16,12.364096,-1.515623
civ-9882446e-69c8-4759-964a-00f38ec7e4eb,2026-02-03T13:24:40,12.364198,-1.515527
ST-ASC-004,2026-02-03T13:25:00,12.362896,-1.522501
NEW-DEV-X2,2026-02-03T13:30:00,12.35895,-1.520772
NEW-DEV-X1,2026-02-03T13:30:00,12.358976,-1.520578
ST-DEV-001,2026-02-03T13:30:00,12.362493,-1.513112
ST-ASC-003,2026-02-03T13:30:00,12.359413,-1.51634
ST-ASC-003,2026-02-03T13:30:30,12.361402,-1.515987
NEW-DEV-X1,2026-02-03T13:40:00,12.358982,-1.520558
NEW-DEV-X2,2026-02-03T13:40:00,12.358948,-1.520778
ST-DEV-001,2026-02-03T13:40:00,12.362494,-1.5131
ST-DEV-001,2026-02-03T13:50:00,12.362496,-1.513106
NEW-DEV-X2,2026-02-03T13:50:00,12.35895,-1.520773
NEW-DEV-X1,2026-02-03T13:50:00,12.358976,-1.520588
NEW-DEV-X2,2026-02-03T14:00:00,12.358941,-1.520783
ST-ASC-003,2026-02-03T14:00:00,12.362499,-1.513117
NEW-DEV-X1,2026-02-03T14:00:00,12.358972,-1.520599
ST-DEV-001,2026-02-03T14:00:00,12.362487,-1.513101
ST-ASC-003,2026-02-03T14:10:00,12.362495,-1.513099
ST-DEV-001,2026-02-03T14:10:00,12.362486,-1.513093
NEW-DEV-X1,2026-02-03T14:10:00,12.358966,-1.520587
NEW-DEV-X2,2026-02-03T14:10:00,12.358945,-1.520764
NEW-DEV-X2,2026-02-03T14:20:00,12.358933,-1.520791
NEW-DEV-X1,2026-02-03T14:20:00,12.358967,-1.520582
ST-DEV-001,2026-02-03T14:20:00,12.362501,-1.513113
ST-ASC-003,2026-02-03T14:20:00,12.362501,-1.513109
NEW-DEV-X2,2026-02-03T14:30:00,12.358945,-1.520778
ST-DEV-001,2026-02-03T14:30:00,12.362497,-1.513107
ST-ASC-003,2026-02-03T14:30:00,12.362511,-1.513108
NEW-DEV-X1,2026-02-03T14:30:00,12.358965,-1.520573
ST-ASC-003,2026-02-03T14:40:00,12.362509,-1.513096
ST-DEV-001,2026-02-03T14:40:00,12.362503,-1.513088
NEW-DEV-X1,2026-02-03T14:40:00,12.358972,-1.520583
NEW-DEV-X2,2026-02-03T14:40:00,12.358946,-1.520776
NEW-DEV-X2,2026-02-03T14:50:00,12.358942,-1.520765
ST-DEV-001,2026-02-03T14:50:00,12.362483,-1.513099
ST-ASC-003,2026-02-03T14:50:00,12.362494,-1.513084
NEW-DEV-X1,2026-02-03T14:50:00,12.358969,-1.520582
NEW-DEV-X1,2026-02-03T15:00:00,12.358979,-1.520591
NEW-DEV-X2,2026-02-03T15:00:00,12.35893,-1.520785
ST-DEV-001,2026-02-03T15:00:00,12.362499,-1.513094
ST-ASC-003,2026-02-03T15:00:00,12.362489,-1.513092
NEW-DEV-X2,2026-02-03T15:10:00,12.358943,-1.520793
ST-ASC-003,2026-02-03T15:10:00,12.362509,-1.513106
NEW-DEV-X1,2026-02-03T15:10:00,12.358966,-1.520586
ST-DEV-001,2026-02-03T15:10:00,12.362502,-1.513107
ST-DEV-001,2026-02-03T15:20:00,12.362497,-1.513107
NEW-DEV-X2,2026-02-03T15:20:00,12.358942,-1.520763
NEW-DEV-X1,2026-02-03T15:20:00,12.35896,-1.52059
ST-ASC-003,2026-02-03T15:20:00,12.362513,-1.513102
ST-DEV-001,2026-02-03T15:30:00,12.36251,-1.5131
NEW-DEV-X1,2026-02-03T15:30:00,12.358968,-1.520575
NEW-DEV-X2,2026-02-03T15:30:00,12.358944,-1.520776
NEW-DEV-X1,2026-02-03T15:40:00,12.358974,-1.520581
NEW-DEV-X2,2026-02-03T15:40:00,12.358933,-1.520784
ST-DEV-001,2026-02-03T15:40:00,12.362517,-1.513101
NEW-DEV-X1,2026-02-03T15:50:00,12.35898,-1.520584
ST-DEV-001,2026-02-03T15:50:00,12.362494,-1.513114
NEW-DEV-X2,2026-02-03T15:50:00,12.358941,-1.520781
NEW-DEV-X1,2026-02-03T16:00:00,12.358976,-1.520584
ST-DEV-001,2026-02-03T16:00:00,12.362484,-1.513114
NEW-DEV-X1,2026-02-03T16:10:00,12.358974,-1.520588
ST-DEV-001,2026-02-03T16:10:00,12.362502,-1.513095
ST-DEV-001,2026-02-03T16:20:00,12.362486,-1.513092
NEW-DEV-X1,2026-02-03T16:20:00,12.35895,-1.520584
ST-DEV-001,2026-02-03T16:30:00,12.362496,-1.513099
NEW-DEV-X1,2026-02-03T16:30:00,12.358985,-1.520575
NEW-DEV-X1,2026-02-03T16:40:00,12.358981,-1.520572
ST-DEV-001,2026-02-03T16:40:00,12.362515,-1.513092
ST-DEV-001,2026-02-03T16:50:00,12.362498,-1.513108
NEW-DEV-X1,2026-02-03T16:50:00,12.358973,-1.520581
ST-DEV-001,2026-02-03T17:00:00,12.362481,-1.513106
ST-DEV-001,2026-02-03T17:10:00,12.362498,-1.513109
ST-DEV-001,2026-02-03T17:20:00,12.362499,-1.513099
ST-DEV-001,2026-02-03T17:30:00,12.362498,-1.513106
ST-DEV-001,2026-02-03T17:40:00,12.362502,-1.513096
ST-DEV-001,2026-02-03T17:50:00,12.36249,-1.513087
ST-DEV-001,2026-02-03T18:00:00,12.361831,-1.514451
ST-DEV-001,2026-02-03T18:00:30,12.361153,-1.516164
ST-DEV-001,2026-02-04T05:30:00,12.359715,-1.516421
VEH-035-0,2026-02-04T05:30:00,12.364466,-1.521212
VEH-035-0,2026-02-04T05:30:30,12.36496,-1.518575
VEH-035-0,2026-02-04T05:31:00,12.362497,-1.518014
VEH-035-0,2026-02-04T05:31:30,12.361353,-1.516538
VEH-035-1,2026-02-04T05:40:00,12.364466,-1.521212
ST-DEV-001,2026-02-04T05:40:00,12.359715,-1.516372
VEH-035-1,2026-02-04T05:40:30,12.36496,-1.518575
VEH-035-1,2026-02-04T05:41:00,12.362497,-1.518014
VEH-035-1,2026-02-04T05:41:30,12.361353,-1.516538
ST-DEV-001,2026-02-04T05:50:00,12.35968,-1.516417
ST-ASC-003,2026-02-04T06:00:00,12.359413,-1.51634
ST-DEV-001,2026-02-04T06:00:00,12.359718,-1.516395
ST-ASC-003,2026-02-04T06:00:30,12.361402,-1.515987
ST-DEV-001,2026-02-04T06:10:00,12.35971,-1.516394
ST-DEV-001,2026-02-04T06:20:00,12.359707,-1.516424
VEH-035-0,2026-02-04T06:30:00,12.362504,-1.513089
ST-DEV-001,2026-02-04T06:30:00,12.359719,-1.516379
VEH-035-0,2026-02-04T06:40:00,12.362488,-1.513106
VEH-035-1,2026-02-04T06:40:00,12.362503,-1.513103
ST-DEV-001,2026-02-04T06:40:00,12.359696,-1.516401
VEH-035-0,2026-02-04T06:50:00,12.362497,-1.513107
VEH-035-1,2026-02-04T06:50:00,12.362499,-1.513105
ST-DEV-001,2026-02-04T06:50:00,12.359672,-1.516391
LR-DEV-001,2026-02-04T07:00:00,12.358988,-1.520905
ST-DEV-001,2026-02-04T07:00:00,12.35971,-1.516401
VEH-035-1,2026-02-04T07:00:00,12.362486,-1.513097
ST-ASC-003,2026-02-04T07:00:00,12.362495,-1.513085
VEH-035-0,2026-02-04T07:00:00,12.362516,-1.513108
VEH-035-1,2026-02-04T07:10:00,12.362516,-1.5131
ST-ASC-003,2026-02-04T07:10:00,12.362518,-1.513107
ST-DEV-001,2026-02-04T07:10:00,12.35972,-1.516406
VEH-035-0,2026-02-04T07:10:00,12.362495,-1.513098
LR-DEV-001,2026-02-04T07:10:00,12.359009,-1.520881
ST-ASC-003,2026-02-04T07:20:00,12.362495,-1.513092
LR-DEV-001,2026-02-04T07:20:00,12.358986,-1.520917
VEH-035-1,2026-02-04T07:20:00,12.362502,-1.513094
ST-DEV-001,2026-02-04T07:20:00,12.35971,-1.516418
VEH-035-0,2026-02-04T07:20:00,12.362489,-1.513104
LR-DEV-001,2026-02-04T07:30:00,12.359017,-1.520896
ST-ASC-004,2026-02-04T07:30:00,12.362904,-1.522495
VEH-035-1,2026-02-04T07:30:00,12.362489,-1.513085
ST-DEV-001,2026-02-04T07:30:00,12.359413,-1.51634
ST-ASC-003,2026-02-04T07:30:00,12.362497,-1.5131
ST-DEV-001,2026-02-04T07:30:30,12.360477,-1.517563
ST-DEV-001,2026-02-04T07:31:00,12.362689,-1.517976
ST-DEV-001,2026-02-04T07:31:30,12.363412,-1.516165
civ-02576fae-ffff-4cf6-a5bc-b03aa4a9ac88,2026-02-04T07:37:53,12.364143,-1.515159
civ-19d8cd88-9b8a-452a-a525-d1043b3c1526,2026-02-04T07:39:12,12.363009,-1.522206
LR-DEV-001,2026-02-04T07:40:00,12.358992,-1.520895
ST-ASC-004,2026-02-04T07:40:00,12.362905,-1.522502
ST-ASC-003,2026-02-04T07:40:00,12.3625,-1.513117
civ-62bbac52-ba2e-4404-97d7-2d93b963ebf3,2026-02-04T07:45:27,12.363885,-1.515154
civ-82cfb0ab-487f-47c9-aee5-fdde8e8a17f6,2026-02-04T07:46:27,12.363052,-1.522602
civ-cece9c82-aff1-4a7b-a95f-8fede9573ccc,2026-02-04T07:48:04,12.36395,-1.515362
civ-1728b5a6-c412-442d-b081-e8a8b42b5e38,2026-02-04T07:48:37,12.363928,-1.515453
LR-DEV-001,2026-02-04T07:50:00,12.358976,-1.5209
ST-ASC-003,2026-02-04T07:50:00,12.3625,-1.513106
ST-ASC-004,2026-02-04T07:50:00,12.362899,-1.522497
civ-d8b7daca-ee30-436f-8068-55f18110860d,2026-02-04T07:54:16,12.364086,-1.515433
civ-a5d5f0ac-097b-48e0-991d-f1066f980ce7,2026-02-04T07:54:21,12.362838,-1.522496
civ-eb961fb2-fc9b-493a-b186-f94d7d40522d,2026-02-04T07:55:54,12.363056,-1.522566
civ-69fb9cc1-ef25-4bcf-92ba-fd2160d52f85,2026-02-04T07:56:18,12.362894,-1.522294
civ-0c9d309b-d3d9-4e92-9ae0-012b816f9fce,2026-02-04T07:56:28,12.362862,-1.5224
civ-a5d5f0ac-097b-48e0-991d-f1066f980ce7,2026-02-04T07:56:41,12.363971,-1.515386
civ-a5d5f0ac-097b-48e0-991d-f1066f980ce7,2026-02-04T07:56:45,12.364004,-1.515368
civ-22b80c92-07d6-4eb0-a931-465d2de665e3,2026-02-04T07:57:44,12.364032,-1.515424
civ-b7e3e859-9789-4511-9091-3013ac317000,2026-02-04T07:58:16,12.363014,-1.522429
civ-5b5de6bb-92db-43c6-9982-ac8c804e1ff3,2026-02-04T07:58:27,12.362893,-1.522405
civ-b7e3e859-9789-4511-9091-3013ac317000,2026-02-04T07:59:14,12.364063,-1.515433
civ-19d8cd88-9b8a-452a-a525-d1043b3c1526,2026-02-04T07:59:58,12.363987,-1.515352
LR-ASC-004,2026-02-04T08:00:00,12.35903,-1.520731
ST-ASC-004,2026-02-04T08:00:00,12.362901,-1.52252
ST-ASC-003,2026-02-04T08:00:00,12.361831,-1.514451
ST-DEV-001,2026-02-04T08:00:00,12.363999,-1.515405
NEW-DEV-X1,2026-02-04T08:00:00,12.358977,-1.520577
LR-DEV-001,2026-02-04T08:00:00,12.359003,-1.520892
civ-82cfb0ab-487f-47c9-aee5-fdde8e8a17f6,2026-02-04T08:00:05,12.364039,-1.515386
civ-9ab99406-c557-4ff3-9546-d37339008bda,2026-02-04T08:00:09,12.362955,-1.522484
civ-068f17d0-0065-405c-bdd7-f715203c8e19,2026-02-04T08:00:13,12.36397,-1.515481
civ-d914300c-71f1-433a-9c13-50294a4699cb,2026-02-04T08:00:18,12.363986,-1.515405
LR-ASC-004,2026-02-04T08:00:30,12.360485,-1.521311
ST-ASC-003,2026-02-04T08:00:30,12.360786,-1.516085
civ-62bbac52-ba2e-4404-97d7-2d93b963ebf3,2026-02-04T08:00:31,12.363991,-1.515393
civ-62d7d317-8457-4ab1-9267-775a132d353e,2026-02-04T08:00:37,12.36416,-1.515411
civ-69fb9cc1-ef25-4bcf-92ba-fd2160d52f85,2026-02-04T08:00:38,12.362896,-1.522601
civ-cc100b8b-4558-4c64-aa34-d02bf900f083,2026-02-04T08:01:09,12.363979,-1.515379
civ-62d7d317-8457-4ab1-9267-775a132d353e,2026-02-04T08:01:20,12.362777,-1.522567
civ-62bbac52-ba2e-4404-97d7-2d93b963ebf3,2026-02-04T08:01:49,12.362919,-1.522408
civ-cc100b8b-4558-4c64-aa34-d02bf900f083,2026-02-04T08:02:22,12.36275,-1.522376
civ-560e35c7-b256-4f74-b9d8-7519c1756d49,2026-02-04T08:02:30,12.363956,-1.515439
civ-c49fd41d-7955-4cb5-b6a7-786718622610,2026-02-04T08:02:31,12.362907,-1.522482
civ-8481ec28-d882-446a-b3db-32ba460d4b17,2026-02-04T08:02:51,12.363931,-1.515415
civ-22b80c92-07d6-4eb0-a931-465d2de665e3,2026-02-04T08:02:51,12.362862,-1.522465
civ-155783d0-b79c-4de9-a91d-5c2e44bbd601,2026-02-04T08:02:59,12.362894,-1.52256
civ-3e6a8a9e-f47d-46e1-8940-4918058ed49b,2026-02-04T08:02:59,12.36398,-1.515339
civ-5f953348-9eea-4e6f-adfb-b33b5a94eae7,2026-02-04T08:03:16,12.364046,-1.515414
civ-f7b60403-c6bb-4b3e-adf7-46afadfd190b,2026-02-04T08:03:24,12.362925,-1.522541
civ-9ab99406-c557-4ff3-9546-d37339008bda,2026-02-04T08:03:37,12.364037,-1.515117
civ-c967612c-4cbd-48d4-93ae-3c8a9efdb5fc,2026-02-04T08:03:38,12.362905,-1.522515
civ-155783d0-b79c-4de9-a91d-5c2e44bbd601,2026-02-04T08:04:33,12.363992,-1.515446
civ-19d8cd88-9b8a-452a-a525-d1043b3c1526,2026-02-04T08:04:38,12.362847,-1.522445
civ-068f17d0-0065-405c-bdd7-f715203c8e19,2026-02-04T08:04:51,12.362859,-1.522476
civ-9882446e-69c8-4759-964a-00f38ec7e4eb,2026-02-04T08:05:00,12.363032,-1.522441
civ-82cfb0ab-487f-47c9-aee5-fdde8e8a17f6,2026-02-04T08:05:06,12.362966,-1.522492
civ-aada54c8-b736-4f69-8649-471827354a37,2026-02-04T08:05:42,12.363891,-1.515604
civ-db07abea-ca3d-4b89-b8e6-498a67d93f8b,2026-02-04T08:05:51,12.364051,-1.515548
civ-dbb2498a-52c9-4500-8a72-a1de35cc0a87,2026-02-04T08:06:07,12.36385,-1.515442
civ-bb1a3b8d-6013-4514-b1e6-efb6fe8b0a59,2026-02-04T08:06:21,12.364088,-1.515419
civ-a5d5f0ac-097b-48e0-991d-f1066f980ce7,2026-02-04T08:06:46,12.362914,-1.522468
civ-7acf1504-7434-49b3-ade9-cad12822f55f,2026-02-04T08:07:29,12.363932,-1.515426
civ-69fb9cc1-ef25-4bcf-92ba-fd2160d52f85,2026-02-04T08:07:29,12.364127,-1.515406
civ-fb779864-9bc9-4670-9e47-b8ea339c3672,2026-02-04T08:08:02,12.36284,-1.522564
civ-1728b5a6-c412-442d-b081-e8a8b42b5e38,2026-02-04T08:08:20,12.364082,-1.51548
civ-1728b5a6-c412-442d-b081-e8a8b42b5e38,2026-02-04T08:08:43,12.362967,-1.522517
civ-cece9c82-aff1-4a7b-a95f-8fede9573ccc,2026-02-04T08:08:46,12.362921,-1.522513
civ-58babd9c-f204-49ee-985a-f994c95fa4bd,2026-02-04T08:08:58,12.364036,-1.515283
civ-e20dc56d-a415-4159-b4a5-869333b3e011,2026-02-04T08:09:20,12.363863,-1.515462
civ-560e35c7-b256-4f74-b9d8-7519c1756d49,2026-02-04T08:09:30,12.362858,-1.52256
civ-aada54c8-b736-4f69-8649-471827354a37,2026-02-04T08:09:44,12.362858,-1.522425
ST-DEV-001,2026-02-04T08:10:00,12.364006,-1.51541
LR-DEV-001,2026-02-04T08:10:00,12.358991,-1.520899
NEW-DEV-X1,2026-02-04T08:10:00,12.358965,-1.520582
ST-ASC-004,2026-02-04T08:10:00,12.362898,-1.522508
civ-62bbac52-ba2e-4404-97d7-2d93b963ebf3,2026-02-04T08:10:57,12.363031,-1.522448
civ-f7b60403-c6bb-4b3e-adf7-46afadfd190b,2026-02-04T08:14:18,12.362612,-1.522457
civ-eb6bca32-ee6b-4d0a-8030-aae8db13a9d5,2026-02-04T08:16:48,12.364006,-1.515626
civ-62d7d317-8457-4ab1-9267-775a132d353e,2026-02-04T08:17:06,12.363044,-1.522525
ST-DEV-001,2026-02-04T08:20:00,12.363996,-1.515378
LR-ASC-004,2026-02-04T08:20:00,12.360297,-1.521919
NEW-DEV-X1,2026-02-04T08:20:00,12.358976,-1.52057
ST-ASC-004,2026-02-04T08:20:00,12.362902,-1.522473
LR-DEV-001,2026-02-04T08:20:00,12.358992,-1.520898
LR-ASC-004,2026-02-04T08:20:30,12.362138,-1.522277
civ-cfaec9ab-5ac9-4b7c-a1c3-b15e20dcb410,2026-02-04T08:21:29,12.362997,-1.522732
ST-DEV-001,2026-02-04T08:30:00,12.363988,-1.515443
LR-DEV-001,2026-02-04T08:30:00,12.358992,-1.520904
ST-ASC-004,2026-02-04T08:30:00,12.362903,-1.522503
NEW-DEV-X1,2026-02-04T08:30:00,12.358978,-1.520576
NEW-DEV-X1,2026-02-04T08:40:00,12.358973,-1.52057
ST-DEV-001,2026-02-04T08:40:00,12.364047,-1.515363
ST-ASC-004,2026-02-04T08:40:00,12.362908,-1.522496
LR-ASC-004,2026-02-04T08:40:00,12.362895,-1.52252
LR-DEV-001,2026-02-04T08:40:00,12.358991,-1.520894
LR-ASC-004,2026-02-04T08:45:00,12.362908,-1.522489
LR-DEV-001,2026-02-04T08:50:00,12.359008,-1.520902
ST-DEV-001,2026-02-04T08:50:00,12.363965,-1.515381
LR-ASC-004,2026-02-04T08:50:00,12.362269,-1.522382
ST-ASC-004,2026-02-04T08:50:00,12.362904,-1.522495
NEW-DEV-X1,2026-02-04T08:50:00,12.358976,-1.520591
LR-ASC-004,2026-02-04T08:50:30,12.360518,-1.52196
LR-DEV-001,2026-02-04T09:00:00,12.359,-1.520913
NEW-DEV-X2,2026-02-04T09:00:00,12.358934,-1.520765
ST-ASC-004,2026-02-04T09:00:00,12.362919,-1.52251
ST-DEV-001,2026-02-04T09:00:00,12.363986,-1.515393
NEW-DEV-X1,2026-02-04T09:00:00,12.358985,-1.520577
NEW-DEV-X1,2026-02-04T09:10:00,12.358968,-1.520587
ST-ASC-004,2026-02-04T09:10:00,12.362904,-1.522508
NEW-DEV-X2,2026-02-04T09:10:00,12.358962,-1.520778
LR-DEV-001,2026-02-04T09:10:00,12.358997,-1.5209
ST-DEV-001,2026-02-04T09:10:00,12.364008,-1.515406
LR-ASC-004,2026-02-04T09:10:00,12.360297,-1.521919
LR-ASC-004,2026-02-04T09:10:30,12.359626,-1.520842
ST-DEV-001,2026-02-04T09:20:00,12.363979,-1.515419
ST-ASC-004,2026-02-04T09:20:00,12.362905,-1.522508
NEW-DEV-X2,2026-02-04T09:20:00,12.358953,-1.520766
LR-DEV-001,2026-02-04T09:20:00,12.359024,-1.52091
NEW-DEV-X1,2026-02-04T09:20:00,12.358975,-1.520579
ST-DEV-001,2026-02-04T09:30:00,12.363975,-1.515422
NEW-DEV-X2,2026-02-04T09:30:00,12.358937,-1.520782
LR-DEV-001,2026-02-04T09:30:00,12.359013,-1.520891
NEW-DEV-X1,2026-02-04T09:30:00,12.358974,-1.52058
LR-ASC-004,2026-02-04T09:30:00,12.35903,-1.520731
LR-ASC-004,2026-02-04T09:30:30,12.360485,-1.521311
ST-DEV-001,2026-02-04T09:40:00,12.363998,-1.515419
NEW-DEV-X2,2026-02-04T09:40:00,12.358955,-1.520763
NEW-DEV-X1,2026-02-04T09:40:00,12.358987,-1.520573
LR-DEV-001,2026-02-04T09:40:00,12.359003,-1.520884
LR-ASC-004,2026-02-04T09:50:00,12.360297,-1.521919
NEW-DEV-X1,2026-02-04T09:50:00,12.358974,-1.520575
NEW-DEV-X2,2026-02-04T09:50:00,12.358949,-1.520786
ST-DEV-001,2026-02-04T09:50:00,12.364018,-1.51536
LR-DEV-001,2026-02-04T09:50:00,12.359003,-1.520896
LR-ASC-004,2026-02-04T09:50:30,12.362138,-1.522277
NEW-DEV-X2,2026-02-04T10:00:00,12.358962,-1.520783
ST-DEV-001,2026-02-04T10:00:00,12.363984,-1.515394
LR-DEV-001,2026-02-04T10:00:00,12.359,-1.520889
NEW-DEV-X1,2026-02-04T10:00:00,12.358963,-1.520579
LR-ASC-004,2026-02-04T10:10:00,12.362906,-1.52251
ST-DEV-001,2026-02-04T10:10:00,12.364013,-1.515387
NEW-DEV-X2,2026-02-04T10:10:00,12.358941,-1.520775
NEW-DEV-X1,2026-02-04T10:10:00,12.358988,-1.520585
LR-DEV-001,2026-02-04T10:10:00,12.35901,-1.520906
LR-ASC-004,2026-02-04T10:15:00,12.362898,-1.5225
LR-DEV-001,2026-02-04T10:20:00,12.358988,-1.520902
LR-ASC-004,2026-02-04T10:20:00,12.362269,-1.522382
ST-DEV-001,2026-02-04T10:20:00,12.364002,-1.51538
NEW-DEV-X2,2026-02-04T10:20:00,12.358958,-1.52077
NEW-DEV-X1,2026-02-04T10:20:00,12.358964,-1.520589
LR-ASC-004,2026-02-04T10:20:30,12.360518,-1.52196
LR-DEV-001,2026-02-04T10:30:00,12.358993,-1.520901
NEW-DEV-X1,2026-02-04T10:30:00,12.358962,-1.52059
NEW-DEV-X2,2026-02-04T10:30:00,12.358948,-1.520774
ST-DEV-001,2026-02-04T10:30:00,12.364013,-1.515433
NEW-DEV-X2,2026-02-04T10:40:00,12.358944,-1.520773
LR-DEV-001,2026-02-04T10:40:00,12.359011,-1.520904
NEW-DEV-X1,2026-02-04T10:40:00,12.358969,-1.520596
LR-ASC-004,2026-02-04T10:40:00,12.360297,-1.521919
ST-DEV-001,2026-02-04T10:40:00,12.364023,-1.515376
LR-ASC-004,2026-02-04T10:40:30,12.359626,-1.520842
LR-DEV-001,2026-02-04T10:50:00,12.359,-1.520899
ST-DEV-001,2026-02-04T10:50:00,12.363979,-1.515399
NEW-DEV-X2,2026-02-04T10:50:00,12.358921,-1.520781
NEW-DEV-X1,2026-02-04T10:50:00,12.358972,-1.520575
NEW-DEV-X2,2026-02-04T11:00:00,12.358946,-1.520788
ST-DEV-001,2026-02-04T11:00:00,12.364018,-1.515406
LR-DEV-001,2026-02-04T11:00:00,12.359008,-1.52092
NEW-DEV-X1,2026-02-04T11:00:00,12.358964,-1.520569
NEW-DEV-X2,2026-02-04T11:10:00,12.358947,-1.52078
LR-DEV-001,2026-02-04T11:10:00,12.358995,-1.520898
ST-DEV-001,2026-02-04T11:10:00,12.364029,-1.515336
NEW-DEV-X1,2026-02-04T11:10:00,12.358977,-1.520574
ST-DEV-001,2026-02-04T11:20:00,12.363979,-1.515437
NEW-DEV-X2,2026-02-04T11:20:00,12.35896,-1.520764
NEW-DEV-X1,2026-02-04T11:20:00,12.358966,-1.520575
LR-DEV-001,2026-02-04T11:20:00,12.359011,-1.520904
ST-DEV-001,2026-02-04T11:30:00,12.364008,-1.515381
LR-DEV-001,2026-02-04T11:30:00,12.358983,-1.520894
NEW-DEV-X2,2026-02-04T11:30:00,12.35894,-1.520779
NEW-DEV-X1,2026-02-04T11:30:00,12.358962,-1.520575
NEW-DEV-X2,2026-02-04T11:40:00,12.358943,-1.520782
ST-DEV-001,2026-02-04T11:40:00,12.363994,-1.515361
NEW-DEV-X1,2026-02-04T11:40:00,12.358974,-1.520578
LR-DEV-001,2026-02-04T11:40:00,12.358994,-1.520911
LR-DEV-001,2026-02-04T11:50:00,12.358994,-1.520902
NEW-DEV-X1,2026-02-04T11:50:00,12.358961,-1.520591
ST-DEV-001,2026-02-04T11:50:00,12.363964,-1.515381
NEW-DEV-X2,2026-02-04T11:50:00,12.358946,-1.520785
NEW-DEV-X1,2026-02-04T12:00:00,12.358977,-1.520592
NEW-DEV-X2,2026-02-04T12:00:00,12.358934,-1.520772
NEW-DEV-X2,2026-02-04T12:10:00,12.35895,-1.520785
NEW-DEV-X1,2026-02-04T12:10:00,12.358976,-1.520595
NEW-DEV-X2,2026-02-04T12:20:00,12.358952,-1.520784
NEW-DEV-X1,2026-02-04T12:20:00,12.35898,-1.520594
NEW-DEV-X2,2026-02-04T12:30:00,12.358946,-1.520771
NEW-DEV-X1,2026-02-04T12:30:00,12.358977,-1.520577
civ-c967612c-4cbd-48d4-93ae-3c8a9efdb5fc,2026-02-04T12:35:25,12.362797,-1.522492
civ-eb6bca32-ee6b-4d0a-8030-aae8db13a9d5,2026-02-04T12:35:44,12.364109,-1.51533
NEW-DEV-X1,2026-02-04T12:40:00,12.358966,-1.520578
NEW-DEV-X2,2026-02-04T12:40:00,12.358944,-1.520774
civ-f7b60403-c6bb-4b3e-adf7-46afadfd190b,2026-02-04T12:44:24,12.362615,-1.52251
civ-19d8cd88-9b8a-452a-a525-d1043b3c1526,2026-02-04T12:47:47,12.364008,-1.51529
NEW-DEV-X1,2026-02-04T12:50:00,12.358974,-1.520588
NEW-DEV-X2,2026-02-04T12:50:00,12.358939,-1.52078
civ-0c9d309b-d3d9-4e92-9ae0-012b816f9fce,2026-02-04T12:53:14,12.362923,-1.522841
civ-b7fa315c-1ea4-4bff-9ffe-220fb9d76e77,2026-02-04T12:53:19,12.362898,-1.522565
civ-52216a52-4637-4288-9689-1b401180ecf7,2026-02-04T12:55:49,12.362935,-1.522473
civ-f7b60403-c6bb-4b3e-adf7-46afadfd190b,2026-02-04T12:56:00,12.363901,-1.515257
civ-155783d0-b79c-4de9-a91d-5c2e44bbd601,2026-02-04T12:56:21,12.364125,-1.515423
civ-c9a81ee6-40fb-4df7-9494-366e6f87591d,2026-02-04T12:56:26,12.363865,-1.515428
civ-155783d0-b79c-4de9-a91d-5c2e44bbd601,2026-02-04T12:56:47,12.362966,-1.52254
civ-52e12e63-9cf1-450f-b811-723dd006ab95,2026-02-04T12:56:50,12.362999,-1.522538
civ-eb961fb2-fc9b-493a-b186-f94d7d40522d,2026-02-04T12:57:26,12.364085,-1.515386
civ-fb779864-9bc9-4670-9e47-b8ea339c3672,2026-02-04T12:57:41,12.362939,-1.522412
civ-cee79db9-2e6e-4786-bea4-267e53b2f310,2026-02-04T12:57:42,12.362983,-1.522524
civ-62d7d317-8457-4ab1-9267-775a132d353e,2026-02-04T12:59:15,12.363129,-1.522304
civ-b7fa315c-1ea4-4bff-9ffe-220fb9d76e77,2026-02-04T12:59:29,12.363933,-1.515448
civ-eb961fb2-fc9b-493a-b186-f94d7d40522d,2026-02-04T12:59:37,12.362848,-1.522517
ST-ASC-004,2026-02-04T13:00:00,12.362896,-1.522503
NEW-DEV-X2,2026-02-04T13:00:00,12.358942,-1.520785
NEW-DEV-X1,2026-02-04T13:00:00,12.358963,-1.520601
civ-22b80c92-07d6-4eb0-a931-465d2de665e3,2026-02-04T13:00:00,12.362821,-1.522451
civ-c49fd41d-7955-4cb5-b6a7-786718622610,2026-02-04T13:00:02,12.363992,-1.515385
civ-62d7d317-8457-4ab1-9267-775a132d353e,2026-02-04T13:00:15,12.362882,-1.522522
civ-c967612c-4cbd-48d4-93ae-3c8a9efdb5fc,2026-02-04T13:00:52,12.364019,-1.515489
civ-db07abea-ca3d-4b89-b8e6-498a67d93f8b,2026-02-04T13:01:00,12.362858,-1.522484
civ-5f953348-9eea-4e6f-adfb-b33b5a94eae7,2026-02-04T13:01:23,12.364023,-1.515483
civ-068f17d0-0065-405c-bdd7-f715203c8e19,2026-02-04T13:01:26,12.362791,-1.522446
civ-eb6bca32-ee6b-4d0a-8030-aae8db13a9d5,2026-02-04T13:01:30,12.363987,-1.515517
civ-068f17d0-0065-405c-bdd7-f715203c8e19,2026-02-04T13:02:23,12.363968,-1.515309
civ-a5d5f0ac-097b-48e0-991d-f1066f980ce7,2026-02-04T13:02:30,12.362721,-1.522547
civ-cfaec9ab-5ac9-4b7c-a1c3-b15e20dcb410,2026-02-04T13:02:40,12.364078,-1.515434
civ-c9a81ee6-40fb-4df7-9494-366e6f87591d,2026-02-04T13:02:43,12.36287,-1.522417
civ-cc100b8b-4558-4c64-aa34-d02bf900f083,2026-02-04T13:03:15,12.363997,-1.515431
civ-62bbac52-ba2e-4404-97d7-2d93b963ebf3,2026-02-04T13:03:43,12.362781,-1.522569
civ-d914300c-71f1-433a-9c13-50294a4699cb,2026-02-04T13:04:13,12.362848,-1.522446
civ-8481ec28-d882-446a-b3db-32ba460d4b17,2026-02-04T13:04:27,12.364044,-1.515389
civ-aada54c8-b736-4f69-8649-471827354a37,2026-02-04T13:04:36,12.363968,-1.51536
civ-cece9c82-aff1-4a7b-a95f-8fede9573ccc,2026-02-04T13:04:39,12.362739,-1.522653
civ-62d7d317-8457-4ab1-9267-775a132d353e,2026-02-04T13:04:44,12.364021,-1.515509
civ-e20dc56d-a415-4159-b4a5-869333b3e011,2026-02-04T13:04:44,12.362924,-1.522511
civ-cece9c82-aff1-4a7b-a95f-8fede9573ccc,2026-02-04T13:04:45,12.363802,-1.515436
ST-ASC-004,2026-02-04T13:05:00,12.362909,-1.522492
civ-dbb2498a-52c9-4500-8a72-a1de35cc0a87,2026-02-04T13:05:42,12.362854,-1.522467
civ-4e6f6a58-041a-446a-b97e-2eac0f9997d3,2026-02-04T13:05:59,12.363006,-1.522584
civ-62bbac52-ba2e-4404-97d7-2d93b963ebf3,2026-02-04T13:06:23,12.364109,-1.515357
civ-c2976329-879a-401f-ab0a-bec2a5026bf5,2026-02-04T13:07:25,12.36287,-1.522364
civ-9625ea0f-0516-485b-9a2c-c109b8dc9eeb,2026-02-04T13:07:46,12.362836,-1.522431
civ-cfaec9ab-5ac9-4b7c-a1c3-b15e20dcb410,2026-02-04T13:07:53,12.362935,-1.522611
civ-0c9d309b-d3d9-4e92-9ae0-012b816f9fce,2026-02-04T13:08:03,12.362872,-1.522472
civ-58babd9c-f204-49ee-985a-f994c95fa4bd,2026-02-04T13:08:56,12.363932,-1.515274
civ-4e6f6a58-041a-446a-b97e-2eac0f9997d3,2026-02-04T13:09:18,12.364016,-1.515479
NEW-DEV-X2,2026-02-04T13:10:00,12.358942,-1.520792
ST-ASC-004,2026-02-04T13:10:00,12.362889,-1.5225
NEW-DEV-X1,2026-02-04T13:10:00,12.358975,-1.520597
civ-abb599b3-970c-4aed-a7cd-a2f03dd05458,2026-02-04T13:10:07,12.363961,-1.51534
civ-4472992d-2849-4630-9c4d-54f39f5e8ed9,2026-02-04T13:10:26,12.36278,-1.522529
civ-abb599b3-970c-4aed-a7cd-a2f03dd05458,2026-02-04T13:10:57,12.36386,-1.515372
civ-52216a52-4637-4288-9689-1b401180ecf7,2026-02-04T13:11:14,12.362951,-1.52275
civ-5b5de6bb-92db-43c6-9982-ac8c804e1ff3,2026-02-04T13:13:30,12.362807,-1.522601
ST-ASC-004,2026-02-04T13:15:00,12.362894,-1.522511
civ-4472992d-2849-4630-9c4d-54f39f5e8ed9,2026-02-04T13:19:43,12.364118,-1.515455
ST-ASC-004,2026-02-04T13:20:00,12.362898,-1.522503
NEW-DEV-X2,2026-02-04T13:20:00,12.35894,-1.520781
NEW-DEV-X1,2026-02-04T13:20:00,12.358973,-1.520585
civ-a5d5f0ac-097b-48e0-991d-f1066f980ce7,2026-02-04T13:21:44,12.362955,-1.522619
civ-068f17d0-0065-405c-bdd7-f715203c8e19,2026-02-04T13:21:53,12.36395,-1.515367
civ-bb1a3b8d-6013-4514-b1e6-efb6fe8b0a59,2026-02-04T13:22:22,12.362859,-1.522582
ST-ASC-004,2026-02-04T13:25:00,12.362922,-1.522496
ST-ASC-003,2026-02-04T13:30:00,12.359413,-1.51634
NEW-DEV-X1,2026-02-04T13:30:00,12.358978,-1.520586
NEW-DEV-X2,2026-02-04T13:30:00,12.358942,-1.52078
ST-ASC-003,2026-02-04T13:30:30,12.361402,-1.515987
NEW-DEV-X2,2026-02-04T13:40:00,12.358943,-1.520774
NEW-DEV-X1,2026-02-04T13:40:00,12.358969,-1.520576
NEW-DEV-X1,2026-02-04T13:50:00,12.358975,-1.52058
NEW-DEV-X2,2026-02-04T13:50:00,12.358952,-1.520784
ST-ASC-003,2026-02-04T14:00:00,12.362496,-1.513087
NEW-DEV-X2,2026-02-04T14:00:00,12.358933,-1.520787
NEW-DEV-X1,2026-02-04T14:00:00,12.358976,-1.520597
NEW-DEV-X2,2026-02-04T14:10:00,12.35894,-1.520781
NEW-DEV-X1,2026-02-04T14:10:00,12.358979,-1.520577
ST-ASC-003,2026-02-04T14:10:00,12.362489,-1.513093
ST-ASC-003,2026-02-04T14:20:00,12.362497,-1.513103
NEW-DEV-X1,2026-02-04T14:20:00,12.358963,-1.520585
NEW-DEV-X2,2026-02-04T14:20:00,12.358937,-1.52079
NEW-DEV-X1,2026-02-04T14:30:00,12.358972,-1.520584
ST-ASC-003,2026-02-04T14:30:00,12.362507,-1.513097
NEW-DEV-X2,2026-02-04T14:30:00,12.35894,-1.520776
NEW-DEV-X1,2026-02-04T14:40:00,12.358975,-1.52057
ST-ASC-003,2026-02-04T14:40:00,12.362505,-1.513091
NEW-DEV-X2,2026-02-04T14:40:00,12.358949,-1.520783
NEW-DEV-X1,2026-02-04T14:50:00,12.358982,-1.520595
ST-ASC-003,2026-02-04T14:50:00,12.362497,-1.513106
NEW-DEV-X2,2026-02-04T14:50:00,12.35894,-1.520786
NEW-DEV-X1,2026-02-04T15:00:00,12.358978,-1.520571
ST-ASC-003,2026-02-04T15:00:00,12.36249,-1.513107
NEW-DEV-X2,2026-02-04T15:00:00,12.358944,-1.520786
NEW-DEV-X1,2026-02-04T15:10:00,12.358975,-1.520573
ST-ASC-003,2026-02-04T15:10:00,12.362527,-1.513089
NEW-DEV-X2,2026-02-04T15:10:00,12.358949,-1.520794
ST-ASC-003,2026-02-04T15:20:00,12.362488,-1.513112
NEW-DEV-X2,2026-02-04T15:20:00,12.358941,-1.520775
NEW-DEV-X1,2026-02-04T15:20:00,12.35899,-1.520574
NEW-DEV-X1,2026-02-04T15:30:00,12.358974,-1.520574
NEW-DEV-X2,2026-02-04T15:30:00,12.358946,-1.520754
NEW-DEV-X2,2026-02-04T15:40:00,12.358947,-1.520787
NEW-DEV-X1,2026-02-04T15:40:00,12.358973,-1.520583
NEW-DEV-X1,2026-02-04T15:50:00,12.358969,-1.520569
NEW-DEV-X2,2026-02-04T15:50:00,12.358943,-1.520794
NEW-DEV-X1,2026-02-04T16:00:00,12.358965,-1.520569
NEW-DEV-X1,2026-02-04T16:10:00,12.358976,-1.520596
NEW-DEV-X1,2026-02-04T16:20:00,12.358975,-1.520602
NEW-DEV-X1,2026-02-04T16:30:00,12.358978,-1.520575
NEW-DEV-X1,2026-02-04T16:40:00,12.358967,-1.520582
NEW-DEV-X1,2026-02-04T16:50:00,12.35899,-1.520588
ST-DEV-001,2026-02-04T17:00:00,12.363601,-1.515311
ST-DEV-001,2026-02-04T17:00:30,12.363146,-1.517565
ST-DEV-001,2026-02-04T17:01:00,12.361374,-1.517809
ST-DEV-001,2026-02-04T17:01:30,12.359229,-1.517357
ST-DEV-001,2026-02-05T05:30:00,12.359704,-1.516371
VEH-036-0,2026-02-05T05:30:00,12.364466,-1.521212
VEH-036-0,2026-02-05T05:30:30,12.36496,-1.518575
VEH-036-0,2026-02-05T05:31:00,12.362497,-1.518014
VEH-036-0,2026-02-05T05:31:30,12.361353,-1.516538
VEH-036-1,2026-02-05T05:40:00,12.364466,-1.521212
ST-DEV-001,2026-02-05T05:40:00,12.359687,-1.516367
VEH-036-1,2026-02-05T05:40:30,12.36496,-1.518575
VEH-036-1,2026-02-05T05:41:00,12.362497,-1.518014
VEH-036-1,2026-02-05T05:41:30,12.361353,-1.516538
ST-DEV-001,2026-02-05T05:50:00,12.359714,-1.51639
ST-ASC-003,2026-02-05T06:00:00,12.359413,-1.51634
ST-DEV-001,2026-02-05T06:00:00,12.359704,-1.516404
ST-ASC-003,2026-02-05T06:00:30,12.361402,-1.515987
ST-DEV-001,2026-02-05T06:10:00,12.359722,-1.516397
ST-DEV-001,2026-02-05T06:20:00,12.359665,-1.51642
ST-DEV-001,2026-02-05T06:30:00,12.359697,-1.516394
VEH-036-0,2026-02-05T06:30:00,12.362498,-1.513101
VEH-036-0,2026-02-05T06:40:00,12.362509,-1.513085
VEH-036-1,2026-02-05T06:40:00,12.362508,-1.513107
ST-DEV-001,2026-02-05T06:40:00,12.359699,-1.516378
ST-DEV-001,2026-02-05T06:50:00,12.359665,-1.516397
VEH-036-0,2026-02-05T06:50:00,12.362485,-1.513116
VEH-036-1,2026-02-05T06:50:00,12.362482,-1.513099
ST-ASC-003,2026-02-05T07:00:00,12.362504,-1.513096
LR-DEV-001,2026-02-05T07:00:00,12.359011,-1.520911
ST-DEV-001,2026-02-05T07:00:00,12.359667,-1.516386
VEH-036-1,2026-02-05T07:00:00,12.362507,-1.513101
VEH-036-0,2026-02-05T07:00:00,12.362494,-1.513095
ST-DEV-001,2026-02-05T07:10:00,12.359698,-1.516392
VEH-036-0,2026-02-05T07:10:00,12.362504,-1.51309
ST-ASC-003,2026-02-05T07:10:00,12.362494,-1.513106
VEH-036-1,2026-02-05T07:10:00,12.362496,-1.513101
LR-DEV-001,2026-02-05T07:10:00,12.359015,-1.520886
ST-ASC-003,2026-02-05T07:20:00,12.362499,-1.513108
LR-DEV-001,2026-02-05T07:20:00,12.359007,-1.520884
ST-DEV-001,2026-02-05T07:20:00,12.359684,-1.516377
VEH-036-1,2026-02-05T07:20:00,12.362497,-1.513112
VEH-036-0,2026-02-05T07:20:00,12.362489,-1.513121
ST-ASC-004,2026-02-05T07:30:00,12.362891,-1.522507
ST-DEV-001,2026-02-05T07:30:00,12.359413,-1.51634
VEH-036-1,2026-02-05T07:30:00,12.362494,-1.513095
ST-ASC-003,2026-02-05T07:30:00,12.362508,-1.513103
LR-DEV-001,2026-02-05T07:30:00,12.358985,-1.520905
ST-DEV-001,2026-02-05T07:30:30,12.360477,-1.517563
ST-DEV-001,2026-02-05T07:31:00,12.362689,-1.517976
ST-DEV-001,2026-02-05T07:31:30,12.363412,-1.516165
civ-02576fae-ffff-4cf6-a5bc-b03aa4a9ac88,2026-02-05T07:35:15,12.362825,-1.522422
civ-068f17d0-0065-405c-bdd7-f715203c8e19,2026-02-05T07:35:23,12.36294,-1.522631
LR-DEV-001,2026-02-05T07:40:00,12.358993,-1.520894
ST-ASC-003,2026-02-05T07:40:00,12.362474,-1.513103
ST-ASC-004,2026-02-05T07:40:00,12.362887,-1.522505
civ-c49fd41d-7955-4cb5-b6a7-786718622610,2026-02-05T07:40:59,12.362803,-1.522627
civ-fb779864-9bc9-4670-9e47-b8ea339c3672,2026-02-05T07:41:40,12.362749,-1.522245
civ-5b5de6bb-92db-43c6-9982-ac8c804e1ff3,2026-02-05T07:49:38,12.364017,-1.515282
LR-DEV-001,2026-02-05T07:50:00,12.358991,-1.520893
ST-ASC-004,2026-02-05T07:50:00,12.362909,-1.522495
ST-ASC-003,2026-02-05T07:50:00,12.362491,-1.513115
civ-a5d5f0ac-097b-48e0-991d-f1066f980ce7,2026-02-05T07:53:44,12.362967,-1.522516
civ-bb1a3b8d-6013-4514-b1e6-efb6fe8b0a59,2026-02-05T07:55:09,12.362859,-1.522515
civ-9625ea0f-0516-485b-9a2c-c109b8dc9eeb,2026-02-05T07:56:45,12.362989,-1.522529
civ-b7fa315c-1ea4-4bff-9ffe-220fb9d76e77,2026-02-05T07:56:52,12.364058,-1.515469
civ-52216a52-4637-4288-9689-1b401180ecf7,2026-02-05T07:57:00,12.364143,-1.515228
civ-aada54c8-b736-4f69-8649-471827354a37,2026-02-05T07:57:33,12.364038,-1.51534
civ-9882446e-69c8-4759-964a-00f38ec7e4eb,2026-02-05T07:58:23,12.362904,-1.522576
civ-b7e3e859-9789-4511-9091-3013ac317000,2026-02-05T07:58:49,12.364005,-1.515493
civ-f7b60403-c6bb-4b3e-adf7-46afadfd190b,2026-02-05T07:58:57,12.364011,-1.515374
civ-e20dc56d-a415-4159-b4a5-869333b3e011,2026-02-05T07:59:20,12.36289,-1.522476
civ-e8dc8ba3-bb2c-48c0-a27f-1f0939012fb5,2026-02-05T07:59:25,12.364029,-1.51536
civ-aada54c8-b736-4f69-8649-471827354a37,2026-02-05T07:59:51,12.363079,-1.522481
NEW-DEV-X1,2026-02-05T08:00:00,12.358973,-1.520578
LR-DEV-001,2026-02-05T08:00:00,12.359012,-1.520894
LR-ASC-004,2026-02-05T08:00:00,12.35903,-1.520731
ST-ASC-003,2026-02-05T08:00:00,12.361831,-1.514451
ST-DEV-001,2026-02-05T08:00:00,12.364028,-1.515384
ST-ASC-004,2026-02-05T08:00:00,12.362909,-1.522495
civ-eb6bca32-ee6b-4d0a-8030-aae8db13a9d5,2026-02-05T08:00:02,12.364137,-1.515468
civ-dbb2498a-52c9-4500-8a72-a1de35cc0a87,2026-02-05T08:00:05,12.363986,-1.515251
civ-db07abea-ca3d-4b89-b8e6-498a67d93f8b,2026-02-05T08:00:06,12.362797,-1.522595
civ-0c9d309b-d3d9-4e92-9ae0-012b816f9fce,2026-02-05T08:00:13,12.362949,-1.522394
civ-88351541-c041-41e4-903d-ddffd8fff7d9,2026-02-05T08:00:16,12.363976,-1.515373
civ-cfaec9ab-5ac9-4b7c-a1c3-b15e20dcb410,2026-02-05T08:00:20,12.362986,-1.522506
civ-7acf1504-7434-49b3-ade9-cad12822f55f,2026-02-05T08:00:26,12.362841,-1.522552
ST-ASC-003,2026-02-05T08:00:30,12.360786,-1.516085
LR-ASC-004,2026-02-05T08:00:30,12.360485,-1.521311
civ-d914300c-71f1-433a-9c13-50294a4699cb,2026-02-05T08:00:32,12.362923,-1.522486
civ-b7fa315c-1ea4-4bff-9ffe-220fb9d76e77,2026-02-05T08:00:44,12.362768,-1.522576
civ-1728b5a6-c412-442d-b081-e8a8b42b5e38,2026-02-05T08:00:51,12.362943,-1.522546
civ-abb599b3-970c-4aed-a7cd-a2f03dd05458,2026-02-05T08:00:53,12.362923,-1.522504
civ-9882446e-69c8-4759-964a-00f38ec7e4eb,2026-02-05T08:01:11,12.363948,-1.515492
civ-88351541-c041-41e4-903d-ddffd8fff7d9,2026-02-05T08:01:20,12.36293,-1.522481
civ-abb599b3-970c-4aed-a7cd-a2f03dd05458,2026-02-05T08:01:28,12.364036,-1.515438
civ-62bbac52-ba2e-4404-97d7-2d93b963ebf3,2026-02-05T08:01:35,12.362986,-1.522591
civ-52e12e63-9cf1-450f-b811-723dd006ab95,2026-02-05T08:01:47,12.363933,-1.515515
civ-22b80c92-07d6-4eb0-a931-465d2de665e3,2026-02-05T08:02:08,12.364036,-1.51558
civ-4472992d-2849-4630-9c4d-54f39f5e8ed9,2026-02-05T08:02:18,12.362844,-1.522422
civ-068f17d0-0065-405c-bdd7-f715203c8e19,2026-02-05T08:02:38,12.362892,-1.522594
civ-69fb9cc1-ef25-4bcf-92ba-fd2160d52f85,2026-02-05T08:02:47,12.36301,-1.522452
civ-19d8cd88-9b8a-452a-a525-d1043b3c1526,2026-02-05T08:03:00,12.362969,-1.522496
civ-c9a81ee6-40fb-4df7-9494-366e6f87591d,2026-02-05T08:03:11,12.363959,-1.515376
civ-4472992d-2849-4630-9c4d-54f39f5e8ed9,2026-02-05T08:03:29,12.363987,-1.515372
civ-d914300c-71f1-433a-9c13-50294a4699cb,2026-02-05T08:03:48,12.363909,-1.515379
civ-b7fa315c-1ea4-4bff-9ffe-220fb9d76e77,2026-02-05T08:04:00,12.364151,-1.515285
civ-c9a81ee6-40fb-4df7-9494-366e6f87591d,2026-02-05T08:04:35,12.362963,-1.522523
civ-cfaec9ab-5ac9-4b7c-a1c3-b15e20dcb410,2026-02-05T08:04:36,12.363919,-1.515428
civ-19d8cd88-9b8a-452a-a525-d1043b3c1526,2026-02-05T08:04:49,12.364016,-1.515335
civ-02576fae-ffff-4cf6-a5bc-b03aa4a9ac88,2026-02-05T08:05:00,12.362991,-1.522417
civ-8481ec28-d882-446a-b3db-32ba460d4b17,2026-02-05T08:05:15,12.36289,-1.522478
civ-eb6bca32-ee6b-4d0a-8030-aae8db13a9d5,2026-02-05T08:05:19,12.362801,-1.522475
civ-c49fd41d-7955-4cb5-b6a7-786718622610,2026-02-05T08:05:47,12.364153,-1.515304
civ-62d7d317-8457-4ab1-9267-775a132d353e,2026-02-05T08:06:13,12.364036,-1.515439
civ-155783d0-b79c-4de9-a91d-5c2e44bbd601,2026-02-05T08:06:39,12.362893,-1.522506
civ-0c9d309b-d3d9-4e92-9ae0-012b816f9fce,2026-02-05T08:07:08,12.363962,-1.515513
civ-82cfb0ab-487f-47c9-aee5-fdde8e8a17f6,2026-02-05T08:07:17,12.363974,-1.515452
civ-5f953348-9eea-4e6f-adfb-b33b5a94eae7,2026-02-05T08:08:01,12.36405,-1.515347
civ-eb6bca32-ee6b-4d0a-8030-aae8db13a9d5,2026-02-05T08:08:15,12.362668,-1.522494
civ-eb961fb2-fc9b-493a-b186-f94d7d40522d,2026-02-05T08:09:20,12.362931,-1.522466
civ-eb961fb2-fc9b-493a-b186-f94d7d40522d,2026-02-05T08:09:40,12.363943,-1.515369
civ-560e35c7-b256-4f74-b9d8-7519c1756d49,2026-02-05T08:09:50,12.364085,-1.515445
civ-bb1a3b8d-6013-4514-b1e6-efb6fe8b0a59,2026-02-05T08:09:54,12.364019,-1.515385
NEW-DEV-X1,2026-02-05T08:10:00,12.358964,-1.520583
ST-DEV-001,2026-02-05T08:10:00,12.363997,-1.515384
LR-DEV-001,2026-02-05T08:10:00,12.359003,-1.520909
ST-ASC-004,2026-02-05T08:10:00,12.36289,-1.522503
civ-560e35c7-b256-4f74-b9d8-7519c1756d49,2026-02-05T08:10:18,12.362959,-1.522503
civ-58babd9c-f204-49ee-985a-f994c95fa4bd,2026-02-05T08:11:03,12.363816,-1.515475
civ-9625ea0f-0516-485b-9a2c-c109b8dc9eeb,2026-02-05T08:11:10,12.364119,-1.515333
LR-ASC-004,2026-02-05T08:20:00,12.360297,-1.521919
NEW-DEV-X1,2026-02-05T08:20:00,12.358953,-1.520575
LR-DEV-001,2026-02-05T08:20:00,12.358992,-1.520889
ST-ASC-004,2026-02-05T08:20:00,12.362893,-1.522488
ST-DEV-001,2026-02-05T08:20:00,12.363981,-1.515377
LR-ASC-004,2026-02-05T08:20:30,12.362138,-1.522277
civ-cece9c82-aff1-4a7b-a95f-8fede9573ccc,2026-02-05T08:24:52,12.364051,-1.515178
civ-abb599b3-970c-4aed-a7cd-a2f03dd05458,2026-02-05T08:25:56,12.364189,-1.515536
LR-DEV-001,2026-02-05T08:30:00,12.359007,-1.5209
ST-DEV-001,2026-02-05T08:30:00,12.364045,-1.515371
NEW-DEV-X1,2026-02-05T08:30:00,12.358958,-1.520569
ST-ASC-004,2026-02-05T08:30:00,12.362889,-1.522492
ST-ASC-004,2026-02-05T08:40:00,12.362908,-1.522484
LR-ASC-004,2026-02-05T08:40:00,12.362898,-1.522508
NEW-DEV-X1,2026-02-05T08:40:00,12.358969,-1.520585
ST-DEV-001,2026-02-05T08:40:00,12.36398,-1.51539
LR-DEV-001,2026-02-05T08:40:00,12.358996,-1.520918
LR-ASC-004,2026-02-05T08:45:00,12.362908,-1.522494
LR-ASC-004,2026-02-05T08:50:00,12.362269,-1.522382
ST-ASC-004,2026-02-05T08:50:00,12.362896,-1.522494
LR-DEV-001,2026-02-05T08:50:00,12.35899,-1.520883
ST-DEV-001,2026-02-05T08:50:00,12.363965,-1.515385
NEW-DEV-X1,2026-02-05T08:50:00,12.358966,-1.520586
LR-ASC-004,2026-02-05T08:50:30,12.360518,-1.52196
ST-ASC-004,2026-02-05T09:00:00,12.362921,-1.522506
NEW-DEV-X1,2026-02-05T09:00:00,12.358985,-1.520605
ST-DEV-001,2026-02-05T09:00:00,12.364012,-1.51545
LR-DEV-001,2026-02-05T09:00:00,12.358988,-1.520898
NEW-DEV-X2,2026-02-05T09:00:00,12.358937,-1.520777
LR-ASC-004,2026-02-05T09:10:00,12.360297,-1.521919
ST-DEV-001,2026-02-05T09:10:00,12.363969,-1.515408
NEW-DEV-X2,2026-02-05T09:10:00,12.358952,-1.520777
LR-DEV-001,2026-02-05T09:10:00,12.359009,-1.520911
ST-ASC-004,2026-02-05T09:10:00,12.362886,-1.522517
NEW-DEV-X1,2026-02-05T09:10:00,12.358983,-1.52058
LR-ASC-004,2026-02-05T09:10:30,12.359626,-1.520842
LR-DEV-001,2026-02-05T09:20:00,12.359002,-1.520892
ST-ASC-004,2026-02-05T09:20:00,12.362906,-1.522517
NEW-DEV-X2,2026-02-05T09:20:00,12.35893,-1.520785
NEW-DEV-X1,2026-02-05T09:20:00,12.358961,-1.520593
ST-DEV-001,2026-02-05T09:20:00,12.363992,-1.515433
NEW-DEV-X2,2026-02-05T09:30:00,12.358943,-1.520779
NEW-DEV-X1,2026-02-05T09:30:00,12.358987,-1.520592
ST-DEV-001,2026-02-05T09:30:00,12.364011,-1.515393
LR-ASC-004,2026-02-05T09:30:00,12.35903,-1.520731
LR-DEV-001,2026-02-05T09:30:00,12.359,-1.520874
LR-ASC-004,2026-02-05T09:30:30,12.360485,-1.521311
ST-DEV-001,2026-02-05T09:40:00,12.363995,-1.51542
NEW-DEV-X2,2026-02-05T09:40:00,12.358962,-1.52079
LR-DEV-001,2026-02-05T09:40:00,12.358985,-1.52089
NEW-DEV-X1,2026-02-05T09:40:00,12.358962,-1.520573
NEW-DEV-X2,2026-02-05T09:50:00,12.358949,-1.520765
LR-DEV-001,2026-02-05T09:50:00,12.358998,-1.520893
ST-DEV-001,2026-02-05T09:50:00,12.364028,-1.515355
LR-ASC-004,2026-02-05T09:50:00,12.360297,-1.521919
NEW-DEV-X1,2026-02-05T09:50:00,12.358975,-1.520591
LR-ASC-004,2026-02-05T09:50:30,12.362138,-1.522277
ST-DEV-001,2026-02-05T10:00:00,12.363987,-1.515417
LR-DEV-001,2026-02-05T10:00:00,12.359004,-1.520907
NEW-DEV-X2,2026-02-05T10:00:00,12.358964,-1.520782
NEW-DEV-X1,2026-02-05T10:00:00,12.358974,-1.520592
NEW-DEV-X1,2026-02-05T10:10:00,12.358982,-1.520573
NEW-DEV-X2,2026-02-05T10:10:00,12.358948,-1.520773
LR-ASC-004,2026-02-05T10:10:00,12.362892,-1.522488
LR-DEV-001,2026-02-05T10:10:00,12.359002,-1.520917
ST-DEV-001,2026-02-05T10:10:00,12.364013,-1.51541
LR-ASC-004,2026-02-05T10:15:00,12.362911,-1.522499
ST-DEV-001,2026-02-05T10:20:00,12.363996,-1.51538
NEW-DEV-X2,2026-02-05T10:20:00,12.358946,-1.520779
LR-ASC-004,2026-02-05T10:20:00,12.362269,-1.522382
LR-DEV-001,2026-02-05T10:20:00,12.359005,-1.520897
NEW-DEV-X1,2026-02-05T10:20:00,12.358977,-1.52058
LR-ASC-004,2026-02-05T10:20:30,12.360518,-1.52196
LR-DEV-001,2026-02-05T10:30:00,12.359006,-1.52089
NEW-DEV-X2,2026-02-05T10:30:00,12.358948,-1.520801
ST-DEV-001,2026-02-05T10:30:00,12.363948,-1.515364
NEW-DEV-X1,2026-02-05T10:30:00,12.358988,-1.520583
LR-ASC-004,2026-02-05T10:40:00,12.360297,-1.521919
NEW-DEV-X1,2026-02-05T10:40:00,12.358961,-1.520579
NEW-DEV-X2,2026-02-05T10:40:00,12.35895,-1.520777
LR-DEV-001,2026-02-05T10:40:00,12.359003,-1.520899
ST-DEV-001,2026-02-05T10:40:00,12.364002,-1.515411
LR-ASC-004,2026-02-05T10:40:30,12.359626,-1.520842
LR-DEV-001,2026-02-05T10:50:00,12.358992,-1.520906
ST-DEV-001,2026-02-05T10:50:00,12.363998,-1.515401
NEW-DEV-X1,2026-02-05T10:50:00,12.358991,-1.520592
NEW-DEV-X2,2026-02-05T10:50:00,12.358942,-1.52076
NEW-DEV-X2,2026-02-05T11:00:00,12.358938,-1.520782
ST-DEV-001,2026-02-05T11:00:00,12.363953,-1.51536
LR-DEV-001,2026-02-05T11:00:00,12.359011,-1.520887
NEW-DEV-X1,2026-02-05T11:00:00,12.358969,-1.520579
NEW-DEV-X2,2026-02-05T11:10:00,12.358962,-1.520785
ST-DEV-001,2026-02-05T11:10:00,12.364001,-1.515388
NEW-DEV-X1,2026-02-05T11:10:00,12.358972,-1.520592
LR-DEV-001,2026-02-05T11:10:00,12.358998,-1.5209
NEW-DEV-X2,2026-02-05T11:20:00,12.358939,-1.520779
ST-DEV-001,2026-02-05T11:20:00,12.364026,-1.515428
LR-DEV-001,2026-02-05T11:20:00,12.358992,-1.520889
NEW-DEV-X1,2026-02-05T11:20:00,12.358982,-1.520562
NEW-DEV-X1,2026-02-05T11:30:00,12.358974,-1.520591
ST-DEV-001,2026-02-05T11:30:00,12.364013,-1.515407
LR-DEV-001,2026-02-05T11:30:00,12.359006,-1.520883
NEW-DEV-X2,2026-02-05T11:30:00,12.358952,-1.520776
NEW-DEV-X2,2026-02-05T11:40:00,12.358932,-1.520783
LR-DEV-001,2026-02-05T11:40:00,12.358992,-1.520903
NEW-DEV-X1,2026-02-05T11:40:00,12.358958,-1.520581
ST-DEV-001,2026-02-05T11:40:00,12.364023,-1.515457
LR-DEV-001,2026-02-05T11:50:00,12.359002,-1.520894
NEW-DEV-X1,2026-02-05T11:50:00,12.358982,-1.520579
NEW-DEV-X2,2026-02-05T11:50:00,12.358939,-1.520779
ST-DEV-001,2026-02-05T11:50:00,12.363997,-1.515416
NEW-DEV-X2,2026-02-05T12:00:00,12.358948,-1.520774
NEW-DEV-X1,2026-02-05T12:00:00,12.358972,-1.520588
NEW-DEV-X1,2026-02-05T12:10:00,12.358962,-1.520575
NEW-DEV-X2,2026-02-05T12:10:00,12.358928,-1.520768
NEW-DEV-X2,2026-02-05T12:20:00,12.358946,-1.520766
NEW-DEV-X1,2026-02-05T12:20:00,12.35898,-1.520597
NEW-DEV-X1,2026-02-05T12:30:00,12.358986,-1.520578
NEW-DEV-X2,2026-02-05T12:30:00,12.358948,-1.520768
civ-b7e3e859-9789-4511-9091-3013ac317000,2026-02-05T12:36:21,12.363889,-1.515546
civ-f7b60403-c6bb-4b3e-adf7-46afadfd190b,2026-02-05T12:39:12,12.362975,-1.52264
NEW-DEV-X2,2026-02-05T12:40:00,12.358948,-1.520766
NEW-DEV-X1,2026-02-05T12:40:00,12.358985,-1.520595
civ-58babd9c-f204-49ee-985a-f994c95fa4bd,2026-02-05T12:41:32,12.362828,-1.522434
civ-560e35c7-b256-4f74-b9d8-7519c1756d49,2026-02-05T12:43:15,12.363956,-1.51552
civ-fb779864-9bc9-4670-9e47-b8ea339c3672,2026-02-05T12:45:28,12.362829,-1.522642
civ-4472992d-2849-4630-9c4d-54f39f5e8ed9,2026-02-05T12:47:18,12.362905,-1.522485
NEW-DEV-X2,2026-02-05T12:50:00,12.358949,-1.520779
NEW-DEV-X1,2026-02-05T12:50:00,12.35896,-1.520584
civ-8481ec28-d882-446a-b3db-32ba460d4b17,2026-02-05T12:52:13,12.364031,-1.515397
civ-e8dc8ba3-bb2c-48c0-a27f-1f0939012fb5,2026-02-05T12:52:53,12.362956,-1.522531
civ-cee79db9-2e6e-4786-bea4-267e53b2f310,2026-02-05T12:53:16,12.364234,-1.515234
civ-aada54c8-b736-4f69-8649-471827354a37,2026-02-05T12:53:37,12.362992,-1.522511
civ-3e6a8a9e-f47d-46e1-8940-4918058ed49b,2026-02-05T12:54:14,12.363927,-1.515437
civ-bb1a3b8d-6013-4514-b1e6-efb6fe8b0a59,2026-02-05T12:54:16,12.36277,-1.522679
civ-82cfb0ab-487f-47c9-aee5-fdde8e8a17f6,2026-02-05T12:54:43,12.362912,-1.522341
civ-eb961fb2-fc9b-493a-b186-f94d7d40522d,2026-02-05T12:55:34,12.364092,-1.51556
civ-19d8cd88-9b8a-452a-a525-d1043b3c1526,2026-02-05T12:55:50,12.362916,-1.522423
civ-5f953348-9eea-4e6f-adfb-b33b5a94eae7,2026-02-05T12:56:00,12.364184,-1.515262
civ-b7fa315c-1ea4-4bff-9ffe-220fb9d76e77,2026-02-05T12:56:06,12.363008,-1.522366
civ-4472992d-2849-4630-9c4d-54f39f5e8ed9,2026-02-05T12:56:29,12.362803,-1.52253
civ-9625ea0f-0516-485b-9a2c-c109b8dc9eeb,2026-02-05T12:56:36,12.364166,-1.515507
civ-c49fd41d-7955-4cb5-b6a7-786718622610,2026-02-05T12:57:00,12.364138,-1.515488
civ-4e6f6a58-041a-446a-b97e-2eac0f9997d3,2026-02-05T12:57:13,12.362937,-1.522361
civ-e20dc56d-a415-4159-b4a5-869333b3e011,2026-02-05T12:59:15,12.363995,-1.515395
NEW-DEV-X1,2026-02-05T13:00:00,12.358977,-1.520567
NEW-DEV-X2,2026-02-05T13:00:00,12.358964,-1.52077
ST-ASC-004,2026-02-05T13:00:00,12.362897,-1.522496
civ-9ab99406-c557-4ff3-9546-d37339008bda,2026-02-05T13:00:05,12.362925,-1.522319
civ-d8b7daca-ee30-436f-8068-55f18110860d,2026-02-05T13:00:08,12.362988,-1.522424
civ-52216a52-4637-4288-9689-1b401180ecf7,2026-02-05T13:00:11,12.36297,-1.522652
civ-bb1a3b8d-6013-4514-b1e6-efb6fe8b0a59,2026-02-05T13:00:32,12.362829,-1.522503
civ-560e35c7-b256-4f74-b9d8-7519c1756d49,2026-02-05T13:00:41,12.364003,-1.515396
civ-62bbac52-ba2e-4404-97d7-2d93b963ebf3,2026-02-05T13:01:26,12.362953,-1.522457
civ-db07abea-ca3d-4b89-b8e6-498a67d93f8b,2026-02-05T13:01:26,12.36292,-1.522654
civ-52216a52-4637-4288-9689-1b401180ecf7,2026-02-05T13:01:35,12.363978,-1.515587
civ-0c9d309b-d3d9-4e92-9ae0-012b816f9fce,2026-02-05T13:01:43,12.36282,-1.522503
civ-db07abea-ca3d-4b89-b8e6-498a67d93f8b,2026-02-05T13:03:06,12.364073,-1.515411
civ-f7b60403-c6bb-4b3e-adf7-46afadfd190b,2026-02-05T13:04:03,12.364001,-1.515588
civ-8481ec28-d882-446a-b3db-32ba460d4b17,2026-02-05T13:04:05,12.362862,-1.522403
ST-ASC-004,2026-02-05T13:05:00,12.362902,-1.522496
civ-b7fa315c-1ea4-4bff-9ffe-220fb9d76e77,2026-02-05T13:05:04,12.362891,-1.522607
civ-e20dc56d-a415-4159-b4a5-869333b3e011,2026-02-05T13:05:33,12.362774,-1.522409
civ-abb599b3-970c-4aed-a7cd-a2f03dd05458,2026-02-05T13:06:44,12.364123,-1.515526
civ-7acf1504-7434-49b3-ade9-cad12822f55f,2026-02-05T13:07:02,12.364056,-1.515457
civ-cece9c82-aff1-4a7b-a95f-8fede9573ccc,2026-02-05T13:07:06,12.362896,-1.522512
civ-e20dc56d-a415-4159-b4a5-869333b3e011,2026-02-05T13:07:17,12.362974,-1.522437
civ-88351541-c041-41e4-903d-ddffd8fff7d9,2026-02-05T13:07:19,12.363991,-1.515367
civ-62d7d317-8457-4ab1-9267-775a132d353e,2026-02-05T13:07:28,12.362876,-1.522515
civ-7acf1504-7434-49b3-ade9-cad12822f55f,2026-02-05T13:07:36,12.363048,-1.5225
civ-3e6a8a9e-f47d-46e1-8940-4918058ed49b,2026-02-05T13:08:31,12.362874,-1.522505
civ-068f17d0-0065-405c-bdd7-f715203c8e19,2026-02-05T13:08:36,12.362742,-1.522414
civ-5f953348-9eea-4e6f-adfb-b33b5a94eae7,2026-02-05T13:08:56,12.363929,-1.51542
civ-560e35c7-b256-4f74-b9d8-7519c1756d49,2026-02-05T13:08:57,12.362887,-1.522526
civ-cc100b8b-4558-4c64-aa34-d02bf900f083,2026-02-05T13:09:15,12.364046,-1.515391
civ-19d8cd88-9b8a-452a-a525-d1043b3c1526,2026-02-05T13:09:34,12.363959,-1.515218
ST-ASC-004,2026-02-05T13:10:00,12.362902,-1.522488
NEW-DEV-X2,2026-02-05T13:10:00,12.358949,-1.520789
NEW-DEV-X1,2026-02-05T13:10:00,12.358978,-1.520585
civ-9ab99406-c557-4ff3-9546-d37339008bda,2026-02-05T13:10:01,12.363868,-1.515402
civ-02576fae-ffff-4cf6-a5bc-b03aa4a9ac88,2026-02-05T13:10:11,12.362924,-1.522516
civ-cece9c82-aff1-4a7b-a95f-8fede9573ccc,2026-02-05T13:11:00,12.36419,-1.515357
civ-cece9c82-aff1-4a7b-a95f-8fede9573ccc,2026-02-05T13:13:09,12.364063,-1.515478
civ-c2976329-879a-401f-ab0a-bec2a5026bf5,2026-02-05T13:13:14,12.362905,-1.522511
civ-a5d5f0ac-097b-48e0-991d-f1066f980ce7,2026-02-05T13:13:20,12.362743,-1.522644
civ-a5d5f0ac-097b-48e0-991d-f1066f980ce7,2026-02-05T13:13:36,12.362977,-1.522395
civ-5b5de6bb-92db-43c6-9982-ac8c804e1ff3,2026-02-05T13:14:12,12.364096,-1.515535
civ-82cfb0ab-487f-47c9-aee5-fdde8e8a17f6,2026-02-05T13:14:39,12.364037,-1.515369
ST-ASC-004,2026-02-05T13:15:00,12.362891,-1.522506
civ-d914300c-71f1-433a-9c13-50294a4699cb,2026-02-05T13:19:27,12.363875,-1.515496
NEW-DEV-X2,2026-02-05T13:20:00,12.358932,-1.520775
NEW-DEV-X1,2026-02-05T13:20:00,12.358963,-1.520572
ST-ASC-004,2026-02-05T13:20:00,12.362893,-1.522493
civ-1728b5a6-c412-442d-b081-e8a8b42b5e38,2026-02-05T13:24:37,12.36398,-1.515338
ST-ASC-004,2026-02-05T13:25:00,12.362908,-1.522496
ST-ASC-003,2026-02-05T13:30:00,12.359413,-1.51634
NEW-DEV-X1,2026-02-05T13:30:00,12.358963,-1.520568
NEW-DEV-X2,2026-02-05T13:30:00,12.358945,-1.520784
ST-ASC-003,2026-02-05T13:30:30,12.361402,-1.515987
NEW-DEV-X1,2026-02-05T13:40:00,12.358969,-1.520569
NEW-DEV-X2,2026-02-05T13:40:00,12.358945,-1.520764
NEW-DEV-X2,2026-02-05T13:50:00,12.35895,-1.520788
NEW-DEV-X1,2026-02-05T13:50:00,12.358978,-1.520584
NEW-DEV-X2,2026-02-05T14:00:00,12.358943,-1.520785
NEW-DEV-X1,2026-02-05T14:00:00,12.358967,-1.520586
ST-ASC-003,2026-02-05T14:00:00,12.362489,-1.513099
ST-ASC-003,2026-02-05T14:10:00,12.362512,-1.513097
NEW-DEV-X1,2026-02-05T14:10:00,12.358976,-1.520582
NEW-DEV-X2,2026-02-05T14:10:00,12.358941,-1.520782
ST-ASC-003,2026-02-05T14:20:00,12.362495,-1.513096
NEW-DEV-X1,2026-02-05T14:20:00,12.358967,-1.520584
NEW-DEV-X2,2026-02-05T14:20:00,12.35894,-1.520789
ST-ASC-003,2026-02-05T14:30:00,12.362496,-1.513106
NEW-DEV-X1,2026-02-05T14:30:00,12.358973,-1.520602
NEW-DEV-X2,2026-02-05T14:30:00,12.358943,-1.520783
NEW-DEV-X1,2026-02-05T14:40:00,12.358976,-1.520592
ST-ASC-003,2026-02-05T14:40:00,12.36249,-1.513116
NEW-DEV-X2,2026-02-05T14:40:00,12.358918,-1.52076
NEW-DEV-X1,2026-02-05T14:50:00,12.358962,-1.520598
ST-ASC-003,2026-02-05T14:50:00,12.362496,-1.513099
NEW-DEV-X2,2026-02-05T14:50:00,12.358954,-1.520781
NEW-DEV-X2,2026-02-05T15:00:00,12.358944,-1.520789
ST-ASC-003,2026-02-05T15:00:00,12.362499,-1.513104
NEW-DEV-X1,2026-02-05T15:00:00,12.358956,-1.520595
NEW-DEV-X2,2026-02-05T15:10:00,12.358959,-1.520761
ST-ASC-003,2026-02-05T15:10:00,12.362491,-1.513095
NEW-DEV-X1,2026-02-05T15:10:00,12.358966,-1.520565
ST-ASC-003,2026-02-05T15:20:00,12.362488,-1.513093
NEW-DEV-X2,2026-02-05T15:20:00,12.358945,-1.520769
NEW-DEV-X1,2026-02-05T15:20:00,12.358967,-1.520581
NEW-DEV-X2,2026-02-05T15:30:00,12.358946,-1.52079
NEW-DEV-X1,2026-02-05T15:30:00,12.358976,-1.520582
NEW-DEV-X2,2026-02-05T15:40:00,12.35894,-1.520777
NEW-DEV-X1,2026-02-05T15:40:00,12.358971,-1.520594
NEW-DEV-X2,2026-02-05T15:50:00,12.35894,-1.52078
NEW-DEV-X1,2026-02-05T15:50:00,12.358985,-1.520567
NEW-DEV-X1,2026-02-05T16:00:00,12.358957,-1.520592
NEW-DEV-X1,2026-02-05T16:10:00,12.358969,-1.520592
NEW-DEV-X1,2026-02-05T16:20:00,12.358977,-1.52059
NEW-DEV-X1,2026-02-05T16:30:00,12.358991,-1.520572
NEW-DEV-X1,2026-02-05T16:40:00,12.358974,-1.520574
NEW-DEV-X1,2026-02-05T16:50:00,12.358982,-1.520588
ST-DEV-001,2026-02-05T17:00:00,12.363601,-1.515311
ST-DEV-001,2026-02-05T17:00:30,12.363146,-1.517565
ST-DEV-001,2026-02-05T17:01:00,12.361374,-1.517809
ST-DEV-001,2026-02-05T17:01:30,12.359229,-1.517357
ST-DEV-001,2026-02-06T05:30:00,12.359706,-1.516397
VEH-037-0,2026-02-06T05:30:00,12.364466,-1.521212
VEH-037-0,2026-02-06T05:30:30,12.36496,-1.518575
VEH-037-0,2026-02-06T05:31:00,12.362497,-1.518014
VEH-037-0,2026-02-06T05:31:30,12.361353,-1.516538
ST-DEV-001,2026-02-06T05:40:00,12.359682,-1.516403
VEH-037-1,2026-02-06T05:40:00,12.364466,-1.521212
VEH-037-1,2026-02-06T05:40:30,12.36496,-1.518575
VEH-037-1,2026-02-06T05:41:00,12.362497,-1.518014
VEH-037-1,2026-02-06T05:41:30,12.361353,-1.516538
ST-DEV-001,2026-02-06T05:50:00,12.359661,-1.516397
ST-DEV-001,2026-02-06T06:00:00,12.359726,-1.516427
ST-ASC-003,2026-02-06T06:00:00,12.359413,-1.51634
ST-ASC-003,2026-02-06T06:00:30,12.361402,-1.515987
ST-DEV-001,2026-02-06T06:10:00,12.359689,-1.516394
ST-DEV-001,2026-02-06T06:20:00,12.359723,-1.516408
ST-DEV-001,2026-02-06T06:30:00,12.359688,-1.516435
VEH-037-0,2026-02-06T06:30:00,12.362503,-1.513088
VEH-037-0,2026-02-06T06:40:00,12.362512,-1.513095
ST-DEV-001,2026-02-06T06:40:00,12.359702,-1.516363
VEH-037-1,2026-02-06T06:40:00,12.362492,-1.513095
VEH-037-1,2026-02-06T06:50:00,12.3625,-1.513114
VEH-037-0,2026-02-06T06:50:00,12.362508,-1.513095
ST-DEV-001,2026-02-06T06:50:00,12.359705,-1.5164
LR-DEV-001,2026-02-06T07:00:00,12.359001,-1.520897
VEH-037-0,2026-02-06T07:00:00,12.362496,-1.513093
VEH-037-1,2026-02-06T07:00:00,12.362504,-1.513105
ST-ASC-003,2026-02-06T07:00:00,12.362501,-1.513091
ST-DEV-001,2026-02-06T07:00:00,12.359706,-1.5164
VEH-037-0,2026-02-06T07:10:00,12.362487,-1.513091
ST-DEV-001,2026-02-06T07:10:00,12.359685,-1.516385
VEH-037-1,2026-02-06T07:10:00,12.362508,-1.5131
LR-DEV-001,2026-02-06T07:10:00,12.359011,-1.520912
ST-ASC-003,2026-02-06T07:10:00,12.362487,-1.513099
VEH-037-0,2026-02-06T07:20:00,12.362489,-1.513097
VEH-037-1,2026-02-06T07:20:00,12.362504,-1.513109
LR-DEV-001,2026-02-06T07:20:00,12.358997,-1.520907
ST-DEV-001,2026-02-06T07:20:00,12.359704,-1.5164
ST-ASC-003,2026-02-06T07:20:00,12.36249,-1.513113
VEH-037-1,2026-02-06T07:30:00,12.362495,-1.513104
ST-ASC-004,2026-02-06T07:30:00,12.362904,-1.522497
ST-ASC-003,2026-02-06T07:30:00,12.362493,-1.513089
ST-DEV-001,2026-02-06T07:30:00,12.359413,-1.51634
LR-DEV-001,2026-02-06T07:30:00,12.359003,-1.520889
ST-DEV-001,2026-02-06T07:30:30,12.360477,-1.517563
ST-DEV-001,2026-02-06T07:31:00,12.362689,-1.517976
ST-DEV-001,2026-02-06T07:31:30,12.363412,-1.516165
civ-b7fa315c-1ea4-4bff-9ffe-220fb9d76e77,2026-02-06T07:36:15,12.362956,-1.522457
civ-cece9c82-aff1-4a7b-a95f-8fede9573ccc,2026-02-06T07:36:24,12.362813,-1.522413
LR-DEV-001,2026-02-06T07:40:00,12.358995,-1.520922
ST-ASC-003,2026-02-06T07:40:00,12.362509,-1.513098
ST-ASC-004,2026-02-06T07:40:00,12.362895,-1.522501
civ-f7b60403-c6bb-4b3e-adf7-46afadfd190b,2026-02-06T07:43:42,12.362805,-1.522509
civ-560e35c7-b256-4f74-b9d8-7519c1756d49,2026-02-06T07:44:09,12.363896,-1.515373
civ-4472992d-2849-4630-9c4d-54f39f5e8ed9,2026-02-06T07:47:46,12.362931,-1.522366
civ-cfaec9ab-5ac9-4b7c-a1c3-b15e20dcb410,2026-02-06T07:49:35,12.362852,-1.522429
ST-ASC-003,2026-02-06T07:50:00,12.362486,-1.513102
ST-ASC-004,2026-02-06T07:50:00,12.362915,-1.522508
LR-DEV-001,2026-02-06T07:50:00,12.358996,-1.520892
civ-e8dc8ba3-bb2c-48c0-a27f-1f0939012fb5,2026-02-06T07:53:23,12.363982,-1.515461
civ-4472992d-2849-4630-9c4d-54f39f5e8ed9,2026-02-06T07:53:46,12.363962,-1.515398
civ-abb599b3-970c-4aed-a7cd-a2f03dd05458,2026-02-06T07:53:55,12.363096,-1.522421
civ-c967612c-4cbd-48d4-93ae-3c8a9efdb5fc,2026-02-06T07:56:41,12.362907,-1.522535
civ-eb961fb2-fc9b-493a-b186-f94d7d40522d,2026-02-06T07:56:44,12.363018,-1.522649
civ-fb779864-9bc9-4670-9e47-b8ea339c3672,2026-02-06T07:56:50,12.36393,-1.515349
civ-52216a52-4637-4288-9689-1b401180ecf7,2026-02-06T07:57:25,12.362977,-1.522485
civ-abb599b3-970c-4aed-a7cd-a2f03dd05458,2026-02-06T07:57:49,12.362867,-1.522487
civ-58babd9c-f204-49ee-985a-f994c95fa4bd,2026-02-06T07:57:53,12.363952,-1.515386
civ-c9a81ee6-40fb-4df7-9494-366e6f87591d,2026-02-06T07:59:07,12.364091,-1.515379
civ-c9a81ee6-40fb-4df7-9494-366e6f87591d,2026-02-06T07:59:08,12.362983,-1.522479
civ-cece9c82-aff1-4a7b-a95f-8fede9573ccc,2026-02-06T07:59:14,12.364011,-1.515424
civ-3e6a8a9e-f47d-46e1-8940-4918058ed49b,2026-02-06T07:59:40,12.362917,-1.522425
civ-c49fd41d-7955-4cb5-b6a7-786718622610,2026-02-06T07:59:42,12.362751,-1.522523
LR-ASC-004,2026-02-06T08:00:00,12.35903,-1.520731
ST-DEV-001,2026-02-06T08:00:00,12.363974,-1.515365
ST-ASC-004,2026-02-06T08:00:00,12.362915,-1.522503
ST-ASC-003,2026-02-06T08:00:00,12.361831,-1.514451
LR-DEV-001,2026-02-06T08:00:00,12.359005,-1.520896
NEW-DEV-X1,2026-02-06T08:00:00,12.358965,-1.520581
civ-eb6bca32-ee6b-4d0a-8030-aae8db13a9d5,2026-02-06T08:00:08,12.363829,-1.515253
ST-ASC-003,2026-02-06T08:00:30,12.360786,-1.516085
LR-ASC-004,2026-02-06T08:00:30,12.360485,-1.521311
civ-5b5de6bb-92db-43c6-9982-ac8c804e1ff3,2026-02-06T08:01:02,12.362761,-1.522555
civ-bb1a3b8d-6013-4514-b1e6-efb6fe8b0a59,2026-02-06T08:01:10,12.362923,-1.522538
civ-52216a52-4637-4288-9689-1b401180ecf7,2026-02-06T08:01:18,12.364015,-1.515479
civ-19d8cd88-9b8a-452a-a525-d1043b3c1526,2026-02-06T08:01:24,12.36388,-1.515364
civ-5f953348-9eea-4e6f-adfb-b33b5a94eae7,2026-02-06T08:01:37,12.362852,-1.522484
civ-82cfb0ab-487f-47c9-aee5-fdde8e8a17f6,2026-02-06T08:01:54,12.362919,-1.52264
civ-4472992d-2849-4630-9c4d-54f39f5e8ed9,2026-02-06T08:02:00,12.362922,-1.522559
civ-8481ec28-d882-446a-b3db-32ba460d4b17,2026-02-06T08:02:33,12.362986,-1.522367
civ-9ab99406-c557-4ff3-9546-d37339008bda,2026-02-06T08:02:39,12.363957,-1.515335
civ-dbb2498a-52c9-4500-8a72-a1de35cc0a87,2026-02-06T08:02:58,12.363986,-1.515433
civ-7acf1504-7434-49b3-ade9-cad12822f55f,2026-02-06T08:03:00,12.362929,-1.522448
civ-1728b5a6-c412-442d-b081-e8a8b42b5e38,2026-02-06T08:03:08,12.364037,-1.515341
civ-0c9d309b-d3d9-4e92-9ae0-012b816f9fce,2026-02-06T08:03:19,12.363945,-1.515325
civ-560e35c7-b256-4f74-b9d8-7519c1756d49,2026-02-06T08:03:35,12.362895,-1.522474
civ-155783d0-b79c-4de9-a91d-5c2e44bbd601,2026-02-06T08:03:39,12.364002,-1.515511
civ-62bbac52-ba2e-4404-97d7-2d93b963ebf3,2026-02-06T08:03:49,12.362835,-1.522582
civ-d8b7daca-ee30-436f-8068-55f18110860d,2026-02-06T08:03:51,12.363964,-1.515436
civ-1728b5a6-c412-442d-b081-e8a8b42b5e38,2026-02-06T08:04:00,12.362911,-1.522458
civ-e20dc56d-a415-4159-b4a5-869333b3e011,2026-02-06T08:04:15,12.363872,-1.515561
civ-9625ea0f-0516-485b-9a2c-c109b8dc9eeb,2026-02-06T08:04:33,12.363932,-1.51544
civ-9882446e-69c8-4759-964a-00f38ec7e4eb,2026-02-06T08:04:46,12.364035,-1.515404
civ-068f17d0-0065-405c-bdd7-f715203c8e19,2026-02-06T08:04:57,12.362954,-1.522486
civ-e8dc8ba3-bb2c-48c0-a27f-1f0939012fb5,2026-02-06T08:04:57,12.362935,-1.522423
civ-bb1a3b8d-6013-4514-b1e6-efb6fe8b0a59,2026-02-06T08:04:58,12.363935,-1.515469
civ-a5d5f0ac-097b-48e0-991d-f1066f980ce7,2026-02-06T08:05:02,12.362788,-1.522452
civ-4e6f6a58-041a-446a-b97e-2eac0f9997d3,2026-02-06T08:05:11,12.362819,-1.522433
civ-cfaec9ab-5ac9-4b7c-a1c3-b15e20dcb410,2026-02-06T08:06:28,12.364059,-1.515328
civ-e8dc8ba3-bb2c-48c0-a27f-1f0939012fb5,2026-02-06T08:06:55,12.363991,-1.515339
civ-c2976329-879a-401f-ab0a-bec2a5026bf5,2026-02-06T08:06:57,12.362916,-1.52254
civ-bb1a3b8d-6013-4514-b1e6-efb6fe8b0a59,2026-02-06T08:06:58,12.362979,-1.522628
civ-155783d0-b79c-4de9-a91d-5c2e44bbd601,2026-02-06T08:07:10,12.362858,-1.52245
civ-db07abea-ca3d-4b89-b8e6-498a67d93f8b,2026-02-06T08:07:26,12.363958,-1.515483
civ-cee79db9-2e6e-4786-bea4-267e53b2f310,2026-02-06T08:09:18,12.362961,-1.52247
LR-DEV-001,2026-02-06T08:10:00,12.358997,-1.520912
NEW-DEV-X1,2026-02-06T08:10:00,12.358976,-1.520581
ST-ASC-004,2026-02-06T08:10:00,12.362912,-1.522513
ST-DEV-001,2026-02-06T08:10:00,12.364018,-1.515415
civ-02576fae-ffff-4cf6-a5bc-b03aa4a9ac88,2026-02-06T08:10:57,12.362882,-1.52262
civ-4e6f6a58-041a-446a-b97e-2eac0f9997d3,2026-02-06T08:11:40,12.363854,-1.515407
civ-bb1a3b8d-6013-4514-b1e6-efb6fe8b0a59,2026-02-06T08:11:42,12.364135,-1.515282
civ-4e6f6a58-041a-446a-b97e-2eac0f9997d3,2026-02-06T08:13:16,12.363936,-1.515503
civ-58babd9c-f204-49ee-985a-f994c95fa4bd,2026-02-06T08:15:16,12.362924,-1.522473
civ-58babd9c-f204-49ee-985a-f994c95fa4bd,2026-02-06T08:19:07,12.363929,-1.515447
LR-ASC-004,2026-02-06T08:20:00,12.360297,-1.521919
NEW-DEV-X1,2026-02-06T08:20:00,12.358963,-1.520581
ST-ASC-004,2026-02-06T08:20:00,12.362905,-1.522507
LR-DEV-001,2026-02-06T08:20:00,12.359005,-1.520908
ST-DEV-001,2026-02-06T08:20:00,12.364027,-1.515413
LR-ASC-004,2026-02-06T08:20:30,12.362138,-1.522277
civ-eb961fb2-fc9b-493a-b186-f94d7d40522d,2026-02-06T08:25:19,12.363889,-1.515387
ST-DEV-001,2026-02-06T08:30:00,12.363979,-1.515421
ST-ASC-004,2026-02-06T08:30:00,12.362887,-1.522498
LR-DEV-001,2026-02-06T08:30:00,12.35902,-1.520895
NEW-DEV-X1,2026-02-06T08:30:00,12.358985,-1.520579
ST-DEV-001,2026-02-06T08:40:00,12.363952,-1.515387
LR-ASC-004,2026-02-06T08:40:00,12.362885,-1.522497
LR-DEV-001,2026-02-06T08:40:00,12.358995,-1.520906
NEW-DEV-X1,2026-02-06T08:40:00,12.358981,-1.520585
ST-ASC-004,2026-02-06T08:40:00,12.362909,-1.522508
LR-ASC-004,2026-02-06T08:45:00,12.362908,-1.522504
NEW-DEV-X1,2026-02-06T08:50:00,12.358979,-1.52058
LR-DEV-001,2026-02-06T08:50:00,12.358999,-1.520902
LR-ASC-004,2026-02-06T08:50:00,12.362269,-1.522382
ST-ASC-004,2026-02-06T08:50:00,12.362887,-1.522501
ST-DEV-001,2026-02-06T08:50:00,12.363951,-1.515433
LR-ASC-004,2026-02-06T08:50:30,12.360518,-1.52196
NEW-DEV-X2,2026-02-06T09:00:00,12.358938,-1.520777
LR-DEV-001,2026-02-06T09:00:00,12.35901,-1.520898
ST-DEV-001,2026-02-06T09:00:00,12.363944,-1.515402
ST-ASC-004,2026-02-06T09:00:00,12.362899,-1.522495
NEW-DEV-X1,2026-02-06T09:00:00,12.358963,-1.52058
NEW-DEV-X1,2026-02-06T09:10:00,12.358963,-1.520589
LR-ASC-004,2026-02-06T09:10:00,12.360297,-1.521919
NEW-DEV-X2,2026-02-06T09:10:00,12.358944,-1.520774
LR-DEV-001,2026-02-06T09:10:00,12.358993,-1.520883
ST-ASC-004,2026-02-06T09:10:00,12.362909,-1.522501
ST-DEV-001,2026-02-06T09:10:00,12.363996,-1.515409
LR-ASC-004,2026-02-06T09:10:30,12.359626,-1.520842
ST-DEV-001,2026-02-06T09:20:00,12.363972,-1.515432
LR-DEV-001,2026-02-06T09:20:00,12.359,-1.520893
ST-ASC-004,2026-02-06T09:20:00,12.362917,-1.522498
NEW-DEV-X2,2026-02-06T09:20:00,12.358942,-1.520795
NEW-DEV-X1,2026-02-06T09:20:00,12.358974,-1.52058
ST-DEV-001,2026-02-06T09:30:00,12.364013,-1.515415
NEW-DEV-X2,2026-02-06T09:30:00,12.35894,-1.520771
NEW-DEV-X1,2026-02-06T09:30:00,12.358961,-1.520574
LR-DEV-001,2026-02-06T09:30:00,12.358995,-1.520897
LR-ASC-004,2026-02-06T09:30:00,12.35903,-1.520731
LR-ASC-004,2026-02-06T09:30:30,12.360485,-1.521311
NEW-DEV-X2,2026-02-06T09:40:00,12.358941,-1.52078
LR-DEV-001,2026-02-06T09:40:00,12.359003,-1.520917
ST-DEV-001,2026-02-06T09:40:00,12.364009,-1.515424
NEW-DEV-X1,2026-02-06T09:40:00,12.358977,-1.520589
NEW-DEV-X2,2026-02-06T09:50:00,12.358953,-1.520784
LR-ASC-004,2026-02-06T09:50:00,12.360297,-1.521919
NEW-DEV-X1,2026-02-06T09:50:00,12.358958,-1.520584
LR-DEV-001,2026-02-06T09:50:00,12.359018,-1.520888
ST-DEV-001,2026-02-06T09:50:00,12.364005,-1.515365
LR-ASC-004,2026-02-06T09:50:30,12.362138,-1.522277
NEW-DEV-X2,2026-02-06T10:00:00,12.35893,-1.520779
NEW-DEV-X1,2026-02-06T10:00:00,12.358968,-1.520582
LR-DEV-001,2026-02-06T10:00:00,12.358996,-1.52091
ST-DEV-001,2026-02-06T10:00:00,12.364016,-1.515411
NEW-DEV-X2,2026-02-06T10:10:00,12.35894,-1.520787
NEW-DEV-X1,2026-02-06T10:10:00,12.358969,-1.520601
LR-DEV-001,2026-02-06T10:10:00,12.359003,-1.520899
LR-ASC-004,2026-02-06T10:10:00,12.362906,-1.522475
ST-DEV-001,2026-02-06T10:10:00,12.364007,-1.515406
LR-ASC-004,2026-02-06T10:15:00,12.362899,-1.522496
ST-DEV-001,2026-02-06T10:20:00,12.364,-1.515409
NEW-DEV-X1,2026-02-06T10:20:00,12.358969,-1.520586
NEW-DEV-X2,2026-02-06T10:20:00,12.358942,-1.520774
LR-ASC-004,2026-02-06T10:20:00,12.362269,-1.522382
LR-DEV-001,2026-02-06T10:20:00,12.359003,-1.520898
LR-ASC-004,2026-02-06T10:20:30,12.360518,-1.52196
NEW-DEV-X1,2026-02-06T10:30:00,12.358978,-1.520589
LR-DEV-001,2026-02-06T10:30:00,12.359005,-1.520887
ST-DEV-001,2026-02-06T10:30:00,12.363996,-1.515394
NEW-DEV-X2,2026-02-06T10:30:00,12.358944,-1.520775
NEW-DEV-X1,2026-02-06T10:40:00,12.358987,-1.5206
LR-DEV-001,2026-02-06T10:40:00,12.359005,-1.520909
NEW-DEV-X2,2026-02-06T10:40:00,12.35896,-1.520781
ST-DEV-001,2026-02-06T10:40:00,12.363973,-1.515427
LR-ASC-004,2026-02-06T10:40:00,12.360297,-1.521919
LR-ASC-004,2026-02-06T10:40:30,12.359626,-1.520842
LR-DEV-001,2026-02-06T10:50:00,12.359012,-1.520885
NEW-DEV-X2,2026-02-06T10:50:00,12.358947,-1.520783
NEW-DEV-X1,2026-02-06T10:50:00,12.358984,-1.520585
ST-DEV-001,2026-02-06T10:50:00,12.363963,-1.515443
NEW-DEV-X2,2026-02-06T11:00:00,12.358936,-1.520783
LR-DEV-001,2026-02-06T11:00:00,12.359028,-1.52091
NEW-DEV-X1,2026-02-06T11:00:00,12.35898,-1.520582
ST-DEV-001,2026-02-06T11:00:00,12.363967,-1.515396
NEW-DEV-X1,2026-02-06T11:10:00,12.358982,-1.520586
LR-DEV-001,2026-02-06T11:10:00,12.359002,-1.520919
ST-DEV-001,2026-02-06T11:10:00,12.363976,-1.515386
NEW-DEV-X2,2026-02-06T11:10:00,12.35894,-1.520775
NEW-DEV-X2,2026-02-06T11:20:00,12.358965,-1.520784
LR-DEV-001,2026-02-06T11:20:00,12.359005,-1.520905
ST-DEV-001,2026-02-06T11:20:00,12.364001,-1.515453
NEW-DEV-X1,2026-02-06T11:20:00,12.358962,-1.52057
ST-DEV-001,2026-02-06T11:30:00,12.364018,-1.515378
LR-DEV-001,2026-02-06T11:30:00,12.359017,-1.520907
NEW-DEV-X2,2026-02-06T11:30:00,12.35894,-1.520779
NEW-DEV-X1,2026-02-06T11:30:00,12.358971,-1.520581
LR-DEV-001,2026-02-06T11:40:00,12.358985,-1.520904
NEW-DEV-X2,2026-02-06T11:40:00,12.358948,-1.520776
ST-DEV-001,2026-02-06T11:40:00,12.363973,-1.515389
NEW-DEV-X1,2026-02-06T11:40:00,12.358983,-1.520592
NEW-DEV-X2,2026-02-06T11:50:00,12.358956,-1.5208
ST-DEV-001,2026-02-06T11:50:00,12.363977,-1.515397
NEW-DEV-X1,2026-02-06T11:50:00,12.358977,-1.520588
LR-DEV-001,2026-02-06T11:50:00,12.358982,-1.520893
NEW-DEV-X1,2026-02-06T12:00:00,12.358971,-1.520582
NEW-DEV-X2,2026-02-06T12:00:00,12.358923,-1.520782
NEW-DEV-X2,2026-02-06T12:10:00,12.358954,-1.520792
NEW-DEV-X1,2026-02-06T12:10:00,12.358958,-1.52059
NEW-DEV-X2,2026-02-06T12:20:00,12.358917,-1.520773
NEW-DEV-X1,2026-02-06T12:20:00,12.358984,-1.520575
NEW-DEV-X2,2026-02-06T12:30:00,12.358946,-1.520788
NEW-DEV-X1,2026-02-06T12:30:00,12.358971,-1.520581
civ-b7e3e859-9789-4511-9091-3013ac317000,2026-02-06T12:38:55,12.363993,-1.515622
NEW-DEV-X2,2026-02-06T12:40:00,12.358935,-1.520787
NEW-DEV-X1,2026-02-06T12:40:00,12.358969,-1.520571
civ-0c9d309b-d3d9-4e92-9ae0-012b816f9fce,2026-02-06T12:46:38,12.363093,-1.522671
NEW-DEV-X2,2026-02-06T12:50:00,12.358945,-1.520784
NEW-DEV-X1,2026-02-06T12:50:00,12.35897,-1.520581
civ-5f953348-9eea-4e6f-adfb-b33b5a94eae7,2026-02-06T12:54:18,12.362775,-1.522539
civ-9882446e-69c8-4759-964a-00f38ec7e4eb,2026-02-06T12:55:21,12.362912,-1.522342
civ-c49fd41d-7955-4cb5-b6a7-786718622610,2026-02-06T12:56:08,12.362968,-1.522486
civ-5b5de6bb-92db-43c6-9982-ac8c804e1ff3,2026-02-06T12:56:38,12.362837,-1.522493
civ-f7b60403-c6bb-4b3e-adf7-46afadfd190b,2026-02-06T12:57:25,12.364014,-1.515356
civ-69fb9cc1-ef25-4bcf-92ba-fd2160d52f85,2026-02-06T12:57:51,12.363992,-1.515336
civ-b7fa315c-1ea4-4bff-9ffe-220fb9d76e77,2026-02-06T12:58:57,12.363971,-1.515328
civ-4e6f6a58-041a-446a-b97e-2eac0f9997d3,2026-02-06T12:59:12,12.36289,-1.522538
civ-cfaec9ab-5ac9-4b7c-a1c3-b15e20dcb410,2026-02-06T12:59:29,12.362802,-1.522484
civ-b7e3e859-9789-4511-9091-3013ac317000,2026-02-06T12:59:55,12.36304,-1.522426
ST-ASC-004,2026-02-06T13:00:00,12.362897,-1.522515
NEW-DEV-X2,2026-02-06T13:00:00,12.358948,-1.520804
ST-DEV-001,2026-02-06T13:00:00,12.363601,-1.515311
NEW-DEV-X1,2026-02-06T13:00:00,12.358982,-1.52059
civ-cc100b8b-4558-4c64-aa34-d02bf900f083,2026-02-06T13:00:20,12.364049,-1.515483
civ-69fb9cc1-ef25-4bcf-92ba-fd2160d52f85,2026-02-06T13:00:29,12.362972,-1.522521
civ-dbb2498a-52c9-4500-8a72-a1de35cc0a87,2026-02-06T13:00:29,12.364003,-1.515526
ST-DEV-001,2026-02-06T13:00:30,12.361614,-1.515156
civ-22b80c92-07d6-4eb0-a931-465d2de665e3,2026-02-06T13:00:47,12.362829,-1.522557
civ-4472992d-2849-4630-9c4d-54f39f5e8ed9,2026-02-06T13:00:53,12.362857,-1.522349
civ-b7e3e859-9789-4511-9091-3013ac317000,2026-02-06T13:00:54,12.363953,-1.515398
civ-cece9c82-aff1-4a7b-a95f-8fede9573ccc,2026-02-06T13:01:01,12.363999,-1.515408
civ-abb599b3-970c-4aed-a7cd-a2f03dd05458,2026-02-06T13:01:24,12.362937,-1.522531
civ-abb599b3-970c-4aed-a7cd-a2f03dd05458,2026-02-06T13:01:39,12.363893,-1.515415
civ-cee79db9-2e6e-4786-bea4-267e53b2f310,2026-02-06T13:01:44,12.362908,-1.522472
civ-4e6f6a58-041a-446a-b97e-2eac0f9997d3,2026-02-06T13:02:05,12.362657,-1.522693
civ-eb6bca32-ee6b-4d0a-8030-aae8db13a9d5,2026-02-06T13:02:07,12.364021,-1.515456
civ-fb779864-9bc9-4670-9e47-b8ea339c3672,2026-02-06T13:02:08,12.363906,-1.515515
civ-068f17d0-0065-405c-bdd7-f715203c8e19,2026-02-06T13:02:15,12.362934,-1.522546
civ-9ab99406-c557-4ff3-9546-d37339008bda,2026-02-06T13:02:42,12.364122,-1.515429
civ-c9a81ee6-40fb-4df7-9494-366e6f87591d,2026-02-06T13:02:50,12.363917,-1.515496
civ-560e35c7-b256-4f74-b9d8-7519c1756d49,2026-02-06T13:02:55,12.363051,-1.522609
civ-58babd9c-f204-49ee-985a-f994c95fa4bd,2026-02-06T13:03:30,12.363951,-1.515503
civ-82cfb0ab-487f-47c9-aee5-fdde8e8a17f6,2026-02-06T13:03:51,12.36409,-1.515332
civ-c2976329-879a-401f-ab0a-bec2a5026bf5,2026-02-06T13:04:10,12.36286,-1.52245
civ-22b80c92-07d6-4eb0-a931-465d2de665e3,2026-02-06T13:04:12,12.36397,-1.515498
civ-3e6a8a9e-f47d-46e1-8940-4918058ed49b,2026-02-06T13:04:24,12.363993,-1.515464
civ-7acf1504-7434-49b3-ade9-cad12822f55f,2026-02-06T13:04:40,12.364043,-1.515351
ST-ASC-004,2026-02-06T13:05:00,12.362898,-1.522503
civ-69fb9cc1-ef25-4bcf-92ba-fd2160d52f85,2026-02-06T13:05:06,12.364055,-1.515421
civ-5f953348-9eea-4e6f-adfb-b33b5a94eae7,2026-02-06T13:05:08,12.363921,-1.51539
civ-62bbac52-ba2e-4404-97d7-2d93b963ebf3,2026-02-06T13:05:53,12.362925,-1.522561
civ-e8dc8ba3-bb2c-48c0-a27f-1f0939012fb5,2026-02-06T13:06:06,12.364039,-1.515337
civ-c2976329-879a-401f-ab0a-bec2a5026bf5,2026-02-06T13:06:20,12.364084,-1.51542
civ-7acf1504-7434-49b3-ade9-cad12822f55f,2026-02-06T13:06:36,12.362916,-1.522523
civ-9625ea0f-0516-485b-9a2c-c109b8dc9eeb,2026-02-06T13:08:08,12.363853,-1.515397
civ-dbb2498a-52c9-4500-8a72-a1de35cc0a87,2026-02-06T13:08:12,12.362855,-1.522447
civ-3e6a8a9e-f47d-46e1-8940-4918058ed49b,2026-02-06T13:08:19,12.36284,-1.522397
civ-82cfb0ab-487f-47c9-aee5-fdde8e8a17f6,2026-02-06T13:09:10,12.362875,-1.52266
civ-f7b60403-c6bb-4b3e-adf7-46afadfd190b,2026-02-06T13:09:39,12.362824,-1.52268
ST-ASC-004,2026-02-06T13:10:00,12.362909,-1.522496
NEW-DEV-X1,2026-02-06T13:10:00,12.358986,-1.520597
NEW-DEV-X2,2026-02-06T13:10:00,12.358936,-1.520788
civ-eb6bca32-ee6b-4d0a-8030-aae8db13a9d5,2026-02-06T13:11:58,12.362972,-1.522453
civ-e8dc8ba3-bb2c-48c0-a27f-1f0939012fb5,2026-02-06T13:13:18,12.362837,-1.522475
ST-ASC-004,2026-02-06T13:15:00,12.362889,-1.522498
civ-d8b7daca-ee30-436f-8068-55f18110860d,2026-02-06T13:17:14,12.362935,-1.522392
civ-db07abea-ca3d-4b89-b8e6-498a67d93f8b,2026-02-06T13:17:38,12.363016,-1.52234
civ-560e35c7-b256-4f74-b9d8-7519c1756d49,2026-02-06T13:19:39,12.363057,-1.522368
civ-82cfb0ab-487f-47c9-aee5-fdde8e8a17f6,2026-02-06T13:19:46,12.363007,-1.522585
ST-ASC-004,2026-02-06T13:20:00,12.362906,-1.522486
NEW-DEV-X2,2026-02-06T13:20:00,12.358942,-1.520783
NEW-DEV-X1,2026-02-06T13:20:00,12.358987,-1.520586
civ-62d7d317-8457-4ab1-9267-775a132d353e,2026-02-06T13:20:02,12.362937,-1.522752
ST-ASC-004,2026-02-06T13:25:00,12.362908,-1.522493
ST-DEV-001,2026-02-06T13:30:00,12.362489,-1.513116
LR-DEV-001,2026-02-06T13:30:00,12.35903,-1.520731
ST-ASC-003,2026-02-06T13:30:00,12.359413,-1.51634
NEW-DEV-X2,2026-02-06T13:30:00,12.358951,-1.520795
NEW-DEV-X1,2026-02-06T13:30:00,12.35897,-1.5206
ST-ASC-003,2026-02-06T13:30:30,12.361402,-1.515987
LR-DEV-001,2026-02-06T13:30:30,12.3606,-1.520219
LR-DEV-001,2026-02-06T13:31:00,12.361061,-1.518057
LR-DEV-001,2026-02-06T13:31:30,12.361438,-1.515808
NEW-DEV-X2,2026-02-06T13:40:00,12.358944,-1.520773
ST-DEV-001,2026-02-06T13:40:00,12.362497,-1.513101
NEW-DEV-X1,2026-02-06T13:40:00,12.358968,-1.520592
NEW-DEV-X1,2026-02-06T13:50:00,12.358967,-1.520584
ST-DEV-001,2026-02-06T13:50:00,12.362496,-1.513111
NEW-DEV-X2,2026-02-06T13:50:00,12.358961,-1.520782
VEH-COL-037-1,2026-02-06T14:00:00,12.362484,-1.513105
LR-DEV-001,2026-02-06T14:00:00,12.362481,-1.5131
NEW-DEV-X1,2026-02-06T14:00:00,12.358981,-1.520581
ST-ASC-003,2026-02-06T14:00:00,12.362503,-1.513098
NEW-DEV-X2,2026-02-06T14:00:00,12.358947,-1.520794
VEH-COL-037-0,2026-02-06T14:00:00,12.362508,-1.513085
ST-DEV-001,2026-02-06T14:00:00,12.362496,-1.513098
ST-ASC-003,2026-02-06T14:10:00,12.362483,-1.513108
NEW-DEV-X1,2026-02-06T14:10:00,12.358975,-1.520593
LR-DEV-001,2026-02-06T14:10:00,12.362481,-1.513103
NEW-DEV-X2,2026-02-06T14:10:00,12.358922,-1.52077
ST-DEV-001,2026-02-06T14:10:00,12.3625,-1.513098
VEH-COL-037-1,2026-02-06T14:10:00,12.362503,-1.513095
VEH-COL-037-0,2026-02-06T14:10:00,12.362493,-1.51309
NEW-DEV-X2,2026-02-06T14:20:00,12.358944,-1.520767
NEW-DEV-X1,2026-02-06T14:20:00,12.358964,-1.520567
ST-ASC-003,2026-02-06T14:20:00,12.362499,-1.513095
ST-DEV-001,2026-02-06T14:20:00,12.362494,-1.513089
VEH-COL-037-1,2026-02-06T14:20:00,12.362499,-1.513101
LR-DEV-001,2026-02-06T14:20:00,12.362515,-1.513097
VEH-COL-037-0,2026-02-06T14:20:00,12.36248,-1.513111
NEW-DEV-X1,2026-02-06T14:30:00,12.358965,-1.520568
VEH-COL-037-0,2026-02-06T14:30:00,12.362491,-1.513112
ST-DEV-001,2026-02-06T14:30:00,12.362489,-1.513096
ST-ASC-003,2026-02-06T14:30:00,12.36248,-1.513101
VEH-COL-037-1,2026-02-06T14:30:00,12.362504,-1.513102
LR-DEV-001,2026-02-06T14:30:00,12.362492,-1.5131
NEW-DEV-X2,2026-02-06T14:30:00,12.358932,-1.520773
LR-DEV-001,2026-02-06T14:40:00,12.3625,-1.513096
ST-DEV-001,2026-02-06T14:40:00,12.362511,-1.513096
NEW-DEV-X1,2026-02-06T14:40:00,12.35897,-1.520583
VEH-COL-037-1,2026-02-06T14:40:00,12.362513,-1.513092
NEW-DEV-X2,2026-02-06T14:40:00,12.358961,-1.520774
ST-ASC-003,2026-02-06T14:40:00,12.362501,-1.513092
VEH-COL-037-0,2026-02-06T14:40:00,12.362486,-1.513096
VEH-COL-037-0,2026-02-06T14:50:00,12.362498,-1.513097
VEH-COL-037-1,2026-02-06T14:50:00,12.362508,-1.513109
LR-DEV-001,2026-02-06T14:50:00,12.362488,-1.513095
NEW-DEV-X2,2026-02-06T14:50:00,12.358946,-1.520778
ST-ASC-003,2026-02-06T14:50:00,12.362506,-1.513095
NEW-DEV-X1,2026-02-06T14:50:00,12.358982,-1.520572
ST-DEV-001,2026-02-06T14:50:00,12.362498,-1.513105
ST-ASC-003,2026-02-06T15:00:00,12.362493,-1.513117
ST-DEV-001,2026-02-06T15:00:00,12.362509,-1.513113
NEW-DEV-X1,2026-02-06T15:00:00,12.358971,-1.520586
LR-DEV-001,2026-02-06T15:00:00,12.362476,-1.513106
NEW-DEV-X2,2026-02-06T15:00:00,12.35893,-1.520766
VEH-COL-037-1,2026-02-06T15:00:00,12.362499,-1.513103
VEH-COL-037-0,2026-02-06T15:00:00,12.362506,-1.513098
NEW-DEV-X1,2026-02-06T15:10:00,12.358971,-1.52058
ST-DEV-001,2026-02-06T15:10:00,12.362491,-1.513104
NEW-DEV-X2,2026-02-06T15:10:00,12.358939,-1.520773
LR-DEV-001,2026-02-06T15:10:00,12.362496,-1.513094
ST-ASC-003,2026-02-06T15:10:00,12.362496,-1.513091
VEH-COL-037-0,2026-02-06T15:10:00,12.362506,-1.513101
VEH-COL-037-1,2026-02-06T15:10:00,12.362491,-1.513097
ST-DEV-001,2026-02-06T15:20:00,12.362511,-1.513097
NEW-DEV-X1,2026-02-06T15:20:00,12.35898,-1.520583
LR-DEV-001,2026-02-06T15:20:00,12.3625,-1.513113
NEW-DEV-X2,2026-02-06T15:20:00,12.35893,-1.520789
ST-ASC-003,2026-02-06T15:20:00,12.362513,-1.513094
VEH-COL-037-1,2026-02-06T15:20:00,12.362495,-1.513094
VEH-COL-037-0,2026-02-06T15:20:00,12.362489,-1.51309
ST-DEV-001,2026-02-06T15:30:00,12.362491,-1.513103
LR-DEV-001,2026-02-06T15:30:00,12.362491,-1.513098
NEW-DEV-X2,2026-02-06T15:30:00,12.358957,-1.520781
NEW-DEV-X1,2026-02-06T15:30:00,12.358978,-1.520568
VEH-COL-037-1,2026-02-06T15:30:00,12.36249,-1.513085
VEH-COL-037-0,2026-02-06T15:30:00,12.362495,-1.513108
VEH-COL-037-0,2026-02-06T15:40:00,12.362498,-1.513108
NEW-DEV-X2,2026-02-06T15:40:00,12.358957,-1.520779
NEW-DEV-X1,2026-02-06T15:40:00,12.358975,-1.52058
ST-DEV-001,2026-02-06T15:40:00,12.362494,-1.513106
LR-DEV-001,2026-02-06T15:40:00,12.362499,-1.513105
VEH-COL-037-1,2026-02-06T15:40:00,12.362492,-1.513098
VEH-COL-037-1,2026-02-06T15:50:00,12.362507,-1.513105
LR-DEV-001,2026-02-06T15:50:00,12.362496,-1.513094
VEH-COL-037-0,2026-02-06T15:50:00,12.362496,-1.513097
ST-DEV-001,2026-02-06T15:50:00,12.362509,-1.513112
NEW-DEV-X2,2026-02-06T15:50:00,12.358927,-1.52077
NEW-DEV-X1,2026-02-06T15:50:00,12.358958,-1.520607
VEH-COL-037-1,2026-02-06T16:00:00,12.362508,-1.513111
VEH-COL-037-0,2026-02-06T16:00:00,12.362503,-1.513108
LR-DEV-001,2026-02-06T16:00:00,12.362495,-1.513101
ST-DEV-001,2026-02-06T16:00:00,12.362514,-1.513093
NEW-DEV-X1,2026-02-06T16:00:00,12.358975,-1.520584
ST-DEV-001,2026-02-06T16:10:00,12.36251,-1.513104
VEH-COL-037-1,2026-02-06T16:10:00,12.362513,-1.5131
VEH-COL-037-0,2026-02-06T16:10:00,12.362496,-1.51309
NEW-DEV-X1,2026-02-06T16:10:00,12.358967,-1.520581
LR-DEV-001,2026-02-06T16:10:00,12.36252,-1.513113
VEH-COL-037-0,2026-02-06T16:20:00,12.362504,-1.513081
LR-DEV-001,2026-02-06T16:20:00,12.362483,-1.513093
VEH-COL-037-1,2026-02-06T16:20:00,12.362495,-1.513103
NEW-DEV-X1,2026-02-06T16:20:00,12.358971,-1.520573
ST-DEV-001,2026-02-06T16:20:00,12.362499,-1.513113
VEH-COL-037-1,2026-02-06T16:30:00,12.362507,-1.513105
LR-DEV-001,2026-02-06T16:30:00,12.362494,-1.513103
ST-DEV-001,2026-02-06T16:30:00,12.362495,-1.513096
VEH-COL-037-0,2026-02-06T16:30:00,12.362511,-1.51309
NEW-DEV-X1,2026-02-06T16:30:00,12.358973,-1.52059
VEH-COL-037-0,2026-02-06T16:40:00,12.362488,-1.513093
ST-DEV-001,2026-02-06T16:40:00,12.362512,-1.51311
VEH-COL-037-1,2026-02-06T16:40:00,12.362493,-1.513102
LR-DEV-001,2026-02-06T16:40:00,12.362493,-1.513102
NEW-DEV-X1,2026-02-06T16:40:00,12.358981,-1.520585
NEW-DEV-X1,2026-02-06T16:50:00,12.358977,-1.520587
VEH-COL-037-1,2026-02-06T16:50:00,12.362489,-1.513084
VEH-COL-037-0,2026-02-06T16:50:00,12.3625,-1.513105
LR-DEV-001,2026-02-06T16:50:00,12.362514,-1.513093
ST-DEV-001,2026-02-06T16:50:00,12.362497,-1.513101
ST-DEV-001,2026-02-06T17:00:00,12.362487,-1.513095
LR-DEV-001,2026-02-06T17:00:00,12.362508,-1.513113
VEH-COL-037-0,2026-02-06T17:00:00,12.362502,-1.513091
VEH-COL-037-1,2026-02-06T17:00:00,12.362495,-1.513093
ST-DEV-001,2026-02-06T17:10:00,12.362493,-1.513102
VEH-COL-037-0,2026-02-06T17:10:00,12.362505,-1.513108
LR-DEV-001,2026-02-06T17:10:00,12.36249,-1.513126
VEH-COL-037-1,2026-02-06T17:10:00,12.362502,-1.513109
VEH-COL-037-1,2026-02-06T17:20:00,12.3625,-1.513093
ST-DEV-001,2026-02-06T17:20:00,12.362496,-1.513107
VEH-COL-037-0,2026-02-06T17:20:00,12.362507,-1.513106
LR-DEV-001,2026-02-06T17:20:00,12.362493,-1.513091
VEH-COL-037-1,2026-02-06T17:30:00,12.362498,-1.513089
LR-DEV-001,2026-02-06T17:30:00,12.362505,-1.513102
ST-DEV-001,2026-02-06T17:30:00,12.3625,-1.513102
VEH-COL-037-0,2026-02-06T17:30:00,12.362502,-1.513103
LR-DEV-001,2026-02-06T17:40:00,12.3625,-1.513106
ST-DEV-001,2026-02-06T17:40:00,12.362497,-1.513107
VEH-COL-037-0,2026-02-06T17:40:00,12.362498,-1.513093
VEH-COL-037-1,2026-02-06T17:40:00,12.362509,-1.513092
VEH-COL-037-0,2026-02-06T17:50:00,12.362491,-1.513082
ST-DEV-001,2026-02-06T17:50:00,12.362503,-1.513085
VEH-COL-037-1,2026-02-06T17:50:00,12.362496,-1.51311
LR-DEV-001,2026-02-06T17:50:00,12.362502,-1.513093
LR-DEV-001,2026-02-06T18:00:00,12.361831,-1.514451
ST-DEV-001,2026-02-06T18:00:00,12.361831,-1.514451
LR-DEV-001,2026-02-06T18:00:30,12.361354,-1.516534
ST-DEV-001,2026-02-06T18:00:30,12.361153,-1.516164
LR-DEV-001,2026-02-06T18:01:00,12.360976,-1.518793
LR-DEV-001,2026-02-06T18:01:30,12.360586,-1.520956
ST-DEV-001,2026-02-07T05:30:00,12.359689,-1.516396
VEH-038-0,2026-02-07T05:30:00,12.364466,-1.521212
VEH-038-0,2026-02-07T05:30:30,12.36496,-1.518575
VEH-038-0,2026-02-07T05:31:00,12.362497,-1.518014
VEH-038-0,2026-02-07T05:31:30,12.361353,-1.516538
VEH-038-1,2026-02-07T05:40:00,12.364466,-1.521212
ST-DEV-001,2026-02-07T05:40:00,12.35971,-1.516439
VEH-038-1,2026-02-07T05:40:30,12.36496,-1.518575
VEH-038-1,2026-02-07T05:41:00,12.362497,-1.518014
VEH-038-1,2026-02-07T05:41:30,12.361353,-1.516538
ST-DEV-001,2026-02-07T05:50:00,12.3597,-1.516397
ST-DEV-001,2026-02-07T06:00:00,12.359695,-1.516377
ST-ASC-003,2026-02-07T06:00:00,12.359413,-1.51634
ST-ASC-003,2026-02-07T06:00:30,12.361402,-1.515987
ST-DEV-001,2026-02-07T06:10:00,12.359708,-1.516376
ST-DEV-001,2026-02-07T06:20:00,12.359696,-1.516383
VEH-038-0,2026-02-07T06:30:00,12.362502,-1.513096
ST-DEV-001,2026-02-07T06:30:00,12.359729,-1.516376
ST-DEV-001,2026-02-07T06:40:00,12.35968,-1.516405
VEH-038-0,2026-02-07T06:40:00,12.362511,-1.513107
VEH-038-1,2026-02-07T06:40:00,12.362496,-1.513093
VEH-038-0,2026-02-07T06:50:00,12.36251,-1.513105
VEH-038-1,2026-02-07T06:50:00,12.362487,-1.513111
ST-DEV-001,2026-02-07T06:50:00,12.359694,-1.516391
ST-DEV-001,2026-02-07T07:00:00,12.359712,-1.516415
VEH-038-1,2026-02-07T07:00:00,12.362493,-1.513099
VEH-038-0,2026-02-07T07:00:00,12.362488,-1.513093
ST-ASC-003,2026-02-07T07:00:00,12.362495,-1.513104
LR-DEV-001,2026-02-07T07:00:00,12.359014,-1.5209
ST-ASC-003,2026-02-07T07:10:00,12.362506,-1.513101
VEH-038-0,2026-02-07T07:10:00,12.362512,-1.513077
ST-DEV-001,2026-02-07T07:10:00,12.359701,-1.516436
LR-DEV-001,2026-02-07T07:10:00,12.358989,-1.5209
VEH-038-1,2026-02-07T07:10:00,12.362494,-1.513094
VEH-038-0,2026-02-07T07:20:00,12.362489,-1.513094
ST-DEV-001,2026-02-07T07:20:00,12.359726,-1.516409
ST-ASC-003,2026-02-07T07:20:00,12.362494,-1.513085
LR-DEV-001,2026-02-07T07:20:00,12.358991,-1.520896
VEH-038-1,2026-02-07T07:20:00,12.362509,-1.513095
ST-DEV-001,2026-02-07T07:30:00,12.359413,-1.51634
LR-DEV-001,2026-02-07T07:30:00,12.359003,-1.520891
ST-ASC-004,2026-02-07T07:30:00,12.362909,-1.522495
VEH-038-1,2026-02-07T07:30:00,12.362515,-1.513096
ST-ASC-003,2026-02-07T07:30:00,12.362492,-1.5131
ST-DEV-001,2026-02-07T07:30:30,12.360477,-1.517563
ST-DEV-001,2026-02-07T07:31:00,12.362689,-1.517976
ST-DEV-001,2026-02-07T07:31:30,12.363412,-1.516165
civ-62d7d317-8457-4ab1-9267-775a132d353e,2026-02-07T07:37:27,12.362903,-1.522336
civ-d914300c-71f1-433a-9c13-50294a4699cb,2026-02-07T07:39:57,12.364067,-1.515391
ST-ASC-004,2026-02-07T07:40:00,12.362898,-1.522502
LR-DEV-001,2026-02-07T07:40:00,12.358993,-1.5209
ST-ASC-003,2026-02-07T07:40:00,12.362506,-1.513115
civ-e20dc56d-a415-4159-b4a5-869333b3e011,2026-02-07T07:40:52,12.36288,-1.522581
civ-aada54c8-b736-4f69-8649-471827354a37,2026-02-07T07:46:26,12.363987,-1.515507
civ-560e35c7-b256-4f74-b9d8-7519c1756d49,2026-02-07T07:49:56,12.362932,-1.52236
ST-ASC-003,2026-02-07T07:50:00,12.362504,-1.513109
LR-DEV-001,2026-02-07T07:50:00,12.358988,-1.520894
ST-ASC-004,2026-02-07T07:50:00,12.362905,-1.522489
civ-69fb9cc1-ef25-4bcf-92ba-fd2160d52f85,2026-02-07T07:51:12,12.362853,-1.522686
civ-a5d5f0ac-097b-48e0-991d-f1066f980ce7,2026-02-07T07:51:15,12.364084,-1.515356
civ-62d7d317-8457-4ab1-9267-775a132d353e,2026-02-07T07:55:38,12.364047,-1.515521
civ-abb599b3-970c-4aed-a7cd-a2f03dd05458,2026-02-07T07:55:56,12.364069,-1.515233
civ-068f17d0-0065-405c-bdd7-f715203c8e19,2026-02-07T07:56:12,12.362931,-1.522439
civ-abb599b3-970c-4aed-a7cd-a2f03dd05458,2026-02-07T07:57:28,12.362908,-1.522605
civ-22b80c92-07d6-4eb0-a931-465d2de665e3,2026-02-07T07:57:49,12.362769,-1.522551
civ-dbb2498a-52c9-4500-8a72-a1de35cc0a87,2026-02-07T07:58:00,12.364029,-1.515385
civ-d8b7daca-ee30-436f-8068-55f18110860d,2026-02-07T07:58:32,12.362954,-1.522453
civ-e20dc56d-a415-4159-b4a5-869333b3e011,2026-02-07T07:59:05,12.364211,-1.515477
civ-db07abea-ca3d-4b89-b8e6-498a67d93f8b,2026-02-07T07:59:15,12.36287,-1.522553
civ-9ab99406-c557-4ff3-9546-d37339008bda,2026-02-07T07:59:51,12.36405,-1.515449
ST-ASC-004,2026-02-07T08:00:00,12.362901,-1.522504
LR-DEV-001,2026-02-07T08:00:00,12.359005,-1.520896
ST-DEV-001,2026-02-07T08:00:00,12.364002,-1.515408
NEW-DEV-X1,2026-02-07T08:00:00,12.358982,-1.520578
LR-ASC-004,2026-02-07T08:00:00,12.35903,-1.520731
ST-ASC-003,2026-02-07T08:00:00,12.361831,-1.514451
ST-ASC-003,2026-02-07T08:00:30,12.360786,-1.516085
LR-ASC-004,2026-02-07T08:00:30,12.360485,-1.521311
civ-a5d5f0ac-097b-48e0-991d-f1066f980ce7,2026-02-07T08:00:34,12.363957,-1.515512
civ-02576fae-ffff-4cf6-a5bc-b03aa4a9ac88,2026-02-07T08:00:42,12.362887,-1.522581
civ-19d8cd88-9b8a-452a-a525-d1043b3c1526,2026-02-07T08:00:50,12.362786,-1.522496
civ-88351541-c041-41e4-903d-ddffd8fff7d9,2026-02-07T08:01:06,12.362834,-1.522375
civ-c967612c-4cbd-48d4-93ae-3c8a9efdb5fc,2026-02-07T08:01:21,12.363963,-1.515486
civ-e20dc56d-a415-4159-b4a5-869333b3e011,2026-02-07T08:01:40,12.363029,-1.522499
civ-9ab99406-c557-4ff3-9546-d37339008bda,2026-02-07T08:01:41,12.362801,-1.522531
civ-e8dc8ba3-bb2c-48c0-a27f-1f0939012fb5,2026-02-07T08:02:14,12.362974,-1.522524
civ-eb961fb2-fc9b-493a-b186-f94d7d40522d,2026-02-07T08:02:18,12.362899,-1.522464
civ-52216a52-4637-4288-9689-1b401180ecf7,2026-02-07T08:02:22,12.364025,-1.51542
civ-560e35c7-b256-4f74-b9d8-7519c1756d49,2026-02-07T08:02:25,12.362903,-1.522425
civ-155783d0-b79c-4de9-a91d-5c2e44bbd601,2026-02-07T08:02:40,12.364036,-1.515522
civ-eb6bca32-ee6b-4d0a-8030-aae8db13a9d5,2026-02-07T08:03:03,12.363991,-1.515399
civ-d914300c-71f1-433a-9c13-50294a4699cb,2026-02-07T08:03:11,12.36285,-1.522547
civ-8481ec28-d882-446a-b3db-32ba460d4b17,2026-02-07T08:03:11,12.362841,-1.522582
civ-5f953348-9eea-4e6f-adfb-b33b5a94eae7,2026-02-07T08:03:13,12.362845,-1.522581
civ-155783d0-b79c-4de9-a91d-5c2e44bbd601,2026-02-07T08:03:18,12.363057,-1.522549
civ-5b5de6bb-92db-43c6-9982-ac8c804e1ff3,2026-02-07T08:03:33,12.363924,-1.515419
civ-0c9d309b-d3d9-4e92-9ae0-012b816f9fce,2026-02-07T08:03:34,12.36412,-1.515442
civ-62bbac52-ba2e-4404-97d7-2d93b963ebf3,2026-02-07T08:03:35,12.362887,-1.522471
civ-068f17d0-0065-405c-bdd7-f715203c8e19,2026-02-07T08:03:36,12.364028,-1.515367
civ-62d7d317-8457-4ab1-9267-775a132d353e,2026-02-07T08:04:09,12.363915,-1.515416
civ-c2976329-879a-401f-ab0a-bec2a5026bf5,2026-02-07T08:04:18,12.362869,-1.52247
civ-3e6a8a9e-f47d-46e1-8940-4918058ed49b,2026-02-07T08:04:24,12.362951,-1.522499
civ-22b80c92-07d6-4eb0-a931-465d2de665e3,2026-02-07T08:04:53,12.363992,-1.515425
civ-3e6a8a9e-f47d-46e1-8940-4918058ed49b,2026-02-07T08:04:59,12.36399,-1.515431
civ-f7b60403-c6bb-4b3e-adf7-46afadfd190b,2026-02-07T08:05:00,12.364171,-1.51534
civ-52216a52-4637-4288-9689-1b401180ecf7,2026-02-07T08:05:10,12.362981,-1.522513
civ-cee79db9-2e6e-4786-bea4-267e53b2f310,2026-02-07T08:05:23,12.363074,-1.522608
civ-b7e3e859-9789-4511-9091-3013ac317000,2026-02-07T08:05:46,12.362954,-1.522477
civ-eb6bca32-ee6b-4d0a-8030-aae8db13a9d5,2026-02-07T08:06:01,12.36294,-1.52237
civ-f7b60403-c6bb-4b3e-adf7-46afadfd190b,2026-02-07T08:06:18,12.362911,-1.522445
civ-e8dc8ba3-bb2c-48c0-a27f-1f0939012fb5,2026-02-07T08:06:58,12.363939,-1.515333
civ-dbb2498a-52c9-4500-8a72-a1de35cc0a87,2026-02-07T08:06:58,12.362974,-1.522464
civ-4472992d-2849-4630-9c4d-54f39f5e8ed9,2026-02-07T08:07:31,12.364057,-1.51533
civ-aada54c8-b736-4f69-8649-471827354a37,2026-02-07T08:08:36,12.364013,-1.51534
civ-9625ea0f-0516-485b-9a2c-c109b8dc9eeb,2026-02-07T08:08:42,12.364037,-1.515438
civ-eb961fb2-fc9b-493a-b186-f94d7d40522d,2026-02-07T08:08:52,12.362913,-1.522611
civ-88351541-c041-41e4-903d-ddffd8fff7d9,2026-02-07T08:08:55,12.362792,-1.522507
civ-58babd9c-f204-49ee-985a-f994c95fa4bd,2026-02-07T08:09:40,12.362916,-1.522532
civ-22b80c92-07d6-4eb0-a931-465d2de665e3,2026-02-07T08:09:53,12.364132,-1.515566
LR-DEV-001,2026-02-07T08:10:00,12.359,-1.520896
ST-ASC-004,2026-02-07T08:10:00,12.362891,-1.522513
NEW-DEV-X1,2026-02-07T08:10:00,12.358952,-1.520588
ST-DEV-001,2026-02-07T08:10:00,12.364031,-1.515477
ST-ASC-004,2026-02-07T08:20:00,12.362906,-1.522495
LR-ASC-004,2026-02-07T08:20:00,12.360297,-1.521919
NEW-DEV-X1,2026-02-07T08:20:00,12.358967,-1.520579
ST-DEV-001,2026-02-07T08:20:00,12.364,-1.515403
LR-DEV-001,2026-02-07T08:20:00,12.359014,-1.520903
civ-5b5de6bb-92db-43c6-9982-ac8c804e1ff3,2026-02-07T08:20:04,12.364053,-1.515046
LR-ASC-004,2026-02-07T08:20:30,12.362138,-1.522277
civ-19d8cd88-9b8a-452a-a525-d1043b3c1526,2026-02-07T08:21:21,12.36408,-1.515278
civ-58babd9c-f204-49ee-985a-f994c95fa4bd,2026-02-07T08:21:46,12.362871,-1.522447
civ-bb1a3b8d-6013-4514-b1e6-efb6fe8b0a59,2026-02-07T08:24:43,12.363738,-1.515461
NEW-DEV-X1,2026-02-07T08:30:00,12.358948,-1.52056
ST-ASC-004,2026-02-07T08:30:00,12.362905,-1.522501
ST-DEV-001,2026-02-07T08:30:00,12.363988,-1.515353
LR-DEV-001,2026-02-07T08:30:00,12.359001,-1.52091
LR-ASC-004,2026-02-07T08:40:00,12.362896,-1.522507
ST-DEV-001,2026-02-07T08:40:00,12.363976,-1.515379
LR-DEV-001,2026-02-07T08:40:00,12.358992,-1.520899
NEW-DEV-X1,2026-02-07T08:40:00,12.358977,-1.520582
ST-ASC-004,2026-02-07T08:40:00,12.362913,-1.522504
LR-ASC-004,2026-02-07T08:45:00,12.362912,-1.522506
LR-ASC-004,2026-02-07T08:50:00,12.362269,-1.522382
ST-ASC-004,2026-02-07T08:50:00,12.362909,-1.5225
LR-DEV-001,2026-02-07T08:50:00,12.35901,-1.520902
ST-DEV-001,2026-02-07T08:50:00,12.36401,-1.515366
NEW-DEV-X1,2026-02-07T08:50:00,12.358983,-1.520562
LR-ASC-004,2026-02-07T08:50:30,12.360518,-1.52196
NEW-DEV-X2,2026-02-07T09:00:00,12.358951,-1.520769
ST-DEV-001,2026-02-07T09:00:00,12.363982,-1.51542
NEW-DEV-X1,2026-02-07T09:00:00,12.35898,-1.520574
ST-ASC-004,2026-02-07T09:00:00,12.362895,-1.522495
LR-DEV-001,2026-02-07T09:00:00,12.358998,-1.520904
NEW-DEV-X1,2026-02-07T09:10:00,12.358973,-1.520584
LR-DEV-001,2026-02-07T09:10:00,12.358995,-1.520897
NEW-DEV-X2,2026-02-07T09:10:00,12.358947,-1.520791
ST-ASC-004,2026-02-07T09:10:00,12.362904,-1.522497
ST-DEV-001,2026-02-07T09:10:00,12.36403,-1.515389
LR-ASC-004,2026-02-07T09:10:00,12.360297,-1.521919
LR-ASC-004,2026-02-07T09:10:30,12.359626,-1.520842
NEW-DEV-X2,2026-02-07T09:20:00,12.358942,-1.520768
NEW-DEV-X1,2026-02-07T09:20:00,12.358968,-1.52059
ST-ASC-004,2026-02-07T09:20:00,12.362901,-1.5225
LR-DEV-001,2026-02-07T09:20:00,12.358987,-1.520888
ST-DEV-001,2026-02-07T09:20:00,12.363958,-1.515415
ST-DEV-001,2026-02-07T09:30:00,12.36401,-1.515377
NEW-DEV-X1,2026-02-07T09:30:00,12.358966,-1.520595
LR-DEV-001,2026-02-07T09:30:00,12.358994,-1.520894
NEW-DEV-X2,2026-02-07T09:30:00,12.358944,-1.520773
LR-ASC-004,2026-02-07T09:30:00,12.35903,-1.520731
LR-ASC-004,2026-02-07T09:30:30,12.360485,-1.521311
ST-DEV-001,2026-02-07T09:40:00,12.363982,-1.515479
NEW-DEV-X1,2026-02-07T09:40:00,12.358971,-1.520598
LR-DEV-001,2026-02-07T09:40:00,12.358989,-1.520894
NEW-DEV-X2,2026-02-07T09:40:00,12.358941,-1.520787
LR-ASC-004,2026-02-07T09:50:00,12.360297,-1.521919
NEW-DEV-X1,2026-02-07T09:50:00,12.358974,-1.520583
ST-DEV-001,2026-02-07T09:50:00,12.364014,-1.515433
LR-DEV-001,2026-02-07T09:50:00,12.359006,-1.520897
NEW-DEV-X2,2026-02-07T09:50:00,12.358943,-1.520775
LR-ASC-004,2026-02-07T09:50:30,12.362138,-1.522277
NEW-DEV-X1,2026-02-07T10:00:00,12.358973,-1.520588
ST-DEV-001,2026-02-07T10:00:00,12.363946,-1.515476
LR-DEV-001,2026-02-07T10:00:00,12.358991,-1.520898
NEW-DEV-X2,2026-02-07T10:00:00,12.358938,-1.52078
LR-DEV-001,2026-02-07T10:10:00,12.358989,-1.520902
NEW-DEV-X2,2026-02-07T10:10:00,12.358936,-1.520768
ST-DEV-001,2026-02-07T10:10:00,12.364022,-1.515397
NEW-DEV-X1,2026-02-07T10:10:00,12.359,-1.520571
LR-ASC-004,2026-02-07T10:10:00,12.362893,-1.522499
LR-ASC-004,2026-02-07T10:15:00,12.362906,-1.522501
LR-DEV-001,2026-02-07T10:20:00,12.359009,-1.520893
ST-DEV-001,2026-02-07T10:20:00,12.363994,-1.515362
NEW-DEV-X1,2026-02-07T10:20:00,12.358961,-1.520581
LR-ASC-004,2026-02-07T10:20:00,12.362269,-1.522382
NEW-DEV-X2,2026-02-07T10:20:00,12.358941,-1.520765
LR-ASC-004,2026-02-07T10:20:30,12.360518,-1.52196
LR-DEV-001,2026-02-07T10:30:00,12.359,-1.520909
ST-DEV-001,2026-02-07T10:30:00,12.364017,-1.515356
NEW-DEV-X2,2026-02-07T10:30:00,12.358958,-1.520779
NEW-DEV-X1,2026-02-07T10:30:00,12.358967,-1.520592
NEW-DEV-X2,2026-02-07T10:40:00,12.358935,-1.520797
LR-DEV-001,2026-02-07T10:40:00,12.359006,-1.5209
LR-ASC-004,2026-02-07T10:40:00,12.360297,-1.521919
ST-DEV-001,2026-02-07T10:40:00,12.363962,-1.515401
NEW-DEV-X1,2026-02-07T10:40:00,12.35896,-1.520579
LR-ASC-004,2026-02-07T10:40:30,12.359626,-1.520842
ST-DEV-001,2026-02-07T10:50:00,12.363956,-1.515406
LR-DEV-001,2026-02-07T10:50:00,12.358979,-1.520893
NEW-DEV-X1,2026-02-07T10:50:00,12.358966,-1.520574
NEW-DEV-X2,2026-02-07T10:50:00,12.358931,-1.52079
NEW-DEV-X2,2026-02-07T11:00:00,12.358956,-1.520777
NEW-DEV-X1,2026-02-07T11:00:00,12.358981,-1.520571
LR-DEV-001,2026-02-07T11:00:00,12.359,-1.520889
ST-DEV-001,2026-02-07T11:00:00,12.363993,-1.515383
ST-DEV-001,2026-02-07T11:10:00,12.364001,-1.515383
LR-DEV-001,2026-02-07T11:10:00,12.35899,-1.520929
NEW-DEV-X2,2026-02-07T11:10:00,12.358948,-1.520798
NEW-DEV-X1,2026-02-07T11:10:00,12.358964,-1.520579
NEW-DEV-X2,2026-02-07T11:20:00,12.358933,-1.52077
ST-DEV-001,2026-02-07T11:20:00,12.364019,-1.515342
LR-DEV-001,2026-02-07T11:20:00,12.359003,-1.520897
NEW-DEV-X1,2026-02-07T11:20:00,12.358978,-1.520587
LR-DEV-001,2026-02-07T11:30:00,12.358985,-1.520909
NEW-DEV-X2,2026-02-07T11:30:00,12.358947,-1.520779
NEW-DEV-X1,2026-02-07T11:30:00,12.358965,-1.520569
ST-DEV-001,2026-02-07T11:30:00,12.363991,-1.515425
NEW-DEV-X1,2026-02-07T11:40:00,12.358974,-1.520577
NEW-DEV-X2,2026-02-07T11:40:00,12.358949,-1.520763
LR-DEV-001,2026-02-07T11:40:00,12.359025,-1.520903
ST-DEV-001,2026-02-07T11:40:00,12.364007,-1.515422
NEW-DEV-X2,2026-02-07T11:50:00,12.358942,-1.520777
NEW-DEV-X1,2026-02-07T11:50:00,12.358965,-1.520594
ST-DEV-001,2026-02-07T11:50:00,12.36404,-1.515408
LR-DEV-001,2026-02-07T11:50:00,12.359007,-1.520906
NEW-DEV-X2,2026-02-07T12:00:00,12.358946,-1.520756
NEW-DEV-X1,2026-02-07T12:00:00,12.358967,-1.520584
NEW-DEV-X2,2026-02-07T12:10:00,12.358925,-1.520772
NEW-DEV-X1,2026-02-07T12:10:00,12.358962,-1.520583
NEW-DEV-X2,2026-02-07T12:20:00,12.358943,-1.520773
NEW-DEV-X1,2026-02-07T12:20:00,12.358957,-1.520593
NEW-DEV-X2,2026-02-07T12:30:00,12.358938,-1.520778
NEW-DEV-X1,2026-02-07T12:30:00,12.358978,-1.520578
civ-52216a52-4637-4288-9689-1b401180ecf7,2026-02-07T12:38:44,12.363014,-1.522445
NEW-DEV-X2,2026-02-07T12:40:00,12.35895,-1.52075
NEW-DEV-X1,2026-02-07T12:40:00,12.358968,-1.520592
civ-e8dc8ba3-bb2c-48c0-a27f-1f0939012fb5,2026-02-07T12:43:16,12.363959,-1.515463
civ-4472992d-2849-4630-9c4d-54f39f5e8ed9,2026-02-07T12:43:28,12.363955,-1.515414
civ-9882446e-69c8-4759-964a-00f38ec7e4eb,2026-02-07T12:44:03,12.3637,-1.515403
civ-a5d5f0ac-097b-48e0-991d-f1066f980ce7,2026-02-07T12:46:30,12.363951,-1.515557
civ-5f953348-9eea-4e6f-adfb-b33b5a94eae7,2026-02-07T12:49:26,12.362834,-1.522659
NEW-DEV-X2,2026-02-07T12:50:00,12.358951,-1.520786
NEW-DEV-X1,2026-02-07T12:50:00,12.358963,-1.520586
civ-f7b60403-c6bb-4b3e-adf7-46afadfd190b,2026-02-07T12:52:41,12.364084,-1.515436
civ-9882446e-69c8-4759-964a-00f38ec7e4eb,2026-02-07T12:53:06,12.36406,-1.515323
civ-22b80c92-07d6-4eb0-a931-465d2de665e3,2026-02-07T12:55:42,12.3628,-1.522377
civ-fb779864-9bc9-4670-9e47-b8ea339c3672,2026-02-07T12:55:50,12.363945,-1.515395
civ-58babd9c-f204-49ee-985a-f994c95fa4bd,2026-02-07T12:56:28,12.362975,-1.522641
civ-cc100b8b-4558-4c64-aa34-d02bf900f083,2026-02-07T12:56:46,12.362911,-1.522493
civ-c9a81ee6-40fb-4df7-9494-366e6f87591d,2026-02-07T12:57:04,12.36407,-1.515401
civ-62bbac52-ba2e-4404-97d7-2d93b963ebf3,2026-02-07T12:57:55,12.364021,-1.515437
civ-4e6f6a58-041a-446a-b97e-2eac0f9997d3,2026-02-07T12:58:04,12.364014,-1.515393
civ-9ab99406-c557-4ff3-9546-d37339008bda,2026-02-07T12:58:39,12.362881,-1.522505
civ-62d7d317-8457-4ab1-9267-775a132d353e,2026-02-07T12:58:54,12.362899,-1.522479
civ-c2976329-879a-401f-ab0a-bec2a5026bf5,2026-02-07T12:59:42,12.364043,-1.515331
civ-0c9d309b-d3d9-4e92-9ae0-012b816f9fce,2026-02-07T12:59:47,12.363886,-1.515341
ST-ASC-004,2026-02-07T13:00:00,12.362921,-1.522489
NEW-DEV-X1,2026-02-07T13:00:00,12.358978,-1.520575
NEW-DEV-X2,2026-02-07T13:00:00,12.35894,-1.520782
civ-560e35c7-b256-4f74-b9d8-7519c1756d49,2026-02-07T13:00:13,12.362828,-1.52249
civ-5b5de6bb-92db-43c6-9982-ac8c804e1ff3,2026-02-07T13:00:25,12.36303,-1.522464
civ-155783d0-b79c-4de9-a91d-5c2e44bbd601,2026-02-07T13:00:30,12.363988,-1.515459
civ-82cfb0ab-487f-47c9-aee5-fdde8e8a17f6,2026-02-07T13:00:43,12.364008,-1.515478
civ-cece9c82-aff1-4a7b-a95f-8fede9573ccc,2026-02-07T13:00:50,12.362824,-1.522098
civ-d914300c-71f1-433a-9c13-50294a4699cb,2026-02-07T13:00:52,12.362859,-1.522461
civ-58babd9c-f204-49ee-985a-f994c95fa4bd,2026-02-07T13:01:09,12.363973,-1.515385
civ-82cfb0ab-487f-47c9-aee5-fdde8e8a17f6,2026-02-07T13:01:37,12.362826,-1.522496
civ-b7e3e859-9789-4511-9091-3013ac317000,2026-02-07T13:02:05,12.363064,-1.522561
civ-eb6bca32-ee6b-4d0a-8030-aae8db13a9d5,2026-02-07T13:03:08,12.362806,-1.522633
civ-62bbac52-ba2e-4404-97d7-2d93b963ebf3,2026-02-07T13:03:16,12.362926,-1.522464
civ-dbb2498a-52c9-4500-8a72-a1de35cc0a87,2026-02-07T13:04:27,12.362918,-1.522494
civ-5f953348-9eea-4e6f-adfb-b33b5a94eae7,2026-02-07T13:04:52,12.362922,-1.522592
ST-ASC-004,2026-02-07T13:05:00,12.362907,-1.522499
civ-52e12e63-9cf1-450f-b811-723dd006ab95,2026-02-07T13:05:11,12.364054,-1.515415
civ-cece9c82-aff1-4a7b-a95f-8fede9573ccc,2026-02-07T13:05:58,12.363997,-1.515501
civ-db07abea-ca3d-4b89-b8e6-498a67d93f8b,2026-02-07T13:06:07,12.362783,-1.522354
civ-a5d5f0ac-097b-48e0-991d-f1066f980ce7,2026-02-07T13:06:21,12.36393,-1.515439
civ-9625ea0f-0516-485b-9a2c-c109b8dc9eeb,2026-02-07T13:06:22,12.363937,-1.515401
civ-9ab99406-c557-4ff3-9546-d37339008bda,2026-02-07T13:06:35,12.36398,-1.515401
civ-aada54c8-b736-4f69-8649-471827354a37,2026-02-07T13:07:14,12.362799,-1.522413
civ-3e6a8a9e-f47d-46e1-8940-4918058ed49b,2026-02-07T13:07:43,12.363978,-1.515325
civ-02576fae-ffff-4cf6-a5bc-b03aa4a9ac88,2026-02-07T13:08:40,12.363985,-1.515397
civ-52216a52-4637-4288-9689-1b401180ecf7,2026-02-07T13:08:47,12.363912,-1.515481
civ-d914300c-71f1-433a-9c13-50294a4699cb,2026-02-07T13:09:12,12.363004,-1.522541
ST-ASC-004,2026-02-07T13:10:00,12.362909,-1.522495
NEW-DEV-X2,2026-02-07T13:10:00,12.358928,-1.520781
NEW-DEV-X1,2026-02-07T13:10:00,12.358968,-1.520593
civ-b7fa315c-1ea4-4bff-9ffe-220fb9d76e77,2026-02-07T13:10:06,12.362826,-1.522497
civ-0c9d309b-d3d9-4e92-9ae0-012b816f9fce,2026-02-07T13:10:09,12.362889,-1.522456
civ-b7fa315c-1ea4-4bff-9ffe-220fb9d76e77,2026-02-07T13:10:24,12.363923,-1.515394
civ-02576fae-ffff-4cf6-a5bc-b03aa4a9ac88,2026-02-07T13:12:20,12.36402,-1.515549
civ-d914300c-71f1-433a-9c13-50294a4699cb,2026-02-07T13:12:37,12.363986,-1.515424
ST-ASC-004,2026-02-07T13:15:00,12.3629,-1.522503
civ-bb1a3b8d-6013-4514-b1e6-efb6fe8b0a59,2026-02-07T13:17:08,12.362994,-1.5226
ST-ASC-004,2026-02-07T13:20:00,12.362899,-1.522529
NEW-DEV-X2,2026-02-07T13:20:00,12.358951,-1.520789
NEW-DEV-X1,2026-02-07T13:20:00,12.358974,-1.52059
civ-155783d0-b79c-4de9-a91d-5c2e44bbd601,2026-02-07T13:20:41,12.363188,-1.522432
civ-9625ea0f-0516-485b-9a2c-c109b8dc9eeb,2026-02-07T13:23:31,12.364013,-1.515117
ST-ASC-004,2026-02-07T13:25:00,12.362902,-1.522504
NEW-DEV-X2,2026-02-07T13:30:00,12.358953,-1.520774
LR-DEV-001,2026-02-07T13:30:00,12.35903,-1.520731
NEW-DEV-X1,2026-02-07T13:30:00,12.358967,-1.520571
ST-ASC-003,2026-02-07T13:30:00,12.359413,-1.51634
LR-DEV-001,2026-02-07T13:30:30,12.3606,-1.520219
ST-ASC-003,2026-02-07T13:30:30,12.361402,-1.515987
LR-DEV-001,2026-02-07T13:31:00,12.361061,-1.518057
LR-DEV-001,2026-02-07T13:31:30,12.361438,-1.515808
NEW-DEV-X1,2026-02-07T13:40:00,12.358979,-1.520582
NEW-DEV-X2,2026-02-07T13:40:00,12.358937,-1.520779
NEW-DEV-X2,2026-02-07T13:50:00,12.358958,-1.520771
NEW-DEV-X1,2026-02-07T13:50:00,12.358961,-1.520581
NEW-DEV-X2,2026-02-07T14:00:00,12.358944,-1.52078
LR-DEV-001,2026-02-07T14:00:00,12.362481,-1.513102
ST-ASC-003,2026-02-07T14:00:00,12.362507,-1.513109
NEW-DEV-X1,2026-02-07T14:00:00,12.358982,-1.520586
NEW-DEV-X2,2026-02-07T14:10:00,12.358945,-1.520783
ST-ASC-003,2026-02-07T14:10:00,12.362506,-1.51309
LR-DEV-001,2026-02-07T14:10:00,12.362498,-1.513104
NEW-DEV-X1,2026-02-07T14:10:00,12.358984,-1.520571
LR-DEV-001,2026-02-07T14:20:00,12.362499,-1.513098
NEW-DEV-X2,2026-02-07T14:20:00,12.358925,-1.52076
NEW-DEV-X1,2026-02-07T14:20:00,12.358987,-1.52058
ST-ASC-003,2026-02-07T14:20:00,12.362508,-1.513098
NEW-DEV-X1,2026-02-07T14:30:00,12.358977,-1.52057
NEW-DEV-X2,2026-02-07T14:30:00,12.358945,-1.520774
LR-DEV-001,2026-02-07T14:30:00,12.362499,-1.513111
ST-ASC-003,2026-02-07T14:30:00,12.362498,-1.513105
NEW-DEV-X2,2026-02-07T14:40:00,12.358943,-1.520785
LR-DEV-001,2026-02-07T14:40:00,12.362504,-1.513118
NEW-DEV-X1,2026-02-07T14:40:00,12.358976,-1.520588
ST-ASC-003,2026-02-07T14:40:00,12.362513,-1.513106
NEW-DEV-X2,2026-02-07T14:50:00,12.358942,-1.520792
ST-ASC-003,2026-02-07T14:50:00,12.362491,-1.513094
LR-DEV-001,2026-02-07T14:50:00,12.362482,-1.513093
NEW-DEV-X1,2026-02-07T14:50:00,12.358968,-1.520581
LR-DEV-001,2026-02-07T15:00:00,12.362505,-1.513101
ST-ASC-003,2026-02-07T15:00:00,12.362493,-1.513109
NEW-DEV-X1,2026-02-07T15:00:00,12.35896,-1.520584
NEW-DEV-X2,2026-02-07T15:00:00,12.358964,-1.520789
NEW-DEV-X2,2026-02-07T15:10:00,12.358935,-1.520782
NEW-DEV-X1,2026-02-07T15:10:00,12.358982,-1.520603
ST-ASC-003,2026-02-07T15:10:00,12.362487,-1.513104
LR-DEV-001,2026-02-07T15:10:00,12.362487,-1.513106
NEW-DEV-X1,2026-02-07T15:20:00,12.358986,-1.520573
ST-ASC-003,2026-02-07T15:20:00,12.362499,-1.513098
NEW-DEV-X2,2026-02-07T15:20:00,12.358956,-1.520778
LR-DEV-001,2026-02-07T15:20:00,12.362498,-1.513114
NEW-DEV-X1,2026-02-07T15:30:00,12.358968,-1.520578
NEW-DEV-X2,2026-02-07T15:30:00,12.358933,-1.520767
LR-DEV-001,2026-02-07T15:30:00,12.362493,-1.513094
NEW-DEV-X1,2026-02-07T15:40:00,12.358972,-1.520572
NEW-DEV-X2,2026-02-07T15:40:00,12.358951,-1.520773
LR-DEV-001,2026-02-07T15:40:00,12.362513,-1.513104
NEW-DEV-X1,2026-02-07T15:50:00,12.358981,-1.520596
LR-DEV-001,2026-02-07T15:50:00,12.362507,-1.513117
NEW-DEV-X2,2026-02-07T15:50:00,12.35895,-1.520756
NEW-DEV-X1,2026-02-07T16:00:00,12.358977,-1.520585
LR-DEV-001,2026-02-07T16:00:00,12.362506,-1.513107
NEW-DEV-X1,2026-02-07T16:10:00,12.358973,-1.52059
LR-DEV-001,2026-02-07T16:10:00,12.362503,-1.513102
LR-DEV-001,2026-02-07T16:20:00,12.362512,-1.513108
NEW-DEV-X1,2026-02-07T16:20:00,12.358988,-1.520574
LR-DEV-001,2026-02-07T16:30:00,12.362506,-1.513103
NEW-DEV-X1,2026-02-07T16:30:00,12.358965,-1.520595
NEW-DEV-X1,2026-02-07T16:40:00,12.358969,-1.520579
LR-DEV-001,2026-02-07T16:40:00,12.362499,-1.513102
NEW-DEV-X1,2026-02-07T16:50:00,12.358974,-1.520572
LR-DEV-001,2026-02-07T16:50:00,12.362492,-1.5131
ST-DEV-001,2026-02-07T17:00:00,12.363601,-1.515311
LR-DEV-001,2026-02-07T17:00:00,12.362499,-1.513098
ST-DEV-001,2026-02-07T17:00:30,12.363146,-1.517565
ST-DEV-001,2026-02-07T17:01:00,12.361374,-1.517809
ST-DEV-001,2026-02-07T17:01:30,12.359229,-1.517357
LR-DEV-001,2026-02-07T17:10:00,12.362501,-1.513093
LR-DEV-001,2026-02-07T17:20:00,12.362508,-1.513109
LR-DEV-001,2026-02-07T17:30:00,12.362508,-1.513111
LR-DEV-001,2026-02-07T17:40:00,12.362505,-1.513094
LR-DEV-001,2026-02-07T17:50:00,12.362483,-1.513099
LR-DEV-001,2026-02-07T18:00:00,12.361831,-1.514451
LR-DEV-001,2026-02-07T18:00:30,12.361354,-1.516534
LR-DEV-001,2026-02-07T18:01:00,12.360976,-1.518793
LR-DEV-001,2026-02-07T18:01:30,12.360586,-1.520956
ST-DEV-001,2026-02-08T05:30:00,12.359678,-1.516375
VEH-039-0,2026-02-08T05:30:00,12.364466,-1.521212
VEH-039-0,2026-02-08T05:30:30,12.36496,-1.518575
VEH-039-0,2026-02-08T05:31:00,12.362497,-1.518014
VEH-039-0,2026-02-08T05:31:30,12.361353,-1.516538
ST-DEV-001,2026-02-08T05:40:00,12.359689,-1.516384
VEH-039-1,2026-02-08T05:40:00,12.364466,-1.521212
VEH-039-1,2026-02-08T05:40:30,12.36496,-1.518575
VEH-039-1,2026-02-08T05:41:00,12.362497,-1.518014
VEH-039-1,2026-02-08T05:41:30,12.361353,-1.516538
ST-DEV-001,2026-02-08T05:50:00,12.359728,-1.516392
ST-DEV-001,2026-02-08T06:00:00,12.359673,-1.516417
ST-ASC-003,2026-02-08T06:00:00,12.359413,-1.51634
ST-ASC-003,2026-02-08T06:00:30,12.361402,-1.515987
ST-DEV-001,2026-02-08T06:10:00,12.359724,-1.516403
ST-DEV-001,2026-02-08T06:20:00,12.359701,-1.516386
ST-DEV-001,2026-02-08T06:30:00,12.359713,-1.516395
VEH-039-0,2026-02-08T06:30:00,12.3625,-1.513088
VEH-039-0,2026-02-08T06:40:00,12.36251,-1.51311
ST-DEV-001,2026-02-08T06:40:00,12.359696,-1.516406
VEH-039-1,2026-02-08T06:40:00,12.362495,-1.51311
VEH-039-1,2026-02-08T06:50:00,12.362521,-1.513083
VEH-039-0,2026-02-08T06:50:00,12.362494,-1.513091
ST-DEV-001,2026-02-08T06:50:00,12.359715,-1.51639
NEW-DEV-X3,2026-02-08T07:00:00,12.358679,-1.520634
ST-ASC-003,2026-02-08T07:00:00,12.362493,-1.513092
LR-DEV-001,2026-02-08T07:00:00,12.358996,-1.52089
ST-DEV-001,2026-02-08T07:00:00,12.359695,-1.516381
VEH-039-0,2026-02-08T07:00:00,12.362476,-1.513101
VEH-039-1,2026-02-08T07:00:00,12.36249,-1.513086
ST-ASC-003,2026-02-08T07:10:00,12.362494,-1.513094
ST-DEV-001,2026-02-08T07:10:00,12.359698,-1.516415
VEH-039-0,2026-02-08T07:10:00,12.362487,-1.513104
VEH-039-1,2026-02-08T07:10:00,12.362496,-1.513099
NEW-DEV-X3,2026-02-08T07:10:00,12.358697,-1.52061
LR-DEV-001,2026-02-08T07:10:00,12.359018,-1.520896
NEW-DEV-X3,2026-02-08T07:20:00,12.358691,-1.520612
VEH-039-1,2026-02-08T07:20:00,12.362499,-1.513106
ST-ASC-003,2026-02-08T07:20:00,12.362497,-1.513118
LR-DEV-001,2026-02-08T07:20:00,12.359001,-1.5209
VEH-039-0,2026-02-08T07:20:00,12.362497,-1.513103
ST-DEV-001,2026-02-08T07:20:00,12.359686,-1.516418
ST-ASC-004,2026-02-08T07:30:00,12.362892,-1.522505
LR-DEV-001,2026-02-08T07:30:00,12.358979,-1.520893
NEW-DEV-X3,2026-02-08T07:30:00,12.358722,-1.520613
VEH-039-1,2026-02-08T07:30:00,12.362509,-1.513099
ST-ASC-003,2026-02-08T07:30:00,12.362495,-1.513111
ST-DEV-001,2026-02-08T07:30:00,12.359413,-1.51634
ST-DEV-001,2026-02-08T07:30:30,12.360477,-1.517563
ST-DEV-001,2026-02-08T07:31:00,12.362689,-1.517976
ST-DEV-001,2026-02-08T07:31:30,12.363412,-1.516165
civ-5f953348-9eea-4e6f-adfb-b33b5a94eae7,2026-02-08T07:39:53,12.36406,-1.515558
ST-ASC-003,2026-02-08T07:40:00,12.3625,-1.513111
NEW-DEV-X3,2026-02-08T07:40:00,12.358699,-1.520617
ST-ASC-004,2026-02-08T07:40:00,12.362907,-1.522502
LR-DEV-001,2026-02-08T07:40:00,12.359001,-1.520896
civ-69fb9cc1-ef25-4bcf-92ba-fd2160d52f85,2026-02-08T07:41:44,12.364,-1.515538
civ-7acf1504-7434-49b3-ade9-cad12822f55f,2026-02-08T07:43:11,12.364012,-1.515229
civ-aada54c8-b736-4f69-8649-471827354a37,2026-02-08T07:45:03,12.362898,-1.52243
civ-abb599b3-970c-4aed-a7cd-a2f03dd05458,2026-02-08T07:45:25,12.364003,-1.515514
civ-4e6f6a58-041a-446a-b97e-2eac0f9997d3,2026-02-08T07:45:40,12.362985,-1.522363
civ-5b5de6bb-92db-43c6-9982-ac8c804e1ff3,2026-02-08T07:48:47,12.363042,-1.522574
ST-ASC-003,2026-02-08T07:50:00,12.362508,-1.513101
ST-ASC-004,2026-02-08T07:50:00,12.362888,-1.522484
NEW-DEV-X3,2026-02-08T07:50:00,12.358697,-1.520613
LR-DEV-001,2026-02-08T07:50:00,12.358994,-1.520903
civ-c9a81ee6-40fb-4df7-9494-366e6f87591d,2026-02-08T07:50:59,12.362994,-1.522442
civ-dbb2498a-52c9-4500-8a72-a1de35cc0a87,2026-02-08T07:53:52,12.363043,-1.522472
civ-cece9c82-aff1-4a7b-a95f-8fede9573ccc,2026-02-08T07:56:08,12.364034,-1.515484
civ-4e6f6a58-041a-446a-b97e-2eac0f9997d3,2026-02-08T07:56:14,12.363953,-1.515183
civ-e20dc56d-a415-4159-b4a5-869333b3e011,2026-02-08T07:56:49,12.363992,-1.515389
civ-19d8cd88-9b8a-452a-a525-d1043b3c1526,2026-02-08T07:57:40,12.363977,-1.515392
civ-b7fa315c-1ea4-4bff-9ffe-220fb9d76e77,2026-02-08T07:57:40,12.364062,-1.515388
civ-8481ec28-d882-446a-b3db-32ba460d4b17,2026-02-08T07:58:44,12.363989,-1.515487
civ-cee79db9-2e6e-4786-bea4-267e53b2f310,2026-02-08T07:59:08,12.36403,-1.515316
ST-DEV-001,2026-02-08T08:00:00,12.363993,-1.515367
LR-ASC-004,2026-02-08T08:00:00,12.35903,-1.520731
NEW-DEV-X1,2026-02-08T08:00:00,12.358973,-1.520579
ST-ASC-004,2026-02-08T08:00:00,12.362903,-1.522513
LR-DEV-001,2026-02-08T08:00:00,12.358996,-1.520891
NEW-DEV-X3,2026-02-08T08:00:00,12.35869,-1.520595
ST-ASC-003,2026-02-08T08:00:00,12.361831,-1.514451
civ-58babd9c-f204-49ee-985a-f994c95fa4bd,2026-02-08T08:00:10,12.364112,-1.515377
civ-52e12e63-9cf1-450f-b811-723dd006ab95,2026-02-08T08:00:23,12.362857,-1.522416
ST-ASC-003,2026-02-08T08:00:30,12.360786,-1.516085
civ-e8dc8ba3-bb2c-48c0-a27f-1f0939012fb5,2026-02-08T08:00:30,12.363958,-1.515383
LR-ASC-004,2026-02-08T08:00:30,12.360485,-1.521311
civ-fb779864-9bc9-4670-9e47-b8ea339c3672,2026-02-08T08:00:34,12.364017,-1.515365
civ-068f17d0-0065-405c-bdd7-f715203c8e19,2026-02-08T08:00:40,12.364018,-1.515371
civ-0c9d309b-d3d9-4e92-9ae0-012b816f9fce,2026-02-08T08:00:45,12.363985,-1.51534
civ-9ab99406-c557-4ff3-9546-d37339008bda,2026-02-08T08:00:51,12.362982,-1.52256
civ-c2976329-879a-401f-ab0a-bec2a5026bf5,2026-02-08T08:00:52,12.364084,-1.515292
civ-d8b7daca-ee30-436f-8068-55f18110860d,2026-02-08T08:00:56,12.362794,-1.522481
civ-c967612c-4cbd-48d4-93ae-3c8a9efdb5fc,2026-02-08T08:01:05,12.363985,-1.515474
civ-dbb2498a-52c9-4500-8a72-a1de35cc0a87,2026-02-08T08:01:18,12.364031,-1.515428
civ-52e12e63-9cf1-450f-b811-723dd006ab95,2026-02-08T08:01:22,12.36388,-1.515508
civ-c2976329-879a-401f-ab0a-bec2a5026bf5,2026-02-08T08:01:23,12.362845,-1.522485
civ-3e6a8a9e-f47d-46e1-8940-4918058ed49b,2026-02-08T08:01:31,12.363886,-1.515333
civ-52216a52-4637-4288-9689-1b401180ecf7,2026-02-08T08:01:36,12.36412,-1.515368
civ-cee79db9-2e6e-4786-bea4-267e53b2f310,2026-02-08T08:01:59,12.362896,-1.522554
civ-7acf1504-7434-49b3-ade9-cad12822f55f,2026-02-08T08:02:04,12.364025,-1.515292
civ-52216a52-4637-4288-9689-1b401180ecf7,2026-02-08T08:02:13,12.362907,-1.522667
civ-c967612c-4cbd-48d4-93ae-3c8a9efdb5fc,2026-02-08T08:02:18,12.363063,-1.522699
civ-19d8cd88-9b8a-452a-a525-d1043b3c1526,2026-02-08T08:02:19,12.363079,-1.52252
civ-62bbac52-ba2e-4404-97d7-2d93b963ebf3,2026-02-08T08:02:20,12.363068,-1.522562
civ-9625ea0f-0516-485b-9a2c-c109b8dc9eeb,2026-02-08T08:02:28,12.364008,-1.51543
civ-155783d0-b79c-4de9-a91d-5c2e44bbd601,2026-02-08T08:02:30,12.362596,-1.522649
civ-7acf1504-7434-49b3-ade9-cad12822f55f,2026-02-08T08:02:31,12.362999,-1.522427
civ-0c9d309b-d3d9-4e92-9ae0-012b816f9fce,2026-02-08T08:03:12,12.36282,-1.522545
civ-02576fae-ffff-4cf6-a5bc-b03aa4a9ac88,2026-02-08T08:03:20,12.363903,-1.515462
civ-8481ec28-d882-446a-b3db-32ba460d4b17,2026-02-08T08:03:28,12.362873,-1.522595
civ-5f953348-9eea-4e6f-adfb-b33b5a94eae7,2026-02-08T08:03:33,12.364062,-1.515436
civ-1728b5a6-c412-442d-b081-e8a8b42b5e38,2026-02-08T08:03:52,12.364088,-1.51539
civ-d914300c-71f1-433a-9c13-50294a4699cb,2026-02-08T08:03:59,12.363897,-1.515395
civ-aada54c8-b736-4f69-8649-471827354a37,2026-02-08T08:04:00,12.364043,-1.515416
civ-cfaec9ab-5ac9-4b7c-a1c3-b15e20dcb410,2026-02-08T08:04:09,12.362922,-1.522539
civ-eb6bca32-ee6b-4d0a-8030-aae8db13a9d5,2026-02-08T08:04:34,12.362913,-1.522467
civ-155783d0-b79c-4de9-a91d-5c2e44bbd601,2026-02-08T08:05:08,12.362946,-1.522494
civ-eb6bca32-ee6b-4d0a-8030-aae8db13a9d5,2026-02-08T08:05:26,12.363908,-1.515464
civ-eb961fb2-fc9b-493a-b186-f94d7d40522d,2026-02-08T08:05:28,12.36407,-1.5154
civ-d914300c-71f1-433a-9c13-50294a4699cb,2026-02-08T08:05:30,12.362782,-1.522531
civ-bb1a3b8d-6013-4514-b1e6-efb6fe8b0a59,2026-02-08T08:05:44,12.362888,-1.522563
civ-88351541-c041-41e4-903d-ddffd8fff7d9,2026-02-08T08:05:59,12.362893,-1.522524
civ-e8dc8ba3-bb2c-48c0-a27f-1f0939012fb5,2026-02-08T08:06:05,12.362917,-1.522552
civ-abb599b3-970c-4aed-a7cd-a2f03dd05458,2026-02-08T08:06:08,12.362841,-1.522348
civ-c49fd41d-7955-4cb5-b6a7-786718622610,2026-02-08T08:06:14,12.362987,-1.522413
civ-cc100b8b-4558-4c64-aa34-d02bf900f083,2026-02-08T08:07:16,12.362934,-1.522562
civ-b7fa315c-1ea4-4bff-9ffe-220fb9d76e77,2026-02-08T08:07:27,12.362939,-1.522478
civ-b7e3e859-9789-4511-9091-3013ac317000,2026-02-08T08:07:31,12.363059,-1.522526
civ-aada54c8-b736-4f69-8649-471827354a37,2026-02-08T08:07:33,12.362865,-1.522503
civ-c49fd41d-7955-4cb5-b6a7-786718622610,2026-02-08T08:07:46,12.364069,-1.515312
civ-4472992d-2849-4630-9c4d-54f39f5e8ed9,2026-02-08T08:08:41,12.364013,-1.51542
civ-155783d0-b79c-4de9-a91d-5c2e44bbd601,2026-02-08T08:09:44,12.364085,-1.515371
NEW-DEV-X1,2026-02-08T08:10:00,12.35897,-1.520584
LR-DEV-001,2026-02-08T08:10:00,12.358997,-1.520881
ST-ASC-004,2026-02-08T08:10:00,12.362896,-1.522499
NEW-DEV-X3,2026-02-08T08:10:00,12.358705,-1.52061
ST-DEV-001,2026-02-08T08:10:00,12.363978,-1.515395
civ-a5d5f0ac-097b-48e0-991d-f1066f980ce7,2026-02-08T08:10:17,12.363052,-1.522559
civ-c9a81ee6-40fb-4df7-9494-366e6f87591d,2026-02-08T08:11:32,12.36401,-1.515337
civ-52216a52-4637-4288-9689-1b401180ecf7,2026-02-08T08:11:43,12.364119,-1.515553
civ-eb961fb2-fc9b-493a-b186-f94d7d40522d,2026-02-08T08:14:09,12.362927,-1.522548
civ-aada54c8-b736-4f69-8649-471827354a37,2026-02-08T08:17:17,12.364009,-1.515453
civ-22b80c92-07d6-4eb0-a931-465d2de665e3,2026-02-08T08:19:34,12.364151,-1.515343
NEW-DEV-X3,2026-02-08T08:20:00,12.358673,-1.520614
ST-DEV-001,2026-02-08T08:20:00,12.363982,-1.515407
ST-ASC-004,2026-02-08T08:20:00,12.362915,-1.52251
NEW-DEV-X1,2026-02-08T08:20:00,12.35897,-1.520574
LR-DEV-001,2026-02-08T08:20:00,12.359004,-1.520911
LR-ASC-004,2026-02-08T08:20:00,12.360297,-1.521919
LR-ASC-004,2026-02-08T08:20:30,12.362138,-1.522277
ST-DEV-001,2026-02-08T08:30:00,12.363959,-1.515406
ST-ASC-004,2026-02-08T08:30:00,12.362909,-1.522487
NEW-DEV-X1,2026-02-08T08:30:00,12.358976,-1.520581
NEW-DEV-X3,2026-02-08T08:30:00,12.358718,-1.520613
LR-DEV-001,2026-02-08T08:30:00,12.358999,-1.520906
ST-DEV-001,2026-02-08T08:40:00,12.363995,-1.515385
LR-ASC-004,2026-02-08T08:40:00,12.362894,-1.522525
LR-DEV-001,2026-02-08T08:40:00,12.35898,-1.520886
NEW-DEV-X3,2026-02-08T08:40:00,12.358704,-1.520598
NEW-DEV-X1,2026-02-08T08:40:00,12.358961,-1.520586
ST-ASC-004,2026-02-08T08:40:00,12.362894,-1.522502
LR-ASC-004,2026-02-08T08:45:00,12.362911,-1.522486
NEW-DEV-X1,2026-02-08T08:50:00,12.35898,-1.520583
ST-ASC-004,2026-02-08T08:50:00,12.362891,-1.522502
LR-DEV-001,2026-02-08T08:50:00,12.359006,-1.520895
LR-ASC-004,2026-02-08T08:50:00,12.362269,-1.522382
ST-DEV-001,2026-02-08T08:50:00,12.364006,-1.515432
NEW-DEV-X3,2026-02-08T08:50:00,12.358696,-1.520619
LR-ASC-004,2026-02-08T08:50:30,12.360518,-1.52196
ST-DEV-001,2026-02-08T09:00:00,12.364029,-1.515394
NEW-DEV-X1,2026-02-08T09:00:00,12.358978,-1.520567
NEW-DEV-X3,2026-02-08T09:00:00,12.358672,-1.520605
NEW-DEV-X2,2026-02-08T09:00:00,12.358953,-1.520775
ST-ASC-004,2026-02-08T09:00:00,12.3629,-1.522494
LR-DEV-001,2026-02-08T09:00:00,12.359001,-1.520912
NEW-DEV-X1,2026-02-08T09:10:00,12.358981,-1.520582
LR-ASC-004,2026-02-08T09:10:00,12.360297,-1.521919
NEW-DEV-X3,2026-02-08T09:10:00,12.358687,-1.520609
NEW-DEV-X2,2026-02-08T09:10:00,12.358937,-1.520761
ST-DEV-001,2026-02-08T09:10:00,12.364005,-1.5154
LR-DEV-001,2026-02-08T09:10:00,12.358996,-1.520892
ST-ASC-004,2026-02-08T09:10:00,12.36291,-1.522507
LR-ASC-004,2026-02-08T09:10:30,12.359626,-1.520842
NEW-DEV-X3,2026-02-08T09:20:00,12.358683,-1.520613
NEW-DEV-X2,2026-02-08T09:20:00,12.358945,-1.520787
NEW-DEV-X1,2026-02-08T09:20:00,12.358967,-1.520606
LR-DEV-001,2026-02-08T09:20:00,12.358991,-1.520923
ST-ASC-004,2026-02-08T09:20:00,12.362882,-1.5225
ST-DEV-001,2026-02-08T09:20:00,12.363986,-1.515394
NEW-DEV-X3,2026-02-08T09:30:00,12.358694,-1.520609
NEW-DEV-X2,2026-02-08T09:30:00,12.358952,-1.520774
LR-DEV-001,2026-02-08T09:30:00,12.358998,-1.520901
NEW-DEV-X1,2026-02-08T09:30:00,12.35897,-1.520586
LR-ASC-004,2026-02-08T09:30:00,12.35903,-1.520731
ST-DEV-001,2026-02-08T09:30:00,12.364013,-1.515447
LR-ASC-004,2026-02-08T09:30:30,12.360485,-1.521311
ST-DEV-001,2026-02-08T09:40:00,12.363985,-1.515407
NEW-DEV-X2,2026-02-08T09:40:00,12.358948,-1.520782
NEW-DEV-X1,2026-02-08T09:40:00,12.358976,-1.520584
LR-DEV-001,2026-02-08T09:40:00,12.359001,-1.520893
NEW-DEV-X3,2026-02-08T09:40:00,12.358684,-1.5206
NEW-DEV-X3,2026-02-08T09:50:00,12.358689,-1.520626
ST-DEV-001,2026-02-08T09:50:00,12.364007,-1.515368
LR-DEV-001,2026-02-08T09:50:00,12.359006,-1.520898
NEW-DEV-X2,2026-02-08T09:50:00,12.358948,-1.52078
LR-ASC-004,2026-02-08T09:50:00,12.360297,-1.521919
NEW-DEV-X1,2026-02-08T09:50:00,12.358969,-1.520599
LR-ASC-004,2026-02-08T09:50:30,12.362138,-1.522277
NEW-DEV-X3,2026-02-08T10:00:00,12.358693,-1.520611
LR-DEV-001,2026-02-08T10:00:00,12.359011,-1.520914
NEW-DEV-X2,2026-02-08T10:00:00,12.358949,-1.520795
ST-DEV-001,2026-02-08T10:00:00,12.363979,-1.515413
NEW-DEV-X1,2026-02-08T10:00:00,12.358964,-1.520579
LR-DEV-001,2026-02-08T10:10:00,12.359005,-1.520894
ST-DEV-001,2026-02-08T10:10:00,12.363986,-1.515422
NEW-DEV-X1,2026-02-08T10:10:00,12.358987,-1.520584
LR-ASC-004,2026-02-08T10:10:00,12.362895,-1.522502
NEW-DEV-X2,2026-02-08T10:10:00,12.35894,-1.520763
NEW-DEV-X3,2026-02-08T10:10:00,12.358695,-1.520599
LR-ASC-004,2026-02-08T10:15:00,12.362893,-1.522497
NEW-DEV-X3,2026-02-08T10:20:00,12.358692,-1.520612
ST-DEV-001,2026-02-08T10:20:00,12.363991,-1.515379
NEW-DEV-X2,2026-02-08T10:20:00,12.358937,-1.520783
LR-DEV-001,2026-02-08T10:20:00,12.358989,-1.520914
NEW-DEV-X1,2026-02-08T10:20:00,12.358975,-1.520574
LR-ASC-004,2026-02-08T10:20:00,12.362269,-1.522382
LR-ASC-004,2026-02-08T10:20:30,12.360518,-1.52196
LR-DEV-001,2026-02-08T10:30:00,12.358993,-1.520906
NEW-DEV-X3,2026-02-08T10:30:00,12.358684,-1.520604
NEW-DEV-X1,2026-02-08T10:30:00,12.358965,-1.52058
NEW-DEV-X2,2026-02-08T10:30:00,12.35894,-1.520789
ST-DEV-001,2026-02-08T10:30:00,12.363972,-1.515388
ST-DEV-001,2026-02-08T10:40:00,12.363954,-1.515415
NEW-DEV-X1,2026-02-08T10:40:00,12.358965,-1.520575
NEW-DEV-X3,2026-02-08T10:40:00,12.358696,-1.520615
LR-DEV-001,2026-02-08T10:40:00,12.359007,-1.520906
NEW-DEV-X2,2026-02-08T10:40:00,12.358924,-1.52078
LR-ASC-004,2026-02-08T10:40:00,12.360297,-1.521919
LR-ASC-004,2026-02-08T10:40:30,12.359626,-1.520842
NEW-DEV-X2,2026-02-08T10:50:00,12.358945,-1.520778
NEW-DEV-X3,2026-02-08T10:50:00,12.358677,-1.520598
LR-DEV-001,2026-02-08T10:50:00,12.358992,-1.520906
ST-DEV-001,2026-02-08T10:50:00,12.363991,-1.515355
NEW-DEV-X1,2026-02-08T10:50:00,12.358973,-1.52058
NEW-DEV-X1,2026-02-08T11:00:00,12.358965,-1.520577
NEW-DEV-X2,2026-02-08T11:00:00,12.358943,-1.520778
LR-DEV-001,2026-02-08T11:00:00,12.35901,-1.5209
ST-DEV-001,2026-02-08T11:00:00,12.363993,-1.515459
NEW-DEV-X3,2026-02-08T11:00:00,12.358683,-1.520616
LR-ASC-004,2026-02-08T11:00:00,12.35903,-1.520731
LR-ASC-004,2026-02-08T11:00:30,12.360485,-1.521311
LR-DEV-001,2026-02-08T11:10:00,12.358998,-1.520901
NEW-DEV-X2,2026-02-08T11:10:00,12.358953,-1.52078
NEW-DEV-X3,2026-02-08T11:10:00,12.358697,-1.520622
NEW-DEV-X1,2026-02-08T11:10:00,12.358991,-1.520592
ST-DEV-001,2026-02-08T11:10:00,12.363946,-1.515399
ST-DEV-001,2026-02-08T11:20:00,12.364017,-1.51539
LR-ASC-004,2026-02-08T11:20:00,12.360297,-1.521919
NEW-DEV-X2,2026-02-08T11:20:00,12.358939,-1.520781
NEW-DEV-X1,2026-02-08T11:20:00,12.358969,-1.520581
NEW-DEV-X3,2026-02-08T11:20:00,12.358681,-1.52063
LR-DEV-001,2026-02-08T11:20:00,12.359012,-1.520907
LR-ASC-004,2026-02-08T11:20:30,12.362138,-1.522277
NEW-DEV-X1,2026-02-08T11:30:00,12.358979,-1.520588
NEW-DEV-X3,2026-02-08T11:30:00,12.3587,-1.520616
LR-DEV-001,2026-02-08T11:30:00,12.359012,-1.520898
NEW-DEV-X2,2026-02-08T11:30:00,12.358949,-1.520765
ST-DEV-001,2026-02-08T11:30:00,12.364005,-1.515369
LR-DEV-001,2026-02-08T11:40:00,12.358999,-1.520877
ST-DEV-001,2026-02-08T11:40:00,12.363985,-1.515376
NEW-DEV-X2,2026-02-08T11:40:00,12.358938,-1.520777
NEW-DEV-X3,2026-02-08T11:40:00,12.35872,-1.52062
LR-ASC-004,2026-02-08T11:40:00,12.36291,-1.522516
NEW-DEV-X1,2026-02-08T11:40:00,12.358947,-1.520571
LR-ASC-004,2026-02-08T11:45:00,12.362904,-1.522502
LR-DEV-001,2026-02-08T11:50:00,12.35899,-1.520903
NEW-DEV-X3,2026-02-08T11:50:00,12.358686,-1.520616
LR-ASC-004,2026-02-08T11:50:00,12.362269,-1.522382
NEW-DEV-X1,2026-02-08T11:50:00,12.358979,-1.520599
ST-DEV-001,2026-02-08T11:50:00,12.363956,-1.515424
NEW-DEV-X2,2026-02-08T11:50:00,12.358947,-1.520787
LR-ASC-004,2026-02-08T11:50:30,12.360518,-1.52196
NEW-DEV-X2,2026-02-08T12:00:00,12.358944,-1.520791
NEW-DEV-X1,2026-02-08T12:00:00,12.358967,-1.520569
NEW-DEV-X3,2026-02-08T12:00:00,12.358696,-1.520615
NEW-DEV-X3,2026-02-08T12:10:00,12.3587,-1.52062
NEW-DEV-X2,2026-02-08T12:10:00,12.358928,-1.520775
LR-ASC-004,2026-02-08T12:10:00,12.360297,-1.521919
NEW-DEV-X1,2026-02-08T12:10:00,12.358985,-1.520575
LR-ASC-004,2026-02-08T12:10:30,12.359626,-1.520842
NEW-DEV-X3,2026-02-08T12:20:00,12.358682,-1.520627
NEW-DEV-X1,2026-02-08T12:20:00,12.35897,-1.520582
NEW-DEV-X2,2026-02-08T12:20:00,12.358941,-1.520776
NEW-DEV-X2,2026-02-08T12:30:00,12.358944,-1.520787
NEW-DEV-X3,2026-02-08T12:30:00,12.358674,-1.520616
NEW-DEV-X1,2026-02-08T12:30:00,12.358971,-1.520573
civ-88351541-c041-41e4-903d-ddffd8fff7d9,2026-02-08T12:37:18,12.362936,-1.522505
civ-cfaec9ab-5ac9-4b7c-a1c3-b15e20dcb410,2026-02-08T12:38:15,12.363226,-1.522494
NEW-DEV-X3,2026-02-08T12:40:00,12.358691,-1.520617
NEW-DEV-X1,2026-02-08T12:40:00,12.358964,-1.52059
NEW-DEV-X2,2026-02-08T12:40:00,12.358944,-1.520789
civ-4472992d-2849-4630-9c4d-54f39f5e8ed9,2026-02-08T12:49:38,12.362845,-1.522143
NEW-DEV-X1,2026-02-08T12:50:00,12.358981,-1.520583
NEW-DEV-X3,2026-02-08T12:50:00,12.358705,-1.5206
NEW-DEV-X2,2026-02-08T12:50:00,12.358957,-1.52079
civ-155783d0-b79c-4de9-a91d-5c2e44bbd601,2026-02-08T12:52:43,12.36393,-1.515457
civ-d8b7daca-ee30-436f-8068-55f18110860d,2026-02-08T12:55:31,12.362772,-1.522644
civ-f7b60403-c6bb-4b3e-adf7-46afadfd190b,2026-02-08T12:55:49,12.363918,-1.515375
civ-db07abea-ca3d-4b89-b8e6-498a67d93f8b,2026-02-08T12:55:53,12.362611,-1.522174
civ-0c9d309b-d3d9-4e92-9ae0-012b816f9fce,2026-02-08T12:56:00,12.363977,-1.515514
civ-62d7d317-8457-4ab1-9267-775a132d353e,2026-02-08T12:56:39,12.363948,-1.515342
civ-58babd9c-f204-49ee-985a-f994c95fa4bd,2026-02-08T12:56:50,12.362804,-1.522404
civ-c2976329-879a-401f-ab0a-bec2a5026bf5,2026-02-08T12:57:02,12.363941,-1.515505
civ-8481ec28-d882-446a-b3db-32ba460d4b17,2026-02-08T12:57:34,12.362924,-1.522519
civ-d914300c-71f1-433a-9c13-50294a4699cb,2026-02-08T12:57:41,12.364076,-1.51555
civ-eb961fb2-fc9b-493a-b186-f94d7d40522d,2026-02-08T12:57:55,12.364076,-1.515509
civ-bb1a3b8d-6013-4514-b1e6-efb6fe8b0a59,2026-02-08T12:58:56,12.363846,-1.515388
civ-a5d5f0ac-097b-48e0-991d-f1066f980ce7,2026-02-08T12:59:09,12.363936,-1.51539
civ-a5d5f0ac-097b-48e0-991d-f1066f980ce7,2026-02-08T12:59:33,12.362872,-1.522423
NEW-DEV-X2,2026-02-08T13:00:00,12.358942,-1.520787
NEW-DEV-X3,2026-02-08T13:00:00,12.358691,-1.520627
ST-ASC-004,2026-02-08T13:00:00,12.362903,-1.522498
ST-DEV-001,2026-02-08T13:00:00,12.363601,-1.515311
civ-9625ea0f-0516-485b-9a2c-c109b8dc9eeb,2026-02-08T13:00:00,12.364,-1.51529
NEW-DEV-X1,2026-02-08T13:00:00,12.358984,-1.520589
civ-88351541-c041-41e4-903d-ddffd8fff7d9,2026-02-08T13:00:14,12.364054,-1.515393
civ-52216a52-4637-4288-9689-1b401180ecf7,2026-02-08T13:00:15,12.36409,-1.515239
civ-c9a81ee6-40fb-4df7-9494-366e6f87591d,2026-02-08T13:00:24,12.36391,-1.51551
civ-fb779864-9bc9-4670-9e47-b8ea339c3672,2026-02-08T13:00:26,12.363928,-1.515283
civ-7acf1504-7434-49b3-ade9-cad12822f55f,2026-02-08T13:00:26,12.362874,-1.522438
ST-DEV-001,2026-02-08T13:00:30,12.361614,-1.515156
civ-c967612c-4cbd-48d4-93ae-3c8a9efdb5fc,2026-02-08T13:00:30,12.362935,-1.522563
civ-dbb2498a-52c9-4500-8a72-a1de35cc0a87,2026-02-08T13:00:34,12.363015,-1.522541
civ-69fb9cc1-ef25-4bcf-92ba-fd2160d52f85,2026-02-08T13:00:53,12.364035,-1.51534
civ-155783d0-b79c-4de9-a91d-5c2e44bbd601,2026-02-08T13:00:55,12.362948,-1.522488
civ-a5d5f0ac-097b-48e0-991d-f1066f980ce7,2026-02-08T13:01:08,12.362982,-1.522511
civ-c9a81ee6-40fb-4df7-9494-366e6f87591d,2026-02-08T13:01:10,12.362889,-1.522566
civ-d8b7daca-ee30-436f-8068-55f18110860d,2026-02-08T13:01:45,12.363036,-1.522564
civ-7acf1504-7434-49b3-ade9-cad12822f55f,2026-02-08T13:02:06,12.36419,-1.515357
civ-bb1a3b8d-6013-4514-b1e6-efb6fe8b0a59,2026-02-08T13:02:09,12.364005,-1.515347
civ-62bbac52-ba2e-4404-97d7-2d93b963ebf3,2026-02-08T13:02:14,12.362938,-1.522552
civ-88351541-c041-41e4-903d-ddffd8fff7d9,2026-02-08T13:02:25,12.362878,-1.522611
civ-c2976329-879a-401f-ab0a-bec2a5026bf5,2026-02-08T13:03:01,12.36301,-1.522556
civ-5b5de6bb-92db-43c6-9982-ac8c804e1ff3,2026-02-08T13:03:16,12.362903,-1.522431
civ-db07abea-ca3d-4b89-b8e6-498a67d93f8b,2026-02-08T13:03:46,12.362969,-1.522522
civ-eb6bca32-ee6b-4d0a-8030-aae8db13a9d5,2026-02-08T13:04:36,12.363023,-1.522555
civ-4e6f6a58-041a-446a-b97e-2eac0f9997d3,2026-02-08T13:04:36,12.362891,-1.522457
civ-cc100b8b-4558-4c64-aa34-d02bf900f083,2026-02-08T13:04:47,12.363977,-1.51525
ST-ASC-004,2026-02-08T13:05:00,12.362897,-1.522499
civ-9ab99406-c557-4ff3-9546-d37339008bda,2026-02-08T13:05:02,12.362896,-1.522468
civ-c967612c-4cbd-48d4-93ae-3c8a9efdb5fc,2026-02-08T13:05:48,12.364059,-1.51546
civ-9ab99406-c557-4ff3-9546-d37339008bda,2026-02-08T13:06:04,12.364014,-1.515321
civ-d914300c-71f1-433a-9c13-50294a4699cb,2026-02-08T13:06:15,12.362936,-1.522564
civ-62d7d317-8457-4ab1-9267-775a132d353e,2026-02-08T13:06:22,12.36291,-1.522498
civ-b7fa315c-1ea4-4bff-9ffe-220fb9d76e77,2026-02-08T13:06:24,12.362828,-1.522463
civ-dbb2498a-52c9-4500-8a72-a1de35cc0a87,2026-02-08T13:06:48,12.362802,-1.522495
civ-cece9c82-aff1-4a7b-a95f-8fede9573ccc,2026-02-08T13:06:51,12.362983,-1.522588
civ-19d8cd88-9b8a-452a-a525-d1043b3c1526,2026-02-08T13:07:37,12.364077,-1.515508
civ-eb961fb2-fc9b-493a-b186-f94d7d40522d,2026-02-08T13:08:01,12.364049,-1.515555
civ-abb599b3-970c-4aed-a7cd-a2f03dd05458,2026-02-08T13:08:35,12.364099,-1.515391
NEW-DEV-X3,2026-02-08T13:10:00,12.358689,-1.520616
ST-ASC-004,2026-02-08T13:10:00,12.362914,-1.522497
NEW-DEV-X2,2026-02-08T13:10:00,12.358949,-1.520781
NEW-DEV-X1,2026-02-08T13:10:00,12.358972,-1.520591
civ-c967612c-4cbd-48d4-93ae-3c8a9efdb5fc,2026-02-08T13:10:12,12.364069,-1.515443
civ-0c9d309b-d3d9-4e92-9ae0-012b816f9fce,2026-02-08T13:11:01,12.362832,-1.522539
ST-ASC-004,2026-02-08T13:15:00,12.362897,-1.522505
civ-4472992d-2849-4630-9c4d-54f39f5e8ed9,2026-02-08T13:15:03,12.363907,-1.515278
civ-7acf1504-7434-49b3-ade9-cad12822f55f,2026-02-08T13:16:53,12.364006,-1.515318
civ-c9a81ee6-40fb-4df7-9494-366e6f87591d,2026-02-08T13:18:22,12.36291,-1.522673
civ-cfaec9ab-5ac9-4b7c-a1c3-b15e20dcb410,2026-02-08T13:19:51,12.363933,-1.515496
ST-ASC-004,2026-02-08T13:20:00,12.362898,-1.522485
NEW-DEV-X2,2026-02-08T13:20:00,12.358939,-1.52077
NEW-DEV-X3,2026-02-08T13:20:00,12.358688,-1.520617
NEW-DEV-X1,2026-02-08T13:20:00,12.358972,-1.520596
civ-8481ec28-d882-446a-b3db-32ba460d4b17,2026-02-08T13:24:09,12.364227,-1.515275
civ-82cfb0ab-487f-47c9-aee5-fdde8e8a17f6,2026-02-08T13:24:14,12.362763,-1.522338
civ-abb599b3-970c-4aed-a7cd-a2f03dd05458,2026-02-08T13:24:25,12.364109,-1.515243
civ-cc100b8b-4558-4c64-aa34-d02bf900f083,2026-02-08T13:24:45,12.363115,-1.522481
ST-ASC-004,2026-02-08T13:25:00,12.362898,-1.5225
civ-19d8cd88-9b8a-452a-a525-d1043b3c1526,2026-02-08T13:25:15,12.363857,-1.515443
NEW-DEV-X3,2026-02-08T13:30:00,12.358688,-1.520614
ST-DEV-001,2026-02-08T13:30:00,12.362484,-1.513102
LR-DEV-001,2026-02-08T13:30:00,12.35903,-1.520731
NEW-DEV-X1,2026-02-08T13:30:00,12.358968,-1.520596
ST-ASC-003,2026-02-08T13:30:00,12.359413,-1.51634
NEW-DEV-X2,2026-02-08T13:30:00,12.358944,-1.520773
ST-ASC-003,2026-02-08T13:30:30,12.361402,-1.515987
LR-DEV-001,2026-02-08T13:30:30,12.3606,-1.520219
LR-DEV-001,2026-02-08T13:31:00,12.361061,-1.518057
LR-DEV-001,2026-02-08T13:31:30,12.361438,-1.515808
NEW-DEV-X2,2026-02-08T13:40:00,12.358935,-1.520791
ST-DEV-001,2026-02-08T13:40:00,12.3625,-1.513099
NEW-DEV-X1,2026-02-08T13:40:00,12.358978,-1.520577
NEW-DEV-X3,2026-02-08T13:40:00,12.358688,-1.520609
NEW-DEV-X2,2026-02-08T13:50:00,12.358945,-1.520781
NEW-DEV-X1,2026-02-08T13:50:00,12.358956,-1.520571
ST-DEV-001,2026-02-08T13:50:00,12.362501,-1.513108
NEW-DEV-X3,2026-02-08T13:50:00,12.358697,-1.520619
ST-ASC-003,2026-02-08T14:00:00,12.362498,-1.513094
NEW-DEV-X3,2026-02-08T14:00:00,12.358705,-1.52062
NEW-DEV-X2,2026-02-08T14:00:00,12.35895,-1.520779
LR-DEV-001,2026-02-08T14:00:00,12.362489,-1.513091
NEW-DEV-X1,2026-02-08T14:00:00,12.358994,-1.520583
VEH-COL-039-0,2026-02-08T14:00:00,12.362496,-1.513112
ST-DEV-001,2026-02-08T14:00:00,12.362498,-1.513113
VEH-COL-039-1,2026-02-08T14:00:00,12.362513,-1.513093
NEW-DEV-X1,2026-02-08T14:10:00,12.358966,-1.520558
VEH-COL-039-0,2026-02-08T14:10:00,12.362492,-1.513115
NEW-DEV-X2,2026-02-08T14:10:00,12.358946,-1.520793
ST-ASC-003,2026-02-08T14:10:00,12.362509,-1.5131
ST-DEV-001,2026-02-08T14:10:00,12.362512,-1.513103
LR-DEV-001,2026-02-08T14:10:00,12.362515,-1.513085
NEW-DEV-X3,2026-02-08T14:10:00,12.358679,-1.520608
VEH-COL-039-1,2026-02-08T14:10:00,12.362499,-1.513097
VEH-COL-039-0,2026-02-08T14:20:00,12.3625,-1.513111
LR-DEV-001,2026-02-08T14:20:00,12.362511,-1.513102
ST-DEV-001,2026-02-08T14:20:00,12.362496,-1.513086
VEH-COL-039-1,2026-02-08T14:20:00,12.362495,-1.513099
ST-ASC-003,2026-02-08T14:20:00,12.362493,-1.513116
NEW-DEV-X2,2026-02-08T14:20:00,12.358961,-1.520779
NEW-DEV-X1,2026-02-08T14:20:00,12.35896,-1.520583
NEW-DEV-X3,2026-02-08T14:20:00,12.358687,-1.520608
NEW-DEV-X2,2026-02-08T14:30:00,12.35895,-1.520786
VEH-COL-039-0,2026-02-08T14:30:00,12.362498,-1.513088
ST-ASC-003,2026-02-08T14:30:00,12.362494,-1.513106
ST-DEV-001,2026-02-08T14:30:00,12.362489,-1.51311
VEH-COL-039-1,2026-02-08T14:30:00,12.362501,-1.513091
NEW-DEV-X3,2026-02-08T14:30:00,12.358672,-1.520598
NEW-DEV-X1,2026-02-08T14:30:00,12.358974,-1.520571
LR-DEV-001,2026-02-08T14:30:00,12.362497,-1.513115
NEW-DEV-X3,2026-02-08T14:40:00,12.3587,-1.520625
ST-DEV-001,2026-02-08T14:40:00,12.36249,-1.513101
VEH-COL-039-0,2026-02-08T14:40:00,12.362511,-1.5131
LR-DEV-001,2026-02-08T14:40:00,12.362518,-1.513096
NEW-DEV-X2,2026-02-08T14:40:00,12.358947,-1.52079
ST-ASC-003,2026-02-08T14:40:00,12.362501,-1.513103
VEH-COL-039-1,2026-02-08T14:40:00,12.362509,-1.513096
NEW-DEV-X1,2026-02-08T14:40:00,12.358975,-1.520587
NEW-DEV-X2,2026-02-08T14:50:00,12.358948,-1.520781
ST-ASC-003,2026-02-08T14:50:00,12.362506,-1.513106
VEH-COL-039-0,2026-02-08T14:50:00,12.362499,-1.513083
VEH-COL-039-1,2026-02-08T14:50:00,12.362497,-1.513093
LR-DEV-001,2026-02-08T14:50:00,12.362496,-1.513088
ST-DEV-001,2026-02-08T14:50:00,12.362504,-1.513093
NEW-DEV-X3,2026-02-08T14:50:00,12.358681,-1.520596
NEW-DEV-X1,2026-02-08T14:50:00,12.358963,-1.520586
NEW-DEV-X3,2026-02-08T15:00:00,12.358687,-1.520619
NEW-DEV-X1,2026-02-08T15:00:00,12.358963,-1.520583
ST-DEV-001,2026-02-08T15:00:00,12.362523,-1.51312
ST-ASC-003,2026-02-08T15:00:00,12.362499,-1.513089
LR-DEV-001,2026-02-08T15:00:00,12.362491,-1.513096
NEW-DEV-X2,2026-02-08T15:00:00,12.358944,-1.520772
VEH-COL-039-0,2026-02-08T15:00:00,12.362505,-1.513103
VEH-COL-039-1,2026-02-08T15:00:00,12.362499,-1.51311
ST-ASC-003,2026-02-08T15:10:00,12.362503,-1.513101
NEW-DEV-X1,2026-02-08T15:10:00,12.358967,-1.520596
NEW-DEV-X2,2026-02-08T15:10:00,12.358933,-1.520784
VEH-COL-039-0,2026-02-08T15:10:00,12.362487,-1.513096
ST-DEV-001,2026-02-08T15:10:00,12.362505,-1.513105
VEH-COL-039-1,2026-02-08T15:10:00,12.362496,-1.513099
LR-DEV-001,2026-02-08T15:10:00,12.362498,-1.513094
NEW-DEV-X3,2026-02-08T15:10:00,12.358674,-1.520614
LR-DEV-001,2026-02-08T15:20:00,12.362499,-1.513113
NEW-DEV-X1,2026-02-08T15:20:00,12.358983,-1.520587
VEH-COL-039-1,2026-02-08T15:20:00,12.362508,-1.513102
NEW-DEV-X3,2026-02-08T15:20:00,12.358692,-1.520605
ST-ASC-003,2026-02-08T15:20:00,12.362495,-1.513106
ST-DEV-001,2026-02-08T15:20:00,12.362495,-1.513106
VEH-COL-039-0,2026-02-08T15:20:00,12.362507,-1.513106
NEW-DEV-X2,2026-02-08T15:20:00,12.358948,-1.520759
ST-DEV-001,2026-02-08T15:30:00,12.362492,-1.513085
VEH-COL-039-0,2026-02-08T15:30:00,12.362503,-1.513103
NEW-DEV-X1,2026-02-08T15:30:00,12.358961,-1.520585
VEH-COL-039-1,2026-02-08T15:30:00,12.362489,-1.513099
LR-DEV-001,2026-02-08T15:30:00,12.362501,-1.513091
NEW-DEV-X2,2026-02-08T15:30:00,12.358943,-1.520773
NEW-DEV-X3,2026-02-08T15:30:00,12.358681,-1.520625
NEW-DEV-X1,2026-02-08T15:40:00,12.358973,-1.520599
VEH-COL-039-0,2026-02-08T15:40:00,12.362498,-1.513122
VEH-COL-039-1,2026-02-08T15:40:00,12.362501,-1.513098
NEW-DEV-X2,2026-02-08T15:40:00,12.358943,-1.520761
ST-DEV-001,2026-02-08T15:40:00,12.362508,-1.5131
NEW-DEV-X3,2026-02-08T15:40:00,12.358698,-1.520602
LR-DEV-001,2026-02-08T15:40:00,12.3625,-1.513093
LR-DEV-001,2026-02-08T15:50:00,12.362491,-1.5131
NEW-DEV-X1,2026-02-08T15:50:00,12.358975,-1.520592
ST-DEV-001,2026-02-08T15:50:00,12.362512,-1.513114
VEH-COL-039-0,2026-02-08T15:50:00,12.362498,-1.513091
NEW-DEV-X2,2026-02-08T15:50:00,12.358928,-1.520777
VEH-COL-039-1,2026-02-08T15:50:00,12.362508,-1.513091
NEW-DEV-X3,2026-02-08T15:50:00,12.35868,-1.520601
VEH-COL-039-1,2026-02-08T16:00:00,12.362495,-1.513106
NEW-DEV-X1,2026-02-08T16:00:00,12.358987,-1.520578
LR-DEV-001,2026-02-08T16:00:00,12.362494,-1.513093
NEW-DEV-X3,2026-02-08T16:00:00,12.358694,-1.520601
ST-DEV-001,2026-02-08T16:00:00,12.362488,-1.51312
VEH-COL-039-0,2026-02-08T16:00:00,12.362494,-1.5131
VEH-COL-039-1,2026-02-08T16:10:00,12.362491,-1.513094
NEW-DEV-X1,2026-02-08T16:10:00,12.358968,-1.52059
NEW-DEV-X3,2026-02-08T16:10:00,12.358693,-1.520634
ST-DEV-001,2026-02-08T16:10:00,12.362494,-1.513099
VEH-COL-039-0,2026-02-08T16:10:00,12.362493,-1.513097
LR-DEV-001,2026-02-08T16:10:00,12.3625,-1.513094
ST-DEV-001,2026-02-08T16:20:00,12.362501,-1.513099
NEW-DEV-X3,2026-02-08T16:20:00,12.358693,-1.520601
VEH-COL-039-0,2026-02-08T16:20:00,12.362498,-1.513108
LR-DEV-001,2026-02-08T16:20:00,12.36251,-1.513094
NEW-DEV-X1,2026-02-08T16:20:00,12.358971,-1.520577
VEH-COL-039-1,2026-02-08T16:20:00,12.362513,-1.513103
LR-DEV-001,2026-02-08T16:30:00,12.362502,-1.513109
VEH-COL-039-1,2026-02-08T16:30:00,12.362498,-1.513087
VEH-COL-039-0,2026-02-08T16:30:00,12.362512,-1.513092
NEW-DEV-X1,2026-02-08T16:30:00,12.358972,-1.520585
NEW-DEV-X3,2026-02-08T16:30:00,12.358686,-1.520614
ST-DEV-001,2026-02-08T16:30:00,12.362487,-1.513093
LR-DEV-001,2026-02-08T16:40:00,12.3625,-1.513105
VEH-COL-039-0,2026-02-08T16:40:00,12.362495,-1.513096
VEH-COL-039-1,2026-02-08T16:40:00,12.362505,-1.513096
NEW-DEV-X1,2026-02-08T16:40:00,12.358973,-1.520588
ST-DEV-001,2026-02-08T16:40:00,12.362502,-1.513093
NEW-DEV-X3,2026-02-08T16:40:00,12.358692,-1.520637
VEH-COL-039-0,2026-02-08T16:50:00,12.362505,-1.513094
NEW-DEV-X1,2026-02-08T16:50:00,12.358969,-1.520602
ST-DEV-001,2026-02-08T16:50:00,12.362483,-1.513097
LR-DEV-001,2026-02-08T16:50:00,12.362497,-1.513103
VEH-COL-039-1,2026-02-08T16:50:00,12.362489,-1.513094
NEW-DEV-X3,2026-02-08T16:50:00,12.358709,-1.520619
VEH-COL-039-0,2026-02-08T17:00:00,12.362485,-1.513091
LR-DEV-001,2026-02-08T17:00:00,12.362491,-1.513118
VEH-COL-039-1,2026-02-08T17:00:00,12.362492,-1.51311
ST-DEV-001,2026-02-08T17:00:00,12.362489,-1.513104
NEW-DEV-X3,2026-02-08T17:00:00,12.358699,-1.520612
NEW-DEV-X3,2026-02-08T17:10:00,12.358705,-1.520607
VEH-COL-039-0,2026-02-08T17:10:00,12.362495,-1.513103
ST-DEV-001,2026-02-08T17:10:00,12.362505,-1.513099
LR-DEV-001,2026-02-08T17:10:00,12.362494,-1.513098
VEH-COL-039-1,2026-02-08T17:10:00,12.362497,-1.513105
ST-DEV-001,2026-02-08T17:20:00,12.362492,-1.5131
NEW-DEV-X3,2026-02-08T17:20:00,12.358692,-1.520619
VEH-COL-039-0,2026-02-08T17:20:00,12.362524,-1.513097
VEH-COL-039-1,2026-02-08T17:20:00,12.362498,-1.513113
LR-DEV-001,2026-02-08T17:20:00,12.362488,-1.5131
VEH-COL-039-1,2026-02-08T17:30:00,12.362509,-1.51309
ST-DEV-001,2026-02-08T17:30:00,12.362486,-1.51309
VEH-COL-039-0,2026-02-08T17:30:00,12.362497,-1.51312
LR-DEV-001,2026-02-08T17:30:00,12.362517,-1.513091
NEW-DEV-X3,2026-02-08T17:30:00,12.358701,-1.520628
VEH-COL-039-1,2026-02-08T17:40:00,12.362482,-1.513091
VEH-COL-039-0,2026-02-08T17:40:00,12.362513,-1.513112
LR-DEV-001,2026-02-08T17:40:00,12.362515,-1.513096
ST-DEV-001,2026-02-08T17:40:00,12.362498,-1.51309
NEW-DEV-X3,2026-02-08T17:40:00,12.3587,-1.520621
VEH-COL-039-1,2026-02-08T17:50:00,12.362493,-1.513092
ST-DEV-001,2026-02-08T17:50:00,12.362495,-1.513105
VEH-COL-039-0,2026-02-08T17:50:00,12.362491,-1.513103
NEW-DEV-X3,2026-02-08T17:50:00,12.358705,-1.52061
LR-DEV-001,2026-02-08T17:50:00,12.362511,-1.513107
ST-DEV-001,2026-02-08T18:00:00,12.361831,-1.514451
LR-DEV-001,2026-02-08T18:00:00,12.361831,-1.514451
ST-DEV-001,2026-02-08T18:00:30,12.361153,-1.516164
LR-DEV-001,2026-02-08T18:00:30,12.361354,-1.516534
LR-DEV-001,2026-02-08T18:01:00,12.360976,-1.518793
LR-DEV-001,2026-02-08T18:01:30,12.360586,-1.520956
ST-DEV-001,2026-02-09T05:30:00,12.359699,-1.516399
VEH-040-0,2026-02-09T05:30:00,12.364466,-1.521212
VEH-040-0,2026-02-09T05:30:30,12.36496,-1.518575
VEH-040-0,2026-02-09T05:31:00,12.362497,-1.518014
VEH-040-0,2026-02-09T05:31:30,12.361353,-1.516538
ST-DEV-001,2026-02-09T05:40:00,12.359697,-1.516378
VEH-040-1,2026-02-09T05:40:00,12.364466,-1.521212
VEH-040-1,2026-02-09T05:40:30,12.36496,-1.518575
VEH-040-1,2026-02-09T05:41:00,12.362497,-1.518014
VEH-040-1,2026-02-09T05:41:30,12.361353,-1.516538
ST-DEV-001,2026-02-09T05:50:00,12.359678,-1.516389
ST-DEV-001,2026-02-09T06:00:00,12.35972,-1.516387
ST-ASC-003,2026-02-09T06:00:00,12.359413,-1.51634
ST-ASC-003,2026-02-09T06:00:30,12.361402,-1.515987
ST-DEV-001,2026-02-09T06:10:00,12.359742,-1.51641
ST-DEV-001,2026-02-09T06:20:00,12.359717,-1.516402
VEH-040-0,2026-02-09T06:30:00,12.362511,-1.513107
ST-DEV-001,2026-02-09T06:30:00,12.359722,-1.5164
ST-DEV-001,2026-02-09T06:40:00,12.359693,-1.516376
VEH-040-0,2026-02-09T06:40:00,12.362492,-1.513104
VEH-040-1,2026-02-09T06:40:00,12.36251,-1.5131
ST-DEV-001,2026-02-09T06:50:00,12.359691,-1.516425
VEH-040-0,2026-02-09T06:50:00,12.362502,-1.513101
VEH-040-1,2026-02-09T06:50:00,12.362496,-1.513102
ST-ASC-003,2026-02-09T07:00:00,12.362501,-1.513103
ST-DEV-001,2026-02-09T07:00:00,12.359691,-1.516389
VEH-040-0,2026-02-09T07:00:00,12.362505,-1.513112
VEH-040-1,2026-02-09T07:00:00,12.362498,-1.513095
LR-DEV-001,2026-02-09T07:00:00,12.359011,-1.520911
NEW-DEV-X3,2026-02-09T07:00:00,12.358686,-1.52063
ST-ASC-003,2026-02-09T07:10:00,12.362488,-1.513103
ST-DEV-001,2026-02-09T07:10:00,12.359725,-1.516398
VEH-040-0,2026-02-09T07:10:00,12.362493,-1.513101
LR-DEV-001,2026-02-09T07:10:00,12.359004,-1.520912
VEH-040-1,2026-02-09T07:10:00,12.362512,-1.513097
NEW-DEV-X3,2026-02-09T07:10:00,12.358681,-1.520609
LR-DEV-001,2026-02-09T07:20:00,12.35901,-1.520902
NEW-DEV-X3,2026-02-09T07:20:00,12.358676,-1.520624
ST-DEV-001,2026-02-09T07:20:00,12.359724,-1.516424
VEH-040-0,2026-02-09T07:20:00,12.362517,-1.513101
VEH-040-1,2026-02-09T07:20:00,12.362511,-1.513109
ST-ASC-003,2026-02-09T07:20:00,12.362505,-1.513095
VEH-040-1,2026-02-09T07:30:00,12.362496,-1.513107
LR-DEV-001,2026-02-09T07:30:00,12.359011,-1.520896
NEW-DEV-X3,2026-02-09T07:30:00,12.358694,-1.520616
ST-ASC-004,2026-02-09T07:30:00,12.362889,-1.522493
ST-DEV-001,2026-02-09T07:30:00,12.359413,-1.51634
ST-ASC-003,2026-02-09T07:30:00,12.362483,-1.513101
ST-DEV-001,2026-02-09T07:30:30,12.360477,-1.517563
ST-DEV-001,2026-02-09T07:31:00,12.362689,-1.517976
ST-DEV-001,2026-02-09T07:31:30,12.363412,-1.516165
civ-9625ea0f-0516-485b-9a2c-c109b8dc9eeb,2026-02-09T07:37:43,12.364131,-1.515491
civ-c967612c-4cbd-48d4-93ae-3c8a9efdb5fc,2026-02-09T07:39:41,12.364078,-1.515432
NEW-DEV-X3,2026-02-09T07:40:00,12.358712,-1.520594
LR-DEV-001,2026-02-09T07:40:00,12.358989,-1.520887
ST-ASC-004,2026-02-09T07:40:00,12.362892,-1.522504
ST-ASC-003,2026-02-09T07:40:00,12.362488,-1.513092
civ-bb1a3b8d-6013-4514-b1e6-efb6fe8b0a59,2026-02-09T07:41:43,12.363766,-1.515209
civ-fb779864-9bc9-4670-9e47-b8ea339c3672,2026-02-09T07:46:10,12.363037,-1.522345
NEW-DEV-X3,2026-02-09T07:50:00,12.358686,-1.520606
ST-ASC-003,2026-02-09T07:50:00,12.362507,-1.513108
LR-DEV-001,2026-02-09T07:50:00,12.359014,-1.520892
ST-ASC-004,2026-02-09T07:50:00,12.362905,-1.522506
civ-82cfb0ab-487f-47c9-aee5-fdde8e8a17f6,2026-02-09T07:54:32,12.363937,-1.515501
civ-cc100b8b-4558-4c64-aa34-d02bf900f083,2026-02-09T07:54:43,12.362897,-1.522561
civ-4e6f6a58-041a-446a-b97e-2eac0f9997d3,2026-02-09T07:55:44,12.362892,-1.522383
civ-b7fa315c-1ea4-4bff-9ffe-220fb9d76e77,2026-02-09T07:56:36,12.362951,-1.522444
civ-155783d0-b79c-4de9-a91d-5c2e44bbd601,2026-02-09T07:57:49,12.363871,-1.515322
civ-7acf1504-7434-49b3-ade9-cad12822f55f,2026-02-09T07:58:07,12.362976,-1.522477
civ-22b80c92-07d6-4eb0-a931-465d2de665e3,2026-02-09T07:58:41,12.363899,-1.515249
civ-8481ec28-d882-446a-b3db-32ba460d4b17,2026-02-09T07:58:59,12.362942,-1.522691
civ-9882446e-69c8-4759-964a-00f38ec7e4eb,2026-02-09T07:59:02,12.363868,-1.515335
civ-0c9d309b-d3d9-4e92-9ae0-012b816f9fce,2026-02-09T07:59:07,12.364097,-1.515296
civ-c967612c-4cbd-48d4-93ae-3c8a9efdb5fc,2026-02-09T07:59:08,12.36273,-1.522475
civ-02576fae-ffff-4cf6-a5bc-b03aa4a9ac88,2026-02-09T07:59:17,12.36407,-1.515371
civ-db07abea-ca3d-4b89-b8e6-498a67d93f8b,2026-02-09T07:59:25,12.364049,-1.515347
civ-52216a52-4637-4288-9689-1b401180ecf7,2026-02-09T07:59:28,12.363974,-1.515349
civ-e20dc56d-a415-4159-b4a5-869333b3e011,2026-02-09T07:59:32,12.363969,-1.515461
LR-DEV-001,2026-02-09T08:00:00,12.358993,-1.520903
ST-DEV-001,2026-02-09T08:00:00,12.363988,-1.515408
NEW-DEV-X3,2026-02-09T08:00:00,12.358701,-1.520616
NEW-DEV-X1,2026-02-09T08:00:00,12.358951,-1.520581
ST-ASC-004,2026-02-09T08:00:00,12.3629,-1.522503
ST-ASC-003,2026-02-09T08:00:00,12.361831,-1.514451
LR-ASC-004,2026-02-09T08:00:00,12.35903,-1.520731
LR-ASC-004,2026-02-09T08:00:30,12.360485,-1.521311
ST-ASC-003,2026-02-09T08:00:30,12.360786,-1.516085
civ-eb6bca32-ee6b-4d0a-8030-aae8db13a9d5,2026-02-09T08:00:55,12.364087,-1.515467
civ-c2976329-879a-401f-ab0a-bec2a5026bf5,2026-02-09T08:01:00,12.362866,-1.522503
civ-62d7d317-8457-4ab1-9267-775a132d353e,2026-02-09T08:01:20,12.364024,-1.515335
civ-8481ec28-d882-446a-b3db-32ba460d4b17,2026-02-09T08:01:42,12.364098,-1.515453
civ-e20dc56d-a415-4159-b4a5-869333b3e011,2026-02-09T08:01:55,12.362798,-1.522417
civ-dbb2498a-52c9-4500-8a72-a1de35cc0a87,2026-02-09T08:02:07,12.364057,-1.515528
civ-58babd9c-f204-49ee-985a-f994c95fa4bd,2026-02-09T08:02:22,12.364053,-1.51531
civ-cee79db9-2e6e-4786-bea4-267e53b2f310,2026-02-09T08:02:27,12.363937,-1.515352
civ-5b5de6bb-92db-43c6-9982-ac8c804e1ff3,2026-02-09T08:02:33,12.362902,-1.522455
civ-b7e3e859-9789-4511-9091-3013ac317000,2026-02-09T08:02:55,12.363835,-1.515456
civ-d914300c-71f1-433a-9c13-50294a4699cb,2026-02-09T08:03:11,12.363917,-1.515377
civ-c9a81ee6-40fb-4df7-9494-366e6f87591d,2026-02-09T08:03:17,12.363768,-1.515372
civ-bb1a3b8d-6013-4514-b1e6-efb6fe8b0a59,2026-02-09T08:03:20,12.362866,-1.522379
civ-cece9c82-aff1-4a7b-a95f-8fede9573ccc,2026-02-09T08:03:20,12.363016,-1.522403
civ-19d8cd88-9b8a-452a-a525-d1043b3c1526,2026-02-09T08:03:21,12.364082,-1.515371
civ-cee79db9-2e6e-4786-bea4-267e53b2f310,2026-02-09T08:03:24,12.363944,-1.515701
civ-1728b5a6-c412-442d-b081-e8a8b42b5e38,2026-02-09T08:03:32,12.362958,-1.522352
civ-88351541-c041-41e4-903d-ddffd8fff7d9,2026-02-09T08:04:11,12.36401,-1.515536
civ-4472992d-2849-4630-9c4d-54f39f5e8ed9,2026-02-09T08:04:57,12.364017,-1.515468
civ-c9a81ee6-40fb-4df7-9494-366e6f87591d,2026-02-09T08:05:01,12.362853,-1.522544
civ-dbb2498a-52c9-4500-8a72-a1de35cc0a87,2026-02-09T08:05:20,12.362955,-1.522538
civ-c49fd41d-7955-4cb5-b6a7-786718622610,2026-02-09T08:06:19,12.364036,-1.515471
civ-88351541-c041-41e4-903d-ddffd8fff7d9,2026-02-09T08:06:37,12.362878,-1.522652
civ-cc100b8b-4558-4c64-aa34-d02bf900f083,2026-02-09T08:06:59,12.364148,-1.515517
civ-c967612c-4cbd-48d4-93ae-3c8a9efdb5fc,2026-02-09T08:07:08,12.364095,-1.515468
civ-abb599b3-970c-4aed-a7cd-a2f03dd05458,2026-02-09T08:07:12,12.363905,-1.515306
civ-f7b60403-c6bb-4b3e-adf7-46afadfd190b,2026-02-09T08:07:19,12.364195,-1.515405
civ-4472992d-2849-4630-9c4d-54f39f5e8ed9,2026-02-09T08:07:34,12.363041,-1.522451
civ-560e35c7-b256-4f74-b9d8-7519c1756d49,2026-02-09T08:07:55,12.364023,-1.515328
civ-fb779864-9bc9-4670-9e47-b8ea339c3672,2026-02-09T08:08:03,12.362942,-1.522431
civ-d8b7daca-ee30-436f-8068-55f18110860d,2026-02-09T08:08:47,12.362872,-1.522463
NEW-DEV-X3,2026-02-09T08:10:00,12.358681,-1.520611
NEW-DEV-X1,2026-02-09T08:10:00,12.358975,-1.520583
ST-ASC-004,2026-02-09T08:10:00,12.362901,-1.522521
LR-DEV-001,2026-02-09T08:10:00,12.359001,-1.520906
ST-DEV-001,2026-02-09T08:10:00,12.363997,-1.515398
civ-e20dc56d-a415-4159-b4a5-869333b3e011,2026-02-09T08:10:05,12.363026,-1.522526
civ-62bbac52-ba2e-4404-97d7-2d93b963ebf3,2026-02-09T08:10:52,12.362918,-1.522553
civ-7acf1504-7434-49b3-ade9-cad12822f55f,2026-02-09T08:14:35,12.362918,-1.52272
civ-0c9d309b-d3d9-4e92-9ae0-012b816f9fce,2026-02-09T08:15:50,12.364025,-1.515397
civ-eb6bca32-ee6b-4d0a-8030-aae8db13a9d5,2026-02-09T08:19:29,12.362868,-1.522517
NEW-DEV-X3,2026-02-09T08:20:00,12.358692,-1.520615
LR-ASC-004,2026-02-09T08:20:00,12.360297,-1.521919
NEW-DEV-X1,2026-02-09T08:20:00,12.358966,-1.520601
ST-DEV-001,2026-02-09T08:20:00,12.364019,-1.515412
ST-ASC-004,2026-02-09T08:20:00,12.362884,-1.522494
LR-DEV-001,2026-02-09T08:20:00,12.359015,-1.520899
civ-4e6f6a58-041a-446a-b97e-2eac0f9997d3,2026-02-09T08:20:28,12.36385,-1.515407
LR-ASC-004,2026-02-09T08:20:30,12.362138,-1.522277
civ-1728b5a6-c412-442d-b081-e8a8b42b5e38,2026-02-09T08:20:50,12.362947,-1.522513
civ-abb599b3-970c-4aed-a7cd-a2f03dd05458,2026-02-09T08:23:16,12.36398,-1.515449
civ-02576fae-ffff-4cf6-a5bc-b03aa4a9ac88,2026-02-09T08:24:42,12.362902,-1.522514
LR-DEV-001,2026-02-09T08:30:00,12.358976,-1.520897
NEW-DEV-X1,2026-02-09T08:30:00,12.358975,-1.52057
ST-ASC-004,2026-02-09T08:30:00,12.362909,-1.522508
NEW-DEV-X3,2026-02-09T08:30:00,12.358698,-1.520618
ST-DEV-001,2026-02-09T08:30:00,12.364004,-1.515401
NEW-DEV-X3,2026-02-09T08:40:00,12.358684,-1.52061
NEW-DEV-X1,2026-02-09T08:40:00,12.358967,-1.520579
ST-ASC-004,2026-02-09T08:40:00,12.362898,-1.522497
ST-DEV-001,2026-02-09T08:40:00,12.363975,-1.515403
LR-DEV-001,2026-02-09T08:40:00,12.358997,-1.520901
LR-ASC-004,2026-02-09T08:40:00,12.362893,-1.522498
LR-ASC-004,2026-02-09T08:45:00,12.362906,-1.522491
LR-ASC-004,2026-02-09T08:50:00,12.362269,-1.522382
ST-DEV-001,2026-02-09T08:50:00,12.363996,-1.515404
ST-ASC-004,2026-02-09T08:50:00,12.362906,-1.522518
NEW-DEV-X3,2026-02-09T08:50:00,12.358697,-1.520622
LR-DEV-001,2026-02-09T08:50:00,12.358997,-1.520893
NEW-DEV-X1,2026-02-09T08:50:00,12.358958,-1.520579
LR-ASC-004,2026-02-09T08:50:30,12.360518,-1.52196
NEW-DEV-X2,2026-02-09T09:00:00,12.358935,-1.520762
NEW-DEV-X1,2026-02-09T09:00:00,12.358968,-1.52059
ST-DEV-001,2026-02-09T09:00:00,12.364001,-1.515398
ST-ASC-004,2026-02-09T09:00:00,12.362892,-1.522503
LR-DEV-001,2026-02-09T09:00:00,12.35901,-1.520897
NEW-DEV-X3,2026-02-09T09:00:00,12.358702,-1.520627
NEW-DEV-X1,2026-02-09T09:10:00,12.358965,-1.520587
NEW-DEV-X2,2026-02-09T09:10:00,12.358959,-1.520786
ST-ASC-004,2026-02-09T09:10:00,12.362906,-1.522478
ST-DEV-001,2026-02-09T09:10:00,12.363988,-1.515366
LR-ASC-004,2026-02-09T09:10:00,12.360297,-1.521919
LR-DEV-001,2026-02-09T09:10:00,12.358997,-1.5209
NEW-DEV-X3,2026-02-09T09:10:00,12.358689,-1.520613
LR-ASC-004,2026-02-09T09:10:30,12.359626,-1.520842
NEW-DEV-X3,2026-02-09T09:20:00,12.358688,-1.520616
NEW-DEV-X2,2026-02-09T09:20:00,12.358945,-1.520784
NEW-DEV-X1,2026-02-09T09:20:00,12.358975,-1.520595
ST-ASC-004,2026-02-09T09:20:00,12.362898,-1.522513
LR-DEV-001,2026-02-09T09:20:00,12.359,-1.520907
ST-DEV-001,2026-02-09T09:20:00,12.363968,-1.515419
NEW-DEV-X2,2026-02-09T09:30:00,12.35895,-1.520773
ST-DEV-001,2026-02-09T09:30:00,12.364075,-1.515428
NEW-DEV-X3,2026-02-09T09:30:00,12.358711,-1.520619
LR-ASC-004,2026-02-09T09:30:00,12.35903,-1.520731
LR-DEV-001,2026-02-09T09:30:00,12.359005,-1.520896
NEW-DEV-X1,2026-02-09T09:30:00,12.358968,-1.520583
LR-ASC-004,2026-02-09T09:30:30,12.360485,-1.521311
ST-DEV-001,2026-02-09T09:40:00,12.363963,-1.51538
NEW-DEV-X3,2026-02-09T09:40:00,12.358716,-1.520607
NEW-DEV-X2,2026-02-09T09:40:00,12.358951,-1.520775
LR-DEV-001,2026-02-09T09:40:00,12.359014,-1.520889
NEW-DEV-X1,2026-02-09T09:40:00,12.358962,-1.520567
NEW-DEV-X2,2026-02-09T09:50:00,12.35897,-1.520787
NEW-DEV-X3,2026-02-09T09:50:00,12.358695,-1.520607
LR-ASC-004,2026-02-09T09:50:00,12.360297,-1.521919
ST-DEV-001,2026-02-09T09:50:00,12.363944,-1.515406
NEW-DEV-X1,2026-02-09T09:50:00,12.358964,-1.520589
LR-DEV-001,2026-02-09T09:50:00,12.358994,-1.520893
LR-ASC-004,2026-02-09T09:50:30,12.362138,-1.522277
NEW-DEV-X3,2026-02-09T10:00:00,12.358717,-1.52062
ST-DEV-001,2026-02-09T10:00:00,12.364058,-1.515442
NEW-DEV-X1,2026-02-09T10:00:00,12.358963,-1.520567
LR-DEV-001,2026-02-09T10:00:00,12.358991,-1.520894
NEW-DEV-X2,2026-02-09T10:00:00,12.358929,-1.520782
NEW-DEV-X1,2026-02-09T10:10:00,12.358977,-1.520591
NEW-DEV-X2,2026-02-09T10:10:00,12.35893,-1.520791
LR-DEV-001,2026-02-09T10:10:00,12.358995,-1.520909
NEW-DEV-X3,2026-02-09T10:10:00,12.358684,-1.520618
LR-ASC-004,2026-02-09T10:10:00,12.362889,-1.52248
ST-DEV-001,2026-02-09T10:10:00,12.363946,-1.51544
LR-ASC-004,2026-02-09T10:15:00,12.362907,-1.5225
NEW-DEV-X2,2026-02-09T10:20:00,12.358935,-1.520786
NEW-DEV-X1,2026-02-09T10:20:00,12.358982,-1.520581
LR-ASC-004,2026-02-09T10:20:00,12.362269,-1.522382
ST-DEV-001,2026-02-09T10:20:00,12.364024,-1.51537
NEW-DEV-X3,2026-02-09T10:20:00,12.358694,-1.520627
LR-DEV-001,2026-02-09T10:20:00,12.359003,-1.520924
LR-ASC-004,2026-02-09T10:20:30,12.360518,-1.52196
ST-DEV-001,2026-02-09T10:30:00,12.363986,-1.515382
LR-DEV-001,2026-02-09T10:30:00,12.358984,-1.520902
NEW-DEV-X3,2026-02-09T10:30:00,12.358694,-1.520596
NEW-DEV-X1,2026-02-09T10:30:00,12.358974,-1.520586
NEW-DEV-X2,2026-02-09T10:30:00,12.358935,-1.520773
LR-DEV-001,2026-02-09T10:40:00,12.359001,-1.520903
ST-DEV-001,2026-02-09T10:40:00,12.364038,-1.515352
NEW-DEV-X3,2026-02-09T10:40:00,12.358695,-1.520614
LR-ASC-004,2026-02-09T10:40:00,12.360297,-1.521919
NEW-DEV-X1,2026-02-09T10:40:00,12.358965,-1.52058
NEW-DEV-X2,2026-02-09T10:40:00,12.358939,-1.52078
LR-ASC-004,2026-02-09T10:40:30,12.359626,-1.520842
NEW-DEV-X3,2026-02-09T10:50:00,12.358688,-1.520603
NEW-DEV-X2,2026-02-09T10:50:00,12.358952,-1.520785
NEW-DEV-X1,2026-02-09T10:50:00,12.358967,-1.520567
ST-DEV-001,2026-02-09T10:50:00,12.363993,-1.515462
LR-DEV-001,2026-02-09T10:50:00,12.358986,-1.520907
ST-DEV-001,2026-02-09T11:00:00,12.363978,-1.515412
LR-ASC-004,2026-02-09T11:00:00,12.35903,-1.520731
NEW-DEV-X3,2026-02-09T11:00:00,12.358687,-1.520594
NEW-DEV-X1,2026-02-09T11:00:00,12.358961,-1.520569
LR-DEV-001,2026-02-09T11:00:00,12.359004,-1.520895
NEW-DEV-X2,2026-02-09T11:00:00,12.358942,-1.520775
LR-ASC-004,2026-02-09T11:00:30,12.360485,-1.521311
NEW-DEV-X2,2026-02-09T11:10:00,12.358927,-1.520799
LR-DEV-001,2026-02-09T11:10:00,12.359,-1.52089
ST-DEV-001,2026-02-09T11:10:00,12.363993,-1.515405
NEW-DEV-X1,2026-02-09T11:10:00,12.358971,-1.52058
NEW-DEV-X3,2026-02-09T11:10:00,12.358711,-1.520609
NEW-DEV-X2,2026-02-09T11:20:00,12.358947,-1.520774
LR-DEV-001,2026-02-09T11:20:00,12.359004,-1.520907
NEW-DEV-X3,2026-02-09T11:20:00,12.358694,-1.520602
LR-ASC-004,2026-02-09T11:20:00,12.360297,-1.521919
NEW-DEV-X1,2026-02-09T11:20:00,12.358979,-1.520589
ST-DEV-001,2026-02-09T11:20:00,12.36403,-1.515366
LR-ASC-004,2026-02-09T11:20:30,12.362138,-1.522277
ST-DEV-001,2026-02-09T11:30:00,12.363995,-1.51537
LR-DEV-001,2026-02-09T11:30:00,12.358997,-1.520913
NEW-DEV-X2,2026-02-09T11:30:00,12.358963,-1.520777
NEW-DEV-X1,2026-02-09T11:30:00,12.35898,-1.520607
NEW-DEV-X3,2026-02-09T11:30:00,12.358704,-1.520618
NEW-DEV-X2,2026-02-09T11:40:00,12.358951,-1.52078
LR-DEV-001,2026-02-09T11:40:00,12.358999,-1.52089
NEW-DEV-X3,2026-02-09T11:40:00,12.358689,-1.520623
LR-ASC-004,2026-02-09T11:40:00,12.36291,-1.522479
NEW-DEV-X1,2026-02-09T11:40:00,12.358966,-1.520591
ST-DEV-001,2026-02-09T11:40:00,12.36401,-1.515398
LR-ASC-004,2026-02-09T11:45:00,12.362887,-1.522502
LR-ASC-004,2026-02-09T11:50:00,12.362269,-1.522382
NEW-DEV-X1,2026-02-09T11:50:00,12.358961,-1.520585
NEW-DEV-X2,2026-02-09T11:50:00,12.358947,-1.520763
LR-DEV-001,2026-02-09T11:50:00,12.359006,-1.520887
ST-DEV-001,2026-02-09T11:50:00,12.364024,-1.515398
NEW-DEV-X3,2026-02-09T11:50:00,12.358698,-1.520605
LR-ASC-004,2026-02-09T11:50:30,12.360518,-1.52196
NEW-DEV-X1,2026-02-09T12:00:00,12.358975,-1.520577
NEW-DEV-X3,2026-02-09T12:00:00,12.358682,-1.520615
NEW-DEV-X2,2026-02-09T12:00:00,12.358925,-1.520774
NEW-DEV-X2,2026-02-09T12:10:00,12.358963,-1.520775
LR-ASC-004,2026-02-09T12:10:00,12.360297,-1.521919
NEW-DEV-X1,2026-02-09T12:10:00,12.358974,-1.520589
NEW-DEV-X3,2026-02-09T12:10:00,12.358682,-1.520619
LR-ASC-004,2026-02-09T12:10:30,12.359626,-1.520842
NEW-DEV-X2,2026-02-09T12:20:00,12.358959,-1.520784
NEW-DEV-X1,2026-02-09T12:20:00,12.358975,-1.520582
NEW-DEV-X3,2026-02-09T12:20:00,12.358699,-1.520618
NEW-DEV-X2,2026-02-09T12:30:00,12.358944,-1.520778
NEW-DEV-X3,2026-02-09T12:30:00,12.358691,-1.520626
NEW-DEV-X1,2026-02-09T12:30:00,12.35898,-1.520576
NEW-DEV-X3,2026-02-09T12:40:00,12.358696,-1.520611
NEW-DEV-X1,2026-02-09T12:40:00,12.358972,-1.520591
NEW-DEV-X2,2026-02-09T12:40:00,12.358924,-1.520789
civ-69fb9cc1-ef25-4bcf-92ba-fd2160d52f85,2026-02-09T12:41:28,12.362722,-1.522581
civ-b7e3e859-9789-4511-9091-3013ac317000,2026-02-09T12:41:52,12.364136,-1.515474
civ-c49fd41d-7955-4cb5-b6a7-786718622610,2026-02-09T12:47:58,12.363871,-1.515476
NEW-DEV-X2,2026-02-09T12:50:00,12.358934,-1.520771
NEW-DEV-X3,2026-02-09T12:50:00,12.358687,-1.520613
NEW-DEV-X1,2026-02-09T12:50:00,12.358966,-1.520588
civ-9625ea0f-0516-485b-9a2c-c109b8dc9eeb,2026-02-09T12:54:24,12.362933,-1.52261
civ-1728b5a6-c412-442d-b081-e8a8b42b5e38,2026-02-09T12:54:34,12.362942,-1.522349
civ-22b80c92-07d6-4eb0-a931-465d2de665e3,2026-02-09T12:54:36,12.363998,-1.515404
civ-3e6a8a9e-f47d-46e1-8940-4918058ed49b,2026-02-09T12:54:47,12.362804,-1.522416
civ-9ab99406-c557-4ff3-9546-d37339008bda,2026-02-09T12:55:19,12.363978,-1.515371
civ-dbb2498a-52c9-4500-8a72-a1de35cc0a87,2026-02-09T12:55:27,12.3629,-1.522471
civ-c9a81ee6-40fb-4df7-9494-366e6f87591d,2026-02-09T12:57:11,12.364002,-1.515521
civ-c49fd41d-7955-4cb5-b6a7-786718622610,2026-02-09T12:57:50,12.364116,-1.515312
civ-1728b5a6-c412-442d-b081-e8a8b42b5e38,2026-02-09T12:58:30,12.363944,-1.515447
civ-a5d5f0ac-097b-48e0-991d-f1066f980ce7,2026-02-09T12:58:50,12.362922,-1.522466
civ-4472992d-2849-4630-9c4d-54f39f5e8ed9,2026-02-09T12:59:03,12.362842,-1.52249
civ-69fb9cc1-ef25-4bcf-92ba-fd2160d52f85,2026-02-09T12:59:33,12.364015,-1.515121
NEW-DEV-X1,2026-02-09T13:00:00,12.358969,-1.520581
ST-DEV-001,2026-02-09T13:00:00,12.363601,-1.515311
NEW-DEV-X3,2026-02-09T13:00:00,12.358696,-1.520618
ST-ASC-004,2026-02-09T13:00:00,12.362904,-1.522488
NEW-DEV-X2,2026-02-09T13:00:00,12.358952,-1.520775
civ-62bbac52-ba2e-4404-97d7-2d93b963ebf3,2026-02-09T13:00:01,12.362946,-1.522528
civ-eb6bca32-ee6b-4d0a-8030-aae8db13a9d5,2026-02-09T13:00:11,12.363901,-1.515315
civ-7acf1504-7434-49b3-ade9-cad12822f55f,2026-02-09T13:00:20,12.362881,-1.522502
civ-82cfb0ab-487f-47c9-aee5-fdde8e8a17f6,2026-02-09T13:00:23,12.363984,-1.515409
ST-DEV-001,2026-02-09T13:00:30,12.361614,-1.515156
civ-62bbac52-ba2e-4404-97d7-2d93b963ebf3,2026-02-09T13:01:24,12.363861,-1.515411
civ-c49fd41d-7955-4cb5-b6a7-786718622610,2026-02-09T13:01:31,12.362802,-1.522538
civ-560e35c7-b256-4f74-b9d8-7519c1756d49,2026-02-09T13:01:49,12.362997,-1.522498
civ-fb779864-9bc9-4670-9e47-b8ea339c3672,2026-02-09T13:02:37,12.363955,-1.515421
civ-4472992d-2849-4630-9c4d-54f39f5e8ed9,2026-02-09T13:02:43,12.363011,-1.522457
civ-5b5de6bb-92db-43c6-9982-ac8c804e1ff3,2026-02-09T13:02:47,12.362914,-1.522406
civ-c9a81ee6-40fb-4df7-9494-366e6f87591d,2026-02-09T13:02:54,12.362862,-1.522403
civ-cc100b8b-4558-4c64-aa34-d02bf900f083,2026-02-09T13:03:01,12.362993,-1.522496
civ-dbb2498a-52c9-4500-8a72-a1de35cc0a87,2026-02-09T13:03:33,12.364051,-1.515417
civ-9ab99406-c557-4ff3-9546-d37339008bda,2026-02-09T13:03:40,12.362963,-1.522447
civ-62d7d317-8457-4ab1-9267-775a132d353e,2026-02-09T13:03:45,12.363958,-1.515406
civ-69fb9cc1-ef25-4bcf-92ba-fd2160d52f85,2026-02-09T13:03:47,12.363928,-1.515526
civ-eb961fb2-fc9b-493a-b186-f94d7d40522d,2026-02-09T13:04:00,12.36391,-1.51544
civ-aada54c8-b736-4f69-8649-471827354a37,2026-02-09T13:04:32,12.362887,-1.522531
civ-eb6bca32-ee6b-4d0a-8030-aae8db13a9d5,2026-02-09T13:04:49,12.363016,-1.52265
ST-ASC-004,2026-02-09T13:05:00,12.362901,-1.522508
civ-19d8cd88-9b8a-452a-a525-d1043b3c1526,2026-02-09T13:05:20,12.36286,-1.522498
civ-cfaec9ab-5ac9-4b7c-a1c3-b15e20dcb410,2026-02-09T13:05:44,12.363008,-1.522656
civ-4e6f6a58-041a-446a-b97e-2eac0f9997d3,2026-02-09T13:05:46,12.364138,-1.515316
civ-abb599b3-970c-4aed-a7cd-a2f03dd05458,2026-02-09T13:06:28,12.363012,-1.522641
civ-02576fae-ffff-4cf6-a5bc-b03aa4a9ac88,2026-02-09T13:06:40,12.362808,-1.522583
civ-e8dc8ba3-bb2c-48c0-a27f-1f0939012fb5,2026-02-09T13:07:56,12.362949,-1.522624
civ-52e12e63-9cf1-450f-b811-723dd006ab95,2026-02-09T13:08:57,12.364098,-1.51538
civ-52e12e63-9cf1-450f-b811-723dd006ab95,2026-02-09T13:09:49,12.363092,-1.522493
NEW-DEV-X1,2026-02-09T13:10:00,12.358978,-1.520583
NEW-DEV-X3,2026-02-09T13:10:00,12.358681,-1.520595
NEW-DEV-X2,2026-02-09T13:10:00,12.358951,-1.520779
ST-ASC-004,2026-02-09T13:10:00,12.362909,-1.522494
civ-88351541-c041-41e4-903d-ddffd8fff7d9,2026-02-09T13:10:36,12.364004,-1.515338
civ-c967612c-4cbd-48d4-93ae-3c8a9efdb5fc,2026-02-09T13:10:53,12.362829,-1.522488
civ-aada54c8-b736-4f69-8649-471827354a37,2026-02-09T13:12:18,12.364043,-1.515393
civ-d914300c-71f1-433a-9c13-50294a4699cb,2026-02-09T13:12:40,12.362922,-1.522581
ST-ASC-004,2026-02-09T13:15:00,12.362891,-1.522497
ST-ASC-004,2026-02-09T13:20:00,12.362909,-1.522489
NEW-DEV-X1,2026-02-09T13:20:00,12.358972,-1.520582
NEW-DEV-X3,2026-02-09T13:20:00,12.358688,-1.520612
NEW-DEV-X2,2026-02-09T13:20:00,12.358955,-1.520778
civ-62d7d317-8457-4ab1-9267-775a132d353e,2026-02-09T13:24:37,12.362986,-1.522559
ST-ASC-004,2026-02-09T13:25:00,12.362899,-1.522503
NEW-DEV-X2,2026-02-09T13:30:00,12.358945,-1.52078
ST-DEV-001,2026-02-09T13:30:00,12.362519,-1.513113
LR-DEV-001,2026-02-09T13:30:00,12.35903,-1.520731
NEW-DEV-X3,2026-02-09T13:30:00,12.358703,-1.520579
NEW-DEV-X1,2026-02-09T13:30:00,12.358967,-1.520591
ST-ASC-003,2026-02-09T13:30:00,12.359413,-1.51634
LR-DEV-001,2026-02-09T13:30:30,12.3606,-1.520219
ST-ASC-003,2026-02-09T13:30:30,12.361402,-1.515987
LR-DEV-001,2026-02-09T13:31:00,12.361061,-1.518057
LR-DEV-001,2026-02-09T13:31:30,12.361438,-1.515808
NEW-DEV-X2,2026-02-09T13:40:00,12.35895,-1.520782
NEW-DEV-X3,2026-02-09T13:40:00,12.358683,-1.520607
NEW-DEV-X1,2026-02-09T13:40:00,12.358956,-1.520589
ST-DEV-001,2026-02-09T13:40:00,12.362495,-1.513101
NEW-DEV-X3,2026-02-09T13:50:00,12.358688,-1.520616
ST-DEV-001,2026-02-09T13:50:00,12.362504,-1.513089
NEW-DEV-X1,2026-02-09T13:50:00,12.358976,-1.520589
NEW-DEV-X2,2026-02-09T13:50:00,12.358953,-1.520788
NEW-DEV-X3,2026-02-09T14:00:00,12.358688,-1.520621
NEW-DEV-X2,2026-02-09T14:00:00,12.358934,-1.520772
VEH-COL-040-0,2026-02-09T14:00:00,12.362503,-1.513103
VEH-COL-040-1,2026-02-09T14:00:00,12.362501,-1.513094
ST-ASC-003,2026-02-09T14:00:00,12.362493,-1.513104
ST-DEV-001,2026-02-09T14:00:00,12.3625,-1.513113
LR-DEV-001,2026-02-09T14:00:00,12.362497,-1.513088
NEW-DEV-X1,2026-02-09T14:00:00,12.35897,-1.520579
VEH-COL-040-1,2026-02-09T14:10:00,12.362491,-1.513085
VEH-COL-040-0,2026-02-09T14:10:00,12.362507,-1.513108
NEW-DEV-X2,2026-02-09T14:10:00,12.358943,-1.520782
NEW-DEV-X1,2026-02-09T14:10:00,12.358977,-1.520593
ST-DEV-001,2026-02-09T14:10:00,12.362508,-1.513093
ST-ASC-003,2026-02-09T14:10:00,12.36248,-1.513097
LR-DEV-001,2026-02-09T14:10:00,12.362498,-1.513087
NEW-DEV-X3,2026-02-09T14:10:00,12.358694,-1.520624
VEH-COL-040-1,2026-02-09T14:20:00,12.362502,-1.513093
NEW-DEV-X2,2026-02-09T14:20:00,12.358952,-1.520783
LR-DEV-001,2026-02-09T14:20:00,12.3625,-1.513094
ST-DEV-001,2026-02-09T14:20:00,12.362483,-1.5131
ST-ASC-003,2026-02-09T14:20:00,12.362498,-1.513091
NEW-DEV-X1,2026-02-09T14:20:00,12.358981,-1.520573
VEH-COL-040-0,2026-02-09T14:20:00,12.3625,-1.513094
NEW-DEV-X3,2026-02-09T14:20:00,12.358703,-1.520611
NEW-DEV-X3,2026-02-09T14:30:00,12.358698,-1.520615
LR-DEV-001,2026-02-09T14:30:00,12.362513,-1.513102
ST-ASC-003,2026-02-09T14:30:00,12.36249,-1.513106
NEW-DEV-X1,2026-02-09T14:30:00,12.358962,-1.52059
VEH-COL-040-1,2026-02-09T14:30:00,12.362494,-1.513088
NEW-DEV-X2,2026-02-09T14:30:00,12.358942,-1.520765
ST-DEV-001,2026-02-09T14:30:00,12.362486,-1.513106
VEH-COL-040-0,2026-02-09T14:30:00,12.362481,-1.513081
ST-ASC-003,2026-02-09T14:40:00,12.362486,-1.513109
NEW-DEV-X1,2026-02-09T14:40:00,12.358983,-1.520584
VEH-COL-040-1,2026-02-09T14:40:00,12.362498,-1.513098
VEH-COL-040-0,2026-02-09T14:40:00,12.362497,-1.513118
LR-DEV-001,2026-02-09T14:40:00,12.362502,-1.513088
NEW-DEV-X2,2026-02-09T14:40:00,12.358958,-1.520764
NEW-DEV-X3,2026-02-09T14:40:00,12.358691,-1.520608
ST-DEV-001,2026-02-09T14:40:00,12.362492,-1.513093
ST-DEV-001,2026-02-09T14:50:00,12.362501,-1.513112
VEH-COL-040-1,2026-02-09T14:50:00,12.362492,-1.513109
VEH-COL-040-0,2026-02-09T14:50:00,12.362501,-1.5131
ST-ASC-003,2026-02-09T14:50:00,12.362489,-1.513091
NEW-DEV-X2,2026-02-09T14:50:00,12.358941,-1.520767
LR-DEV-001,2026-02-09T14:50:00,12.362499,-1.513112
NEW-DEV-X1,2026-02-09T14:50:00,12.358952,-1.520596
NEW-DEV-X3,2026-02-09T14:50:00,12.358684,-1.520614
ST-ASC-003,2026-02-09T15:00:00,12.362494,-1.513099
VEH-COL-040-1,2026-02-09T15:00:00,12.362506,-1.513104
LR-DEV-001,2026-02-09T15:00:00,12.362519,-1.513104
ST-DEV-001,2026-02-09T15:00:00,12.362508,-1.513113
NEW-DEV-X2,2026-02-09T15:00:00,12.358935,-1.520786
VEH-COL-040-0,2026-02-09T15:00:00,12.362499,-1.513091
NEW-DEV-X1,2026-02-09T15:00:00,12.35897,-1.520593
NEW-DEV-X3,2026-02-09T15:00:00,12.358686,-1.520619
NEW-DEV-X3,2026-02-09T15:10:00,12.358675,-1.520599
ST-DEV-001,2026-02-09T15:10:00,12.362503,-1.513107
NEW-DEV-X1,2026-02-09T15:10:00,12.358968,-1.520583
VEH-COL-040-0,2026-02-09T15:10:00,12.362507,-1.513097
VEH-COL-040-1,2026-02-09T15:10:00,12.362492,-1.513106
NEW-DEV-X2,2026-02-09T15:10:00,12.358923,-1.520763
ST-ASC-003,2026-02-09T15:10:00,12.362497,-1.513111
LR-DEV-001,2026-02-09T15:10:00,12.362501,-1.51309
NEW-DEV-X1,2026-02-09T15:20:00,12.358985,-1.520586
VEH-COL-040-0,2026-02-09T15:20:00,12.362504,-1.513101
NEW-DEV-X3,2026-02-09T15:20:00,12.358688,-1.520601
LR-DEV-001,2026-02-09T15:20:00,12.362495,-1.513109
ST-ASC-003,2026-02-09T15:20:00,12.362498,-1.513095
VEH-COL-040-1,2026-02-09T15:20:00,12.362506,-1.513106
NEW-DEV-X2,2026-02-09T15:20:00,12.358936,-1.520779
ST-DEV-001,2026-02-09T15:20:00,12.362497,-1.513095
NEW-DEV-X2,2026-02-09T15:30:00,12.358936,-1.520772
NEW-DEV-X3,2026-02-09T15:30:00,12.358704,-1.520623
LR-DEV-001,2026-02-09T15:30:00,12.362502,-1.513116
VEH-COL-040-0,2026-02-09T15:30:00,12.362516,-1.513113
VEH-COL-040-1,2026-02-09T15:30:00,12.362499,-1.5131
ST-DEV-001,2026-02-09T15:30:00,12.362505,-1.513088
NEW-DEV-X1,2026-02-09T15:30:00,12.358982,-1.52057
LR-DEV-001,2026-02-09T15:40:00,12.362497,-1.513098
ST-DEV-001,2026-02-09T15:40:00,12.362499,-1.513097
NEW-DEV-X2,2026-02-09T15:40:00,12.358941,-1.52079
VEH-COL-040-0,2026-02-09T15:40:00,12.362501,-1.513099
NEW-DEV-X3,2026-02-09T15:40:00,12.358684,-1.520588
NEW-DEV-X1,2026-02-09T15:40:00,12.358985,-1.52058
VEH-COL-040-1,2026-02-09T15:40:00,12.362483,-1.513113
NEW-DEV-X3,2026-02-09T15:50:00,12.35871,-1.520611
VEH-COL-040-0,2026-02-09T15:50:00,12.362507,-1.513108
NEW-DEV-X2,2026-02-09T15:50:00,12.358948,-1.520791
VEH-COL-040-1,2026-02-09T15:50:00,12.362503,-1.513107
LR-DEV-001,2026-02-09T15:50:00,12.362498,-1.513114
NEW-DEV-X1,2026-02-09T15:50:00,12.358954,-1.520579
ST-DEV-001,2026-02-09T15:50:00,12.362496,-1.513098
NEW-DEV-X3,2026-02-09T16:00:00,12.358696,-1.520617
NEW-DEV-X1,2026-02-09T16:00:00,12.358981,-1.520584
ST-DEV-001,2026-02-09T16:00:00,12.362504,-1.513101
VEH-COL-040-0,2026-02-09T16:00:00,12.362484,-1.513099
VEH-COL-040-1,2026-02-09T16:00:00,12.36251,-1.513091
LR-DEV-001,2026-02-09T16:00:00,12.362514,-1.513099
VEH-COL-040-0,2026-02-09T16:10:00,12.362503,-1.513087
VEH-COL-040-1,2026-02-09T16:10:00,12.362506,-1.513084
NEW-DEV-X1,2026-02-09T16:10:00,12.358988,-1.520575
ST-DEV-001,2026-02-09T16:10:00,12.362484,-1.513097
LR-DEV-001,2026-02-09T16:10:00,12.362513,-1.513102
NEW-DEV-X3,2026-02-09T16:10:00,12.358698,-1.520617
ST-DEV-001,2026-02-09T16:20:00,12.362503,-1.513106
VEH-COL-040-0,2026-02-09T16:20:00,12.362489,-1.51309
LR-DEV-001,2026-02-09T16:20:00,12.362492,-1.513098
VEH-COL-040-1,2026-02-09T16:20:00,12.362499,-1.513094
NEW-DEV-X3,2026-02-09T16:20:00,12.358676,-1.520623
NEW-DEV-X1,2026-02-09T16:20:00,12.358977,-1.520573
NEW-DEV-X3,2026-02-09T16:30:00,12.358694,-1.520621
VEH-COL-040-0,2026-02-09T16:30:00,12.362521,-1.513103
ST-DEV-001,2026-02-09T16:30:00,12.362488,-1.513087
VEH-COL-040-1,2026-02-09T16:30:00,12.362495,-1.513078
NEW-DEV-X1,2026-02-09T16:30:00,12.358975,-1.520605
LR-DEV-001,2026-02-09T16:30:00,12.362498,-1.513111
VEH-COL-040-0,2026-02-09T16:40:00,12.362488,-1.513104
NEW-DEV-X3,2026-02-09T16:40:00,12.358693,-1.520621
VEH-COL-040-1,2026-02-09T16:40:00,12.362518,-1.5131
NEW-DEV-X1,2026-02-09T16:40:00,12.358968,-1.520572
LR-DEV-001,2026-02-09T16:40:00,12.362513,-1.513106
ST-DEV-001,2026-02-09T16:40:00,12.362504,-1.513102
ST-DEV-001,2026-02-09T16:50:00,12.36249,-1.513107
VEH-COL-040-0,2026-02-09T16:50:00,12.3625,-1.513095
LR-DEV-001,2026-02-09T16:50:00,12.362483,-1.513088
NEW-DEV-X1,2026-02-09T16:50:00,12.358965,-1.520585
NEW-DEV-X3,2026-02-09T16:50:00,12.358687,-1.520603
VEH-COL-040-1,2026-02-09T16:50:00,12.362503,-1.513088
NEW-DEV-X3,2026-02-09T17:00:00,12.358696,-1.520611
ST-DEV-001,2026-02-09T17:00:00,12.362512,-1.513099
LR-DEV-001,2026-02-09T17:00:00,12.362495,-1.513105
VEH-COL-040-1,2026-02-09T17:00:00,12.362499,-1.513106
VEH-COL-040-0,2026-02-09T17:00:00,12.362495,-1.513086
NEW-DEV-X3,2026-02-09T17:10:00,12.358702,-1.520607
ST-DEV-001,2026-02-09T17:10:00,12.362495,-1.513095
VEH-COL-040-0,2026-02-09T17:10:00,12.36249,-1.513116
LR-DEV-001,2026-02-09T17:10:00,12.362484,-1.513084
VEH-COL-040-1,2026-02-09T17:10:00,12.362508,-1.513099
VEH-COL-040-1,2026-02-09T17:20:00,12.362502,-1.513108
LR-DEV-001,2026-02-09T17:20:00,12.362488,-1.513099
ST-DEV-001,2026-02-09T17:20:00,12.362493,-1.513086
VEH-COL-040-0,2026-02-09T17:20:00,12.36251,-1.51312
NEW-DEV-X3,2026-02-09T17:20:00,12.358707,-1.520615
VEH-COL-040-1,2026-02-09T17:30:00,12.362485,-1.513098
ST-DEV-001,2026-02-09T17:30:00,12.362512,-1.513104
LR-DEV-001,2026-02-09T17:30:00,12.362508,-1.513096
VEH-COL-040-0,2026-02-09T17:30:00,12.362498,-1.513072
NEW-DEV-X3,2026-02-09T17:30:00,12.35869,-1.520623
VEH-COL-040-1,2026-02-09T17:40:00,12.362508,-1.513102
ST-DEV-001,2026-02-09T17:40:00,12.362494,-1.513124
NEW-DEV-X3,2026-02-09T17:40:00,12.35869,-1.520602
VEH-COL-040-0,2026-02-09T17:40:00,12.3625,-1.51311
LR-DEV-001,2026-02-09T17:40:00,12.362499,-1.513115
VEH-COL-040-0,2026-02-09T17:50:00,12.362499,-1.5131
VEH-COL-040-1,2026-02-09T17:50:00,12.362513,-1.513106
NEW-DEV-X3,2026-02-09T17:50:00,12.358706,-1.520602
ST-DEV-001,2026-02-09T17:50:00,12.362487,-1.513112
LR-DEV-001,2026-02-09T17:50:00,12.362493,-1.513098
LR-DEV-001,2026-02-09T18:00:00,12.361831,-1.514451
ST-DEV-001,2026-02-09T18:00:00,12.361831,-1.514451
LR-DEV-001,2026-02-09T18:00:30,12.361354,-1.516534
ST-DEV-001,2026-02-09T18:00:30,12.361153,-1.516164
LR-DEV-001,2026-02-09T18:01:00,12.360976,-1.518793
LR-DEV-001,2026-02-09T18:01:30,12.360586,-1.520956
ST-DEV-001,2026-02-10T05:30:00,12.359681,-1.516401
VEH-041-0,2026-02-10T05:30:00,12.364466,-1.521212
VEH-041-0,2026-02-10T05:30:30,12.36496,-1.518575
VEH-041-0,2026-02-10T05:31:00,12.362497,-1.518014
VEH-041-0,2026-02-10T05:31:30,12.361353,-1.516538
ST-DEV-001,2026-02-10T05:40:00,12.359699,-1.516386
VEH-041-1,2026-02-10T05:40:00,12.364466,-1.521212
VEH-041-1,2026-02-10T05:40:30,12.36496,-1.518575
VEH-041-1,2026-02-10T05:41:00,12.362497,-1.518014
VEH-041-1,2026-02-10T05:41:30,12.361353,-1.516538
ST-DEV-001,2026-02-10T05:50:00,12.359686,-1.516375
ST-ASC-003,2026-02-10T06:00:00,12.359413,-1.51634
ST-DEV-001,2026-02-10T06:00:00,12.359735,-1.516401
ST-ASC-003,2026-02-10T06:00:30,12.361402,-1.515987
ST-DEV-001,2026-02-10T06:10:00,12.359722,-1.516419
ST-DEV-001,2026-02-10T06:20:00,12.359719,-1.516381
ST-DEV-001,2026-02-10T06:30:00,12.359716,-1.5164
VEH-041-0,2026-02-10T06:30:00,12.362501,-1.513099
ST-DEV-001,2026-02-10T06:40:00,12.359647,-1.516412
VEH-041-0,2026-02-10T06:40:00,12.362486,-1.513091
VEH-041-1,2026-02-10T06:40:00,12.362494,-1.513107
VEH-041-1,2026-02-10T06:50:00,12.362481,-1.513099
ST-DEV-001,2026-02-10T06:50:00,12.359689,-1.516418
VEH-041-0,2026-02-10T06:50:00,12.362492,-1.513099
ST-ASC-003,2026-02-10T07:00:00,12.362492,-1.513087
LR-DEV-001,2026-02-10T07:00:00,12.359021,-1.520916
VEH-041-0,2026-02-10T07:00:00,12.36251,-1.513092
NEW-DEV-X3,2026-02-10T07:00:00,12.358686,-1.520618
VEH-041-1,2026-02-10T07:00:00,12.362499,-1.51309
ST-DEV-001,2026-02-10T07:00:00,12.359702,-1.516408
ST-ASC-003,2026-02-10T07:10:00,12.362492,-1.513099
LR-DEV-001,2026-02-10T07:10:00,12.359007,-1.520908
NEW-DEV-X3,2026-02-10T07:10:00,12.358692,-1.520643
VEH-041-0,2026-02-10T07:10:00,12.3625,-1.513103
VEH-041-1,2026-02-10T07:10:00,12.362503,-1.513088
ST-DEV-001,2026-02-10T07:10:00,12.359685,-1.516419
ST-ASC-003,2026-02-10T07:20:00,12.362495,-1.513089
NEW-DEV-X3,2026-02-10T07:20:00,12.358688,-1.520619
LR-DEV-001,2026-02-10T07:20:00,12.359,-1.520902
ST-DEV-001,2026-02-10T07:20:00,12.359687,-1.51638
VEH-041-1,2026-02-10T07:20:00,12.362494,-1.51309
VEH-041-0,2026-02-10T07:20:00,12.362509,-1.513094
ST-DEV-001,2026-02-10T07:30:00,12.359413,-1.51634
LR-DEV-001,2026-02-10T07:30:00,12.358996,-1.5209
NEW-DEV-X3,2026-02-10T07:30:00,12.358699,-1.520618
VEH-041-1,2026-02-10T07:30:00,12.362495,-1.513093
ST-ASC-004,2026-02-10T07:30:00,12.362905,-1.522496
ST-ASC-003,2026-02-10T07:30:00,12.362512,-1.513092
ST-DEV-001,2026-02-10T07:30:30,12.360477,-1.517563
ST-DEV-001,2026-02-10T07:31:00,12.362689,-1.517976
ST-DEV-001,2026-02-10T07:31:30,12.363412,-1.516165
ST-ASC-004,2026-02-10T07:40:00,12.362908,-1.522496
NEW-DEV-X3,2026-02-10T07:40:00,12.358692,-1.520597
LR-DEV-001,2026-02-10T07:40:00,12.35899,-1.520891
ST-ASC-003,2026-02-10T07:40:00,12.362503,-1.513102
civ-0c9d309b-d3d9-4e92-9ae0-012b816f9fce,2026-02-10T07:44:40,12.362939,-1.522619
civ-e8dc8ba3-bb2c-48c0-a27f-1f0939012fb5,2026-02-10T07:47:04,12.362895,-1.522359
ST-ASC-003,2026-02-10T07:50:00,12.362489,-1.513083
NEW-DEV-X3,2026-02-10T07:50:00,12.358703,-1.520603
LR-DEV-001,2026-02-10T07:50:00,12.358984,-1.520895
ST-ASC-004,2026-02-10T07:50:00,12.362897,-1.522507
civ-19d8cd88-9b8a-452a-a525-d1043b3c1526,2026-02-10T07:50:46,12.362817,-1.522444
civ-eb961fb2-fc9b-493a-b186-f94d7d40522d,2026-02-10T07:55:01,12.362798,-1.522546
civ-c967612c-4cbd-48d4-93ae-3c8a9efdb5fc,2026-02-10T07:55:22,12.362838,-1.522306
civ-19d8cd88-9b8a-452a-a525-d1043b3c1526,2026-02-10T07:55:32,12.36288,-1.522533
civ-22b80c92-07d6-4eb0-a931-465d2de665e3,2026-02-10T07:56:03,12.362993,-1.522412
civ-cc100b8b-4558-4c64-aa34-d02bf900f083,2026-02-10T07:56:07,12.364056,-1.515344
civ-eb6bca32-ee6b-4d0a-8030-aae8db13a9d5,2026-02-10T07:56:15,12.363947,-1.515252
civ-fb779864-9bc9-4670-9e47-b8ea339c3672,2026-02-10T07:56:19,12.363958,-1.515371
civ-1728b5a6-c412-442d-b081-e8a8b42b5e38,2026-02-10T07:56:23,12.363015,-1.522454
civ-a5d5f0ac-097b-48e0-991d-f1066f980ce7,2026-02-10T07:58:17,12.364069,-1.515343
civ-cece9c82-aff1-4a7b-a95f-8fede9573ccc,2026-02-10T07:58:56,12.362804,-1.522535
civ-52216a52-4637-4288-9689-1b401180ecf7,2026-02-10T07:59:18,12.362868,-1.522483
civ-d8b7daca-ee30-436f-8068-55f18110860d,2026-02-10T07:59:24,12.363994,-1.515238
civ-d914300c-71f1-433a-9c13-50294a4699cb,2026-02-10T07:59:30,12.362877,-1.522457
civ-c967612c-4cbd-48d4-93ae-3c8a9efdb5fc,2026-02-10T07:59:45,12.363018,-1.522435
ST-DEV-001,2026-02-10T08:00:00,12.363982,-1.515414
NEW-DEV-X3,2026-02-10T08:00:00,12.35869,-1.520606
NEW-DEV-X1,2026-02-10T08:00:00,12.358967,-1.520586
LR-ASC-004,2026-02-10T08:00:00,12.35903,-1.520731
LR-DEV-001,2026-02-10T08:00:00,12.358997,-1.520911
ST-ASC-004,2026-02-10T08:00:00,12.362898,-1.522497
ST-ASC-003,2026-02-10T08:00:00,12.361831,-1.514451
civ-62bbac52-ba2e-4404-97d7-2d93b963ebf3,2026-02-10T08:00:02,12.364087,-1.515402
civ-c49fd41d-7955-4cb5-b6a7-786718622610,2026-02-10T08:00:02,12.362944,-1.522403
civ-52e12e63-9cf1-450f-b811-723dd006ab95,2026-02-10T08:00:03,12.362886,-1.522446
civ-4e6f6a58-041a-446a-b97e-2eac0f9997d3,2026-02-10T08:00:25,12.363015,-1.522395
civ-82cfb0ab-487f-47c9-aee5-fdde8e8a17f6,2026-02-10T08:00:29,12.364016,-1.515425
LR-ASC-004,2026-02-10T08:00:30,12.360485,-1.521311
ST-ASC-003,2026-02-10T08:00:30,12.360786,-1.516085
civ-068f17d0-0065-405c-bdd7-f715203c8e19,2026-02-10T08:00:51,12.363985,-1.515361
civ-db07abea-ca3d-4b89-b8e6-498a67d93f8b,2026-02-10T08:00:56,12.362822,-1.522585
civ-abb599b3-970c-4aed-a7cd-a2f03dd05458,2026-02-10T08:01:06,12.363795,-1.515361
civ-62d7d317-8457-4ab1-9267-775a132d353e,2026-02-10T08:01:57,12.363995,-1.515432
civ-d8b7daca-ee30-436f-8068-55f18110860d,2026-02-10T08:01:58,12.362876,-1.522357
civ-cfaec9ab-5ac9-4b7c-a1c3-b15e20dcb410,2026-02-10T08:02:12,12.363947,-1.515453
civ-eb961fb2-fc9b-493a-b186-f94d7d40522d,2026-02-10T08:02:19,12.363967,-1.515473
civ-560e35c7-b256-4f74-b9d8-7519c1756d49,2026-02-10T08:02:22,12.363953,-1.515424
civ-155783d0-b79c-4de9-a91d-5c2e44bbd601,2026-02-10T08:02:22,12.362931,-1.522376
civ-5b5de6bb-92db-43c6-9982-ac8c804e1ff3,2026-02-10T08:02:23,12.362629,-1.522564
civ-8481ec28-d882-446a-b3db-32ba460d4b17,2026-02-10T08:02:27,12.362855,-1.522551
civ-02576fae-ffff-4cf6-a5bc-b03aa4a9ac88,2026-02-10T08:02:30,12.36297,-1.522499
civ-abb599b3-970c-4aed-a7cd-a2f03dd05458,2026-02-10T08:02:49,12.362828,-1.522562
civ-aada54c8-b736-4f69-8649-471827354a37,2026-02-10T08:02:55,12.36397,-1.515292
civ-b7e3e859-9789-4511-9091-3013ac317000,2026-02-10T08:02:55,12.364108,-1.51542
civ-62d7d317-8457-4ab1-9267-775a132d353e,2026-02-10T08:03:06,12.362951,-1.522506
civ-c9a81ee6-40fb-4df7-9494-366e6f87591d,2026-02-10T08:03:31,12.362885,-1.522513
civ-fb779864-9bc9-4670-9e47-b8ea339c3672,2026-02-10T08:03:59,12.36301,-1.522363
civ-5b5de6bb-92db-43c6-9982-ac8c804e1ff3,2026-02-10T08:04:25,12.363053,-1.52243
civ-7acf1504-7434-49b3-ade9-cad12822f55f,2026-02-10T08:04:29,12.363994,-1.515065
civ-22b80c92-07d6-4eb0-a931-465d2de665e3,2026-02-10T08:04:33,12.363917,-1.515348
civ-0c9d309b-d3d9-4e92-9ae0-012b816f9fce,2026-02-10T08:04:38,12.36408,-1.515405
civ-1728b5a6-c412-442d-b081-e8a8b42b5e38,2026-02-10T08:04:43,12.363953,-1.515437
civ-88351541-c041-41e4-903d-ddffd8fff7d9,2026-02-10T08:04:44,12.362906,-1.522477
civ-c49fd41d-7955-4cb5-b6a7-786718622610,2026-02-10T08:05:14,12.363986,-1.515339
civ-82cfb0ab-487f-47c9-aee5-fdde8e8a17f6,2026-02-10T08:05:14,12.362917,-1.522561
civ-e20dc56d-a415-4159-b4a5-869333b3e011,2026-02-10T08:05:32,12.362898,-1.522536
civ-7acf1504-7434-49b3-ade9-cad12822f55f,2026-02-10T08:05:42,12.363042,-1.52228
civ-9625ea0f-0516-485b-9a2c-c109b8dc9eeb,2026-02-10T08:05:47,12.362758,-1.522479
civ-155783d0-b79c-4de9-a91d-5c2e44bbd601,2026-02-10T08:06:16,12.364042,-1.515413
civ-c2976329-879a-401f-ab0a-bec2a5026bf5,2026-02-10T08:06:28,12.363977,-1.515326
civ-dbb2498a-52c9-4500-8a72-a1de35cc0a87,2026-02-10T08:06:38,12.363104,-1.522509
civ-b7fa315c-1ea4-4bff-9ffe-220fb9d76e77,2026-02-10T08:06:50,12.362942,-1.522519
civ-aada54c8-b736-4f69-8649-471827354a37,2026-02-10T08:06:57,12.362818,-1.522496
civ-8481ec28-d882-446a-b3db-32ba460d4b17,2026-02-10T08:07:46,12.363827,-1.515389
civ-69fb9cc1-ef25-4bcf-92ba-fd2160d52f85,2026-02-10T08:07:49,12.363996,-1.515416
civ-cfaec9ab-5ac9-4b7c-a1c3-b15e20dcb410,2026-02-10T08:08:17,12.362892,-1.522504
civ-e20dc56d-a415-4159-b4a5-869333b3e011,2026-02-10T08:08:36,12.363988,-1.515349
civ-bb1a3b8d-6013-4514-b1e6-efb6fe8b0a59,2026-02-10T08:09:34,12.363933,-1.515436
LR-DEV-001,2026-02-10T08:10:00,12.359002,-1.520914
ST-DEV-001,2026-02-10T08:10:00,12.363988,-1.515391
NEW-DEV-X3,2026-02-10T08:10:00,12.358692,-1.520613
NEW-DEV-X1,2026-02-10T08:10:00,12.358969,-1.520589
ST-ASC-004,2026-02-10T08:10:00,12.362897,-1.522497
civ-52e12e63-9cf1-450f-b811-723dd006ab95,2026-02-10T08:10:12,12.364046,-1.515419
civ-9625ea0f-0516-485b-9a2c-c109b8dc9eeb,2026-02-10T08:11:57,12.36403,-1.515468
civ-3e6a8a9e-f47d-46e1-8940-4918058ed49b,2026-02-10T08:13:08,12.362844,-1.522468
civ-4472992d-2849-4630-9c4d-54f39f5e8ed9,2026-02-10T08:19:21,12.364012,-1.515449
LR-ASC-004,2026-02-10T08:20:00,12.360297,-1.521919
ST-DEV-001,2026-02-10T08:20:00,12.364012,-1.515482
NEW-DEV-X1,2026-02-10T08:20:00,12.358983,-1.520579
NEW-DEV-X3,2026-02-10T08:20:00,12.358698,-1.520616
LR-DEV-001,2026-02-10T08:20:00,12.359,-1.520913
ST-ASC-004,2026-02-10T08:20:00,12.362904,-1.522493
LR-ASC-004,2026-02-10T08:20:30,12.362138,-1.522277
civ-5b5de6bb-92db-43c6-9982-ac8c804e1ff3,2026-02-10T08:21:56,12.363623,-1.515416
civ-fb779864-9bc9-4670-9e47-b8ea339c3672,2026-02-10T08:22:09,12.363258,-1.522613
LR-DEV-001,2026-02-10T08:30:00,12.359004,-1.520908
ST-ASC-004,2026-02-10T08:30:00,12.362912,-1.522499
NEW-DEV-X1,2026-02-10T08:30:00,12.358974,-1.520576
NEW-DEV-X3,2026-02-10T08:30:00,12.358707,-1.520612
ST-DEV-001,2026-02-10T08:30:00,12.364028,-1.515361
ST-ASC-004,2026-02-10T08:40:00,12.362888,-1.522503
NEW-DEV-X1,2026-02-10T08:40:00,12.35897,-1.52059
NEW-DEV-X3,2026-02-10T08:40:00,12.3587,-1.520598
LR-DEV-001,2026-02-10T08:40:00,12.358996,-1.520897
LR-ASC-004,2026-02-10T08:40:00,12.362899,-1.522484
ST-DEV-001,2026-02-10T08:40:00,12.363972,-1.515426
LR-ASC-004,2026-02-10T08:45:00,12.36288,-1.522498
ST-ASC-004,2026-02-10T08:50:00,12.3629,-1.522517
LR-ASC-004,2026-02-10T08:50:00,12.362269,-1.522382
ST-DEV-001,2026-02-10T08:50:00,12.363988,-1.51542
NEW-DEV-X3,2026-02-10T08:50:00,12.358703,-1.520624
NEW-DEV-X1,2026-02-10T08:50:00,12.358967,-1.520583
LR-DEV-001,2026-02-10T08:50:00,12.358993,-1.520901
LR-ASC-004,2026-02-10T08:50:30,12.360518,-1.52196
NEW-DEV-X2,2026-02-10T09:00:00,12.358936,-1.520773
ST-ASC-004,2026-02-10T09:00:00,12.362912,-1.522499
NEW-DEV-X3,2026-02-10T09:00:00,12.358698,-1.520603
LR-DEV-001,2026-02-10T09:00:00,12.358986,-1.520894
ST-DEV-001,2026-02-10T09:00:00,12.364006,-1.515453
NEW-DEV-X1,2026-02-10T09:00:00,12.358962,-1.520588
NEW-DEV-X3,2026-02-10T09:10:00,12.358702,-1.520621
LR-DEV-001,2026-02-10T09:10:00,12.359016,-1.520875
LR-ASC-004,2026-02-10T09:10:00,12.360297,-1.521919
NEW-DEV-X2,2026-02-10T09:10:00,12.358937,-1.520779
ST-DEV-001,2026-02-10T09:10:00,12.36397,-1.515358
ST-ASC-004,2026-02-10T09:10:00,12.362903,-1.522488
NEW-DEV-X1,2026-02-10T09:10:00,12.358967,-1.520564
LR-ASC-004,2026-02-10T09:10:30,12.359626,-1.520842
NEW-DEV-X1,2026-02-10T09:20:00,12.358947,-1.520585
ST-DEV-001,2026-02-10T09:20:00,12.363975,-1.515366
NEW-DEV-X2,2026-02-10T09:20:00,12.358957,-1.520784
LR-DEV-001,2026-02-10T09:20:00,12.359001,-1.520893
ST-ASC-004,2026-02-10T09:20:00,12.362894,-1.522495
NEW-DEV-X3,2026-02-10T09:20:00,12.358688,-1.520602
NEW-DEV-X2,2026-02-10T09:30:00,12.35893,-1.520787
ST-DEV-001,2026-02-10T09:30:00,12.36401,-1.515449
LR-ASC-004,2026-02-10T09:30:00,12.35903,-1.520731
NEW-DEV-X3,2026-02-10T09:30:00,12.358687,-1.520614
NEW-DEV-X1,2026-02-10T09:30:00,12.358988,-1.520582
LR-DEV-001,2026-02-10T09:30:00,12.358984,-1.520886
LR-ASC-004,2026-02-10T09:30:30,12.360485,-1.521311
LR-DEV-001,2026-02-10T09:40:00,12.359007,-1.520904
NEW-DEV-X2,2026-02-10T09:40:00,12.358953,-1.520776
NEW-DEV-X3,2026-02-10T09:40:00,12.358708,-1.520611
NEW-DEV-X1,2026-02-10T09:40:00,12.358979,-1.520582
ST-DEV-001,2026-02-10T09:40:00,12.364017,-1.515403
LR-DEV-001,2026-02-10T09:50:00,12.359011,-1.520902
NEW-DEV-X3,2026-02-10T09:50:00,12.358687,-1.520619
ST-DEV-001,2026-02-10T09:50:00,12.363988,-1.515393
LR-ASC-004,2026-02-10T09:50:00,12.360297,-1.521919
NEW-DEV-X1,2026-02-10T09:50:00,12.358966,-1.520603
NEW-DEV-X2,2026-02-10T09:50:00,12.358943,-1.520783
LR-ASC-004,2026-02-10T09:50:30,12.362138,-1.522277
NEW-DEV-X1,2026-02-10T10:00:00,12.358974,-1.52059
ST-DEV-001,2026-02-10T10:00:00,12.364013,-1.515381
NEW-DEV-X2,2026-02-10T10:00:00,12.358948,-1.520786
NEW-DEV-X3,2026-02-10T10:00:00,12.358697,-1.520623
LR-DEV-001,2026-02-10T10:00:00,12.358996,-1.520896
NEW-DEV-X2,2026-02-10T10:10:00,12.358947,-1.520785
NEW-DEV-X3,2026-02-10T10:10:00,12.358692,-1.520608
LR-DEV-001,2026-02-10T10:10:00,12.35899,-1.520891
NEW-DEV-X1,2026-02-10T10:10:00,12.358965,-1.520587
LR-ASC-004,2026-02-10T10:10:00,12.362917,-1.522503
ST-DEV-001,2026-02-10T10:10:00,12.364032,-1.515389
LR-ASC-004,2026-02-10T10:15:00,12.362898,-1.522497
NEW-DEV-X3,2026-02-10T10:20:00,12.358706,-1.520605
ST-DEV-001,2026-02-10T10:20:00,12.363963,-1.515413
NEW-DEV-X1,2026-02-10T10:20:00,12.358988,-1.520561
LR-ASC-004,2026-02-10T10:20:00,12.362269,-1.522382
NEW-DEV-X2,2026-02-10T10:20:00,12.358936,-1.520784
LR-DEV-001,2026-02-10T10:20:00,12.35899,-1.520909
LR-ASC-004,2026-02-10T10:20:30,12.360518,-1.52196
NEW-DEV-X2,2026-02-10T10:30:00,12.358941,-1.520778
NEW-DEV-X3,2026-02-10T10:30:00,12.358688,-1.5206
ST-DEV-001,2026-02-10T10:30:00,12.364079,-1.51538
LR-DEV-001,2026-02-10T10:30:00,12.358992,-1.520893
NEW-DEV-X1,2026-02-10T10:30:00,12.358974,-1.520587
NEW-DEV-X1,2026-02-10T10:40:00,12.358961,-1.520579
NEW-DEV-X2,2026-02-10T10:40:00,12.358946,-1.520811
ST-DEV-001,2026-02-10T10:40:00,12.364064,-1.515362
LR-DEV-001,2026-02-10T10:40:00,12.358994,-1.520912
NEW-DEV-X3,2026-02-10T10:40:00,12.358691,-1.520622
LR-ASC-004,2026-02-10T10:40:00,12.360297,-1.521919
LR-ASC-004,2026-02-10T10:40:30,12.359626,-1.520842
NEW-DEV-X1,2026-02-10T10:50:00,12.358988,-1.520585
NEW-DEV-X3,2026-02-10T10:50:00,12.358692,-1.520598
LR-DEV-001,2026-02-10T10:50:00,12.358995,-1.5209
ST-DEV-001,2026-02-10T10:50:00,12.364007,-1.515392
NEW-DEV-X2,2026-02-10T10:50:00,12.358937,-1.520782
NEW-DEV-X1,2026-02-10T11:00:00,12.358951,-1.520577
NEW-DEV-X3,2026-02-10T11:00:00,12.358695,-1.520611
ST-DEV-001,2026-02-10T11:00:00,12.363999,-1.515447
LR-DEV-001,2026-02-10T11:00:00,12.358989,-1.52091
NEW-DEV-X2,2026-02-10T11:00:00,12.358958,-1.520788
NEW-DEV-X3,2026-02-10T11:10:00,12.358709,-1.520624
ST-DEV-001,2026-02-10T11:10:00,12.364,-1.515367
LR-DEV-001,2026-02-10T11:10:00,12.359019,-1.520908
NEW-DEV-X2,2026-02-10T11:10:00,12.358945,-1.520765
NEW-DEV-X1,2026-02-10T11:10:00,12.358981,-1.520597
NEW-DEV-X2,2026-02-10T11:20:00,12.358932,-1.520774
LR-DEV-001,2026-02-10T11:20:00,12.358997,-1.520903
NEW-DEV-X3,2026-02-10T11:20:00,12.358682,-1.520626
NEW-DEV-X1,2026-02-10T11:20:00,12.358974,-1.520579
ST-DEV-001,2026-02-10T11:20:00,12.363984,-1.515389
ST-DEV-001,2026-02-10T11:30:00,12.364023,-1.515425
NEW-DEV-X1,2026-02-10T11:30:00,12.358971,-1.52059
NEW-DEV-X2,2026-02-10T11:30:00,12.358937,-1.520783
NEW-DEV-X3,2026-02-10T11:30:00,12.358697,-1.52061
LR-DEV-001,2026-02-10T11:30:00,12.358996,-1.520894
LR-DEV-001,2026-02-10T11:40:00,12.359009,-1.520903
NEW-DEV-X1,2026-02-10T11:40:00,12.358981,-1.520587
NEW-DEV-X2,2026-02-10T11:40:00,12.358937,-1.520785
ST-DEV-001,2026-02-10T11:40:00,12.363988,-1.515427
NEW-DEV-X3,2026-02-10T11:40:00,12.358708,-1.520609
NEW-DEV-X1,2026-02-10T11:50:00,12.358959,-1.520601
ST-DEV-001,2026-02-10T11:50:00,12.363978,-1.515435
NEW-DEV-X3,2026-02-10T11:50:00,12.35869,-1.520611
LR-DEV-001,2026-02-10T11:50:00,12.358989,-1.520889
NEW-DEV-X2,2026-02-10T11:50:00,12.358968,-1.52077
NEW-DEV-X2,2026-02-10T12:00:00,12.358954,-1.520774
NEW-DEV-X3,2026-02-10T12:00:00,12.358695,-1.520626
NEW-DEV-X1,2026-02-10T12:00:00,12.358983,-1.520577
NEW-DEV-X2,2026-02-10T12:10:00,12.35893,-1.520774
NEW-DEV-X3,2026-02-10T12:10:00,12.358718,-1.520606
NEW-DEV-X1,2026-02-10T12:10:00,12.358973,-1.520587
NEW-DEV-X3,2026-02-10T12:20:00,12.358696,-1.520605
NEW-DEV-X2,2026-02-10T12:20:00,12.358954,-1.520786
NEW-DEV-X1,2026-02-10T12:20:00,12.358967,-1.520593
NEW-DEV-X3,2026-02-10T12:30:00,12.3587,-1.520612
NEW-DEV-X2,2026-02-10T12:30:00,12.358953,-1.520772
NEW-DEV-X1,2026-02-10T12:30:00,12.358968,-1.520602
civ-c9a81ee6-40fb-4df7-9494-366e6f87591d,2026-02-10T12:35:09,12.362755,-1.522405
civ-62d7d317-8457-4ab1-9267-775a132d353e,2026-02-10T12:37:42,12.364075,-1.515445
civ-068f17d0-0065-405c-bdd7-f715203c8e19,2026-02-10T12:38:59,12.363956,-1.5154
civ-62d7d317-8457-4ab1-9267-775a132d353e,2026-02-10T12:39:04,12.362863,-1.522548
NEW-DEV-X3,2026-02-10T12:40:00,12.358688,-1.520606
NEW-DEV-X1,2026-02-10T12:40:00,12.358965,-1.520586
NEW-DEV-X2,2026-02-10T12:40:00,12.358961,-1.520782
civ-9882446e-69c8-4759-964a-00f38ec7e4eb,2026-02-10T12:41:33,12.363952,-1.515475
civ-b7fa315c-1ea4-4bff-9ffe-220fb9d76e77,2026-02-10T12:44:48,12.36276,-1.522618
civ-db07abea-ca3d-4b89-b8e6-498a67d93f8b,2026-02-10T12:47:49,12.364011,-1.51544
NEW-DEV-X3,2026-02-10T12:50:00,12.358697,-1.520618
NEW-DEV-X1,2026-02-10T12:50:00,12.358977,-1.520583
NEW-DEV-X2,2026-02-10T12:50:00,12.358934,-1.520781
civ-9882446e-69c8-4759-964a-00f38ec7e4eb,2026-02-10T12:52:04,12.364008,-1.515389
civ-88351541-c041-41e4-903d-ddffd8fff7d9,2026-02-10T12:52:07,12.364013,-1.515653
civ-9ab99406-c557-4ff3-9546-d37339008bda,2026-02-10T12:52:15,12.362906,-1.52252
civ-db07abea-ca3d-4b89-b8e6-498a67d93f8b,2026-02-10T12:55:23,12.362869,-1.522535
civ-5f953348-9eea-4e6f-adfb-b33b5a94eae7,2026-02-10T12:55:24,12.36396,-1.515433
civ-560e35c7-b256-4f74-b9d8-7519c1756d49,2026-02-10T12:55:41,12.364144,-1.515422
civ-19d8cd88-9b8a-452a-a525-d1043b3c1526,2026-02-10T12:56:14,12.364094,-1.515316
civ-abb599b3-970c-4aed-a7cd-a2f03dd05458,2026-02-10T12:56:40,12.364148,-1.515389
civ-5f953348-9eea-4e6f-adfb-b33b5a94eae7,2026-02-10T12:56:47,12.362765,-1.522373
civ-dbb2498a-52c9-4500-8a72-a1de35cc0a87,2026-02-10T12:57:43,12.364084,-1.515519
civ-c49fd41d-7955-4cb5-b6a7-786718622610,2026-02-10T12:57:54,12.362887,-1.522402
civ-b7fa315c-1ea4-4bff-9ffe-220fb9d76e77,2026-02-10T12:58:04,12.362912,-1.522424
civ-cece9c82-aff1-4a7b-a95f-8fede9573ccc,2026-02-10T12:58:05,12.362793,-1.522581
civ-3e6a8a9e-f47d-46e1-8940-4918058ed49b,2026-02-10T12:58:18,12.364069,-1.515316
civ-02576fae-ffff-4cf6-a5bc-b03aa4a9ac88,2026-02-10T12:59:22,12.363981,-1.5155
NEW-DEV-X1,2026-02-10T13:00:00,12.358979,-1.520571
NEW-DEV-X2,2026-02-10T13:00:00,12.358957,-1.520794
ST-ASC-004,2026-02-10T13:00:00,12.362899,-1.522502
NEW-DEV-X3,2026-02-10T13:00:00,12.358707,-1.520608
civ-5b5de6bb-92db-43c6-9982-ac8c804e1ff3,2026-02-10T13:00:19,12.36277,-1.522568
civ-cee79db9-2e6e-4786-bea4-267e53b2f310,2026-02-10T13:00:20,12.362913,-1.522571
civ-d914300c-71f1-433a-9c13-50294a4699cb,2026-02-10T13:01:13,12.362835,-1.52249
civ-9625ea0f-0516-485b-9a2c-c109b8dc9eeb,2026-02-10T13:01:14,12.362796,-1.522468
civ-c2976329-879a-401f-ab0a-bec2a5026bf5,2026-02-10T13:02:02,12.362992,-1.522459
civ-52e12e63-9cf1-450f-b811-723dd006ab95,2026-02-10T13:02:09,12.364016,-1.515459
civ-d8b7daca-ee30-436f-8068-55f18110860d,2026-02-10T13:02:36,12.362788,-1.522601
civ-eb6bca32-ee6b-4d0a-8030-aae8db13a9d5,2026-02-10T13:03:04,12.362974,-1.522527
civ-abb599b3-970c-4aed-a7cd-a2f03dd05458,2026-02-10T13:03:24,12.362813,-1.522564
civ-db07abea-ca3d-4b89-b8e6-498a67d93f8b,2026-02-10T13:03:59,12.363961,-1.515366
civ-52216a52-4637-4288-9689-1b401180ecf7,2026-02-10T13:04:03,12.362943,-1.522439
civ-88351541-c041-41e4-903d-ddffd8fff7d9,2026-02-10T13:04:05,12.36282,-1.522442
civ-c2976329-879a-401f-ab0a-bec2a5026bf5,2026-02-10T13:04:12,12.363979,-1.515369
civ-fb779864-9bc9-4670-9e47-b8ea339c3672,2026-02-10T13:04:53,12.363905,-1.515417
civ-c967612c-4cbd-48d4-93ae-3c8a9efdb5fc,2026-02-10T13:04:59,12.364176,-1.515179
ST-ASC-004,2026-02-10T13:05:00,12.362893,-1.522485
civ-d914300c-71f1-433a-9c13-50294a4699cb,2026-02-10T13:05:40,12.364023,-1.515507
civ-9625ea0f-0516-485b-9a2c-c109b8dc9eeb,2026-02-10T13:05:46,12.364174,-1.515275
civ-62bbac52-ba2e-4404-97d7-2d93b963ebf3,2026-02-10T13:05:57,12.362923,-1.522458
civ-02576fae-ffff-4cf6-a5bc-b03aa4a9ac88,2026-02-10T13:06:15,12.362785,-1.522421
civ-69fb9cc1-ef25-4bcf-92ba-fd2160d52f85,2026-02-10T13:06:17,12.364014,-1.515483
civ-4472992d-2849-4630-9c4d-54f39f5e8ed9,2026-02-10T13:06:44,12.363955,-1.515282
civ-155783d0-b79c-4de9-a91d-5c2e44bbd601,2026-02-10T13:06:47,12.364011,-1.515429
civ-dbb2498a-52c9-4500-8a72-a1de35cc0a87,2026-02-10T13:07:27,12.36291,-1.522466
civ-cfaec9ab-5ac9-4b7c-a1c3-b15e20dcb410,2026-02-10T13:08:43,12.362873,-1.522403
civ-fb779864-9bc9-4670-9e47-b8ea339c3672,2026-02-10T13:09:39,12.363103,-1.522526
civ-560e35c7-b256-4f74-b9d8-7519c1756d49,2026-02-10T13:09:54,12.364063,-1.515305
ST-ASC-004,2026-02-10T13:10:00,12.362897,-1.522494
NEW-DEV-X3,2026-02-10T13:10:00,12.358701,-1.520598
NEW-DEV-X1,2026-02-10T13:10:00,12.358982,-1.520579
NEW-DEV-X2,2026-02-10T13:10:00,12.358925,-1.520777
civ-b7fa315c-1ea4-4bff-9ffe-220fb9d76e77,2026-02-10T13:10:02,12.363861,-1.51544
civ-c2976329-879a-401f-ab0a-bec2a5026bf5,2026-02-10T13:10:07,12.362911,-1.522342
civ-aada54c8-b736-4f69-8649-471827354a37,2026-02-10T13:10:37,12.364102,-1.515343
civ-155783d0-b79c-4de9-a91d-5c2e44bbd601,2026-02-10T13:10:54,12.363018,-1.522638
civ-560e35c7-b256-4f74-b9d8-7519c1756d49,2026-02-10T13:11:52,12.362836,-1.522495
civ-c967612c-4cbd-48d4-93ae-3c8a9efdb5fc,2026-02-10T13:12:34,12.362924,-1.52256
civ-aada54c8-b736-4f69-8649-471827354a37,2026-02-10T13:12:38,12.362768,-1.522493
civ-b7e3e859-9789-4511-9091-3013ac317000,2026-02-10T13:12:54,12.36274,-1.522326
ST-ASC-004,2026-02-10T13:15:00,12.362883,-1.522489
civ-068f17d0-0065-405c-bdd7-f715203c8e19,2026-02-10T13:16:23,12.362934,-1.522442
civ-fb779864-9bc9-4670-9e47-b8ea339c3672,2026-02-10T13:19:41,12.362849,-1.522472
ST-ASC-004,2026-02-10T13:20:00,12.362909,-1.522499
NEW-DEV-X1,2026-02-10T13:20:00,12.358972,-1.520592
NEW-DEV-X3,2026-02-10T13:20:00,12.358694,-1.520608
NEW-DEV-X2,2026-02-10T13:20:00,12.35894,-1.520778
civ-19d8cd88-9b8a-452a-a525-d1043b3c1526,2026-02-10T13:22:26,12.363791,-1.515186
ST-ASC-004,2026-02-10T13:25:00,12.362898,-1.522496
civ-b7fa315c-1ea4-4bff-9ffe-220fb9d76e77,2026-02-10T13:25:54,12.364187,-1.515417
NEW-DEV-X2,2026-02-10T13:30:00,12.358953,-1.520783
NEW-DEV-X3,2026-02-10T13:30:00,12.358701,-1.520618
ST-ASC-003,2026-02-10T13:30:00,12.359413,-1.51634
NEW-DEV-X1,2026-02-10T13:30:00,12.358979,-1.520568
ST-ASC-003,2026-02-10T13:30:30,12.361402,-1.515987
NEW-DEV-X3,2026-02-10T13:40:00,12.358694,-1.52061
NEW-DEV-X1,2026-02-10T13:40:00,12.358975,-1.520566
NEW-DEV-X2,2026-02-10T13:40:00,12.358927,-1.52076
NEW-DEV-X1,2026-02-10T13:50:00,12.358958,-1.520593
NEW-DEV-X3,2026-02-10T13:50:00,12.358685,-1.52059
NEW-DEV-X2,2026-02-10T13:50:00,12.358935,-1.520788
NEW-DEV-X1,2026-02-10T14:00:00,12.35898,-1.520581
ST-ASC-003,2026-02-10T14:00:00,12.362493,-1.513094
NEW-DEV-X2,2026-02-10T14:00:00,12.358954,-1.520781
NEW-DEV-X3,2026-02-10T14:00:00,12.358681,-1.520623
ST-ASC-003,2026-02-10T14:10:00,12.36251,-1.513105
NEW-DEV-X1,2026-02-10T14:10:00,12.358984,-1.520583
NEW-DEV-X3,2026-02-10T14:10:00,12.358706,-1.520605
NEW-DEV-X2,2026-02-10T14:10:00,12.358943,-1.520774
ST-ASC-003,2026-02-10T14:20:00,12.362509,-1.513093
NEW-DEV-X3,2026-02-10T14:20:00,12.358685,-1.520606
NEW-DEV-X1,2026-02-10T14:20:00,12.358964,-1.520585
NEW-DEV-X2,2026-02-10T14:20:00,12.358954,-1.520781
NEW-DEV-X3,2026-02-10T14:30:00,12.358707,-1.520611
NEW-DEV-X1,2026-02-10T14:30:00,12.358958,-1.520593
NEW-DEV-X2,2026-02-10T14:30:00,12.358958,-1.520797
ST-ASC-003,2026-02-10T14:30:00,12.362516,-1.513104
ST-ASC-003,2026-02-10T14:40:00,12.362488,-1.513105
NEW-DEV-X1,2026-02-10T14:40:00,12.358981,-1.520575
NEW-DEV-X2,2026-02-10T14:40:00,12.358951,-1.520786
NEW-DEV-X3,2026-02-10T14:40:00,12.358717,-1.520627
ST-ASC-003,2026-02-10T14:50:00,12.362502,-1.513099
NEW-DEV-X3,2026-02-10T14:50:00,12.3587,-1.520601
NEW-DEV-X1,2026-02-10T14:50:00,12.358975,-1.520598
NEW-DEV-X2,2026-02-10T14:50:00,12.358956,-1.520777
NEW-DEV-X2,2026-02-10T15:00:00,12.358938,-1.520772
NEW-DEV-X1,2026-02-10T15:00:00,12.358969,-1.520594
ST-ASC-003,2026-02-10T15:00:00,12.362496,-1.513117
NEW-DEV-X3,2026-02-10T15:00:00,12.358702,-1.520613
NEW-DEV-X1,2026-02-10T15:10:00,12.358983,-1.520588
NEW-DEV-X2,2026-02-10T15:10:00,12.358952,-1.520772
ST-ASC-003,2026-02-10T15:10:00,12.362504,-1.513082
NEW-DEV-X3,2026-02-10T15:10:00,12.358691,-1.520607
NEW-DEV-X2,2026-02-10T15:20:00,12.358935,-1.520782
NEW-DEV-X3,2026-02-10T15:20:00,12.358701,-1.520606
ST-ASC-003,2026-02-10T15:20:00,12.362504,-1.513095
NEW-DEV-X1,2026-02-10T15:20:00,12.358962,-1.520583
NEW-DEV-X3,2026-02-10T15:30:00,12.358703,-1.52062
NEW-DEV-X2,2026-02-10T15:30:00,12.358944,-1.520778
NEW-DEV-X1,2026-02-10T15:30:00,12.358966,-1.52057
NEW-DEV-X1,2026-02-10T15:40:00,12.358965,-1.520596
NEW-DEV-X2,2026-02-10T15:40:00,12.358951,-1.520796
NEW-DEV-X3,2026-02-10T15:40:00,12.358692,-1.520619
NEW-DEV-X3,2026-02-10T15:50:00,12.358691,-1.520602
NEW-DEV-X1,2026-02-10T15:50:00,12.358953,-1.520583
NEW-DEV-X2,2026-02-10T15:50:00,12.358947,-1.520781
NEW-DEV-X1,2026-02-10T16:00:00,12.358967,-1.520596
NEW-DEV-X3,2026-02-10T16:00:00,12.358695,-1.520588
NEW-DEV-X3,2026-02-10T16:10:00,12.358696,-1.52061
NEW-DEV-X1,2026-02-10T16:10:00,12.358983,-1.520577
NEW-DEV-X3,2026-02-10T16:20:00,12.358695,-1.520617
NEW-DEV-X1,2026-02-10T16:20:00,12.358972,-1.520571
NEW-DEV-X1,2026-02-10T16:30:00,12.358978,-1.52059
NEW-DEV-X3,2026-02-10T16:30:00,12.358693,-1.520601
NEW-DEV-X3,2026-02-10T16:40:00,12.358695,-1.520618
NEW-DEV-X1,2026-02-10T16:40:00,12.358963,-1.520576
NEW-DEV-X1,2026-02-10T16:50:00,12.358976,-1.520581
NEW-DEV-X3,2026-02-10T16:50:00,12.358686,-1.520615
NEW-DEV-X3,2026-02-10T17:00:00,12.358695,-1.5206
ST-DEV-001,2026-02-10T17:00:00,12.363601,-1.515311
ST-DEV-001,2026-02-10T17:00:30,12.363146,-1.517565
ST-DEV-001,2026-02-10T17:01:00,12.361374,-1.517809
ST-DEV-001,2026-02-10T17:01:30,12.359229,-1.517357
NEW-DEV-X3,2026-02-10T17:10:00,12.358682,-1.520614
NEW-DEV-X3,2026-02-10T17:20:00,12.358695,-1.520628
NEW-DEV-X3,2026-02-10T17:30:00,12.358686,-1.520617
NEW-DEV-X3,2026-02-10T17:40:00,12.358687,-1.520609
NEW-DEV-X3,2026-02-10T17:50:00,12.358693,-1.520616
ST-DEV-001,2026-02-11T05:30:00,12.359674,-1.516396
VEH-042-0,2026-02-11T05:30:00,12.364466,-1.521212
VEH-042-0,2026-02-11T05:30:30,12.36496,-1.518575
VEH-042-0,2026-02-11T05:31:00,12.362497,-1.518014
VEH-042-0,2026-02-11T05:31:30,12.361353,-1.516538
ST-DEV-001,2026-02-11T05:40:00,12.359664,-1.516405
VEH-042-1,2026-02-11T05:40:00,12.364466,-1.521212
VEH-042-1,2026-02-11T05:40:30,12.36496,-1.518575
VEH-042-1,2026-02-11T05:41:00,12.362497,-1.518014
VEH-042-1,2026-02-11T05:41:30,12.361353,-1.516538
ST-DEV-001,2026-02-11T05:50:00,12.359708,-1.516409
ST-ASC-003,2026-02-11T06:00:00,12.359413,-1.51634
ST-DEV-001,2026-02-11T06:00:00,12.359681,-1.516385
ST-ASC-003,2026-02-11T06:00:30,12.361402,-1.515987
ST-DEV-001,2026-02-11T06:10:00,12.359698,-1.516409
ST-DEV-001,2026-02-11T06:20:00,12.359701,-1.516353
VEH-042-0,2026-02-11T06:30:00,12.362504,-1.513089
ST-DEV-001,2026-02-11T06:30:00,12.359721,-1.516379
VEH-042-0,2026-02-11T06:40:00,12.362503,-1.513108
VEH-042-1,2026-02-11T06:40:00,12.362498,-1.513111
ST-DEV-001,2026-02-11T06:40:00,12.359708,-1.516397
VEH-042-0,2026-02-11T06:50:00,12.3625,-1.513112
VEH-042-1,2026-02-11T06:50:00,12.362505,-1.513106
ST-DEV-001,2026-02-11T06:50:00,12.359657,-1.516412
VEH-042-0,2026-02-11T07:00:00,12.36251,-1.513099
NEW-DEV-X3,2026-02-11T07:00:00,12.358711,-1.520623
VEH-042-1,2026-02-11T07:00:00,12.362481,-1.513103
LR-DEV-001,2026-02-11T07:00:00,12.359005,-1.520896
ST-ASC-003,2026-02-11T07:00:00,12.362502,-1.513109
ST-DEV-001,2026-02-11T07:00:00,12.359691,-1.516434
NEW-DEV-X3,2026-02-11T07:10:00,12.358712,-1.520604
LR-DEV-001,2026-02-11T07:10:00,12.359008,-1.520904
ST-ASC-003,2026-02-11T07:10:00,12.362504,-1.513107
VEH-042-1,2026-02-11T07:10:00,12.362509,-1.513103
ST-DEV-001,2026-02-11T07:10:00,12.359679,-1.516436
VEH-042-0,2026-02-11T07:10:00,12.362484,-1.513103
VEH-042-0,2026-02-11T07:20:00,12.362504,-1.513103
VEH-042-1,2026-02-11T07:20:00,12.362516,-1.513096
ST-DEV-001,2026-02-11T07:20:00,12.359699,-1.516385
LR-DEV-001,2026-02-11T07:20:00,12.358996,-1.52088
NEW-DEV-X3,2026-02-11T07:20:00,12.358698,-1.52062
ST-ASC-003,2026-02-11T07:20:00,12.362499,-1.513092
LR-DEV-001,2026-02-11T07:30:00,12.358998,-1.520893
ST-ASC-004,2026-02-11T07:30:00,12.362905,-1.522494
VEH-042-1,2026-02-11T07:30:00,12.362503,-1.513101
ST-ASC-003,2026-02-11T07:30:00,12.362507,-1.5131
ST-DEV-001,2026-02-11T07:30:00,12.359413,-1.51634
NEW-DEV-X3,2026-02-11T07:30:00,12.358699,-1.520618
ST-DEV-001,2026-02-11T07:30:30,12.360477,-1.517563
ST-DEV-001,2026-02-11T07:31:00,12.362689,-1.517976
ST-DEV-001,2026-02-11T07:31:30,12.363412,-1.516165
NEW-DEV-X3,2026-02-11T07:40:00,12.358705,-1.52062
ST-ASC-003,2026-02-11T07:40:00,12.362484,-1.513073
LR-DEV-001,2026-02-11T07:40:00,12.359,-1.520917
ST-ASC-004,2026-02-11T07:40:00,12.362906,-1.522491
civ-3e6a8a9e-f47d-46e1-8940-4918058ed49b,2026-02-11T07:42:14,12.362988,-1.522482
civ-5f953348-9eea-4e6f-adfb-b33b5a94eae7,2026-02-11T07:42:36,12.364094,-1.515457
civ-69fb9cc1-ef25-4bcf-92ba-fd2160d52f85,2026-02-11T07:42:58,12.364175,-1.515556
civ-52216a52-4637-4288-9689-1b401180ecf7,2026-02-11T07:43:59,12.362842,-1.522449
civ-52e12e63-9cf1-450f-b811-723dd006ab95,2026-02-11T07:44:54,12.362978,-1.522594
civ-fb779864-9bc9-4670-9e47-b8ea339c3672,2026-02-11T07:46:24,12.36412,-1.515355
civ-62bbac52-ba2e-4404-97d7-2d93b963ebf3,2026-02-11T07:46:43,12.363842,-1.515647
ST-ASC-004,2026-02-11T07:50:00,12.362905,-1.522504
ST-ASC-003,2026-02-11T07:50:00,12.362516,-1.513093
NEW-DEV-X3,2026-02-11T07:50:00,12.358693,-1.520616
LR-DEV-001,2026-02-11T07:50:00,12.358982,-1.520905
civ-bb1a3b8d-6013-4514-b1e6-efb6fe8b0a59,2026-02-11T07:50:54,12.362855,-1.522312
civ-abb599b3-970c-4aed-a7cd-a2f03dd05458,2026-02-11T07:54:43,12.363977,-1.515338
civ-4472992d-2849-4630-9c4d-54f39f5e8ed9,2026-02-11T07:55:50,12.363048,-1.52255
civ-0c9d309b-d3d9-4e92-9ae0-012b816f9fce,2026-02-11T07:56:16,12.363015,-1.522542
civ-82cfb0ab-487f-47c9-aee5-fdde8e8a17f6,2026-02-11T07:57:10,12.363848,-1.515431
civ-58babd9c-f204-49ee-985a-f994c95fa4bd,2026-02-11T07:57:13,12.363964,-1.515379
civ-8481ec28-d882-446a-b3db-32ba460d4b17,2026-02-11T07:57:45,12.363954,-1.515384
civ-bb1a3b8d-6013-4514-b1e6-efb6fe8b0a59,2026-02-11T07:57:52,12.364103,-1.515499
civ-5b5de6bb-92db-43c6-9982-ac8c804e1ff3,2026-02-11T07:58:20,12.362927,-1.522403
civ-cee79db9-2e6e-4786-bea4-267e53b2f310,2026-02-11T07:58:37,12.363724,-1.515713
civ-69fb9cc1-ef25-4bcf-92ba-fd2160d52f85,2026-02-11T07:59:02,12.362804,-1.522521
civ-8481ec28-d882-446a-b3db-32ba460d4b17,2026-02-11T07:59:03,12.362849,-1.522448
civ-3e6a8a9e-f47d-46e1-8940-4918058ed49b,2026-02-11T07:59:05,12.363976,-1.515331
civ-db07abea-ca3d-4b89-b8e6-498a67d93f8b,2026-02-11T07:59:18,12.363035,-1.522554
NEW-DEV-X3,2026-02-11T08:00:00,12.358685,-1.520604
LR-ASC-004,2026-02-11T08:00:00,12.35903,-1.520731
LR-DEV-001,2026-02-11T08:00:00,12.35901,-1.520893
NEW-DEV-X1,2026-02-11T08:00:00,12.358971,-1.520563
ST-ASC-003,2026-02-11T08:00:00,12.361831,-1.514451
ST-ASC-004,2026-02-11T08:00:00,12.362899,-1.522499
ST-DEV-001,2026-02-11T08:00:00,12.36403,-1.515389
civ-c9a81ee6-40fb-4df7-9494-366e6f87591d,2026-02-11T08:00:08,12.362951,-1.522501
civ-cc100b8b-4558-4c64-aa34-d02bf900f083,2026-02-11T08:00:29,12.36298,-1.522459
ST-ASC-003,2026-02-11T08:00:30,12.360786,-1.516085
LR-ASC-004,2026-02-11T08:00:30,12.360485,-1.521311
civ-c49fd41d-7955-4cb5-b6a7-786718622610,2026-02-11T08:00:32,12.363968,-1.515409
civ-a5d5f0ac-097b-48e0-991d-f1066f980ce7,2026-02-11T08:00:57,12.363002,-1.522457
civ-4e6f6a58-041a-446a-b97e-2eac0f9997d3,2026-02-11T08:01:13,12.363922,-1.51536
civ-cfaec9ab-5ac9-4b7c-a1c3-b15e20dcb410,2026-02-11T08:01:15,12.364035,-1.515381
civ-e20dc56d-a415-4159-b4a5-869333b3e011,2026-02-11T08:01:27,12.362929,-1.522645
civ-eb961fb2-fc9b-493a-b186-f94d7d40522d,2026-02-11T08:01:44,12.362928,-1.522443
civ-c9a81ee6-40fb-4df7-9494-366e6f87591d,2026-02-11T08:01:57,12.363961,-1.515497
civ-c2976329-879a-401f-ab0a-bec2a5026bf5,2026-02-11T08:02:08,12.364006,-1.515351
civ-7acf1504-7434-49b3-ade9-cad12822f55f,2026-02-11T08:02:27,12.364009,-1.515336
civ-1728b5a6-c412-442d-b081-e8a8b42b5e38,2026-02-11T08:02:30,12.362814,-1.522458
civ-d8b7daca-ee30-436f-8068-55f18110860d,2026-02-11T08:02:59,12.363972,-1.515444
civ-560e35c7-b256-4f74-b9d8-7519c1756d49,2026-02-11T08:03:19,12.364005,-1.515391
civ-b7fa315c-1ea4-4bff-9ffe-220fb9d76e77,2026-02-11T08:03:20,12.362894,-1.522351
civ-d914300c-71f1-433a-9c13-50294a4699cb,2026-02-11T08:03:33,12.364227,-1.515335
civ-068f17d0-0065-405c-bdd7-f715203c8e19,2026-02-11T08:03:51,12.362938,-1.522558
civ-22b80c92-07d6-4eb0-a931-465d2de665e3,2026-02-11T08:04:25,12.36403,-1.515516
civ-e20dc56d-a415-4159-b4a5-869333b3e011,2026-02-11T08:04:27,12.364035,-1.515345
civ-cece9c82-aff1-4a7b-a95f-8fede9573ccc,2026-02-11T08:04:31,12.362893,-1.522585
civ-69fb9cc1-ef25-4bcf-92ba-fd2160d52f85,2026-02-11T08:04:48,12.36392,-1.515484
civ-82cfb0ab-487f-47c9-aee5-fdde8e8a17f6,2026-02-11T08:04:48,12.362813,-1.522484
civ-b7e3e859-9789-4511-9091-3013ac317000,2026-02-11T08:04:55,12.362921,-1.522635
civ-62d7d317-8457-4ab1-9267-775a132d353e,2026-02-11T08:05:00,12.364018,-1.515542
civ-d914300c-71f1-433a-9c13-50294a4699cb,2026-02-11T08:05:05,12.36289,-1.522527
civ-5f953348-9eea-4e6f-adfb-b33b5a94eae7,2026-02-11T08:06:53,12.364063,-1.515361
civ-8481ec28-d882-446a-b3db-32ba460d4b17,2026-02-11T08:07:31,12.364031,-1.515453
civ-9882446e-69c8-4759-964a-00f38ec7e4eb,2026-02-11T08:07:39,12.36295,-1.522386
civ-e8dc8ba3-bb2c-48c0-a27f-1f0939012fb5,2026-02-11T08:07:52,12.364083,-1.515412
civ-c967612c-4cbd-48d4-93ae-3c8a9efdb5fc,2026-02-11T08:07:53,12.36299,-1.522414
civ-19d8cd88-9b8a-452a-a525-d1043b3c1526,2026-02-11T08:09:12,12.362878,-1.522486
civ-88351541-c041-41e4-903d-ddffd8fff7d9,2026-02-11T08:09:38,12.362895,-1.522533
ST-ASC-004,2026-02-11T08:10:00,12.362901,-1.522491
LR-DEV-001,2026-02-11T08:10:00,12.359008,-1.520909
ST-DEV-001,2026-02-11T08:10:00,12.363974,-1.515452
NEW-DEV-X3,2026-02-11T08:10:00,12.358699,-1.5206
NEW-DEV-X1,2026-02-11T08:10:00,12.358979,-1.520563
civ-0c9d309b-d3d9-4e92-9ae0-012b816f9fce,2026-02-11T08:10:20,12.363896,-1.515354
civ-9ab99406-c557-4ff3-9546-d37339008bda,2026-02-11T08:10:26,12.362892,-1.522533
civ-abb599b3-970c-4aed-a7cd-a2f03dd05458,2026-02-11T08:10:27,12.363066,-1.522601
civ-0c9d309b-d3d9-4e92-9ae0-012b816f9fce,2026-02-11T08:12:02,12.36415,-1.515343
civ-62bbac52-ba2e-4404-97d7-2d93b963ebf3,2026-02-11T08:13:43,12.362907,-1.522532
civ-82cfb0ab-487f-47c9-aee5-fdde8e8a17f6,2026-02-11T08:16:11,12.362988,-1.522542
LR-DEV-001,2026-02-11T08:20:00,12.359015,-1.520909
NEW-DEV-X3,2026-02-11T08:20:00,12.358678,-1.520601
NEW-DEV-X1,2026-02-11T08:20:00,12.35898,-1.520574
ST-DEV-001,2026-02-11T08:20:00,12.363953,-1.515434
LR-ASC-004,2026-02-11T08:20:00,12.360297,-1.521919
ST-ASC-004,2026-02-11T08:20:00,12.362906,-1.522481
LR-ASC-004,2026-02-11T08:20:30,12.362138,-1.522277
civ-88351541-c041-41e4-903d-ddffd8fff7d9,2026-02-11T08:22:42,12.363061,-1.52247
NEW-DEV-X3,2026-02-11T08:30:00,12.358717,-1.520615
NEW-DEV-X1,2026-02-11T08:30:00,12.35899,-1.52058
ST-ASC-004,2026-02-11T08:30:00,12.36292,-1.522499
ST-DEV-001,2026-02-11T08:30:00,12.363976,-1.515404
LR-DEV-001,2026-02-11T08:30:00,12.359002,-1.5209
NEW-DEV-X3,2026-02-11T08:40:00,12.358711,-1.520613
LR-DEV-001,2026-02-11T08:40:00,12.358998,-1.520888
LR-ASC-004,2026-02-11T08:40:00,12.362907,-1.522526
ST-ASC-004,2026-02-11T08:40:00,12.362865,-1.522489
NEW-DEV-X1,2026-02-11T08:40:00,12.35897,-1.520574
ST-DEV-001,2026-02-11T08:40:00,12.363973,-1.515391
LR-ASC-004,2026-02-11T08:45:00,12.362891,-1.522492
LR-DEV-001,2026-02-11T08:50:00,12.358994,-1.520912
NEW-DEV-X3,2026-02-11T08:50:00,12.358682,-1.520614
ST-DEV-001,2026-02-11T08:50:00,12.363994,-1.5154
LR-ASC-004,2026-02-11T08:50:00,12.362269,-1.522382
ST-ASC-004,2026-02-11T08:50:00,12.362895,-1.522507
NEW-DEV-X1,2026-02-11T08:50:00,12.358985,-1.520587
LR-ASC-004,2026-02-11T08:50:30,12.360518,-1.52196
NEW-DEV-X1,2026-02-11T09:00:00,12.358966,-1.520582
NEW-DEV-X2,2026-02-11T09:00:00,12.35895,-1.520778
LR-DEV-001,2026-02-11T09:00:00,12.359,-1.520904
ST-ASC-004,2026-02-11T09:00:00,12.362896,-1.522504
ST-DEV-001,2026-02-11T09:00:00,12.364031,-1.515432
NEW-DEV-X3,2026-02-11T09:00:00,12.358703,-1.520619
LR-DEV-001,2026-02-11T09:10:00,12.35903,-1.520894
NEW-DEV-X2,2026-02-11T09:10:00,12.358946,-1.520768
LR-ASC-004,2026-02-11T09:10:00,12.360297,-1.521919
ST-DEV-001,2026-02-11T09:10:00,12.364011,-1.5154
NEW-DEV-X3,2026-02-11T09:10:00,12.358689,-1.520606
NEW-DEV-X1,2026-02-11T09:10:00,12.358979,-1.520576
ST-ASC-004,2026-02-11T09:10:00,12.362906,-1.522514
LR-ASC-004,2026-02-11T09:10:30,12.359626,-1.520842
NEW-DEV-X3,2026-02-11T09:20:00,12.358694,-1.520606
NEW-DEV-X2,2026-02-11T09:20:00,12.35895,-1.52078
LR-DEV-001,2026-02-11T09:20:00,12.358996,-1.52091
NEW-DEV-X1,2026-02-11T09:20:00,12.358959,-1.520566
ST-ASC-004,2026-02-11T09:20:00,12.36289,-1.522497
ST-DEV-001,2026-02-11T09:20:00,12.363991,-1.515376
NEW-DEV-X2,2026-02-11T09:30:00,12.358956,-1.520799
NEW-DEV-X3,2026-02-11T09:30:00,12.358696,-1.520607
LR-DEV-001,2026-02-11T09:30:00,12.358983,-1.520909
NEW-DEV-X1,2026-02-11T09:30:00,12.358966,-1.520585
ST-DEV-001,2026-02-11T09:30:00,12.364024,-1.515426
LR-ASC-004,2026-02-11T09:30:00,12.35903,-1.520731
LR-ASC-004,2026-02-11T09:30:30,12.360485,-1.521311
ST-DEV-001,2026-02-11T09:40:00,12.363995,-1.515392
NEW-DEV-X1,2026-02-11T09:40:00,12.358964,-1.520559
NEW-DEV-X2,2026-02-11T09:40:00,12.358962,-1.520793
NEW-DEV-X3,2026-02-11T09:40:00,12.35869,-1.520609
LR-DEV-001,2026-02-11T09:40:00,12.359001,-1.520887
ST-DEV-001,2026-02-11T09:50:00,12.363993,-1.515384
LR-ASC-004,2026-02-11T09:50:00,12.360297,-1.521919
NEW-DEV-X2,2026-02-11T09:50:00,12.358938,-1.520778
NEW-DEV-X1,2026-02-11T09:50:00,12.358974,-1.520591
LR-DEV-001,2026-02-11T09:50:00,12.35901,-1.520898
NEW-DEV-X3,2026-02-11T09:50:00,12.358686,-1.520599
LR-ASC-004,2026-02-11T09:50:30,12.362138,-1.522277
ST-DEV-001,2026-02-11T10:00:00,12.364008,-1.515351
LR-DEV-001,2026-02-11T10:00:00,12.358997,-1.520898
NEW-DEV-X2,2026-02-11T10:00:00,12.358943,-1.520769
NEW-DEV-X1,2026-02-11T10:00:00,12.35898,-1.520576
NEW-DEV-X3,2026-02-11T10:00:00,12.358688,-1.520601
NEW-DEV-X1,2026-02-11T10:10:00,12.35897,-1.520575
LR-ASC-004,2026-02-11T10:10:00,12.362901,-1.522509
NEW-DEV-X2,2026-02-11T10:10:00,12.358934,-1.520776
ST-DEV-001,2026-02-11T10:10:00,12.363959,-1.515403
NEW-DEV-X3,2026-02-11T10:10:00,12.358692,-1.520609
LR-DEV-001,2026-02-11T10:10:00,12.358995,-1.520885
LR-ASC-004,2026-02-11T10:15:00,12.362894,-1.522517
LR-ASC-004,2026-02-11T10:20:00,12.362269,-1.522382
NEW-DEV-X1,2026-02-11T10:20:00,12.358965,-1.520587
NEW-DEV-X2,2026-02-11T10:20:00,12.358939,-1.520775
NEW-DEV-X3,2026-02-11T10:20:00,12.35869,-1.52062
LR-DEV-001,2026-02-11T10:20:00,12.358998,-1.520901
ST-DEV-001,2026-02-11T10:20:00,12.363975,-1.515384
LR-ASC-004,2026-02-11T10:20:30,12.360518,-1.52196
NEW-DEV-X3,2026-02-11T10:30:00,12.358678,-1.52062
ST-DEV-001,2026-02-11T10:30:00,12.363956,-1.515391
LR-DEV-001,2026-02-11T10:30:00,12.35898,-1.520902
NEW-DEV-X2,2026-02-11T10:30:00,12.358943,-1.520777
NEW-DEV-X1,2026-02-11T10:30:00,12.358954,-1.520595
ST-DEV-001,2026-02-11T10:40:00,12.363983,-1.51542
NEW-DEV-X2,2026-02-11T10:40:00,12.358939,-1.520783
LR-ASC-004,2026-02-11T10:40:00,12.360297,-1.521919
NEW-DEV-X3,2026-02-11T10:40:00,12.358691,-1.520609
NEW-DEV-X1,2026-02-11T10:40:00,12.358988,-1.520568
LR-DEV-001,2026-02-11T10:40:00,12.359008,-1.52091
LR-ASC-004,2026-02-11T10:40:30,12.359626,-1.520842
NEW-DEV-X3,2026-02-11T10:50:00,12.358703,-1.520615
NEW-DEV-X1,2026-02-11T10:50:00,12.358973,-1.520568
LR-DEV-001,2026-02-11T10:50:00,12.358993,-1.520893
NEW-DEV-X2,2026-02-11T10:50:00,12.358947,-1.52077
ST-DEV-001,2026-02-11T10:50:00,12.363961,-1.515413
NEW-DEV-X2,2026-02-11T11:00:00,12.358939,-1.520786
NEW-DEV-X3,2026-02-11T11:00:00,12.358686,-1.520624
ST-DEV-001,2026-02-11T11:00:00,12.364029,-1.515401
NEW-DEV-X1,2026-02-11T11:00:00,12.358971,-1.520585
LR-DEV-001,2026-02-11T11:00:00,12.358987,-1.52089
NEW-DEV-X3,2026-02-11T11:10:00,12.358698,-1.520599
ST-DEV-001,2026-02-11T11:10:00,12.364017,-1.515355
NEW-DEV-X2,2026-02-11T11:10:00,12.35895,-1.520778
NEW-DEV-X1,2026-02-11T11:10:00,12.358973,-1.520584
LR-DEV-001,2026-02-11T11:10:00,12.358995,-1.520903
ST-DEV-001,2026-02-11T11:20:00,12.364007,-1.515415
NEW-DEV-X2,2026-02-11T11:20:00,12.358951,-1.520786
NEW-DEV-X3,2026-02-11T11:20:00,12.358705,-1.520605
LR-DEV-001,2026-02-11T11:20:00,12.35899,-1.520897
NEW-DEV-X1,2026-02-11T11:20:00,12.35897,-1.520573
NEW-DEV-X3,2026-02-11T11:30:00,12.3587,-1.520596
NEW-DEV-X1,2026-02-11T11:30:00,12.358973,-1.520577
LR-DEV-001,2026-02-11T11:30:00,12.359022,-1.520893
NEW-DEV-X2,2026-02-11T11:30:00,12.358928,-1.520783
ST-DEV-001,2026-02-11T11:30:00,12.364013,-1.515415
ST-DEV-001,2026-02-11T11:40:00,12.363986,-1.515441
NEW-DEV-X1,2026-02-11T11:40:00,12.358981,-1.52058
LR-DEV-001,2026-02-11T11:40:00,12.358992,-1.52089
NEW-DEV-X3,2026-02-11T11:40:00,12.358697,-1.520605
NEW-DEV-X2,2026-02-11T11:40:00,12.358937,-1.520779
LR-DEV-001,2026-02-11T11:50:00,12.358997,-1.520888
NEW-DEV-X2,2026-02-11T11:50:00,12.358938,-1.520771
NEW-DEV-X1,2026-02-11T11:50:00,12.358963,-1.520595
NEW-DEV-X3,2026-02-11T11:50:00,12.358691,-1.520623
ST-DEV-001,2026-02-11T11:50:00,12.364025,-1.51541
NEW-DEV-X1,2026-02-11T12:00:00,12.358973,-1.520585
NEW-DEV-X2,2026-02-11T12:00:00,12.358941,-1.520777
NEW-DEV-X3,2026-02-11T12:00:00,12.358688,-1.520611
NEW-DEV-X2,2026-02-11T12:10:00,12.358945,-1.520776
NEW-DEV-X1,2026-02-11T12:10:00,12.358973,-1.520583
NEW-DEV-X3,2026-02-11T12:10:00,12.358695,-1.520594
NEW-DEV-X1,2026-02-11T12:20:00,12.358995,-1.520595
NEW-DEV-X2,2026-02-11T12:20:00,12.358944,-1.520773
NEW-DEV-X3,2026-02-11T12:20:00,12.358695,-1.5206
NEW-DEV-X2,2026-02-11T12:30:00,12.358937,-1.520765
NEW-DEV-X3,2026-02-11T12:30:00,12.35869,-1.520614
NEW-DEV-X1,2026-02-11T12:30:00,12.358954,-1.52058
civ-3e6a8a9e-f47d-46e1-8940-4918058ed49b,2026-02-11T12:36:49,12.36408,-1.515485
civ-fb779864-9bc9-4670-9e47-b8ea339c3672,2026-02-11T12:39:42,12.364312,-1.515377
NEW-DEV-X1,2026-02-11T12:40:00,12.358969,-1.52058
NEW-DEV-X3,2026-02-11T12:40:00,12.358682,-1.520618
NEW-DEV-X2,2026-02-11T12:40:00,12.358942,-1.52079
civ-4472992d-2849-4630-9c4d-54f39f5e8ed9,2026-02-11T12:40:20,12.363986,-1.515437
civ-4e6f6a58-041a-446a-b97e-2eac0f9997d3,2026-02-11T12:42:33,12.364068,-1.515502
civ-69fb9cc1-ef25-4bcf-92ba-fd2160d52f85,2026-02-11T12:42:58,12.363051,-1.522386
civ-155783d0-b79c-4de9-a91d-5c2e44bbd601,2026-02-11T12:44:32,12.363856,-1.51533
civ-eb961fb2-fc9b-493a-b186-f94d7d40522d,2026-02-11T12:47:21,12.362894,-1.522388
NEW-DEV-X1,2026-02-11T12:50:00,12.358977,-1.520571
NEW-DEV-X2,2026-02-11T12:50:00,12.358946,-1.520786
NEW-DEV-X3,2026-02-11T12:50:00,12.358699,-1.520611
civ-9ab99406-c557-4ff3-9546-d37339008bda,2026-02-11T12:54:07,12.363873,-1.515436
civ-b7fa315c-1ea4-4bff-9ffe-220fb9d76e77,2026-02-11T12:54:11,12.363069,-1.522601
civ-19d8cd88-9b8a-452a-a525-d1043b3c1526,2026-02-11T12:54:36,12.36402,-1.515377
civ-5b5de6bb-92db-43c6-9982-ac8c804e1ff3,2026-02-11T12:55:21,12.364064,-1.515498
civ-560e35c7-b256-4f74-b9d8-7519c1756d49,2026-02-11T12:55:31,12.36287,-1.522361
civ-cee79db9-2e6e-4786-bea4-267e53b2f310,2026-02-11T12:56:01,12.362921,-1.522486
civ-cfaec9ab-5ac9-4b7c-a1c3-b15e20dcb410,2026-02-11T12:57:18,12.362881,-1.522494
civ-155783d0-b79c-4de9-a91d-5c2e44bbd601,2026-02-11T12:57:18,12.362899,-1.52257
civ-9625ea0f-0516-485b-9a2c-c109b8dc9eeb,2026-02-11T12:57:43,12.364015,-1.515417
civ-7acf1504-7434-49b3-ade9-cad12822f55f,2026-02-11T12:58:15,12.362846,-1.522391
civ-5b5de6bb-92db-43c6-9982-ac8c804e1ff3,2026-02-11T12:59:24,12.362919,-1.522547
civ-62d7d317-8457-4ab1-9267-775a132d353e,2026-02-11T12:59:32,12.363841,-1.515416
civ-c2976329-879a-401f-ab0a-bec2a5026bf5,2026-02-11T12:59:52,12.364023,-1.515395
NEW-DEV-X3,2026-02-11T13:00:00,12.358702,-1.520609
ST-ASC-004,2026-02-11T13:00:00,12.362906,-1.522494
NEW-DEV-X1,2026-02-11T13:00:00,12.358958,-1.520588
NEW-DEV-X2,2026-02-11T13:00:00,12.35895,-1.520758
civ-cee79db9-2e6e-4786-bea4-267e53b2f310,2026-02-11T13:00:01,12.364021,-1.51539
civ-62bbac52-ba2e-4404-97d7-2d93b963ebf3,2026-02-11T13:00:05,12.363963,-1.515335
civ-02576fae-ffff-4cf6-a5bc-b03aa4a9ac88,2026-02-11T13:00:10,12.364106,-1.515507
civ-82cfb0ab-487f-47c9-aee5-fdde8e8a17f6,2026-02-11T13:00:12,12.362995,-1.522599
civ-58babd9c-f204-49ee-985a-f994c95fa4bd,2026-02-11T13:00:37,12.364012,-1.515295
civ-fb779864-9bc9-4670-9e47-b8ea339c3672,2026-02-11T13:00:39,12.363919,-1.515301
civ-5f953348-9eea-4e6f-adfb-b33b5a94eae7,2026-02-11T13:00:42,12.362759,-1.522522
civ-8481ec28-d882-446a-b3db-32ba460d4b17,2026-02-11T13:00:45,12.362895,-1.522521
civ-eb961fb2-fc9b-493a-b186-f94d7d40522d,2026-02-11T13:01:31,12.363975,-1.515335
civ-abb599b3-970c-4aed-a7cd-a2f03dd05458,2026-02-11T13:01:42,12.363929,-1.515449
civ-c967612c-4cbd-48d4-93ae-3c8a9efdb5fc,2026-02-11T13:02:16,12.364036,-1.515354
civ-db07abea-ca3d-4b89-b8e6-498a67d93f8b,2026-02-11T13:02:17,12.36278,-1.522644
civ-cc100b8b-4558-4c64-aa34-d02bf900f083,2026-02-11T13:02:26,12.362946,-1.522489
civ-52e12e63-9cf1-450f-b811-723dd006ab95,2026-02-11T13:03:06,12.364082,-1.515387
civ-52e12e63-9cf1-450f-b811-723dd006ab95,2026-02-11T13:03:22,12.363016,-1.522555
civ-22b80c92-07d6-4eb0-a931-465d2de665e3,2026-02-11T13:04:06,12.363904,-1.515391
civ-dbb2498a-52c9-4500-8a72-a1de35cc0a87,2026-02-11T13:04:31,12.362937,-1.522485
civ-b7e3e859-9789-4511-9091-3013ac317000,2026-02-11T13:04:51,12.363887,-1.515446
civ-f7b60403-c6bb-4b3e-adf7-46afadfd190b,2026-02-11T13:04:52,12.364085,-1.515484
ST-ASC-004,2026-02-11T13:05:00,12.362893,-1.522509
civ-4e6f6a58-041a-446a-b97e-2eac0f9997d3,2026-02-11T13:05:06,12.362918,-1.522581
civ-52216a52-4637-4288-9689-1b401180ecf7,2026-02-11T13:05:08,12.36288,-1.522414
civ-4e6f6a58-041a-446a-b97e-2eac0f9997d3,2026-02-11T13:06:20,12.364041,-1.51541
civ-eb6bca32-ee6b-4d0a-8030-aae8db13a9d5,2026-02-11T13:07:21,12.363953,-1.515309
civ-0c9d309b-d3d9-4e92-9ae0-012b816f9fce,2026-02-11T13:07:37,12.364015,-1.515371
civ-aada54c8-b736-4f69-8649-471827354a37,2026-02-11T13:07:39,12.363878,-1.515362
civ-22b80c92-07d6-4eb0-a931-465d2de665e3,2026-02-11T13:07:41,12.362915,-1.522468
civ-d914300c-71f1-433a-9c13-50294a4699cb,2026-02-11T13:07:41,12.36403,-1.515417
civ-bb1a3b8d-6013-4514-b1e6-efb6fe8b0a59,2026-02-11T13:08:10,12.363975,-1.515318
civ-abb599b3-970c-4aed-a7cd-a2f03dd05458,2026-02-11T13:08:30,12.362957,-1.52238
civ-d8b7daca-ee30-436f-8068-55f18110860d,2026-02-11T13:09:02,12.362937,-1.52259
civ-58babd9c-f204-49ee-985a-f994c95fa4bd,2026-02-11T13:09:23,12.364143,-1.515591
ST-ASC-004,2026-02-11T13:10:00,12.362895,-1.522498
NEW-DEV-X3,2026-02-11T13:10:00,12.358691,-1.520592
NEW-DEV-X1,2026-02-11T13:10:00,12.358976,-1.520576
NEW-DEV-X2,2026-02-11T13:10:00,12.358937,-1.520775
civ-f7b60403-c6bb-4b3e-adf7-46afadfd190b,2026-02-11T13:10:06,12.362847,-1.522431
civ-eb961fb2-fc9b-493a-b186-f94d7d40522d,2026-02-11T13:10:10,12.362981,-1.522387
civ-88351541-c041-41e4-903d-ddffd8fff7d9,2026-02-11T13:10:42,12.362904,-1.522444
civ-c2976329-879a-401f-ab0a-bec2a5026bf5,2026-02-11T13:10:52,12.36291,-1.522476
civ-e20dc56d-a415-4159-b4a5-869333b3e011,2026-02-11T13:11:10,12.362838,-1.522502
civ-bb1a3b8d-6013-4514-b1e6-efb6fe8b0a59,2026-02-11T13:11:59,12.362843,-1.522453
civ-c967612c-4cbd-48d4-93ae-3c8a9efdb5fc,2026-02-11T13:11:59,12.362841,-1.522583
ST-ASC-004,2026-02-11T13:15:00,12.362913,-1.522518
civ-0c9d309b-d3d9-4e92-9ae0-012b816f9fce,2026-02-11T13:15:21,12.36416,-1.515499
NEW-DEV-X1,2026-02-11T13:20:00,12.358992,-1.520574
NEW-DEV-X3,2026-02-11T13:20:00,12.358693,-1.520601
ST-ASC-004,2026-02-11T13:20:00,12.362898,-1.522512
NEW-DEV-X2,2026-02-11T13:20:00,12.358928,-1.520774
civ-d8b7daca-ee30-436f-8068-55f18110860d,2026-02-11T13:20:33,12.363942,-1.515288
civ-cee79db9-2e6e-4786-bea4-267e53b2f310,2026-02-11T13:20:42,12.363947,-1.515605
civ-8481ec28-d882-446a-b3db-32ba460d4b17,2026-02-11T13:21:55,12.363956,-1.515341
civ-fb779864-9bc9-4670-9e47-b8ea339c3672,2026-02-11T13:22:03,12.362627,-1.522366
civ-dbb2498a-52c9-4500-8a72-a1de35cc0a87,2026-02-11T13:23:02,12.364095,-1.515421
civ-db07abea-ca3d-4b89-b8e6-498a67d93f8b,2026-02-11T13:24:36,12.363986,-1.515461
ST-ASC-004,2026-02-11T13:25:00,12.362885,-1.522491
NEW-DEV-X1,2026-02-11T13:30:00,12.358971,-1.520591
NEW-DEV-X3,2026-02-11T13:30:00,12.35869,-1.520605
ST-ASC-003,2026-02-11T13:30:00,12.359413,-1.51634
NEW-DEV-X2,2026-02-11T13:30:00,12.358936,-1.520784
ST-ASC-003,2026-02-11T13:30:30,12.361402,-1.515987
NEW-DEV-X2,2026-02-11T13:40:00,12.358934,-1.520771
NEW-DEV-X3,2026-02-11T13:40:00,12.358702,-1.520609
NEW-DEV-X1,2026-02-11T13:40:00,12.358967,-1.520588
NEW-DEV-X2,2026-02-11T13:50:00,12.358953,-1.520778
NEW-DEV-X1,2026-02-11T13:50:00,12.358978,-1.520581
NEW-DEV-X3,2026-02-11T13:50:00,12.358673,-1.520611
NEW-DEV-X3,2026-02-11T14:00:00,12.358705,-1.520606
NEW-DEV-X2,2026-02-11T14:00:00,12.358936,-1.520764
NEW-DEV-X1,2026-02-11T14:00:00,12.35896,-1.520587
ST-ASC-003,2026-02-11T14:00:00,12.362493,-1.513101
NEW-DEV-X3,2026-02-11T14:10:00,12.358698,-1.520627
NEW-DEV-X2,2026-02-11T14:10:00,12.358937,-1.520797
NEW-DEV-X1,2026-02-11T14:10:00,12.35898,-1.52058
ST-ASC-003,2026-02-11T14:10:00,12.362495,-1.513089
NEW-DEV-X3,2026-02-11T14:20:00,12.358688,-1.520607
NEW-DEV-X2,2026-02-11T14:20:00,12.358948,-1.520788
NEW-DEV-X1,2026-02-11T14:20:00,12.358977,-1.52058
ST-ASC-003,2026-02-11T14:20:00,12.362502,-1.513107
NEW-DEV-X1,2026-02-11T14:30:00,12.358987,-1.520581
ST-ASC-003,2026-02-11T14:30:00,12.362496,-1.51309
NEW-DEV-X2,2026-02-11T14:30:00,12.358953,-1.520781
NEW-DEV-X3,2026-02-11T14:30:00,12.358698,-1.5206
ST-ASC-003,2026-02-11T14:40:00,12.362514,-1.513086
NEW-DEV-X1,2026-02-11T14:40:00,12.358969,-1.520591
NEW-DEV-X2,2026-02-11T14:40:00,12.358949,-1.520765
NEW-DEV-X3,2026-02-11T14:40:00,12.358693,-1.520607
ST-ASC-003,2026-02-11T14:50:00,12.362507,-1.513102
NEW-DEV-X1,2026-02-11T14:50:00,12.358974,-1.520605
NEW-DEV-X3,2026-02-11T14:50:00,12.358694,-1.52062
NEW-DEV-X2,2026-02-11T14:50:00,12.358933,-1.520783
NEW-DEV-X1,2026-02-11T15:00:00,12.35897,-1.520585
ST-ASC-003,2026-02-11T15:00:00,12.362471,-1.513097
NEW-DEV-X3,2026-02-11T15:00:00,12.358674,-1.520607
NEW-DEV-X2,2026-02-11T15:00:00,12.358943,-1.520764
NEW-DEV-X1,2026-02-11T15:10:00,12.35896,-1.520591
NEW-DEV-X2,2026-02-11T15:10:00,12.358938,-1.520783
ST-ASC-003,2026-02-11T15:10:00,12.3625,-1.513099
NEW-DEV-X3,2026-02-11T15:10:00,12.358696,-1.520617
NEW-DEV-X2,2026-02-11T15:20:00,12.358948,-1.520783
ST-ASC-003,2026-02-11T15:20:00,12.3625,-1.513112
NEW-DEV-X1,2026-02-11T15:20:00,12.358979,-1.520581
NEW-DEV-X3,2026-02-11T15:20:00,12.358679,-1.520605
NEW-DEV-X2,2026-02-11T15:30:00,12.358945,-1.520792
NEW-DEV-X1,2026-02-11T15:30:00,12.358973,-1.52058
NEW-DEV-X3,2026-02-11T15:30:00,12.358692,-1.520606
NEW-DEV-X2,2026-02-11T15:40:00,12.358964,-1.52079
NEW-DEV-X3,2026-02-11T15:40:00,12.358711,-1.52063
NEW-DEV-X1,2026-02-11T15:40:00,12.358973,-1.520572
NEW-DEV-X1,2026-02-11T15:50:00,12.358973,-1.520596
NEW-DEV-X2,2026-02-11T15:50:00,12.358941,-1.520778
NEW-DEV-X3,2026-02-11T15:50:00,12.358688,-1.520613
NEW-DEV-X3,2026-02-11T16:00:00,12.358707,-1.520626
NEW-DEV-X1,2026-02-11T16:00:00,12.358987,-1.52058
NEW-DEV-X1,2026-02-11T16:10:00,12.358967,-1.520594
NEW-DEV-X3,2026-02-11T16:10:00,12.358711,-1.52061
NEW-DEV-X1,2026-02-11T16:20:00,12.358976,-1.520584
NEW-DEV-X3,2026-02-11T16:20:00,12.358693,-1.520613
NEW-DEV-X3,2026-02-11T16:30:00,12.35869,-1.520602
NEW-DEV-X1,2026-02-11T16:30:00,12.358986,-1.520586
NEW-DEV-X3,2026-02-11T16:40:00,12.358684,-1.520608
NEW-DEV-X1,2026-02-11T16:40:00,12.358964,-1.520575
NEW-DEV-X1,2026-02-11T16:50:00,12.35898,-1.520581
NEW-DEV-X3,2026-02-11T16:50:00,12.358691,-1.520618
NEW-DEV-X3,2026-02-11T17:00:00,12.358717,-1.520607
ST-DEV-001,2026-02-11T17:00:00,12.363601,-1.515311
ST-DEV-001,2026-02-11T17:00:30,12.363146,-1.517565
ST-DEV-001,2026-02-11T17:01:00,12.361374,-1.517809
ST-DEV-001,2026-02-11T17:01:30,12.359229,-1.517357
NEW-DEV-X3,2026-02-11T17:10:00,12.3587,-1.520601
NEW-DEV-X3,2026-02-11T17:20:00,12.358681,-1.520595
NEW-DEV-X3,2026-02-11T17:30:00,12.358671,-1.520618
NEW-DEV-X3,2026-02-11T17:40:00,12.35869,-1.520606
NEW-DEV-X3,2026-02-11T17:50:00,12.358696,-1.520613
ST-DEV-001,2026-02-12T05:30:00,12.359699,-1.516405
VEH-043-0,2026-02-12T05:30:00,12.364466,-1.521212
VEH-043-0,2026-02-12T05:30:30,12.36496,-1.518575
VEH-043-0,2026-02-12T05:31:00,12.362497,-1.518014
VEH-043-0,2026-02-12T05:31:30,12.361353,-1.516538
ST-DEV-001,2026-02-12T05:40:00,12.359695,-1.51639
VEH-043-1,2026-02-12T05:40:00,12.364466,-1.521212
VEH-043-1,2026-02-12T05:40:30,12.36496,-1.518575
VEH-043-1,2026-02-12T05:41:00,12.362497,-1.518014
VEH-043-1,2026-02-12T05:41:30,12.361353,-1.516538
ST-DEV-001,2026-02-12T05:50:00,12.359683,-1.516419
ST-DEV-001,2026-02-12T06:00:00,12.35968,-1.516363
ST-ASC-003,2026-02-12T06:00:00,12.359413,-1.51634
ST-ASC-003,2026-02-12T06:00:30,12.361402,-1.515987
ST-DEV-001,2026-02-12T06:10:00,12.35971,-1.516395
ST-DEV-001,2026-02-12T06:20:00,12.359681,-1.516389
ST-DEV-001,2026-02-12T06:30:00,12.359698,-1.516396
VEH-043-0,2026-02-12T06:30:00,12.362487,-1.513102
ST-DEV-001,2026-02-12T06:40:00,12.359682,-1.516397
VEH-043-1,2026-02-12T06:40:00,12.362486,-1.513098
VEH-043-0,2026-02-12T06:40:00,12.362497,-1.513086
VEH-043-0,2026-02-12T06:50:00,12.362504,-1.513099
ST-DEV-001,2026-02-12T06:50:00,12.359692,-1.516414
VEH-043-1,2026-02-12T06:50:00,12.362502,-1.513085
VEH-043-0,2026-02-12T07:00:00,12.362508,-1.513097
VEH-043-1,2026-02-12T07:00:00,12.362486,-1.513105
NEW-DEV-X3,2026-02-12T07:00:00,12.358692,-1.520611
LR-DEV-001,2026-02-12T07:00:00,12.358999,-1.520886
ST-DEV-001,2026-02-12T07:00:00,12.359713,-1.516428
ST-ASC-003,2026-02-12T07:00:00,12.362498,-1.513109
ST-ASC-003,2026-02-12T07:10:00,12.362485,-1.513107
VEH-043-1,2026-02-12T07:10:00,12.362507,-1.513097
VEH-043-0,2026-02-12T07:10:00,12.362496,-1.51309
LR-DEV-001,2026-02-12T07:10:00,12.358999,-1.520897
ST-DEV-001,2026-02-12T07:10:00,12.35971,-1.516388
NEW-DEV-X3,2026-02-12T07:10:00,12.358696,-1.520605
VEH-043-0,2026-02-12T07:20:00,12.36249,-1.513097
ST-DEV-001,2026-02-12T07:20:00,12.359684,-1.516415
ST-ASC-003,2026-02-12T07:20:00,12.362498,-1.513094
LR-DEV-001,2026-02-12T07:20:00,12.359012,-1.520904
NEW-DEV-X3,2026-02-12T07:20:00,12.3587,-1.520615
VEH-043-1,2026-02-12T07:20:00,12.362502,-1.513109
ST-ASC-003,2026-02-12T07:30:00,12.362502,-1.513086
NEW-DEV-X3,2026-02-12T07:30:00,12.358689,-1.520605
LR-DEV-001,2026-02-12T07:30:00,12.359018,-1.520882
ST-DEV-001,2026-02-12T07:30:00,12.359413,-1.51634
ST-ASC-004,2026-02-12T07:30:00,12.362897,-1.522513
VEH-043-1,2026-02-12T07:30:00,12.362495,-1.513089
ST-DEV-001,2026-02-12T07:30:30,12.360477,-1.517563
ST-DEV-001,2026-02-12T07:31:00,12.362689,-1.517976
ST-DEV-001,2026-02-12T07:31:30,12.363412,-1.516165
civ-155783d0-b79c-4de9-a91d-5c2e44bbd601,2026-02-12T07:37:41,12.362772,-1.522614
civ-068f17d0-0065-405c-bdd7-f715203c8e19,2026-02-12T07:38:59,12.364022,-1.515289
ST-ASC-003,2026-02-12T07:40:00,12.362491,-1.513092
LR-DEV-001,2026-02-12T07:40:00,12.358999,-1.520905
ST-ASC-004,2026-02-12T07:40:00,12.362912,-1.522501
NEW-DEV-X3,2026-02-12T07:40:00,12.3587,-1.520615
civ-d914300c-71f1-433a-9c13-50294a4699cb,2026-02-12T07:47:28,12.364064,-1.51549
civ-cc100b8b-4558-4c64-aa34-d02bf900f083,2026-02-12T07:49:31,12.36372,-1.515357
ST-ASC-004,2026-02-12T07:50:00,12.362898,-1.522492
ST-ASC-003,2026-02-12T07:50:00,12.3625,-1.513094
LR-DEV-001,2026-02-12T07:50:00,12.359006,-1.520903
NEW-DEV-X3,2026-02-12T07:50:00,12.35868,-1.520613
civ-cece9c82-aff1-4a7b-a95f-8fede9573ccc,2026-02-12T07:53:46,12.362709,-1.522426
civ-e8dc8ba3-bb2c-48c0-a27f-1f0939012fb5,2026-02-12T07:54:23,12.362818,-1.522396
civ-c2976329-879a-401f-ab0a-bec2a5026bf5,2026-02-12T07:54:26,12.364015,-1.515397
civ-69fb9cc1-ef25-4bcf-92ba-fd2160d52f85,2026-02-12T07:55:21,12.362956,-1.522541
civ-c2976329-879a-401f-ab0a-bec2a5026bf5,2026-02-12T07:55:33,12.362919,-1.522577
civ-db07abea-ca3d-4b89-b8e6-498a67d93f8b,2026-02-12T07:55:53,12.364011,-1.515422
civ-9882446e-69c8-4759-964a-00f38ec7e4eb,2026-02-12T07:56:04,12.362913,-1.522511
civ-b7fa315c-1ea4-4bff-9ffe-220fb9d76e77,2026-02-12T07:56:57,12.364083,-1.515513
civ-f7b60403-c6bb-4b3e-adf7-46afadfd190b,2026-02-12T07:57:04,12.36298,-1.52255
civ-62bbac52-ba2e-4404-97d7-2d93b963ebf3,2026-02-12T07:57:10,12.362939,-1.522558
civ-1728b5a6-c412-442d-b081-e8a8b42b5e38,2026-02-12T07:57:27,12.362913,-1.522472
civ-b7e3e859-9789-4511-9091-3013ac317000,2026-02-12T07:58:00,12.364144,-1.515407
civ-5b5de6bb-92db-43c6-9982-ac8c804e1ff3,2026-02-12T07:58:03,12.362991,-1.52259
civ-9ab99406-c557-4ff3-9546-d37339008bda,2026-02-12T07:58:31,12.36393,-1.515403
civ-cee79db9-2e6e-4786-bea4-267e53b2f310,2026-02-12T07:58:59,12.364065,-1.515565
civ-c2976329-879a-401f-ab0a-bec2a5026bf5,2026-02-12T07:59:49,12.363977,-1.515383
NEW-DEV-X3,2026-02-12T08:00:00,12.3587,-1.520595
LR-ASC-004,2026-02-12T08:00:00,12.35903,-1.520731
LR-DEV-001,2026-02-12T08:00:00,12.35899,-1.520888
ST-ASC-004,2026-02-12T08:00:00,12.362904,-1.52251
NEW-DEV-X1,2026-02-12T08:00:00,12.358987,-1.520587
ST-DEV-001,2026-02-12T08:00:00,12.363994,-1.515392
ST-ASC-003,2026-02-12T08:00:00,12.361831,-1.514451
civ-62d7d317-8457-4ab1-9267-775a132d353e,2026-02-12T08:00:05,12.36404,-1.515416
civ-d914300c-71f1-433a-9c13-50294a4699cb,2026-02-12T08:00:28,12.362973,-1.522584
civ-22b80c92-07d6-4eb0-a931-465d2de665e3,2026-02-12T08:00:29,12.363973,-1.51544
LR-ASC-004,2026-02-12T08:00:30,12.360485,-1.521311
ST-ASC-003,2026-02-12T08:00:30,12.360786,-1.516085
civ-cfaec9ab-5ac9-4b7c-a1c3-b15e20dcb410,2026-02-12T08:00:38,12.363908,-1.515317
civ-c49fd41d-7955-4cb5-b6a7-786718622610,2026-02-12T08:00:45,12.362812,-1.522549
civ-58babd9c-f204-49ee-985a-f994c95fa4bd,2026-02-12T08:00:50,12.362875,-1.522484
civ-d914300c-71f1-433a-9c13-50294a4699cb,2026-02-12T08:00:52,12.364074,-1.515447
civ-4e6f6a58-041a-446a-b97e-2eac0f9997d3,2026-02-12T08:01:05,12.362794,-1.522447
civ-c9a81ee6-40fb-4df7-9494-366e6f87591d,2026-02-12T08:01:07,12.363923,-1.515376
civ-cfaec9ab-5ac9-4b7c-a1c3-b15e20dcb410,2026-02-12T08:01:20,12.362867,-1.522472
civ-9ab99406-c557-4ff3-9546-d37339008bda,2026-02-12T08:01:31,12.36406,-1.515434
civ-dbb2498a-52c9-4500-8a72-a1de35cc0a87,2026-02-12T08:01:31,12.362822,-1.522524
civ-f7b60403-c6bb-4b3e-adf7-46afadfd190b,2026-02-12T08:01:53,12.363983,-1.515457
civ-22b80c92-07d6-4eb0-a931-465d2de665e3,2026-02-12T08:02:01,12.363959,-1.515632
civ-fb779864-9bc9-4670-9e47-b8ea339c3672,2026-02-12T08:02:01,12.362929,-1.522561
civ-52e12e63-9cf1-450f-b811-723dd006ab95,2026-02-12T08:02:05,12.363001,-1.522509
civ-58babd9c-f204-49ee-985a-f994c95fa4bd,2026-02-12T08:02:12,12.363992,-1.515428
civ-e20dc56d-a415-4159-b4a5-869333b3e011,2026-02-12T08:02:20,12.363907,-1.515424
civ-dbb2498a-52c9-4500-8a72-a1de35cc0a87,2026-02-12T08:02:31,12.364106,-1.515501
civ-1728b5a6-c412-442d-b081-e8a8b42b5e38,2026-02-12T08:02:37,12.363926,-1.515515
civ-d8b7daca-ee30-436f-8068-55f18110860d,2026-02-12T08:02:53,12.362941,-1.522453
civ-4472992d-2849-4630-9c4d-54f39f5e8ed9,2026-02-12T08:03:01,12.364014,-1.515291
civ-e8dc8ba3-bb2c-48c0-a27f-1f0939012fb5,2026-02-12T08:03:03,12.363864,-1.51551
civ-c9a81ee6-40fb-4df7-9494-366e6f87591d,2026-02-12T08:03:37,12.362851,-1.522417
civ-82cfb0ab-487f-47c9-aee5-fdde8e8a17f6,2026-02-12T08:03:39,12.364087,-1.515507
civ-52216a52-4637-4288-9689-1b401180ecf7,2026-02-12T08:04:08,12.363907,-1.515422
civ-cc100b8b-4558-4c64-aa34-d02bf900f083,2026-02-12T08:04:11,12.362914,-1.522527
civ-eb961fb2-fc9b-493a-b186-f94d7d40522d,2026-02-12T08:04:44,12.362934,-1.522493
civ-4472992d-2849-4630-9c4d-54f39f5e8ed9,2026-02-12T08:04:56,12.362923,-1.522485
civ-e20dc56d-a415-4159-b4a5-869333b3e011,2026-02-12T08:05:15,12.362825,-1.522451
civ-52216a52-4637-4288-9689-1b401180ecf7,2026-02-12T08:05:41,12.362959,-1.522534
civ-7acf1504-7434-49b3-ade9-cad12822f55f,2026-02-12T08:06:41,12.363984,-1.515421
civ-02576fae-ffff-4cf6-a5bc-b03aa4a9ac88,2026-02-12T08:07:44,12.362856,-1.522517
civ-d8b7daca-ee30-436f-8068-55f18110860d,2026-02-12T08:08:17,12.363992,-1.515483
civ-0c9d309b-d3d9-4e92-9ae0-012b816f9fce,2026-02-12T08:08:41,12.36409,-1.515318
civ-4472992d-2849-4630-9c4d-54f39f5e8ed9,2026-02-12T08:09:18,12.363007,-1.522436
civ-8481ec28-d882-446a-b3db-32ba460d4b17,2026-02-12T08:09:21,12.363967,-1.515325
NEW-DEV-X1,2026-02-12T08:10:00,12.358968,-1.520586
ST-ASC-004,2026-02-12T08:10:00,12.362899,-1.522503
LR-DEV-001,2026-02-12T08:10:00,12.359011,-1.520899
NEW-DEV-X3,2026-02-12T08:10:00,12.358683,-1.520615
ST-DEV-001,2026-02-12T08:10:00,12.363996,-1.515388
civ-19d8cd88-9b8a-452a-a525-d1043b3c1526,2026-02-12T08:10:02,12.363937,-1.515638
civ-5b5de6bb-92db-43c6-9982-ac8c804e1ff3,2026-02-12T08:10:37,12.364061,-1.515472
civ-9625ea0f-0516-485b-9a2c-c109b8dc9eeb,2026-02-12T08:15:45,12.363988,-1.515163
civ-8481ec28-d882-446a-b3db-32ba460d4b17,2026-02-12T08:19:08,12.36411,-1.51547
NEW-DEV-X3,2026-02-12T08:20:00,12.35869,-1.520599
ST-DEV-001,2026-02-12T08:20:00,12.364048,-1.515414
NEW-DEV-X1,2026-02-12T08:20:00,12.358962,-1.520598
LR-DEV-001,2026-02-12T08:20:00,12.358989,-1.520911
ST-ASC-004,2026-02-12T08:20:00,12.362884,-1.522506
LR-ASC-004,2026-02-12T08:20:00,12.360297,-1.521919
LR-ASC-004,2026-02-12T08:20:30,12.362138,-1.522277
civ-5f953348-9eea-4e6f-adfb-b33b5a94eae7,2026-02-12T08:23:41,12.364227,-1.515377
civ-4472992d-2849-4630-9c4d-54f39f5e8ed9,2026-02-12T08:25:34,12.364057,-1.515223
LR-DEV-001,2026-02-12T08:30:00,12.359001,-1.520904
NEW-DEV-X3,2026-02-12T08:30:00,12.358694,-1.520619
NEW-DEV-X1,2026-02-12T08:30:00,12.358981,-1.5206
ST-ASC-004,2026-02-12T08:30:00,12.362898,-1.522501
ST-DEV-001,2026-02-12T08:30:00,12.363954,-1.515378
LR-DEV-001,2026-02-12T08:40:00,12.358997,-1.520891
ST-ASC-004,2026-02-12T08:40:00,12.362887,-1.52249
NEW-DEV-X3,2026-02-12T08:40:00,12.358699,-1.520615
LR-ASC-004,2026-02-12T08:40:00,12.362899,-1.522486
ST-DEV-001,2026-02-12T08:40:00,12.364045,-1.515389
NEW-DEV-X1,2026-02-12T08:40:00,12.358974,-1.520575
LR-ASC-004,2026-02-12T08:45:00,12.362892,-1.522516
LR-DEV-001,2026-02-12T08:50:00,12.359007,-1.520888
LR-ASC-004,2026-02-12T08:50:00,12.362269,-1.522382
ST-DEV-001,2026-02-12T08:50:00,12.363971,-1.515403
ST-ASC-004,2026-02-12T08:50:00,12.362899,-1.5225
NEW-DEV-X1,2026-02-12T08:50:00,12.358959,-1.520591
NEW-DEV-X3,2026-02-12T08:50:00,12.358683,-1.520619
LR-ASC-004,2026-02-12T08:50:30,12.360518,-1.52196
NEW-DEV-X1,2026-02-12T09:00:00,12.358983,-1.520578
LR-DEV-001,2026-02-12T09:00:00,12.358991,-1.520903
NEW-DEV-X2,2026-02-12T09:00:00,12.358946,-1.520769
ST-DEV-001,2026-02-12T09:00:00,12.36397,-1.515383
NEW-DEV-X3,2026-02-12T09:00:00,12.35871,-1.520608
ST-ASC-004,2026-02-12T09:00:00,12.362904,-1.522507
ST-ASC-004,2026-02-12T09:10:00,12.362904,-1.522503
LR-ASC-004,2026-02-12T09:10:00,12.360297,-1.521919
NEW-DEV-X3,2026-02-12T09:10:00,12.358695,-1.520613
NEW-DEV-X1,2026-02-12T09:10:00,12.358966,-1.520572
NEW-DEV-X2,2026-02-12T09:10:00,12.358961,-1.520787
ST-DEV-001,2026-02-12T09:10:00,12.363964,-1.515408
LR-DEV-001,2026-02-12T09:10:00,12.359007,-1.520896
LR-ASC-004,2026-02-12T09:10:30,12.359626,-1.520842
NEW-DEV-X2,2026-02-12T09:20:00,12.358954,-1.520779
NEW-DEV-X3,2026-02-12T09:20:00,12.358697,-1.520608
ST-DEV-001,2026-02-12T09:20:00,12.363973,-1.515397
ST-ASC-004,2026-02-12T09:20:00,12.362892,-1.522495
LR-DEV-001,2026-02-12T09:20:00,12.359014,-1.520896
NEW-DEV-X1,2026-02-12T09:20:00,12.358983,-1.520581
LR-DEV-001,2026-02-12T09:30:00,12.359017,-1.520895
NEW-DEV-X3,2026-02-12T09:30:00,12.358697,-1.52061
LR-ASC-004,2026-02-12T09:30:00,12.35903,-1.520731
ST-DEV-001,2026-02-12T09:30:00,12.36399,-1.515395
NEW-DEV-X2,2026-02-12T09:30:00,12.358943,-1.520792
NEW-DEV-X1,2026-02-12T09:30:00,12.358964,-1.520587
LR-ASC-004,2026-02-12T09:30:30,12.360485,-1.521311
NEW-DEV-X2,2026-02-12T09:40:00,12.358941,-1.520787
NEW-DEV-X1,2026-02-12T09:40:00,12.358975,-1.520585
NEW-DEV-X3,2026-02-12T09:40:00,12.358702,-1.520611
ST-DEV-001,2026-02-12T09:40:00,12.364001,-1.515427
LR-DEV-001,2026-02-12T09:40:00,12.35901,-1.520903
NEW-DEV-X2,2026-02-12T09:50:00,12.35894,-1.520788
NEW-DEV-X3,2026-02-12T09:50:00,12.358685,-1.520617
NEW-DEV-X1,2026-02-12T09:50:00,12.35898,-1.520597
ST-DEV-001,2026-02-12T09:50:00,12.364017,-1.515401
LR-DEV-001,2026-02-12T09:50:00,12.359,-1.520892
LR-ASC-004,2026-02-12T09:50:00,12.360297,-1.521919
LR-ASC-004,2026-02-12T09:50:30,12.362138,-1.522277
ST-DEV-001,2026-02-12T10:00:00,12.363973,-1.515339
NEW-DEV-X2,2026-02-12T10:00:00,12.35894,-1.520782
LR-DEV-001,2026-02-12T10:00:00,12.359015,-1.520893
NEW-DEV-X3,2026-02-12T10:00:00,12.358676,-1.520593
NEW-DEV-X1,2026-02-12T10:00:00,12.358959,-1.520581
NEW-DEV-X2,2026-02-12T10:10:00,12.358945,-1.520793
LR-DEV-001,2026-02-12T10:10:00,12.358999,-1.520888
NEW-DEV-X1,2026-02-12T10:10:00,12.358968,-1.520589
ST-DEV-001,2026-02-12T10:10:00,12.364013,-1.515404
NEW-DEV-X3,2026-02-12T10:10:00,12.358702,-1.520618
LR-ASC-004,2026-02-12T10:10:00,12.362906,-1.522497
LR-ASC-004,2026-02-12T10:15:00,12.362891,-1.522514
LR-ASC-004,2026-02-12T10:20:00,12.362269,-1.522382
NEW-DEV-X2,2026-02-12T10:20:00,12.358931,-1.520775
NEW-DEV-X1,2026-02-12T10:20:00,12.358956,-1.520583
ST-DEV-001,2026-02-12T10:20:00,12.364038,-1.51535
NEW-DEV-X3,2026-02-12T10:20:00,12.358691,-1.520617
LR-DEV-001,2026-02-12T10:20:00,12.35898,-1.520913
LR-ASC-004,2026-02-12T10:20:30,12.360518,-1.52196
ST-DEV-001,2026-02-12T10:30:00,12.363996,-1.515391
NEW-DEV-X2,2026-02-12T10:30:00,12.358937,-1.520768
LR-DEV-001,2026-02-12T10:30:00,12.359006,-1.5209
NEW-DEV-X1,2026-02-12T10:30:00,12.358972,-1.520577
NEW-DEV-X3,2026-02-12T10:30:00,12.358708,-1.520624
LR-DEV-001,2026-02-12T10:40:00,12.359005,-1.520899
LR-ASC-004,2026-02-12T10:40:00,12.360297,-1.521919
ST-DEV-001,2026-02-12T10:40:00,12.363973,-1.515404
NEW-DEV-X3,2026-02-12T10:40:00,12.358695,-1.520612
NEW-DEV-X2,2026-02-12T10:40:00,12.358946,-1.520773
NEW-DEV-X1,2026-02-12T10:40:00,12.358973,-1.520584
LR-ASC-004,2026-02-12T10:40:30,12.359626,-1.520842
ST-DEV-001,2026-02-12T10:50:00,12.363995,-1.515395
NEW-DEV-X3,2026-02-12T10:50:00,12.358701,-1.520612
LR-DEV-001,2026-02-12T10:50:00,12.359005,-1.520907
NEW-DEV-X1,2026-02-12T10:50:00,12.358983,-1.520595
NEW-DEV-X2,2026-02-12T10:50:00,12.358957,-1.520781
NEW-DEV-X2,2026-02-12T11:00:00,12.358939,-1.52077
ST-DEV-001,2026-02-12T11:00:00,12.364009,-1.515385
LR-ASC-004,2026-02-12T11:00:00,12.35903,-1.520731
NEW-DEV-X3,2026-02-12T11:00:00,12.358678,-1.520613
LR-DEV-001,2026-02-12T11:00:00,12.359005,-1.520891
NEW-DEV-X1,2026-02-12T11:00:00,12.358977,-1.520598
LR-ASC-004,2026-02-12T11:00:30,12.360485,-1.521311
NEW-DEV-X2,2026-02-12T11:10:00,12.358949,-1.52078
NEW-DEV-X1,2026-02-12T11:10:00,12.358964,-1.520594
ST-DEV-001,2026-02-12T11:10:00,12.364006,-1.515433
NEW-DEV-X3,2026-02-12T11:10:00,12.358685,-1.52061
LR-DEV-001,2026-02-12T11:10:00,12.359011,-1.520882
NEW-DEV-X3,2026-02-12T11:20:00,12.358707,-1.520627
NEW-DEV-X2,2026-02-12T11:20:00,12.358957,-1.52078
LR-ASC-004,2026-02-12T11:20:00,12.360297,-1.521919
LR-DEV-001,2026-02-12T11:20:00,12.359002,-1.520898
NEW-DEV-X1,2026-02-12T11:20:00,12.358979,-1.520584
ST-DEV-001,2026-02-12T11:20:00,12.363975,-1.515415
LR-ASC-004,2026-02-12T11:20:30,12.362138,-1.522277
NEW-DEV-X1,2026-02-12T11:30:00,12.358972,-1.520593
NEW-DEV-X2,2026-02-12T11:30:00,12.358944,-1.520778
ST-DEV-001,2026-02-12T11:30:00,12.363992,-1.515372
NEW-DEV-X3,2026-02-12T11:30:00,12.358687,-1.520616
LR-DEV-001,2026-02-12T11:30:00,12.358986,-1.520905
NEW-DEV-X2,2026-02-12T11:40:00,12.358936,-1.520777
ST-DEV-001,2026-02-12T11:40:00,12.363969,-1.51541
LR-DEV-001,2026-02-12T11:40:00,12.358998,-1.520891
LR-ASC-004,2026-02-12T11:40:00,12.362914,-1.522487
NEW-DEV-X3,2026-02-12T11:40:00,12.358691,-1.520604
NEW-DEV-X1,2026-02-12T11:40:00,12.358969,-1.52059
LR-ASC-004,2026-02-12T11:45:00,12.362878,-1.522504
ST-DEV-001,2026-02-12T11:50:00,12.364026,-1.515408
LR-DEV-001,2026-02-12T11:50:00,12.358995,-1.520893
LR-ASC-004,2026-02-12T11:50:00,12.362269,-1.522382
NEW-DEV-X3,2026-02-12T11:50:00,12.358692,-1.520607
NEW-DEV-X2,2026-02-12T11:50:00,12.358957,-1.520774
NEW-DEV-X1,2026-02-12T11:50:00,12.358975,-1.520592
LR-ASC-004,2026-02-12T11:50:30,12.360518,-1.52196
NEW-DEV-X3,2026-02-12T12:00:00,12.358688,-1.520609
NEW-DEV-X2,2026-02-12T12:00:00,12.358944,-1.520779
NEW-DEV-X1,2026-02-12T12:00:00,12.358984,-1.520598
NEW-DEV-X1,2026-02-12T12:10:00,12.358965,-1.520568
LR-ASC-004,2026-02-12T12:10:00,12.360297,-1.521919
NEW-DEV-X3,2026-02-12T12:10:00,12.358701,-1.520618
NEW-DEV-X2,2026-02-12T12:10:00,12.358947,-1.520771
LR-ASC-004,2026-02-12T12:10:30,12.359626,-1.520842
NEW-DEV-X3,2026-02-12T12:20:00,12.358701,-1.520611
NEW-DEV-X1,2026-02-12T12:20:00,12.358968,-1.520595
NEW-DEV-X2,2026-02-12T12:20:00,12.358949,-1.520781
NEW-DEV-X3,2026-02-12T12:30:00,12.358703,-1.520613
NEW-DEV-X1,2026-02-12T12:30:00,12.358974,-1.520587
NEW-DEV-X2,2026-02-12T12:30:00,12.358947,-1.520774
civ-5b5de6bb-92db-43c6-9982-ac8c804e1ff3,2026-02-12T12:36:26,12.363091,-1.52252
civ-c2976329-879a-401f-ab0a-bec2a5026bf5,2026-02-12T12:38:19,12.364,-1.515557
civ-155783d0-b79c-4de9-a91d-5c2e44bbd601,2026-02-12T12:38:51,12.363832,-1.515337
civ-cc100b8b-4558-4c64-aa34-d02bf900f083,2026-02-12T12:39:21,12.363002,-1.522319
NEW-DEV-X1,2026-02-12T12:40:00,12.358964,-1.520593
NEW-DEV-X3,2026-02-12T12:40:00,12.358697,-1.520611
NEW-DEV-X2,2026-02-12T12:40:00,12.358935,-1.520776
civ-eb961fb2-fc9b-493a-b186-f94d7d40522d,2026-02-12T12:43:00,12.362809,-1.522452
civ-52e12e63-9cf1-450f-b811-723dd006ab95,2026-02-12T12:43:43,12.363014,-1.522374
civ-bb1a3b8d-6013-4514-b1e6-efb6fe8b0a59,2026-02-12T12:45:35,12.362856,-1.522655
civ-8481ec28-d882-446a-b3db-32ba460d4b17,2026-02-12T12:46:26,12.363813,-1.515513
NEW-DEV-X2,2026-02-12T12:50:00,12.358925,-1.520774
NEW-DEV-X1,2026-02-12T12:50:00,12.358997,-1.520585
NEW-DEV-X3,2026-02-12T12:50:00,12.358693,-1.520609
civ-9882446e-69c8-4759-964a-00f38ec7e4eb,2026-02-12T12:51:11,12.362979,-1.522379
civ-fb779864-9bc9-4670-9e47-b8ea339c3672,2026-02-12T12:52:40,12.363884,-1.515346
civ-eb961fb2-fc9b-493a-b186-f94d7d40522d,2026-02-12T12:53:30,12.364155,-1.515427
civ-9ab99406-c557-4ff3-9546-d37339008bda,2026-02-12T12:54:01,12.363842,-1.515309
civ-52e12e63-9cf1-450f-b811-723dd006ab95,2026-02-12T12:54:04,12.363955,-1.515548
civ-9625ea0f-0516-485b-9a2c-c109b8dc9eeb,2026-02-12T12:54:59,12.362895,-1.522601
civ-b7fa315c-1ea4-4bff-9ffe-220fb9d76e77,2026-02-12T12:55:01,12.36279,-1.522481
civ-b7e3e859-9789-4511-9091-3013ac317000,2026-02-12T12:56:20,12.363966,-1.51548
civ-58babd9c-f204-49ee-985a-f994c95fa4bd,2026-02-12T12:56:45,12.363933,-1.515381
civ-db07abea-ca3d-4b89-b8e6-498a67d93f8b,2026-02-12T12:56:56,12.362914,-1.522477
civ-c2976329-879a-401f-ab0a-bec2a5026bf5,2026-02-12T12:57:06,12.362943,-1.522544
civ-19d8cd88-9b8a-452a-a525-d1043b3c1526,2026-02-12T12:57:13,12.363968,-1.515371
civ-bb1a3b8d-6013-4514-b1e6-efb6fe8b0a59,2026-02-12T12:57:36,12.364071,-1.515456
civ-db07abea-ca3d-4b89-b8e6-498a67d93f8b,2026-02-12T12:57:52,12.364067,-1.515395
civ-88351541-c041-41e4-903d-ddffd8fff7d9,2026-02-12T12:58:32,12.364045,-1.515293
civ-c9a81ee6-40fb-4df7-9494-366e6f87591d,2026-02-12T12:58:34,12.362865,-1.52249
civ-cece9c82-aff1-4a7b-a95f-8fede9573ccc,2026-02-12T12:59:14,12.362963,-1.522522
civ-9882446e-69c8-4759-964a-00f38ec7e4eb,2026-02-12T12:59:24,12.36389,-1.515443
civ-bb1a3b8d-6013-4514-b1e6-efb6fe8b0a59,2026-02-12T12:59:30,12.36292,-1.522501
civ-58babd9c-f204-49ee-985a-f994c95fa4bd,2026-02-12T12:59:33,12.36281,-1.522307
NEW-DEV-X2,2026-02-12T13:00:00,12.35895,-1.520771
ST-ASC-004,2026-02-12T13:00:00,12.362913,-1.522493
NEW-DEV-X3,2026-02-12T13:00:00,12.358699,-1.520622
NEW-DEV-X1,2026-02-12T13:00:00,12.358955,-1.52057
ST-DEV-001,2026-02-12T13:00:00,12.363601,-1.515311
civ-7acf1504-7434-49b3-ade9-cad12822f55f,2026-02-12T13:00:02,12.364036,-1.515402
civ-cc100b8b-4558-4c64-aa34-d02bf900f083,2026-02-12T13:00:02,12.363897,-1.515364
civ-e8dc8ba3-bb2c-48c0-a27f-1f0939012fb5,2026-02-12T13:00:11,12.363999,-1.515379
civ-52216a52-4637-4288-9689-1b401180ecf7,2026-02-12T13:00:12,12.364024,-1.515441
civ-02576fae-ffff-4cf6-a5bc-b03aa4a9ac88,2026-02-12T13:00:28,12.364037,-1.515391
ST-DEV-001,2026-02-12T13:00:30,12.361614,-1.515156
civ-560e35c7-b256-4f74-b9d8-7519c1756d49,2026-02-12T13:01:00,12.364041,-1.5153
civ-82cfb0ab-487f-47c9-aee5-fdde8e8a17f6,2026-02-12T13:01:34,12.363982,-1.515368
civ-c49fd41d-7955-4cb5-b6a7-786718622610,2026-02-12T13:01:58,12.363938,-1.515253
civ-62d7d317-8457-4ab1-9267-775a132d353e,2026-02-12T13:02:46,12.362926,-1.522495
civ-82cfb0ab-487f-47c9-aee5-fdde8e8a17f6,2026-02-12T13:02:55,12.362909,-1.522456
civ-8481ec28-d882-446a-b3db-32ba460d4b17,2026-02-12T13:02:57,12.363991,-1.51544
civ-5f953348-9eea-4e6f-adfb-b33b5a94eae7,2026-02-12T13:03:00,12.363996,-1.51538
civ-62bbac52-ba2e-4404-97d7-2d93b963ebf3,2026-02-12T13:03:12,12.364112,-1.515329
civ-f7b60403-c6bb-4b3e-adf7-46afadfd190b,2026-02-12T13:03:36,12.363082,-1.522516
civ-5b5de6bb-92db-43c6-9982-ac8c804e1ff3,2026-02-12T13:03:50,12.364066,-1.515371
civ-c49fd41d-7955-4cb5-b6a7-786718622610,2026-02-12T13:04:09,12.362913,-1.522327
civ-c967612c-4cbd-48d4-93ae-3c8a9efdb5fc,2026-02-12T13:04:34,12.363903,-1.515477
ST-ASC-004,2026-02-12T13:05:00,12.362908,-1.522505
civ-d914300c-71f1-433a-9c13-50294a4699cb,2026-02-12T13:05:21,12.364019,-1.515308
civ-62d7d317-8457-4ab1-9267-775a132d353e,2026-02-12T13:06:29,12.363969,-1.515255
civ-560e35c7-b256-4f74-b9d8-7519c1756d49,2026-02-12T13:06:38,12.362877,-1.522558
civ-9ab99406-c557-4ff3-9546-d37339008bda,2026-02-12T13:06:42,12.362907,-1.522533
civ-4472992d-2849-4630-9c4d-54f39f5e8ed9,2026-02-12T13:06:46,12.364044,-1.515533
civ-cee79db9-2e6e-4786-bea4-267e53b2f310,2026-02-12T13:06:48,12.363718,-1.51538
civ-02576fae-ffff-4cf6-a5bc-b03aa4a9ac88,2026-02-12T13:06:58,12.362778,-1.522473
civ-4e6f6a58-041a-446a-b97e-2eac0f9997d3,2026-02-12T13:07:21,12.363959,-1.515424
civ-52216a52-4637-4288-9689-1b401180ecf7,2026-02-12T13:07:47,12.362843,-1.522427
civ-e20dc56d-a415-4159-b4a5-869333b3e011,2026-02-12T13:08:01,12.364033,-1.515405
civ-aada54c8-b736-4f69-8649-471827354a37,2026-02-12T13:09:10,12.362672,-1.522471
NEW-DEV-X2,2026-02-12T13:10:00,12.35894,-1.520775
ST-ASC-004,2026-02-12T13:10:00,12.362886,-1.522487
NEW-DEV-X3,2026-02-12T13:10:00,12.358707,-1.520628
NEW-DEV-X1,2026-02-12T13:10:00,12.358977,-1.52059
civ-c2976329-879a-401f-ab0a-bec2a5026bf5,2026-02-12T13:11:11,12.363946,-1.515422
civ-5b5de6bb-92db-43c6-9982-ac8c804e1ff3,2026-02-12T13:11:26,12.363902,-1.51554
civ-b7fa315c-1ea4-4bff-9ffe-220fb9d76e77,2026-02-12T13:14:41,12.364045,-1.515336
ST-ASC-004,2026-02-12T13:15:00,12.362918,-1.522486
civ-82cfb0ab-487f-47c9-aee5-fdde8e8a17f6,2026-02-12T13:17:56,12.36407,-1.515399
ST-ASC-004,2026-02-12T13:20:00,12.362897,-1.52251
NEW-DEV-X3,2026-02-12T13:20:00,12.358688,-1.520612
NEW-DEV-X1,2026-02-12T13:20:00,12.358964,-1.520577
NEW-DEV-X2,2026-02-12T13:20:00,12.358957,-1.520765
civ-88351541-c041-41e4-903d-ddffd8fff7d9,2026-02-12T13:20:29,12.363912,-1.515263
ST-ASC-004,2026-02-12T13:25:00,12.36289,-1.522515
NEW-DEV-X2,2026-02-12T13:30:00,12.358944,-1.520777
NEW-DEV-X1,2026-02-12T13:30:00,12.35897,-1.5206
LR-DEV-001,2026-02-12T13:30:00,12.35903,-1.520731
NEW-DEV-X3,2026-02-12T13:30:00,12.358698,-1.520597
ST-DEV-001,2026-02-12T13:30:00,12.362504,-1.513101
ST-ASC-003,2026-02-12T13:30:00,12.359413,-1.51634
ST-ASC-003,2026-02-12T13:30:30,12.361402,-1.515987
LR-DEV-001,2026-02-12T13:30:30,12.3606,-1.520219
LR-DEV-001,2026-02-12T13:31:00,12.361061,-1.518057
LR-DEV-001,2026-02-12T13:31:30,12.361438,-1.515808
ST-DEV-001,2026-02-12T13:40:00,12.362502,-1.513102
NEW-DEV-X1,2026-02-12T13:40:00,12.358988,-1.520587
NEW-DEV-X3,2026-02-12T13:40:00,12.358677,-1.520616
NEW-DEV-X2,2026-02-12T13:40:00,12.358954,-1.520792
ST-DEV-001,2026-02-12T13:50:00,12.362506,-1.513114
NEW-DEV-X1,2026-02-12T13:50:00,12.358985,-1.520571
NEW-DEV-X2,2026-02-12T13:50:00,12.358941,-1.520766
NEW-DEV-X3,2026-02-12T13:50:00,12.358675,-1.520611
NEW-DEV-X2,2026-02-12T14:00:00,12.358953,-1.520775
NEW-DEV-X1,2026-02-12T14:00:00,12.358963,-1.520574
NEW-DEV-X3,2026-02-12T14:00:00,12.358696,-1.520597
VEH-COL-043-0,2026-02-12T14:00:00,12.3625,-1.513097
ST-DEV-001,2026-02-12T14:00:00,12.362497,-1.513097
LR-DEV-001,2026-02-12T14:00:00,12.3625,-1.513102
ST-ASC-003,2026-02-12T14:00:00,12.362496,-1.51309
VEH-COL-043-1,2026-02-12T14:00:00,12.362496,-1.513102
ST-ASC-003,2026-02-12T14:10:00,12.362503,-1.513106
ST-DEV-001,2026-02-12T14:10:00,12.362505,-1.513087
NEW-DEV-X2,2026-02-12T14:10:00,12.35893,-1.520778
NEW-DEV-X3,2026-02-12T14:10:00,12.358695,-1.520602
VEH-COL-043-1,2026-02-12T14:10:00,12.362502,-1.513098
NEW-DEV-X1,2026-02-12T14:10:00,12.358966,-1.5206
VEH-COL-043-0,2026-02-12T14:10:00,12.362499,-1.513111
LR-DEV-001,2026-02-12T14:10:00,12.362502,-1.513104
VEH-COL-043-0,2026-02-12T14:20:00,12.362508,-1.513095
ST-ASC-003,2026-02-12T14:20:00,12.3625,-1.513102
NEW-DEV-X2,2026-02-12T14:20:00,12.358939,-1.520775
LR-DEV-001,2026-02-12T14:20:00,12.362496,-1.513115
ST-DEV-001,2026-02-12T14:20:00,12.362496,-1.513087
NEW-DEV-X1,2026-02-12T14:20:00,12.358968,-1.520579
VEH-COL-043-1,2026-02-12T14:20:00,12.362493,-1.513094
NEW-DEV-X3,2026-02-12T14:20:00,12.358699,-1.520615
ST-ASC-003,2026-02-12T14:30:00,12.362504,-1.513111
ST-DEV-001,2026-02-12T14:30:00,12.362494,-1.513088
NEW-DEV-X1,2026-02-12T14:30:00,12.358968,-1.520586
VEH-COL-043-0,2026-02-12T14:30:00,12.362521,-1.513109
LR-DEV-001,2026-02-12T14:30:00,12.362498,-1.513104
NEW-DEV-X3,2026-02-12T14:30:00,12.358681,-1.520609
VEH-COL-043-1,2026-02-12T14:30:00,12.362494,-1.513101
NEW-DEV-X2,2026-02-12T14:30:00,12.358937,-1.520787
LR-DEV-001,2026-02-12T14:40:00,12.362495,-1.513096
NEW-DEV-X3,2026-02-12T14:40:00,12.358681,-1.520599
ST-DEV-001,2026-02-12T14:40:00,12.362507,-1.513108
VEH-COL-043-0,2026-02-12T14:40:00,12.362507,-1.513112
NEW-DEV-X1,2026-02-12T14:40:00,12.358982,-1.520582
VEH-COL-043-1,2026-02-12T14:40:00,12.362506,-1.513106
NEW-DEV-X2,2026-02-12T14:40:00,12.358925,-1.520767
ST-ASC-003,2026-02-12T14:40:00,12.3625,-1.513096
LR-DEV-001,2026-02-12T14:50:00,12.362506,-1.513098
NEW-DEV-X3,2026-02-12T14:50:00,12.358693,-1.5206
VEH-COL-043-0,2026-02-12T14:50:00,12.362501,-1.513091
ST-ASC-003,2026-02-12T14:50:00,12.3625,-1.513088
VEH-COL-043-1,2026-02-12T14:50:00,12.362495,-1.513095
ST-DEV-001,2026-02-12T14:50:00,12.362503,-1.5131
NEW-DEV-X1,2026-02-12T14:50:00,12.358964,-1.520577
NEW-DEV-X2,2026-02-12T14:50:00,12.35894,-1.520777
NEW-DEV-X1,2026-02-12T15:00:00,12.358974,-1.520606
ST-DEV-001,2026-02-12T15:00:00,12.362506,-1.513102
NEW-DEV-X3,2026-02-12T15:00:00,12.35869,-1.520609
VEH-COL-043-0,2026-02-12T15:00:00,12.362481,-1.513102
LR-DEV-001,2026-02-12T15:00:00,12.362509,-1.513095
ST-ASC-003,2026-02-12T15:00:00,12.362507,-1.5131
NEW-DEV-X2,2026-02-12T15:00:00,12.358944,-1.520788
VEH-COL-043-1,2026-02-12T15:00:00,12.362492,-1.513103
NEW-DEV-X2,2026-02-12T15:10:00,12.358933,-1.520787
ST-ASC-003,2026-02-12T15:10:00,12.362502,-1.513097
NEW-DEV-X3,2026-02-12T15:10:00,12.358696,-1.520611
NEW-DEV-X1,2026-02-12T15:10:00,12.358976,-1.520579
LR-DEV-001,2026-02-12T15:10:00,12.362497,-1.513104
ST-DEV-001,2026-02-12T15:10:00,12.362497,-1.513088
VEH-COL-043-0,2026-02-12T15:10:00,12.362495,-1.513106
VEH-COL-043-1,2026-02-12T15:10:00,12.362505,-1.513082
VEH-COL-043-1,2026-02-12T15:20:00,12.362505,-1.513096
ST-ASC-003,2026-02-12T15:20:00,12.362504,-1.513116
NEW-DEV-X3,2026-02-12T15:20:00,12.35869,-1.520607
ST-DEV-001,2026-02-12T15:20:00,12.362499,-1.513093
LR-DEV-001,2026-02-12T15:20:00,12.362503,-1.513095
NEW-DEV-X1,2026-02-12T15:20:00,12.358972,-1.520575
NEW-DEV-X2,2026-02-12T15:20:00,12.358937,-1.520775
VEH-COL-043-0,2026-02-12T15:20:00,12.362503,-1.51309
VEH-COL-043-1,2026-02-12T15:30:00,12.362505,-1.51311
ST-DEV-001,2026-02-12T15:30:00,12.362498,-1.513085
LR-DEV-001,2026-02-12T15:30:00,12.362513,-1.513089
NEW-DEV-X1,2026-02-12T15:30:00,12.358966,-1.52058
NEW-DEV-X3,2026-02-12T15:30:00,12.358686,-1.520622
NEW-DEV-X2,2026-02-12T15:30:00,12.358937,-1.520762
VEH-COL-043-0,2026-02-12T15:30:00,12.362499,-1.513098
NEW-DEV-X1,2026-02-12T15:40:00,12.358958,-1.520579
NEW-DEV-X3,2026-02-12T15:40:00,12.358705,-1.520604
VEH-COL-043-0,2026-02-12T15:40:00,12.362501,-1.5131
LR-DEV-001,2026-02-12T15:40:00,12.362495,-1.513101
NEW-DEV-X2,2026-02-12T15:40:00,12.358953,-1.520771
ST-DEV-001,2026-02-12T15:40:00,12.362494,-1.513106
VEH-COL-043-1,2026-02-12T15:40:00,12.362501,-1.5131
VEH-COL-043-0,2026-02-12T15:50:00,12.36249,-1.51309
ST-DEV-001,2026-02-12T15:50:00,12.362514,-1.513104
NEW-DEV-X3,2026-02-12T15:50:00,12.358695,-1.520596
NEW-DEV-X1,2026-02-12T15:50:00,12.35899,-1.520592
LR-DEV-001,2026-02-12T15:50:00,12.362506,-1.51309
NEW-DEV-X2,2026-02-12T15:50:00,12.358943,-1.520764
VEH-COL-043-1,2026-02-12T15:50:00,12.362503,-1.513099
ST-DEV-001,2026-02-12T16:00:00,12.362514,-1.513092
VEH-COL-043-1,2026-02-12T16:00:00,12.362503,-1.513103
NEW-DEV-X3,2026-02-12T16:00:00,12.358692,-1.520599
VEH-COL-043-0,2026-02-12T16:00:00,12.362503,-1.513096
LR-DEV-001,2026-02-12T16:00:00,12.362508,-1.513101
NEW-DEV-X1,2026-02-12T16:00:00,12.358965,-1.520589
VEH-COL-043-0,2026-02-12T16:10:00,12.362493,-1.513104
NEW-DEV-X3,2026-02-12T16:10:00,12.358696,-1.52062
NEW-DEV-X1,2026-02-12T16:10:00,12.358973,-1.520593
ST-DEV-001,2026-02-12T16:10:00,12.362499,-1.513116
LR-DEV-001,2026-02-12T16:10:00,12.362489,-1.513109
VEH-COL-043-1,2026-02-12T16:10:00,12.362501,-1.513111
VEH-COL-043-0,2026-02-12T16:20:00,12.362498,-1.513114
VEH-COL-043-1,2026-02-12T16:20:00,12.362497,-1.513087
NEW-DEV-X3,2026-02-12T16:20:00,12.358711,-1.520602
NEW-DEV-X1,2026-02-12T16:20:00,12.358976,-1.520575
ST-DEV-001,2026-02-12T16:20:00,12.3625,-1.513099
LR-DEV-001,2026-02-12T16:20:00,12.362502,-1.513097
ST-DEV-001,2026-02-12T16:30:00,12.362511,-1.513086
NEW-DEV-X1,2026-02-12T16:30:00,12.358977,-1.520599
VEH-COL-043-1,2026-02-12T16:30:00,12.362503,-1.5131
VEH-COL-043-0,2026-02-12T16:30:00,12.362485,-1.513105
NEW-DEV-X3,2026-02-12T16:30:00,12.358693,-1.520604
LR-DEV-001,2026-02-12T16:30:00,12.36249,-1.5131
NEW-DEV-X1,2026-02-12T16:40:00,12.358981,-1.520575
VEH-COL-043-0,2026-02-12T16:40:00,12.362505,-1.513106
LR-DEV-001,2026-02-12T16:40:00,12.362506,-1.51311
NEW-DEV-X3,2026-02-12T16:40:00,12.35869,-1.520604
ST-DEV-001,2026-02-12T16:40:00,12.362494,-1.513093
VEH-COL-043-1,2026-02-12T16:40:00,12.362517,-1.513112
LR-DEV-001,2026-02-12T16:50:00,12.36251,-1.513103
NEW-DEV-X3,2026-02-12T16:50:00,12.358672,-1.52062
NEW-DEV-X1,2026-02-12T16:50:00,12.358979,-1.52058
ST-DEV-001,2026-02-12T16:50:00,12.362507,-1.51309
VEH-COL-043-0,2026-02-12T16:50:00,12.362491,-1.513107
VEH-COL-043-1,2026-02-12T16:50:00,12.36249,-1.513085
LR-DEV-001,2026-02-12T17:00:00,12.362511,-1.513105
ST-DEV-001,2026-02-12T17:00:00,12.362504,-1.513117
VEH-COL-043-1,2026-02-12T17:00:00,12.3625,-1.513102
VEH-COL-043-0,2026-02-12T17:00:00,12.362496,-1.513103
NEW-DEV-X3,2026-02-12T17:00:00,12.358703,-1.520613
VEH-COL-043-1,2026-02-12T17:10:00,12.362489,-1.513096
NEW-DEV-X3,2026-02-12T17:10:00,12.358696,-1.520623
LR-DEV-001,2026-02-12T17:10:00,12.362491,-1.513104
VEH-COL-043-0,2026-02-12T17:10:00,12.362519,-1.513091
ST-DEV-001,2026-02-12T17:10:00,12.362499,-1.51311
LR-DEV-001,2026-02-12T17:20:00,12.362499,-1.513103
VEH-COL-043-1,2026-02-12T17:20:00,12.362505,-1.51311
VEH-COL-043-0,2026-02-12T17:20:00,12.362509,-1.513089
NEW-DEV-X3,2026-02-12T17:20:00,12.358711,-1.5206
ST-DEV-001,2026-02-12T17:20:00,12.362498,-1.513091
ST-DEV-001,2026-02-12T17:30:00,12.362503,-1.51309
LR-DEV-001,2026-02-12T17:30:00,12.362498,-1.513097
NEW-DEV-X3,2026-02-12T17:30:00,12.358692,-1.520615
VEH-COL-043-1,2026-02-12T17:30:00,12.362499,-1.513103
VEH-COL-043-0,2026-02-12T17:30:00,12.362491,-1.513111
NEW-DEV-X3,2026-02-12T17:40:00,12.358703,-1.520593
VEH-COL-043-0,2026-02-12T17:40:00,12.36249,-1.513088
VEH-COL-043-1,2026-02-12T17:40:00,12.362502,-1.51311
LR-DEV-001,2026-02-12T17:40:00,12.362498,-1.513101
ST-DEV-001,2026-02-12T17:40:00,12.362503,-1.513112
NEW-DEV-X3,2026-02-12T17:50:00,12.358703,-1.520591
VEH-COL-043-1,2026-02-12T17:50:00,12.362511,-1.513092
ST-DEV-001,2026-02-12T17:50:00,12.362477,-1.513099
LR-DEV-001,2026-02-12T17:50:00,12.362485,-1.513096
VEH-COL-043-0,2026-02-12T17:50:00,12.362495,-1.513111
ST-DEV-001,2026-02-12T18:00:00,12.361831,-1.514451
LR-DEV-001,2026-02-12T18:00:00,12.361831,-1.514451
ST-DEV-001,2026-02-12T18:00:30,12.361153,-1.516164
LR-DEV-001,2026-02-12T18:00:30,12.361354,-1.516534
LR-DEV-001,2026-02-12T18:01:00,12.360976,-1.518793
LR-DEV-001,2026-02-12T18:01:30,12.360586,-1.520956
ST-DEV-001,2026-02-13T05:30:00,12.359693,-1.516404
VEH-044-0,2026-02-13T05:30:00,12.364466,-1.521212
VEH-044-0,2026-02-13T05:30:30,12.36496,-1.518575
VEH-044-0,2026-02-13T05:31:00,12.362497,-1.518014
VEH-044-0,2026-02-13T05:31:30,12.361353,-1.516538
VEH-044-1,2026-02-13T05:40:00,12.364466,-1.521212
ST-DEV-001,2026-02-13T05:40:00,12.359698,-1.516414
VEH-044-1,2026-02-13T05:40:30,12.36496,-1.518575
VEH-044-1,2026-02-13T05:41:00,12.362497,-1.518014
VEH-044-1,2026-02-13T05:41:30,12.361353,-1.516538
ST-DEV-001,2026-02-13T05:50:00,12.359692,-1.516405
ST-DEV-001,2026-02-13T06:00:00,12.359729,-1.516383
ST-ASC-003,2026-02-13T06:00:00,12.359413,-1.51634
ST-ASC-003,2026-02-13T06:00:30,12.361402,-1.515987
ST-DEV-001,2026-02-13T06:10:00,12.359717,-1.516393
ST-DEV-001,2026-02-13T06:20:00,12.35968,-1.516401
VEH-044-0,2026-02-13T06:30:00,12.362497,-1.513086
ST-DEV-001,2026-02-13T06:30:00,12.359717,-1.516423
ST-DEV-001,2026-02-13T06:40:00,12.359711,-1.516358
VEH-044-0,2026-02-13T06:40:00,12.362514,-1.513092
VEH-044-1,2026-02-13T06:40:00,12.362518,-1.513098
ST-DEV-001,2026-02-13T06:50:00,12.359719,-1.516375
VEH-044-0,2026-02-13T06:50:00,12.362473,-1.513086
VEH-044-1,2026-02-13T06:50:00,12.362486,-1.513103
VEH-044-1,2026-02-13T07:00:00,12.362504,-1.513099
LR-DEV-001,2026-02-13T07:00:00,12.359005,-1.520898
VEH-044-0,2026-02-13T07:00:00,12.362507,-1.513082
ST-ASC-003,2026-02-13T07:00:00,12.362494,-1.513084
NEW-DEV-X3,2026-02-13T07:00:00,12.358701,-1.520613
ST-DEV-001,2026-02-13T07:00:00,12.359704,-1.516383
NEW-DEV-X3,2026-02-13T07:10:00,12.358695,-1.520625
LR-DEV-001,2026-02-13T07:10:00,12.358991,-1.520912
VEH-044-0,2026-02-13T07:10:00,12.362511,-1.513086
VEH-044-1,2026-02-13T07:10:00,12.362489,-1.513115
ST-ASC-003,2026-02-13T07:10:00,12.362514,-1.513095
ST-DEV-001,2026-02-13T07:10:00,12.359687,-1.516386
ST-ASC-003,2026-02-13T07:20:00,12.362512,-1.513099
LR-DEV-001,2026-02-13T07:20:00,12.359007,-1.520886
NEW-DEV-X3,2026-02-13T07:20:00,12.358693,-1.520619
VEH-044-1,2026-02-13T07:20:00,12.362493,-1.513093
VEH-044-0,2026-02-13T07:20:00,12.362508,-1.513088
ST-DEV-001,2026-02-13T07:20:00,12.359712,-1.516395
VEH-044-1,2026-02-13T07:30:00,12.362514,-1.513092
ST-ASC-003,2026-02-13T07:30:00,12.362507,-1.513087
LR-DEV-001,2026-02-13T07:30:00,12.358996,-1.52091
ST-DEV-001,2026-02-13T07:30:00,12.359413,-1.51634
NEW-DEV-X3,2026-02-13T07:30:00,12.3587,-1.520588
ST-ASC-004,2026-02-13T07:30:00,12.362904,-1.522496
ST-DEV-001,2026-02-13T07:30:30,12.360477,-1.517563
ST-DEV-001,2026-02-13T07:31:00,12.362689,-1.517976
ST-DEV-001,2026-02-13T07:31:30,12.363412,-1.516165
civ-b7fa315c-1ea4-4bff-9ffe-220fb9d76e77,2026-02-13T07:35:04,12.36403,-1.515429
civ-c2976329-879a-401f-ab0a-bec2a5026bf5,2026-02-13T07:36:00,12.363954,-1.515262
civ-d8b7daca-ee30-436f-8068-55f18110860d,2026-02-13T07:36:38,12.363609,-1.515589
NEW-DEV-X3,2026-02-13T07:40:00,12.358698,-1.520629
ST-ASC-003,2026-02-13T07:40:00,12.362502,-1.513102
ST-ASC-004,2026-02-13T07:40:00,12.362884,-1.522494
LR-DEV-001,2026-02-13T07:40:00,12.358978,-1.520909
ST-ASC-003,2026-02-13T07:50:00,12.362485,-1.513101
ST-ASC-004,2026-02-13T07:50:00,12.362894,-1.52251
NEW-DEV-X3,2026-02-13T07:50:00,12.358691,-1.52061
LR-DEV-001,2026-02-13T07:50:00,12.358999,-1.520886
civ-5b5de6bb-92db-43c6-9982-ac8c804e1ff3,2026-02-13T07:52:41,12.364006,-1.515296
civ-b7e3e859-9789-4511-9091-3013ac317000,2026-02-13T07:52:59,12.362945,-1.522511
civ-9625ea0f-0516-485b-9a2c-c109b8dc9eeb,2026-02-13T07:54:18,12.364029,-1.515353
civ-eb961fb2-fc9b-493a-b186-f94d7d40522d,2026-02-13T07:54:37,12.363807,-1.515544
civ-c9a81ee6-40fb-4df7-9494-366e6f87591d,2026-02-13T07:57:08,12.364109,-1.515472
civ-62d7d317-8457-4ab1-9267-775a132d353e,2026-02-13T07:57:15,12.362831,-1.5225
civ-d914300c-71f1-433a-9c13-50294a4699cb,2026-02-13T07:57:28,12.364036,-1.515336
civ-eb6bca32-ee6b-4d0a-8030-aae8db13a9d5,2026-02-13T07:57:36,12.363943,-1.515486
civ-abb599b3-970c-4aed-a7cd-a2f03dd05458,2026-02-13T07:57:38,12.364081,-1.515398
civ-eb961fb2-fc9b-493a-b186-f94d7d40522d,2026-02-13T07:58:02,12.363969,-1.515341
civ-88351541-c041-41e4-903d-ddffd8fff7d9,2026-02-13T07:58:04,12.364103,-1.515464
civ-1728b5a6-c412-442d-b081-e8a8b42b5e38,2026-02-13T07:58:07,12.362874,-1.52261
civ-dbb2498a-52c9-4500-8a72-a1de35cc0a87,2026-02-13T07:58:29,12.36285,-1.522602
civ-c967612c-4cbd-48d4-93ae-3c8a9efdb5fc,2026-02-13T07:58:47,12.364087,-1.515436
civ-8481ec28-d882-446a-b3db-32ba460d4b17,2026-02-13T07:59:03,12.362764,-1.522512
civ-82cfb0ab-487f-47c9-aee5-fdde8e8a17f6,2026-02-13T07:59:13,12.363894,-1.515437
civ-cece9c82-aff1-4a7b-a95f-8fede9573ccc,2026-02-13T07:59:16,12.363968,-1.515356
civ-5b5de6bb-92db-43c6-9982-ac8c804e1ff3,2026-02-13T07:59:22,12.362797,-1.522638
civ-e20dc56d-a415-4159-b4a5-869333b3e011,2026-02-13T07:59:45,12.362977,-1.522506
civ-7acf1504-7434-49b3-ade9-cad12822f55f,2026-02-13T07:59:49,12.364033,-1.515303
civ-fb779864-9bc9-4670-9e47-b8ea339c3672,2026-02-13T07:59:58,12.362881,-1.522468
ST-ASC-003,2026-02-13T08:00:00,12.361831,-1.514451
ST-ASC-004,2026-02-13T08:00:00,12.36289,-1.522496
LR-ASC-004,2026-02-13T08:00:00,12.35903,-1.520731
ST-DEV-001,2026-02-13T08:00:00,12.364036,-1.515415
LR-DEV-001,2026-02-13T08:00:00,12.359006,-1.520897
NEW-DEV-X3,2026-02-13T08:00:00,12.358695,-1.520618
NEW-DEV-X1,2026-02-13T08:00:00,12.358962,-1.520589
civ-c2976329-879a-401f-ab0a-bec2a5026bf5,2026-02-13T08:00:03,12.362999,-1.522345
civ-52e12e63-9cf1-450f-b811-723dd006ab95,2026-02-13T08:00:04,12.364002,-1.515345
civ-c2976329-879a-401f-ab0a-bec2a5026bf5,2026-02-13T08:00:05,12.36396,-1.515356
civ-0c9d309b-d3d9-4e92-9ae0-012b816f9fce,2026-02-13T08:00:06,12.363066,-1.522604
civ-b7e3e859-9789-4511-9091-3013ac317000,2026-02-13T08:00:19,12.363985,-1.515319
LR-ASC-004,2026-02-13T08:00:30,12.360485,-1.521311
ST-ASC-003,2026-02-13T08:00:30,12.360786,-1.516085
civ-d914300c-71f1-433a-9c13-50294a4699cb,2026-02-13T08:00:56,12.362894,-1.52244
civ-db07abea-ca3d-4b89-b8e6-498a67d93f8b,2026-02-13T08:01:00,12.362923,-1.522421
civ-0c9d309b-d3d9-4e92-9ae0-012b816f9fce,2026-02-13T08:01:10,12.363867,-1.515438
civ-c49fd41d-7955-4cb5-b6a7-786718622610,2026-02-13T08:01:16,12.363938,-1.515485
civ-1728b5a6-c412-442d-b081-e8a8b42b5e38,2026-02-13T08:01:30,12.362867,-1.522464
civ-cee79db9-2e6e-4786-bea4-267e53b2f310,2026-02-13T08:01:40,12.364067,-1.515369
civ-c49fd41d-7955-4cb5-b6a7-786718622610,2026-02-13T08:02:26,12.362986,-1.522548
civ-cc100b8b-4558-4c64-aa34-d02bf900f083,2026-02-13T08:02:37,12.363965,-1.51556
civ-b7fa315c-1ea4-4bff-9ffe-220fb9d76e77,2026-02-13T08:02:49,12.362807,-1.522605
civ-9625ea0f-0516-485b-9a2c-c109b8dc9eeb,2026-02-13T08:03:08,12.363,-1.522549
civ-4472992d-2849-4630-9c4d-54f39f5e8ed9,2026-02-13T08:03:08,12.362994,-1.522551
civ-bb1a3b8d-6013-4514-b1e6-efb6fe8b0a59,2026-02-13T08:03:31,12.362948,-1.522585
civ-cfaec9ab-5ac9-4b7c-a1c3-b15e20dcb410,2026-02-13T08:03:39,12.364085,-1.515248
civ-02576fae-ffff-4cf6-a5bc-b03aa4a9ac88,2026-02-13T08:03:41,12.362927,-1.522519
civ-58babd9c-f204-49ee-985a-f994c95fa4bd,2026-02-13T08:04:04,12.363943,-1.515384
civ-58babd9c-f204-49ee-985a-f994c95fa4bd,2026-02-13T08:04:11,12.362867,-1.522502
civ-02576fae-ffff-4cf6-a5bc-b03aa4a9ac88,2026-02-13T08:04:13,12.36397,-1.515368
civ-a5d5f0ac-097b-48e0-991d-f1066f980ce7,2026-02-13T08:04:28,12.36297,-1.52249
civ-e8dc8ba3-bb2c-48c0-a27f-1f0939012fb5,2026-02-13T08:04:44,12.364061,-1.515334
civ-22b80c92-07d6-4eb0-a931-465d2de665e3,2026-02-13T08:05:19,12.36265,-1.522244
civ-a5d5f0ac-097b-48e0-991d-f1066f980ce7,2026-02-13T08:05:26,12.364121,-1.515405
civ-62bbac52-ba2e-4404-97d7-2d93b963ebf3,2026-02-13T08:05:31,12.363987,-1.515344
civ-62bbac52-ba2e-4404-97d7-2d93b963ebf3,2026-02-13T08:05:54,12.362862,-1.522442
civ-db07abea-ca3d-4b89-b8e6-498a67d93f8b,2026-02-13T08:06:04,12.362507,-1.522697
civ-d8b7daca-ee30-436f-8068-55f18110860d,2026-02-13T08:06:30,12.363969,-1.515506
civ-155783d0-b79c-4de9-a91d-5c2e44bbd601,2026-02-13T08:06:40,12.36298,-1.522518
civ-cfaec9ab-5ac9-4b7c-a1c3-b15e20dcb410,2026-02-13T08:06:42,12.362902,-1.522564
civ-c967612c-4cbd-48d4-93ae-3c8a9efdb5fc,2026-02-13T08:06:53,12.362782,-1.522519
civ-e8dc8ba3-bb2c-48c0-a27f-1f0939012fb5,2026-02-13T08:06:54,12.362968,-1.522623
civ-eb961fb2-fc9b-493a-b186-f94d7d40522d,2026-02-13T08:07:16,12.36307,-1.522558
civ-bb1a3b8d-6013-4514-b1e6-efb6fe8b0a59,2026-02-13T08:07:29,12.364101,-1.515382
civ-f7b60403-c6bb-4b3e-adf7-46afadfd190b,2026-02-13T08:07:34,12.362956,-1.522504
civ-22b80c92-07d6-4eb0-a931-465d2de665e3,2026-02-13T08:07:49,12.362979,-1.522584
civ-560e35c7-b256-4f74-b9d8-7519c1756d49,2026-02-13T08:07:50,12.363864,-1.515404
civ-22b80c92-07d6-4eb0-a931-465d2de665e3,2026-02-13T08:07:52,12.364011,-1.515856
civ-69fb9cc1-ef25-4bcf-92ba-fd2160d52f85,2026-02-13T08:08:34,12.36409,-1.51539
civ-aada54c8-b736-4f69-8649-471827354a37,2026-02-13T08:09:38,12.364002,-1.515395
ST-DEV-001,2026-02-13T08:10:00,12.363995,-1.515397
LR-DEV-001,2026-02-13T08:10:00,12.358996,-1.520905
NEW-DEV-X1,2026-02-13T08:10:00,12.358977,-1.520572
ST-ASC-004,2026-02-13T08:10:00,12.362898,-1.522515
NEW-DEV-X3,2026-02-13T08:10:00,12.358696,-1.520622
civ-9882446e-69c8-4759-964a-00f38ec7e4eb,2026-02-13T08:10:40,12.362941,-1.522495
civ-02576fae-ffff-4cf6-a5bc-b03aa4a9ac88,2026-02-13T08:16:32,12.363129,-1.522838
civ-abb599b3-970c-4aed-a7cd-a2f03dd05458,2026-02-13T08:16:43,12.362812,-1.522648
civ-560e35c7-b256-4f74-b9d8-7519c1756d49,2026-02-13T08:18:03,12.362693,-1.52222
civ-0c9d309b-d3d9-4e92-9ae0-012b816f9fce,2026-02-13T08:18:08,12.363046,-1.522426
civ-e20dc56d-a415-4159-b4a5-869333b3e011,2026-02-13T08:18:34,12.362965,-1.522603
civ-58babd9c-f204-49ee-985a-f994c95fa4bd,2026-02-13T08:19:38,12.362934,-1.522575
NEW-DEV-X1,2026-02-13T08:20:00,12.358959,-1.520585
LR-ASC-004,2026-02-13T08:20:00,12.360297,-1.521919
NEW-DEV-X3,2026-02-13T08:20:00,12.358685,-1.520605
ST-ASC-004,2026-02-13T08:20:00,12.362904,-1.522513
ST-DEV-001,2026-02-13T08:20:00,12.363972,-1.515394
LR-DEV-001,2026-02-13T08:20:00,12.359013,-1.520898
LR-ASC-004,2026-02-13T08:20:30,12.362138,-1.522277
LR-DEV-001,2026-02-13T08:30:00,12.358981,-1.520906
NEW-DEV-X1,2026-02-13T08:30:00,12.358975,-1.520584
ST-ASC-004,2026-02-13T08:30:00,12.362901,-1.522498
ST-DEV-001,2026-02-13T08:30:00,12.363954,-1.515372
NEW-DEV-X3,2026-02-13T08:30:00,12.358685,-1.520606
NEW-DEV-X1,2026-02-13T08:40:00,12.35895,-1.520578
LR-ASC-004,2026-02-13T08:40:00,12.362902,-1.52249
ST-ASC-004,2026-02-13T08:40:00,12.362908,-1.522484
LR-DEV-001,2026-02-13T08:40:00,12.358992,-1.520905
NEW-DEV-X3,2026-02-13T08:40:00,12.358682,-1.520595
ST-DEV-001,2026-02-13T08:40:00,12.364001,-1.515414
LR-ASC-004,2026-02-13T08:45:00,12.362889,-1.522501
ST-ASC-004,2026-02-13T08:50:00,12.362888,-1.5225
NEW-DEV-X1,2026-02-13T08:50:00,12.358986,-1.520582
LR-DEV-001,2026-02-13T08:50:00,12.359005,-1.520901
LR-ASC-004,2026-02-13T08:50:00,12.362269,-1.522382
ST-DEV-001,2026-02-13T08:50:00,12.363977,-1.515406
NEW-DEV-X3,2026-02-13T08:50:00,12.358687,-1.520613
LR-ASC-004,2026-02-13T08:50:30,12.360518,-1.52196
ST-DEV-001,2026-02-13T09:00:00,12.364019,-1.515385
NEW-DEV-X2,2026-02-13T09:00:00,12.358951,-1.520774
ST-ASC-004,2026-02-13T09:00:00,12.362898,-1.522496
LR-DEV-001,2026-02-13T09:00:00,12.358999,-1.520888
NEW-DEV-X1,2026-02-13T09:00:00,12.358963,-1.520588
NEW-DEV-X3,2026-02-13T09:00:00,12.358697,-1.520616
LR-ASC-004,2026-02-13T09:10:00,12.360297,-1.521919
ST-ASC-004,2026-02-13T09:10:00,12.362902,-1.522503
NEW-DEV-X3,2026-02-13T09:10:00,12.358695,-1.520606
LR-DEV-001,2026-02-13T09:10:00,12.358994,-1.520883
NEW-DEV-X2,2026-02-13T09:10:00,12.35894,-1.520779
ST-DEV-001,2026-02-13T09:10:00,12.363981,-1.515423
NEW-DEV-X1,2026-02-13T09:10:00,12.358988,-1.520575
LR-ASC-004,2026-02-13T09:10:30,12.359626,-1.520842
NEW-DEV-X2,2026-02-13T09:20:00,12.358943,-1.520773
ST-DEV-001,2026-02-13T09:20:00,12.364018,-1.51542
NEW-DEV-X1,2026-02-13T09:20:00,12.358978,-1.52058
NEW-DEV-X3,2026-02-13T09:20:00,12.358703,-1.520604
LR-DEV-001,2026-02-13T09:20:00,12.358994,-1.520899
ST-ASC-004,2026-02-13T09:20:00,12.362896,-1.52251
LR-ASC-004,2026-02-13T09:30:00,12.35903,-1.520731
NEW-DEV-X1,2026-02-13T09:30:00,12.358966,-1.520585
NEW-DEV-X3,2026-02-13T09:30:00,12.358692,-1.520612
ST-DEV-001,2026-02-13T09:30:00,12.364002,-1.515397
LR-DEV-001,2026-02-13T09:30:00,12.358997,-1.520899
NEW-DEV-X2,2026-02-13T09:30:00,12.358941,-1.520782
LR-ASC-004,2026-02-13T09:30:30,12.360485,-1.521311
ST-DEV-001,2026-02-13T09:40:00,12.364008,-1.515377
LR-DEV-001,2026-02-13T09:40:00,12.359004,-1.520896
NEW-DEV-X3,2026-02-13T09:40:00,12.358715,-1.520602
NEW-DEV-X1,2026-02-13T09:40:00,12.358971,-1.520578
NEW-DEV-X2,2026-02-13T09:40:00,12.358962,-1.52077
NEW-DEV-X2,2026-02-13T09:50:00,12.358937,-1.520773
ST-DEV-001,2026-02-13T09:50:00,12.363966,-1.515452
LR-ASC-004,2026-02-13T09:50:00,12.360297,-1.521919
NEW-DEV-X3,2026-02-13T09:50:00,12.358686,-1.52061
NEW-DEV-X1,2026-02-13T09:50:00,12.358986,-1.520573
LR-DEV-001,2026-02-13T09:50:00,12.358993,-1.52091
LR-ASC-004,2026-02-13T09:50:30,12.362138,-1.522277
LR-DEV-001,2026-02-13T10:00:00,12.359023,-1.520904
NEW-DEV-X1,2026-02-13T10:00:00,12.358959,-1.520581
NEW-DEV-X2,2026-02-13T10:00:00,12.358945,-1.520774
ST-DEV-001,2026-02-13T10:00:00,12.363985,-1.515351
NEW-DEV-X3,2026-02-13T10:00:00,12.358691,-1.520612
NEW-DEV-X2,2026-02-13T10:10:00,12.358945,-1.520767
NEW-DEV-X3,2026-02-13T10:10:00,12.358683,-1.520615
NEW-DEV-X1,2026-02-13T10:10:00,12.358979,-1.520577
ST-DEV-001,2026-02-13T10:10:00,12.364055,-1.515351
LR-DEV-001,2026-02-13T10:10:00,12.359006,-1.520914
LR-ASC-004,2026-02-13T10:10:00,12.362884,-1.522504
LR-ASC-004,2026-02-13T10:15:00,12.3629,-1.522508
NEW-DEV-X1,2026-02-13T10:20:00,12.358966,-1.520557
ST-DEV-001,2026-02-13T10:20:00,12.363995,-1.515448
LR-DEV-001,2026-02-13T10:20:00,12.358997,-1.520901
LR-ASC-004,2026-02-13T10:20:00,12.362269,-1.522382
NEW-DEV-X2,2026-02-13T10:20:00,12.358947,-1.520779
NEW-DEV-X3,2026-02-13T10:20:00,12.35871,-1.520606
LR-ASC-004,2026-02-13T10:20:30,12.360518,-1.52196
LR-DEV-001,2026-02-13T10:30:00,12.359004,-1.520925
NEW-DEV-X1,2026-02-13T10:30:00,12.358961,-1.520593
ST-DEV-001,2026-02-13T10:30:00,12.363937,-1.515417
NEW-DEV-X3,2026-02-13T10:30:00,12.358672,-1.5206
NEW-DEV-X2,2026-02-13T10:30:00,12.358953,-1.520776
LR-ASC-004,2026-02-13T10:40:00,12.360297,-1.521919
NEW-DEV-X3,2026-02-13T10:40:00,12.358704,-1.520614
NEW-DEV-X1,2026-02-13T10:40:00,12.358974,-1.520564
LR-DEV-001,2026-02-13T10:40:00,12.359001,-1.52091
NEW-DEV-X2,2026-02-13T10:40:00,12.358945,-1.520775
ST-DEV-001,2026-02-13T10:40:00,12.363995,-1.515365
LR-ASC-004,2026-02-13T10:40:30,12.359626,-1.520842
ST-DEV-001,2026-02-13T10:50:00,12.364023,-1.515394
NEW-DEV-X1,2026-02-13T10:50:00,12.358964,-1.520585
LR-DEV-001,2026-02-13T10:50:00,12.359003,-1.520909
NEW-DEV-X3,2026-02-13T10:50:00,12.3587,-1.520619
NEW-DEV-X2,2026-02-13T10:50:00,12.358943,-1.520778
NEW-DEV-X3,2026-02-13T11:00:00,12.35869,-1.520598
LR-ASC-004,2026-02-13T11:00:00,12.35903,-1.520731
ST-DEV-001,2026-02-13T11:00:00,12.363976,-1.515426
LR-DEV-001,2026-02-13T11:00:00,12.358992,-1.520902
NEW-DEV-X1,2026-02-13T11:00:00,12.358982,-1.520583
NEW-DEV-X2,2026-02-13T11:00:00,12.358939,-1.520785
LR-ASC-004,2026-02-13T11:00:30,12.360485,-1.521311
LR-DEV-001,2026-02-13T11:10:00,12.358991,-1.520904
NEW-DEV-X3,2026-02-13T11:10:00,12.358692,-1.520628
ST-DEV-001,2026-02-13T11:10:00,12.364007,-1.515381
NEW-DEV-X1,2026-02-13T11:10:00,12.358969,-1.520578
NEW-DEV-X2,2026-02-13T11:10:00,12.358935,-1.520791
ST-DEV-001,2026-02-13T11:20:00,12.364011,-1.515428
NEW-DEV-X3,2026-02-13T11:20:00,12.358693,-1.520612
NEW-DEV-X2,2026-02-13T11:20:00,12.358936,-1.52078
LR-DEV-001,2026-02-13T11:20:00,12.358989,-1.520916
LR-ASC-004,2026-02-13T11:20:00,12.360297,-1.521919
NEW-DEV-X1,2026-02-13T11:20:00,12.358974,-1.520574
LR-ASC-004,2026-02-13T11:20:30,12.362138,-1.522277
NEW-DEV-X1,2026-02-13T11:30:00,12.358984,-1.52058
ST-DEV-001,2026-02-13T11:30:00,12.364018,-1.515389
NEW-DEV-X3,2026-02-13T11:30:00,12.358705,-1.520611
LR-DEV-001,2026-02-13T11:30:00,12.359009,-1.520912
NEW-DEV-X2,2026-02-13T11:30:00,12.358945,-1.52078
ST-DEV-001,2026-02-13T11:40:00,12.363971,-1.515421
NEW-DEV-X2,2026-02-13T11:40:00,12.358923,-1.520764
LR-DEV-001,2026-02-13T11:40:00,12.358998,-1.520893
NEW-DEV-X3,2026-02-13T11:40:00,12.35869,-1.520602
LR-ASC-004,2026-02-13T11:40:00,12.362896,-1.522513
NEW-DEV-X1,2026-02-13T11:40:00,12.358975,-1.520581
LR-ASC-004,2026-02-13T11:45:00,12.362901,-1.52249
LR-ASC-004,2026-02-13T11:50:00,12.362269,-1.522382
NEW-DEV-X2,2026-02-13T11:50:00,12.358954,-1.520774
NEW-DEV-X1,2026-02-13T11:50:00,12.358976,-1.520583
NEW-DEV-X3,2026-02-13T11:50:00,12.358695,-1.520618
LR-DEV-001,2026-02-13T11:50:00,12.358994,-1.520907
ST-DEV-001,2026-02-13T11:50:00,12.364019,-1.515406
LR-ASC-004,2026-02-13T11:50:30,12.360518,-1.52196
NEW-DEV-X2,2026-02-13T12:00:00,12.358961,-1.520787
NEW-DEV-X3,2026-02-13T12:00:00,12.358704,-1.520609
NEW-DEV-X1,2026-02-13T12:00:00,12.358972,-1.520572
NEW-DEV-X2,2026-02-13T12:10:00,12.358961,-1.520787
NEW-DEV-X3,2026-02-13T12:10:00,12.358694,-1.520609
NEW-DEV-X1,2026-02-13T12:10:00,12.358986,-1.520597
LR-ASC-004,2026-02-13T12:10:00,12.360297,-1.521919
LR-ASC-004,2026-02-13T12:10:30,12.359626,-1.520842
NEW-DEV-X2,2026-02-13T12:20:00,12.358946,-1.520789
NEW-DEV-X3,2026-02-13T12:20:00,12.358684,-1.520616
NEW-DEV-X1,2026-02-13T12:20:00,12.358972,-1.520589
NEW-DEV-X1,2026-02-13T12:30:00,12.358969,-1.520579
NEW-DEV-X3,2026-02-13T12:30:00,12.358694,-1.520613
NEW-DEV-X2,2026-02-13T12:30:00,12.358944,-1.520775
NEW-DEV-X1,2026-02-13T12:40:00,12.358978,-1.520584
NEW-DEV-X3,2026-02-13T12:40:00,12.358705,-1.520609
NEW-DEV-X2,2026-02-13T12:40:00,12.358943,-1.520772
civ-5f953348-9eea-4e6f-adfb-b33b5a94eae7,2026-02-13T12:43:09,12.362841,-1.522771
civ-db07abea-ca3d-4b89-b8e6-498a67d93f8b,2026-02-13T12:46:37,12.362881,-1.522516
civ-9ab99406-c557-4ff3-9546-d37339008bda,2026-02-13T12:47:12,12.362756,-1.522444
civ-0c9d309b-d3d9-4e92-9ae0-012b816f9fce,2026-02-13T12:48:19,12.362842,-1.522302
civ-1728b5a6-c412-442d-b081-e8a8b42b5e38,2026-02-13T12:48:19,12.362799,-1.522327
NEW-DEV-X1,2026-02-13T12:50:00,12.358955,-1.520592
NEW-DEV-X2,2026-02-13T12:50:00,12.358945,-1.520783
NEW-DEV-X3,2026-02-13T12:50:00,12.358702,-1.520611
civ-c9a81ee6-40fb-4df7-9494-366e6f87591d,2026-02-13T12:50:47,12.362784,-1.522882
civ-58babd9c-f204-49ee-985a-f994c95fa4bd,2026-02-13T12:52:20,12.364141,-1.515376
civ-5f953348-9eea-4e6f-adfb-b33b5a94eae7,2026-02-13T12:53:50,12.362987,-1.522492
civ-a5d5f0ac-097b-48e0-991d-f1066f980ce7,2026-02-13T12:53:54,12.363987,-1.515468
civ-d914300c-71f1-433a-9c13-50294a4699cb,2026-02-13T12:54:32,12.364021,-1.515374
civ-4e6f6a58-041a-446a-b97e-2eac0f9997d3,2026-02-13T12:55:02,12.362912,-1.52243
civ-58babd9c-f204-49ee-985a-f994c95fa4bd,2026-02-13T12:55:24,12.362977,-1.522515
civ-cc100b8b-4558-4c64-aa34-d02bf900f083,2026-02-13T12:55:50,12.362822,-1.522298
civ-cc100b8b-4558-4c64-aa34-d02bf900f083,2026-02-13T12:56:30,12.363939,-1.515491
civ-82cfb0ab-487f-47c9-aee5-fdde8e8a17f6,2026-02-13T12:56:49,12.362837,-1.522566
civ-c49fd41d-7955-4cb5-b6a7-786718622610,2026-02-13T12:56:53,12.364013,-1.515533
civ-52216a52-4637-4288-9689-1b401180ecf7,2026-02-13T12:57:04,12.362883,-1.522431
civ-9ab99406-c557-4ff3-9546-d37339008bda,2026-02-13T12:57:59,12.362813,-1.52247
civ-69fb9cc1-ef25-4bcf-92ba-fd2160d52f85,2026-02-13T12:58:05,12.364111,-1.515304
civ-c9a81ee6-40fb-4df7-9494-366e6f87591d,2026-02-13T12:58:13,12.36397,-1.515505
civ-fb779864-9bc9-4670-9e47-b8ea339c3672,2026-02-13T12:58:30,12.362926,-1.522435
civ-d8b7daca-ee30-436f-8068-55f18110860d,2026-02-13T12:58:48,12.362946,-1.522551
NEW-DEV-X1,2026-02-13T13:00:00,12.35898,-1.520608
ST-ASC-004,2026-02-13T13:00:00,12.362909,-1.522496
ST-DEV-001,2026-02-13T13:00:00,12.363601,-1.515311
NEW-DEV-X3,2026-02-13T13:00:00,12.358704,-1.520607
NEW-DEV-X2,2026-02-13T13:00:00,12.358939,-1.520771
ST-DEV-001,2026-02-13T13:00:30,12.361614,-1.515156
civ-b7e3e859-9789-4511-9091-3013ac317000,2026-02-13T13:00:34,12.362982,-1.522548
civ-a5d5f0ac-097b-48e0-991d-f1066f980ce7,2026-02-13T13:00:41,12.362841,-1.522528
civ-62bbac52-ba2e-4404-97d7-2d93b963ebf3,2026-02-13T13:00:45,12.36284,-1.522493
civ-cfaec9ab-5ac9-4b7c-a1c3-b15e20dcb410,2026-02-13T13:01:06,12.362887,-1.52254
civ-560e35c7-b256-4f74-b9d8-7519c1756d49,2026-02-13T13:01:06,12.36287,-1.52249
civ-c2976329-879a-401f-ab0a-bec2a5026bf5,2026-02-13T13:01:12,12.362938,-1.52265
civ-cee79db9-2e6e-4786-bea4-267e53b2f310,2026-02-13T13:01:38,12.362929,-1.522565
civ-068f17d0-0065-405c-bdd7-f715203c8e19,2026-02-13T13:01:44,12.364029,-1.515427
civ-4472992d-2849-4630-9c4d-54f39f5e8ed9,2026-02-13T13:01:48,12.364067,-1.51527
civ-560e35c7-b256-4f74-b9d8-7519c1756d49,2026-02-13T13:01:50,12.364016,-1.515406
civ-7acf1504-7434-49b3-ade9-cad12822f55f,2026-02-13T13:01:54,12.364086,-1.515421
civ-3e6a8a9e-f47d-46e1-8940-4918058ed49b,2026-02-13T13:02:41,12.362743,-1.522599
civ-d8b7daca-ee30-436f-8068-55f18110860d,2026-02-13T13:02:47,12.363887,-1.515376
civ-52e12e63-9cf1-450f-b811-723dd006ab95,2026-02-13T13:02:51,12.363972,-1.515536
civ-4e6f6a58-041a-446a-b97e-2eac0f9997d3,2026-02-13T13:03:03,12.363882,-1.515267
civ-cece9c82-aff1-4a7b-a95f-8fede9573ccc,2026-02-13T13:03:11,12.364003,-1.515411
civ-b7fa315c-1ea4-4bff-9ffe-220fb9d76e77,2026-02-13T13:03:12,12.363986,-1.515209
civ-fb779864-9bc9-4670-9e47-b8ea339c3672,2026-02-13T13:03:21,12.363972,-1.515349
civ-aada54c8-b736-4f69-8649-471827354a37,2026-02-13T13:03:59,12.362886,-1.522642
civ-5b5de6bb-92db-43c6-9982-ac8c804e1ff3,2026-02-13T13:04:00,12.362882,-1.522609
civ-62d7d317-8457-4ab1-9267-775a132d353e,2026-02-13T13:04:28,12.363993,-1.515502
civ-62bbac52-ba2e-4404-97d7-2d93b963ebf3,2026-02-13T13:04:45,12.363886,-1.515461
civ-c9a81ee6-40fb-4df7-9494-366e6f87591d,2026-02-13T13:04:57,12.362863,-1.522539
civ-9ab99406-c557-4ff3-9546-d37339008bda,2026-02-13T13:04:58,12.363987,-1.515435
ST-ASC-004,2026-02-13T13:05:00,12.362908,-1.522503
civ-52e12e63-9cf1-450f-b811-723dd006ab95,2026-02-13T13:05:04,12.362956,-1.522495
civ-c2976329-879a-401f-ab0a-bec2a5026bf5,2026-02-13T13:05:14,12.364042,-1.515451
civ-52216a52-4637-4288-9689-1b401180ecf7,2026-02-13T13:05:44,12.363927,-1.515394
civ-b7fa315c-1ea4-4bff-9ffe-220fb9d76e77,2026-02-13T13:06:13,12.362973,-1.522609
civ-c967612c-4cbd-48d4-93ae-3c8a9efdb5fc,2026-02-13T13:06:43,12.363963,-1.515337
civ-69fb9cc1-ef25-4bcf-92ba-fd2160d52f85,2026-02-13T13:06:56,12.362793,-1.522494
civ-d914300c-71f1-433a-9c13-50294a4699cb,2026-02-13T13:08:16,12.362924,-1.522464
civ-3e6a8a9e-f47d-46e1-8940-4918058ed49b,2026-02-13T13:08:26,12.363949,-1.515419
civ-1728b5a6-c412-442d-b081-e8a8b42b5e38,2026-02-13T13:09:13,12.362872,-1.52262
civ-5b5de6bb-92db-43c6-9982-ac8c804e1ff3,2026-02-13T13:09:26,12.364108,-1.515385
civ-19d8cd88-9b8a-452a-a525-d1043b3c1526,2026-02-13T13:09:28,12.36398,-1.515427
civ-155783d0-b79c-4de9-a91d-5c2e44bbd601,2026-02-13T13:09:45,12.363904,-1.515356
civ-e8dc8ba3-bb2c-48c0-a27f-1f0939012fb5,2026-02-13T13:09:46,12.362949,-1.522501
civ-068f17d0-0065-405c-bdd7-f715203c8e19,2026-02-13T13:09:48,12.362959,-1.522477
ST-ASC-004,2026-02-13T13:10:00,12.362894,-1.52251
NEW-DEV-X1,2026-02-13T13:10:00,12.358983,-1.520578
NEW-DEV-X2,2026-02-13T13:10:00,12.358938,-1.52077
NEW-DEV-X3,2026-02-13T13:10:00,12.358694,-1.520611
civ-e8dc8ba3-bb2c-48c0-a27f-1f0939012fb5,2026-02-13T13:10:15,12.364005,-1.515443
civ-eb6bca32-ee6b-4d0a-8030-aae8db13a9d5,2026-02-13T13:11:04,12.362922,-1.52258
civ-52216a52-4637-4288-9689-1b401180ecf7,2026-02-13T13:11:54,12.362805,-1.522575
civ-22b80c92-07d6-4eb0-a931-465d2de665e3,2026-02-13T13:12:33,12.3628,-1.522487
civ-db07abea-ca3d-4b89-b8e6-498a67d93f8b,2026-02-13T13:13:13,12.362858,-1.5225
civ-9ab99406-c557-4ff3-9546-d37339008bda,2026-02-13T13:14:37,12.364036,-1.515425
ST-ASC-004,2026-02-13T13:15:00,12.362903,-1.522509
civ-52e12e63-9cf1-450f-b811-723dd006ab95,2026-02-13T13:15:59,12.364053,-1.515522
civ-82cfb0ab-487f-47c9-aee5-fdde8e8a17f6,2026-02-13T13:19:43,12.364169,-1.515373
ST-ASC-004,2026-02-13T13:20:00,12.362917,-1.522512
NEW-DEV-X3,2026-02-13T13:20:00,12.358685,-1.520606
NEW-DEV-X2,2026-02-13T13:20:00,12.358955,-1.520793
NEW-DEV-X1,2026-02-13T13:20:00,12.358984,-1.520585
ST-ASC-004,2026-02-13T13:25:00,12.362902,-1.522486
ST-DEV-001,2026-02-13T13:30:00,12.362514,-1.513095
ST-ASC-003,2026-02-13T13:30:00,12.359413,-1.51634
NEW-DEV-X3,2026-02-13T13:30:00,12.358694,-1.520616
NEW-DEV-X2,2026-02-13T13:30:00,12.358954,-1.520759
NEW-DEV-X1,2026-02-13T13:30:00,12.358953,-1.520579
ST-ASC-003,2026-02-13T13:30:30,12.361402,-1.515987
ST-DEV-001,2026-02-13T13:40:00,12.362496,-1.5131
NEW-DEV-X1,2026-02-13T13:40:00,12.358983,-1.520575
NEW-DEV-X2,2026-02-13T13:40:00,12.358946,-1.520773
NEW-DEV-X3,2026-02-13T13:40:00,12.358704,-1.520622
ST-DEV-001,2026-02-13T13:50:00,12.362501,-1.513107
NEW-DEV-X1,2026-02-13T13:50:00,12.358966,-1.520582
NEW-DEV-X3,2026-02-13T13:50:00,12.35869,-1.520602
NEW-DEV-X2,2026-02-13T13:50:00,12.358953,-1.52078
ST-ASC-003,2026-02-13T14:00:00,12.362507,-1.513091
ST-DEV-001,2026-02-13T14:00:00,12.362492,-1.513094
NEW-DEV-X2,2026-02-13T14:00:00,12.358946,-1.52079
NEW-DEV-X3,2026-02-13T14:00:00,12.358697,-1.520611
NEW-DEV-X1,2026-02-13T14:00:00,12.358967,-1.52059
NEW-DEV-X1,2026-02-13T14:10:00,12.358981,-1.520594
NEW-DEV-X3,2026-02-13T14:10:00,12.358696,-1.520609
ST-ASC-003,2026-02-13T14:10:00,12.362505,-1.513105
NEW-DEV-X2,2026-02-13T14:10:00,12.358945,-1.520774
ST-DEV-001,2026-02-13T14:10:00,12.362508,-1.513095
ST-DEV-001,2026-02-13T14:20:00,12.362514,-1.513105
ST-ASC-003,2026-02-13T14:20:00,12.362482,-1.513104
NEW-DEV-X3,2026-02-13T14:20:00,12.35868,-1.520614
NEW-DEV-X2,2026-02-13T14:20:00,12.358949,-1.520768
NEW-DEV-X1,2026-02-13T14:20:00,12.358964,-1.520593
NEW-DEV-X3,2026-02-13T14:30:00,12.358709,-1.520617
NEW-DEV-X2,2026-02-13T14:30:00,12.358937,-1.520783
ST-DEV-001,2026-02-13T14:30:00,12.362515,-1.513108
ST-ASC-003,2026-02-13T14:30:00,12.362497,-1.513103
NEW-DEV-X1,2026-02-13T14:30:00,12.358959,-1.520582
NEW-DEV-X1,2026-02-13T14:40:00,12.358982,-1.520585
ST-DEV-001,2026-02-13T14:40:00,12.362491,-1.513116
NEW-DEV-X2,2026-02-13T14:40:00,12.358961,-1.520779
ST-ASC-003,2026-02-13T14:40:00,12.362506,-1.513082
NEW-DEV-X3,2026-02-13T14:40:00,12.358691,-1.520616
NEW-DEV-X1,2026-02-13T14:50:00,12.358958,-1.520575
ST-ASC-003,2026-02-13T14:50:00,12.362501,-1.513102
NEW-DEV-X2,2026-02-13T14:50:00,12.358946,-1.520779
NEW-DEV-X3,2026-02-13T14:50:00,12.358693,-1.520616
ST-DEV-001,2026-02-13T14:50:00,12.362496,-1.513105
ST-DEV-001,2026-02-13T15:00:00,12.362505,-1.513098
ST-ASC-003,2026-02-13T15:00:00,12.362498,-1.513099
NEW-DEV-X2,2026-02-13T15:00:00,12.358937,-1.520763
NEW-DEV-X3,2026-02-13T15:00:00,12.358698,-1.520609
NEW-DEV-X1,2026-02-13T15:00:00,12.358987,-1.520589
ST-DEV-001,2026-02-13T15:10:00,12.362489,-1.513104
ST-ASC-003,2026-02-13T15:10:00,12.362493,-1.513099
NEW-DEV-X1,2026-02-13T15:10:00,12.358968,-1.520578
NEW-DEV-X2,2026-02-13T15:10:00,12.358939,-1.520788
NEW-DEV-X3,2026-02-13T15:10:00,12.358701,-1.52062
NEW-DEV-X3,2026-02-13T15:20:00,12.358691,-1.520613
NEW-DEV-X2,2026-02-13T15:20:00,12.35894,-1.520796
ST-ASC-003,2026-02-13T15:20:00,12.362504,-1.513098
ST-DEV-001,2026-02-13T15:20:00,12.362497,-1.513116
NEW-DEV-X1,2026-02-13T15:20:00,12.358987,-1.520588
NEW-DEV-X2,2026-02-13T15:30:00,12.358938,-1.520787
ST-DEV-001,2026-02-13T15:30:00,12.362491,-1.513107
NEW-DEV-X3,2026-02-13T15:30:00,12.358698,-1.520618
NEW-DEV-X1,2026-02-13T15:30:00,12.35896,-1.520577
NEW-DEV-X2,2026-02-13T15:40:00,12.35895,-1.520784
NEW-DEV-X1,2026-02-13T15:40:00,12.358979,-1.520583
NEW-DEV-X3,2026-02-13T15:40:00,12.358702,-1.5206
ST-DEV-001,2026-02-13T15:40:00,12.362513,-1.513098
NEW-DEV-X1,2026-02-13T15:50:00,12.358967,-1.520574
NEW-DEV-X3,2026-02-13T15:50:00,12.358685,-1.520615
ST-DEV-001,2026-02-13T15:50:00,12.362506,-1.513113
NEW-DEV-X2,2026-02-13T15:50:00,12.358952,-1.520765
NEW-DEV-X1,2026-02-13T16:00:00,12.358977,-1.52059
ST-DEV-001,2026-02-13T16:00:00,12.362511,-1.513088
NEW-DEV-X3,2026-02-13T16:00:00,12.358689,-1.520587
NEW-DEV-X3,2026-02-13T16:10:00,12.35869,-1.520596
ST-DEV-001,2026-02-13T16:10:00,12.362482,-1.513106
NEW-DEV-X1,2026-02-13T16:10:00,12.358972,-1.520595
ST-DEV-001,2026-02-13T16:20:00,12.362504,-1.513094
NEW-DEV-X3,2026-02-13T16:20:00,12.358683,-1.52062
NEW-DEV-X1,2026-02-13T16:20:00,12.358978,-1.520585
NEW-DEV-X1,2026-02-13T16:30:00,12.358968,-1.520583
ST-DEV-001,2026-02-13T16:30:00,12.362494,-1.513103
NEW-DEV-X3,2026-02-13T16:30:00,12.358688,-1.520619
NEW-DEV-X3,2026-02-13T16:40:00,12.358692,-1.520617
ST-DEV-001,2026-02-13T16:40:00,12.362495,-1.513099
NEW-DEV-X1,2026-02-13T16:40:00,12.358972,-1.520575
NEW-DEV-X3,2026-02-13T16:50:00,12.358687,-1.520601
ST-DEV-001,2026-02-13T16:50:00,12.362511,-1.513107
NEW-DEV-X1,2026-02-13T16:50:00,12.358977,-1.520584
ST-DEV-001,2026-02-13T17:00:00,12.362509,-1.513107
NEW-DEV-X3,2026-02-13T17:00:00,12.358705,-1.520602
ST-DEV-001,2026-02-13T17:10:00,12.362492,-1.513093
NEW-DEV-X3,2026-02-13T17:10:00,12.358699,-1.52061
ST-DEV-001,2026-02-13T17:20:00,12.362508,-1.513092
NEW-DEV-X3,2026-02-13T17:20:00,12.35869,-1.52062
ST-DEV-001,2026-02-13T17:30:00,12.362488,-1.513104
NEW-DEV-X3,2026-02-13T17:30:00,12.358697,-1.520622
ST-DEV-001,2026-02-13T17:40:00,12.362507,-1.5131
NEW-DEV-X3,2026-02-13T17:40:00,12.358685,-1.520601
ST-DEV-001,2026-02-13T17:50:00,12.36249,-1.513096
NEW-DEV-X3,2026-02-13T17:50:00,12.358711,-1.520607
ST-DEV-001,2026-02-13T18:00:00,12.361831,-1.514451
ST-DEV-001,2026-02-13T18:00:30,12.361153,-1.516164
ST-DEV-001,2026-02-14T05:30:00,12.359719,-1.516401
VEH-045-0,2026-02-14T05:30:00,12.364466,-1.521212
VEH-045-0,2026-02-14T05:30:30,12.36496,-1.518575
VEH-045-0,2026-02-14T05:31:00,12.362497,-1.518014
VEH-045-0,2026-02-14T05:31:30,12.361353,-1.516538
ST-DEV-001,2026-02-14T05:40:00,12.359669,-1.516408
VEH-045-1,2026-02-14T05:40:00,12.364466,-1.521212
VEH-045-1,2026-02-14T05:40:30,12.36496,-1.518575
VEH-045-1,2026-02-14T05:41:00,12.362497,-1.518014
VEH-045-1,2026-02-14T05:41:30,12.361353,-1.516538
ST-DEV-001,2026-02-14T05:50:00,12.359695,-1.516409
ST-ASC-003,2026-02-14T06:00:00,12.359413,-1.51634
ST-DEV-001,2026-02-14T06:00:00,12.359701,-1.516392
ST-ASC-003,2026-02-14T06:00:30,12.361402,-1.515987
ST-DEV-001,2026-02-14T06:10:00,12.359715,-1.516405
ST-DEV-001,2026-02-14T06:20:00,12.359666,-1.516409
ST-DEV-001,2026-02-14T06:30:00,12.359701,-1.516378
VEH-045-0,2026-02-14T06:30:00,12.362495,-1.513108
VEH-045-1,2026-02-14T06:40:00,12.362495,-1.513101
ST-DEV-001,2026-02-14T06:40:00,12.35969,-1.516391
VEH-045-0,2026-02-14T06:40:00,12.362497,-1.513109
VEH-045-0,2026-02-14T06:50:00,12.362505,-1.51311
VEH-045-1,2026-02-14T06:50:00,12.362483,-1.513096
ST-DEV-001,2026-02-14T06:50:00,12.359705,-1.516399
ST-DEV-001,2026-02-14T07:00:00,12.359717,-1.516412
ST-ASC-003,2026-02-14T07:00:00,12.362509,-1.513105
VEH-045-1,2026-02-14T07:00:00,12.36249,-1.513099
NEW-DEV-X3,2026-02-14T07:00:00,12.358682,-1.520611
VEH-045-0,2026-02-14T07:00:00,12.362521,-1.513088
LR-DEV-001,2026-02-14T07:00:00,12.359,-1.52091
VEH-045-0,2026-02-14T07:10:00,12.3625,-1.513092
ST-DEV-001,2026-02-14T07:10:00,12.35969,-1.5164
VEH-045-1,2026-02-14T07:10:00,12.362495,-1.51311
ST-ASC-003,2026-02-14T07:10:00,12.362499,-1.513112
NEW-DEV-X3,2026-02-14T07:10:00,12.358695,-1.52061
LR-DEV-001,2026-02-14T07:10:00,12.358993,-1.520905
ST-ASC-003,2026-02-14T07:20:00,12.3625,-1.513103
VEH-045-1,2026-02-14T07:20:00,12.362493,-1.513098
NEW-DEV-X3,2026-02-14T07:20:00,12.358692,-1.520601
ST-DEV-001,2026-02-14T07:20:00,12.359688,-1.516391
LR-DEV-001,2026-02-14T07:20:00,12.358991,-1.520902
VEH-045-0,2026-02-14T07:20:00,12.362485,-1.513077
LR-DEV-001,2026-02-14T07:30:00,12.358996,-1.520883
ST-ASC-004,2026-02-14T07:30:00,12.362912,-1.522494
ST-ASC-003,2026-02-14T07:30:00,12.3625,-1.513087
NEW-DEV-X3,2026-02-14T07:30:00,12.358691,-1.520609
VEH-045-1,2026-02-14T07:30:00,12.362488,-1.513107
ST-DEV-001,2026-02-14T07:30:00,12.359413,-1.51634
ST-DEV-001,2026-02-14T07:30:30,12.360477,-1.517563
ST-DEV-001,2026-02-14T07:31:00,12.362689,-1.517976
ST-DEV-001,2026-02-14T07:31:30,12.363412,-1.516165
civ-d8b7daca-ee30-436f-8068-55f18110860d,2026-02-14T07:35:43,12.362955,-1.522435
civ-eb961fb2-fc9b-493a-b186-f94d7d40522d,2026-02-14T07:38:17,12.363964,-1.515452
ST-ASC-003,2026-02-14T07:40:00,12.362502,-1.513107
LR-DEV-001,2026-02-14T07:40:00,12.35899,-1.520899
NEW-DEV-X3,2026-02-14T07:40:00,12.358706,-1.520612
ST-ASC-004,2026-02-14T07:40:00,12.362901,-1.522496
civ-88351541-c041-41e4-903d-ddffd8fff7d9,2026-02-14T07:42:05,12.36295,-1.522393
civ-62bbac52-ba2e-4404-97d7-2d93b963ebf3,2026-02-14T07:44:19,12.3638,-1.515335
civ-cfaec9ab-5ac9-4b7c-a1c3-b15e20dcb410,2026-02-14T07:49:17,12.364014,-1.515305
LR-DEV-001,2026-02-14T07:50:00,12.359002,-1.52091
ST-ASC-004,2026-02-14T07:50:00,12.3629,-1.522495
NEW-DEV-X3,2026-02-14T07:50:00,12.358696,-1.520612
ST-ASC-003,2026-02-14T07:50:00,12.362494,-1.513095
civ-1728b5a6-c412-442d-b081-e8a8b42b5e38,2026-02-14T07:55:15,12.362916,-1.522407
civ-7acf1504-7434-49b3-ade9-cad12822f55f,2026-02-14T07:55:25,12.363908,-1.515488
civ-69fb9cc1-ef25-4bcf-92ba-fd2160d52f85,2026-02-14T07:55:52,12.364044,-1.51542
civ-cee79db9-2e6e-4786-bea4-267e53b2f310,2026-02-14T07:57:03,12.363949,-1.515345
civ-cee79db9-2e6e-4786-bea4-267e53b2f310,2026-02-14T07:57:53,12.363991,-1.515367
civ-c967612c-4cbd-48d4-93ae-3c8a9efdb5fc,2026-02-14T07:58:39,12.36297,-1.5224
civ-5f953348-9eea-4e6f-adfb-b33b5a94eae7,2026-02-14T07:58:44,12.363957,-1.515402
civ-155783d0-b79c-4de9-a91d-5c2e44bbd601,2026-02-14T07:59:27,12.364039,-1.515442
civ-155783d0-b79c-4de9-a91d-5c2e44bbd601,2026-02-14T07:59:28,12.362807,-1.52241
civ-abb599b3-970c-4aed-a7cd-a2f03dd05458,2026-02-14T07:59:48,12.364029,-1.515382
NEW-DEV-X1,2026-02-14T08:00:00,12.358972,-1.520575
LR-DEV-001,2026-02-14T08:00:00,12.359006,-1.520904
NEW-DEV-X3,2026-02-14T08:00:00,12.358705,-1.520613
ST-ASC-003,2026-02-14T08:00:00,12.361831,-1.514451
ST-DEV-001,2026-02-14T08:00:00,12.363981,-1.515394
ST-ASC-004,2026-02-14T08:00:00,12.362897,-1.522498
LR-ASC-004,2026-02-14T08:00:00,12.35903,-1.520731
civ-fb779864-9bc9-4670-9e47-b8ea339c3672,2026-02-14T08:00:23,12.362881,-1.522475
ST-ASC-003,2026-02-14T08:00:30,12.360786,-1.516085
LR-ASC-004,2026-02-14T08:00:30,12.360485,-1.521311
civ-5b5de6bb-92db-43c6-9982-ac8c804e1ff3,2026-02-14T08:00:36,12.36409,-1.515406
civ-3e6a8a9e-f47d-46e1-8940-4918058ed49b,2026-02-14T08:00:58,12.363985,-1.515412
civ-db07abea-ca3d-4b89-b8e6-498a67d93f8b,2026-02-14T08:01:34,12.362861,-1.522466
civ-abb599b3-970c-4aed-a7cd-a2f03dd05458,2026-02-14T08:01:45,12.362845,-1.522391
civ-c49fd41d-7955-4cb5-b6a7-786718622610,2026-02-14T08:01:49,12.363137,-1.52251
civ-82cfb0ab-487f-47c9-aee5-fdde8e8a17f6,2026-02-14T08:02:08,12.364021,-1.515372
civ-58babd9c-f204-49ee-985a-f994c95fa4bd,2026-02-14T08:02:21,12.363941,-1.515387
civ-3e6a8a9e-f47d-46e1-8940-4918058ed49b,2026-02-14T08:02:41,12.362942,-1.522496
civ-cfaec9ab-5ac9-4b7c-a1c3-b15e20dcb410,2026-02-14T08:02:43,12.362854,-1.52242
civ-eb961fb2-fc9b-493a-b186-f94d7d40522d,2026-02-14T08:02:48,12.364013,-1.515356
civ-19d8cd88-9b8a-452a-a525-d1043b3c1526,2026-02-14T08:03:35,12.364176,-1.515356
civ-88351541-c041-41e4-903d-ddffd8fff7d9,2026-02-14T08:03:36,12.364134,-1.515391
civ-f7b60403-c6bb-4b3e-adf7-46afadfd190b,2026-02-14T08:03:41,12.362995,-1.522709
civ-88351541-c041-41e4-903d-ddffd8fff7d9,2026-02-14T08:04:23,12.36294,-1.52247
civ-1728b5a6-c412-442d-b081-e8a8b42b5e38,2026-02-14T08:04:50,12.363966,-1.515448
civ-dbb2498a-52c9-4500-8a72-a1de35cc0a87,2026-02-14T08:04:52,12.362927,-1.522499
civ-560e35c7-b256-4f74-b9d8-7519c1756d49,2026-02-14T08:05:26,12.364027,-1.515359
civ-a5d5f0ac-097b-48e0-991d-f1066f980ce7,2026-02-14T08:05:35,12.364072,-1.515418
civ-5f953348-9eea-4e6f-adfb-b33b5a94eae7,2026-02-14T08:05:37,12.362901,-1.522476
civ-e8dc8ba3-bb2c-48c0-a27f-1f0939012fb5,2026-02-14T08:05:42,12.363997,-1.51529
civ-aada54c8-b736-4f69-8649-471827354a37,2026-02-14T08:05:50,12.364085,-1.515318
civ-560e35c7-b256-4f74-b9d8-7519c1756d49,2026-02-14T08:05:59,12.362889,-1.522552
civ-abb599b3-970c-4aed-a7cd-a2f03dd05458,2026-02-14T08:06:11,12.36286,-1.522307
civ-02576fae-ffff-4cf6-a5bc-b03aa4a9ac88,2026-02-14T08:06:13,12.362984,-1.522492
civ-62bbac52-ba2e-4404-97d7-2d93b963ebf3,2026-02-14T08:06:15,12.364043,-1.515468
civ-62d7d317-8457-4ab1-9267-775a132d353e,2026-02-14T08:06:16,12.364009,-1.515458
civ-b7e3e859-9789-4511-9091-3013ac317000,2026-02-14T08:06:18,12.362883,-1.522491
civ-a5d5f0ac-097b-48e0-991d-f1066f980ce7,2026-02-14T08:06:19,12.362977,-1.5225
civ-0c9d309b-d3d9-4e92-9ae0-012b816f9fce,2026-02-14T08:06:50,12.363887,-1.515352
civ-eb961fb2-fc9b-493a-b186-f94d7d40522d,2026-02-14T08:08:06,12.362902,-1.522546
civ-d8b7daca-ee30-436f-8068-55f18110860d,2026-02-14T08:08:40,12.364009,-1.51548
civ-5b5de6bb-92db-43c6-9982-ac8c804e1ff3,2026-02-14T08:08:46,12.363142,-1.522658
civ-155783d0-b79c-4de9-a91d-5c2e44bbd601,2026-02-14T08:09:30,12.363945,-1.515529
civ-c9a81ee6-40fb-4df7-9494-366e6f87591d,2026-02-14T08:09:33,12.363915,-1.515284
ST-DEV-001,2026-02-14T08:10:00,12.363997,-1.515394
ST-ASC-004,2026-02-14T08:10:00,12.362886,-1.522506
NEW-DEV-X1,2026-02-14T08:10:00,12.358985,-1.520588
LR-DEV-001,2026-02-14T08:10:00,12.358978,-1.520894
NEW-DEV-X3,2026-02-14T08:10:00,12.358706,-1.520612
civ-cc100b8b-4558-4c64-aa34-d02bf900f083,2026-02-14T08:10:01,12.362969,-1.52262
civ-9625ea0f-0516-485b-9a2c-c109b8dc9eeb,2026-02-14T08:10:07,12.362816,-1.522512
civ-f7b60403-c6bb-4b3e-adf7-46afadfd190b,2026-02-14T08:10:32,12.363912,-1.515466
civ-bb1a3b8d-6013-4514-b1e6-efb6fe8b0a59,2026-02-14T08:10:52,12.363913,-1.515581
civ-b7e3e859-9789-4511-9091-3013ac317000,2026-02-14T08:17:54,12.364204,-1.51542
civ-fb779864-9bc9-4670-9e47-b8ea339c3672,2026-02-14T08:19:25,12.363748,-1.515582
ST-DEV-001,2026-02-14T08:20:00,12.363988,-1.515409
NEW-DEV-X1,2026-02-14T08:20:00,12.35897,-1.520563
ST-ASC-004,2026-02-14T08:20:00,12.362894,-1.522503
LR-ASC-004,2026-02-14T08:20:00,12.360297,-1.521919
LR-DEV-001,2026-02-14T08:20:00,12.35899,-1.520909
NEW-DEV-X3,2026-02-14T08:20:00,12.358686,-1.520605
LR-ASC-004,2026-02-14T08:20:30,12.362138,-1.522277
civ-52e12e63-9cf1-450f-b811-723dd006ab95,2026-02-14T08:24:05,12.363882,-1.515498
civ-eb6bca32-ee6b-4d0a-8030-aae8db13a9d5,2026-02-14T08:25:54,12.36379,-1.515497
ST-DEV-001,2026-02-14T08:30:00,12.364003,-1.515395
NEW-DEV-X1,2026-02-14T08:30:00,12.358985,-1.520598
NEW-DEV-X3,2026-02-14T08:30:00,12.358691,-1.520605
LR-DEV-001,2026-02-14T08:30:00,12.359006,-1.520903
ST-ASC-004,2026-02-14T08:30:00,12.362892,-1.522505
ST-DEV-001,2026-02-14T08:40:00,12.364,-1.515354
NEW-DEV-X1,2026-02-14T08:40:00,12.358975,-1.520583
LR-DEV-001,2026-02-14T08:40:00,12.359008,-1.520889
NEW-DEV-X3,2026-02-14T08:40:00,12.358669,-1.520611
LR-ASC-004,2026-02-14T08:40:00,12.362885,-1.522491
ST-ASC-004,2026-02-14T08:40:00,12.362886,-1.522495
LR-ASC-004,2026-02-14T08:45:00,12.362892,-1.522509
NEW-DEV-X1,2026-02-14T08:50:00,12.358979,-1.52059
LR-DEV-001,2026-02-14T08:50:00,12.358994,-1.520893
LR-ASC-004,2026-02-14T08:50:00,12.362269,-1.522382
ST-ASC-004,2026-02-14T08:50:00,12.362899,-1.522515
ST-DEV-001,2026-02-14T08:50:00,12.363973,-1.515402
NEW-DEV-X3,2026-02-14T08:50:00,12.35869,-1.520621
LR-ASC-004,2026-02-14T08:50:30,12.360518,-1.52196
LR-DEV-001,2026-02-14T09:00:00,12.358993,-1.52088
ST-DEV-001,2026-02-14T09:00:00,12.363958,-1.51539
ST-ASC-004,2026-02-14T09:00:00,12.362892,-1.522497
NEW-DEV-X2,2026-02-14T09:00:00,12.358933,-1.5208
NEW-DEV-X3,2026-02-14T09:00:00,12.358689,-1.520616
NEW-DEV-X1,2026-02-14T09:00:00,12.358964,-1.520589
NEW-DEV-X3,2026-02-14T09:10:00,12.358694,-1.520623
ST-ASC-004,2026-02-14T09:10:00,12.362895,-1.522506
ST-DEV-001,2026-02-14T09:10:00,12.36397,-1.515408
NEW-DEV-X2,2026-02-14T09:10:00,12.358935,-1.520768
LR-ASC-004,2026-02-14T09:10:00,12.360297,-1.521919
LR-DEV-001,2026-02-14T09:10:00,12.358994,-1.520891
NEW-DEV-X1,2026-02-14T09:10:00,12.358967,-1.520576
LR-ASC-004,2026-02-14T09:10:30,12.359626,-1.520842
ST-ASC-004,2026-02-14T09:20:00,12.362899,-1.522497
LR-DEV-001,2026-02-14T09:20:00,12.359008,-1.520897
ST-DEV-001,2026-02-14T09:20:00,12.36399,-1.515392
NEW-DEV-X2,2026-02-14T09:20:00,12.35894,-1.52078
NEW-DEV-X1,2026-02-14T09:20:00,12.358961,-1.520589
NEW-DEV-X3,2026-02-14T09:20:00,12.358697,-1.520599
NEW-DEV-X3,2026-02-14T09:30:00,12.358697,-1.520604
LR-DEV-001,2026-02-14T09:30:00,12.358994,-1.520901
ST-DEV-001,2026-02-14T09:30:00,12.363985,-1.515416
NEW-DEV-X1,2026-02-14T09:30:00,12.358956,-1.520574
NEW-DEV-X2,2026-02-14T09:30:00,12.35895,-1.520762
LR-ASC-004,2026-02-14T09:30:00,12.35903,-1.520731
LR-ASC-004,2026-02-14T09:30:30,12.360485,-1.521311
NEW-DEV-X3,2026-02-14T09:40:00,12.358704,-1.5206
ST-DEV-001,2026-02-14T09:40:00,12.364039,-1.515392
NEW-DEV-X1,2026-02-14T09:40:00,12.358983,-1.520586
LR-DEV-001,2026-02-14T09:40:00,12.358981,-1.520898
NEW-DEV-X2,2026-02-14T09:40:00,12.358956,-1.520787
LR-DEV-001,2026-02-14T09:50:00,12.359003,-1.520899
NEW-DEV-X2,2026-02-14T09:50:00,12.358927,-1.520757
LR-ASC-004,2026-02-14T09:50:00,12.360297,-1.521919
NEW-DEV-X3,2026-02-14T09:50:00,12.358711,-1.520615
NEW-DEV-X1,2026-02-14T09:50:00,12.358969,-1.520579
ST-DEV-001,2026-02-14T09:50:00,12.363985,-1.515407
LR-ASC-004,2026-02-14T09:50:30,12.362138,-1.522277
NEW-DEV-X2,2026-02-14T10:00:00,12.358964,-1.520776
NEW-DEV-X3,2026-02-14T10:00:00,12.358688,-1.520604
NEW-DEV-X1,2026-02-14T10:00:00,12.358985,-1.520579
LR-DEV-001,2026-02-14T10:00:00,12.358973,-1.520911
ST-DEV-001,2026-02-14T10:00:00,12.364044,-1.515406
LR-ASC-004,2026-02-14T10:10:00,12.362899,-1.522496
NEW-DEV-X2,2026-02-14T10:10:00,12.358933,-1.520769
NEW-DEV-X1,2026-02-14T10:10:00,12.358966,-1.520598
NEW-DEV-X3,2026-02-14T10:10:00,12.3587,-1.520604
ST-DEV-001,2026-02-14T10:10:00,12.363981,-1.515418
LR-DEV-001,2026-02-14T10:10:00,12.358993,-1.520897
LR-ASC-004,2026-02-14T10:15:00,12.362901,-1.522507
ST-DEV-001,2026-02-14T10:20:00,12.363985,-1.515416
NEW-DEV-X2,2026-02-14T10:20:00,12.358943,-1.520779
NEW-DEV-X3,2026-02-14T10:20:00,12.358711,-1.520611
LR-DEV-001,2026-02-14T10:20:00,12.359003,-1.520902
NEW-DEV-X1,2026-02-14T10:20:00,12.358962,-1.520582
LR-ASC-004,2026-02-14T10:20:00,12.362269,-1.522382
LR-ASC-004,2026-02-14T10:20:30,12.360518,-1.52196
NEW-DEV-X1,2026-02-14T10:30:00,12.358966,-1.520581
NEW-DEV-X2,2026-02-14T10:30:00,12.358952,-1.520775
ST-DEV-001,2026-02-14T10:30:00,12.363965,-1.51543
NEW-DEV-X3,2026-02-14T10:30:00,12.358698,-1.52062
LR-DEV-001,2026-02-14T10:30:00,12.359006,-1.520909
LR-ASC-004,2026-02-14T10:40:00,12.360297,-1.521919
NEW-DEV-X1,2026-02-14T10:40:00,12.358967,-1.520593
LR-DEV-001,2026-02-14T10:40:00,12.359005,-1.520896
ST-DEV-001,2026-02-14T10:40:00,12.363978,-1.515384
NEW-DEV-X2,2026-02-14T10:40:00,12.358933,-1.520781
NEW-DEV-X3,2026-02-14T10:40:00,12.358713,-1.520614
LR-ASC-004,2026-02-14T10:40:30,12.359626,-1.520842
LR-DEV-001,2026-02-14T10:50:00,12.359003,-1.520902
NEW-DEV-X3,2026-02-14T10:50:00,12.358691,-1.520614
ST-DEV-001,2026-02-14T10:50:00,12.36399,-1.515406
NEW-DEV-X2,2026-02-14T10:50:00,12.35895,-1.520773
NEW-DEV-X1,2026-02-14T10:50:00,12.358961,-1.520569
NEW-DEV-X2,2026-02-14T11:00:00,12.358946,-1.52077
NEW-DEV-X3,2026-02-14T11:00:00,12.358688,-1.520618
LR-DEV-001,2026-02-14T11:00:00,12.359016,-1.520896
NEW-DEV-X1,2026-02-14T11:00:00,12.35898,-1.520567
ST-DEV-001,2026-02-14T11:00:00,12.364034,-1.515365
LR-ASC-004,2026-02-14T11:00:00,12.35903,-1.520731
LR-ASC-004,2026-02-14T11:00:30,12.360485,-1.521311
NEW-DEV-X2,2026-02-14T11:10:00,12.358941,-1.520776
NEW-DEV-X1,2026-02-14T11:10:00,12.358977,-1.520587
LR-DEV-001,2026-02-14T11:10:00,12.358991,-1.520898
NEW-DEV-X3,2026-02-14T11:10:00,12.358689,-1.520623
ST-DEV-001,2026-02-14T11:10:00,12.363992,-1.515417
LR-DEV-001,2026-02-14T11:20:00,12.359007,-1.520905
ST-DEV-001,2026-02-14T11:20:00,12.363977,-1.515381
NEW-DEV-X2,2026-02-14T11:20:00,12.358914,-1.520782
LR-ASC-004,2026-02-14T11:20:00,12.360297,-1.521919
NEW-DEV-X1,2026-02-14T11:20:00,12.358984,-1.520583
NEW-DEV-X3,2026-02-14T11:20:00,12.358687,-1.520593
LR-ASC-004,2026-02-14T11:20:30,12.362138,-1.522277
LR-DEV-001,2026-02-14T11:30:00,12.35901,-1.520897
NEW-DEV-X1,2026-02-14T11:30:00,12.358974,-1.520583
NEW-DEV-X3,2026-02-14T11:30:00,12.358701,-1.520603
ST-DEV-001,2026-02-14T11:30:00,12.363994,-1.51541
NEW-DEV-X2,2026-02-14T11:30:00,12.358951,-1.520782
LR-DEV-001,2026-02-14T11:40:00,12.358979,-1.520897
NEW-DEV-X2,2026-02-14T11:40:00,12.35894,-1.520787
NEW-DEV-X3,2026-02-14T11:40:00,12.358705,-1.520594
ST-DEV-001,2026-02-14T11:40:00,12.363978,-1.515421
LR-ASC-004,2026-02-14T11:40:00,12.362895,-1.52251
NEW-DEV-X1,2026-02-14T11:40:00,12.358945,-1.520569
LR-ASC-004,2026-02-14T11:45:00,12.362898,-1.52249
ST-DEV-001,2026-02-14T11:50:00,12.364009,-1.515436
NEW-DEV-X2,2026-02-14T11:50:00,12.358953,-1.520773
NEW-DEV-X1,2026-02-14T11:50:00,12.358976,-1.52058
LR-DEV-001,2026-02-14T11:50:00,12.358996,-1.520895
LR-ASC-004,2026-02-14T11:50:00,12.362269,-1.522382
NEW-DEV-X3,2026-02-14T11:50:00,12.358678,-1.520622
LR-ASC-004,2026-02-14T11:50:30,12.360518,-1.52196
NEW-DEV-X1,2026-02-14T12:00:00,12.358971,-1.520582
NEW-DEV-X3,2026-02-14T12:00:00,12.358687,-1.520615
NEW-DEV-X2,2026-02-14T12:00:00,12.358951,-1.520794
NEW-DEV-X2,2026-02-14T12:10:00,12.358943,-1.520781
LR-ASC-004,2026-02-14T12:10:00,12.360297,-1.521919
NEW-DEV-X1,2026-02-14T12:10:00,12.358967,-1.520577
NEW-DEV-X3,2026-02-14T12:10:00,12.358691,-1.520615
LR-ASC-004,2026-02-14T12:10:30,12.359626,-1.520842
NEW-DEV-X3,2026-02-14T12:20:00,12.358696,-1.520611
NEW-DEV-X1,2026-02-14T12:20:00,12.35896,-1.520581
NEW-DEV-X2,2026-02-14T12:20:00,12.358941,-1.520784
NEW-DEV-X1,2026-02-14T12:30:00,12.358977,-1.520585
NEW-DEV-X2,2026-02-14T12:30:00,12.358941,-1.52077
NEW-DEV-X3,2026-02-14T12:30:00,12.358687,-1.520631
civ-eb961fb2-fc9b-493a-b186-f94d7d40522d,2026-02-14T12:39:21,12.362877,-1.522437
NEW-DEV-X1,2026-02-14T12:40:00,12.358975,-1.520592
NEW-DEV-X2,2026-02-14T12:40:00,12.358927,-1.520762
NEW-DEV-X3,2026-02-14T12:40:00,12.358685,-1.520616
civ-19d8cd88-9b8a-452a-a525-d1043b3c1526,2026-02-14T12:40:07,12.363939,-1.515431
civ-560e35c7-b256-4f74-b9d8-7519c1756d49,2026-02-14T12:45:52,12.36282,-1.522635
NEW-DEV-X1,2026-02-14T12:50:00,12.358963,-1.520581
NEW-DEV-X2,2026-02-14T12:50:00,12.358948,-1.520778
NEW-DEV-X3,2026-02-14T12:50:00,12.358692,-1.520621
civ-a5d5f0ac-097b-48e0-991d-f1066f980ce7,2026-02-14T12:50:05,12.362951,-1.522561
civ-82cfb0ab-487f-47c9-aee5-fdde8e8a17f6,2026-02-14T12:54:33,12.362841,-1.522476
civ-fb779864-9bc9-4670-9e47-b8ea339c3672,2026-02-14T12:55:22,12.362743,-1.522504
civ-d914300c-71f1-433a-9c13-50294a4699cb,2026-02-14T12:55:34,12.363958,-1.515509
civ-a5d5f0ac-097b-48e0-991d-f1066f980ce7,2026-02-14T12:56:05,12.362913,-1.522518
civ-bb1a3b8d-6013-4514-b1e6-efb6fe8b0a59,2026-02-14T12:57:20,12.362985,-1.522424
civ-d8b7daca-ee30-436f-8068-55f18110860d,2026-02-14T12:57:24,12.36293,-1.522645
civ-62bbac52-ba2e-4404-97d7-2d93b963ebf3,2026-02-14T12:57:35,12.363955,-1.515513
civ-d914300c-71f1-433a-9c13-50294a4699cb,2026-02-14T12:58:08,12.362997,-1.522428
civ-9ab99406-c557-4ff3-9546-d37339008bda,2026-02-14T12:58:42,12.363972,-1.515341
civ-19d8cd88-9b8a-452a-a525-d1043b3c1526,2026-02-14T12:59:16,12.364138,-1.51534
civ-cece9c82-aff1-4a7b-a95f-8fede9573ccc,2026-02-14T12:59:18,12.363925,-1.515341
civ-52e12e63-9cf1-450f-b811-723dd006ab95,2026-02-14T12:59:37,12.362938,-1.522672
civ-e20dc56d-a415-4159-b4a5-869333b3e011,2026-02-14T12:59:40,12.363012,-1.522487
NEW-DEV-X1,2026-02-14T13:00:00,12.358978,-1.5206
NEW-DEV-X3,2026-02-14T13:00:00,12.35869,-1.520621
ST-ASC-004,2026-02-14T13:00:00,12.362887,-1.522495
NEW-DEV-X2,2026-02-14T13:00:00,12.358952,-1.520791
civ-eb961fb2-fc9b-493a-b186-f94d7d40522d,2026-02-14T13:00:24,12.362898,-1.522537
civ-e20dc56d-a415-4159-b4a5-869333b3e011,2026-02-14T13:00:42,12.364045,-1.515301
civ-22b80c92-07d6-4eb0-a931-465d2de665e3,2026-02-14T13:00:56,12.363994,-1.515359
civ-cee79db9-2e6e-4786-bea4-267e53b2f310,2026-02-14T13:01:07,12.36404,-1.515322
civ-c49fd41d-7955-4cb5-b6a7-786718622610,2026-02-14T13:01:34,12.363977,-1.515392
civ-a5d5f0ac-097b-48e0-991d-f1066f980ce7,2026-02-14T13:02:43,12.363947,-1.515397
civ-1728b5a6-c412-442d-b081-e8a8b42b5e38,2026-02-14T13:02:52,12.363983,-1.515431
civ-cc100b8b-4558-4c64-aa34-d02bf900f083,2026-02-14T13:02:57,12.363958,-1.515462
civ-eb961fb2-fc9b-493a-b186-f94d7d40522d,2026-02-14T13:03:02,12.363917,-1.515427
civ-1728b5a6-c412-442d-b081-e8a8b42b5e38,2026-02-14T13:03:11,12.362991,-1.522504
civ-abb599b3-970c-4aed-a7cd-a2f03dd05458,2026-02-14T13:03:13,12.362854,-1.522646
civ-4e6f6a58-041a-446a-b97e-2eac0f9997d3,2026-02-14T13:03:51,12.363997,-1.515415
civ-e8dc8ba3-bb2c-48c0-a27f-1f0939012fb5,2026-02-14T13:03:51,12.364089,-1.51543
civ-068f17d0-0065-405c-bdd7-f715203c8e19,2026-02-14T13:03:59,12.363869,-1.515474
civ-9882446e-69c8-4759-964a-00f38ec7e4eb,2026-02-14T13:04:04,12.36392,-1.515521
civ-e8dc8ba3-bb2c-48c0-a27f-1f0939012fb5,2026-02-14T13:04:11,12.363978,-1.515343
civ-cfaec9ab-5ac9-4b7c-a1c3-b15e20dcb410,2026-02-14T13:04:23,12.36292,-1.522434
civ-8481ec28-d882-446a-b3db-32ba460d4b17,2026-02-14T13:04:58,12.363957,-1.515376
ST-ASC-004,2026-02-14T13:05:00,12.362893,-1.5225
civ-3e6a8a9e-f47d-46e1-8940-4918058ed49b,2026-02-14T13:05:40,12.364061,-1.515345
civ-db07abea-ca3d-4b89-b8e6-498a67d93f8b,2026-02-14T13:06:58,12.362988,-1.522552
civ-52216a52-4637-4288-9689-1b401180ecf7,2026-02-14T13:07:46,12.362899,-1.522353
civ-eb961fb2-fc9b-493a-b186-f94d7d40522d,2026-02-14T13:08:50,12.363758,-1.515443
civ-3e6a8a9e-f47d-46e1-8940-4918058ed49b,2026-02-14T13:09:58,12.362934,-1.522502
NEW-DEV-X2,2026-02-14T13:10:00,12.358938,-1.520779
ST-ASC-004,2026-02-14T13:10:00,12.3629,-1.522505
NEW-DEV-X1,2026-02-14T13:10:00,12.358977,-1.520588
NEW-DEV-X3,2026-02-14T13:10:00,12.358693,-1.520621
civ-5f953348-9eea-4e6f-adfb-b33b5a94eae7,2026-02-14T13:10:19,12.362873,-1.522535
civ-9625ea0f-0516-485b-9a2c-c109b8dc9eeb,2026-02-14T13:11:03,12.363967,-1.515297
civ-3e6a8a9e-f47d-46e1-8940-4918058ed49b,2026-02-14T13:11:10,12.362767,-1.522632
civ-cfaec9ab-5ac9-4b7c-a1c3-b15e20dcb410,2026-02-14T13:11:24,12.364016,-1.515507
civ-88351541-c041-41e4-903d-ddffd8fff7d9,2026-02-14T13:12:11,12.364125,-1.51544
civ-58babd9c-f204-49ee-985a-f994c95fa4bd,2026-02-14T13:12:11,12.362855,-1.522413
civ-c9a81ee6-40fb-4df7-9494-366e6f87591d,2026-02-14T13:12:51,12.362912,-1.522582
civ-fb779864-9bc9-4670-9e47-b8ea339c3672,2026-02-14T13:13:07,12.363969,-1.515188
ST-ASC-004,2026-02-14T13:15:00,12.362891,-1.522503
civ-dbb2498a-52c9-4500-8a72-a1de35cc0a87,2026-02-14T13:15:52,12.363998,-1.515476
civ-69fb9cc1-ef25-4bcf-92ba-fd2160d52f85,2026-02-14T13:17:41,12.363879,-1.515364
ST-ASC-004,2026-02-14T13:20:00,12.362915,-1.522512
NEW-DEV-X1,2026-02-14T13:20:00,12.35897,-1.520595
NEW-DEV-X3,2026-02-14T13:20:00,12.358686,-1.520623
NEW-DEV-X2,2026-02-14T13:20:00,12.358956,-1.520778
ST-ASC-004,2026-02-14T13:25:00,12.362915,-1.522502
civ-bb1a3b8d-6013-4514-b1e6-efb6fe8b0a59,2026-02-14T13:25:34,12.362993,-1.522491
NEW-DEV-X2,2026-02-14T13:30:00,12.358948,-1.520783
NEW-DEV-X1,2026-02-14T13:30:00,12.358964,-1.520574
NEW-DEV-X3,2026-02-14T13:30:00,12.358693,-1.520619
ST-ASC-003,2026-02-14T13:30:00,12.359413,-1.51634
LR-DEV-001,2026-02-14T13:30:00,12.35903,-1.520731
LR-DEV-001,2026-02-14T13:30:30,12.3606,-1.520219
ST-ASC-003,2026-02-14T13:30:30,12.361402,-1.515987
LR-DEV-001,2026-02-14T13:31:00,12.361061,-1.518057
LR-DEV-001,2026-02-14T13:31:30,12.361438,-1.515808
NEW-DEV-X2,2026-02-14T13:40:00,12.358948,-1.520763
NEW-DEV-X1,2026-02-14T13:40:00,12.358972,-1.520586
NEW-DEV-X3,2026-02-14T13:40:00,12.358702,-1.520607
NEW-DEV-X1,2026-02-14T13:50:00,12.358971,-1.520579
NEW-DEV-X3,2026-02-14T13:50:00,12.358693,-1.520618
NEW-DEV-X2,2026-02-14T13:50:00,12.358953,-1.520779
NEW-DEV-X2,2026-02-14T14:00:00,12.35895,-1.520773
NEW-DEV-X3,2026-02-14T14:00:00,12.358697,-1.520605
ST-ASC-003,2026-02-14T14:00:00,12.362512,-1.513097
LR-DEV-001,2026-02-14T14:00:00,12.362508,-1.513098
NEW-DEV-X1,2026-02-14T14:00:00,12.358976,-1.520584
NEW-DEV-X2,2026-02-14T14:10:00,12.358949,-1.520768
NEW-DEV-X3,2026-02-14T14:10:00,12.358695,-1.520597
NEW-DEV-X1,2026-02-14T14:10:00,12.358982,-1.520574
ST-ASC-003,2026-02-14T14:10:00,12.362506,-1.513095
LR-DEV-001,2026-02-14T14:10:00,12.362515,-1.513102
NEW-DEV-X1,2026-02-14T14:20:00,12.358976,-1.520583
ST-ASC-003,2026-02-14T14:20:00,12.362513,-1.513118
LR-DEV-001,2026-02-14T14:20:00,12.362506,-1.513093
NEW-DEV-X3,2026-02-14T14:20:00,12.358698,-1.520603
NEW-DEV-X2,2026-02-14T14:20:00,12.358954,-1.520779
NEW-DEV-X3,2026-02-14T14:30:00,12.358695,-1.520605
NEW-DEV-X2,2026-02-14T14:30:00,12.35895,-1.520781
NEW-DEV-X1,2026-02-14T14:30:00,12.358978,-1.52058
ST-ASC-003,2026-02-14T14:30:00,12.362506,-1.513091
LR-DEV-001,2026-02-14T14:30:00,12.362499,-1.513093
ST-ASC-003,2026-02-14T14:40:00,12.362488,-1.513108
LR-DEV-001,2026-02-14T14:40:00,12.362495,-1.513104
NEW-DEV-X1,2026-02-14T14:40:00,12.358982,-1.520575
NEW-DEV-X2,2026-02-14T14:40:00,12.358936,-1.52078
NEW-DEV-X3,2026-02-14T14:40:00,12.358687,-1.520615
NEW-DEV-X3,2026-02-14T14:50:00,12.358697,-1.520608
ST-ASC-003,2026-02-14T14:50:00,12.362492,-1.513107
NEW-DEV-X1,2026-02-14T14:50:00,12.358963,-1.520593
NEW-DEV-X2,2026-02-14T14:50:00,12.358943,-1.520793
LR-DEV-001,2026-02-14T14:50:00,12.362488,-1.513098
NEW-DEV-X3,2026-02-14T15:00:00,12.358699,-1.520601
NEW-DEV-X2,2026-02-14T15:00:00,12.358952,-1.520803
ST-ASC-003,2026-02-14T15:00:00,12.362496,-1.513098
LR-DEV-001,2026-02-14T15:00:00,12.362503,-1.513089
NEW-DEV-X1,2026-02-14T15:00:00,12.358966,-1.520574
NEW-DEV-X3,2026-02-14T15:10:00,12.358681,-1.52062
NEW-DEV-X2,2026-02-14T15:10:00,12.358968,-1.520764
LR-DEV-001,2026-02-14T15:10:00,12.362507,-1.513103
ST-ASC-003,2026-02-14T15:10:00,12.362508,-1.51309
NEW-DEV-X1,2026-02-14T15:10:00,12.358958,-1.520579
NEW-DEV-X2,2026-02-14T15:20:00,12.358942,-1.520778
ST-ASC-003,2026-02-14T15:20:00,12.362492,-1.513108
LR-DEV-001,2026-02-14T15:20:00,12.362489,-1.513096
NEW-DEV-X3,2026-02-14T15:20:00,12.358696,-1.520618
NEW-DEV-X1,2026-02-14T15:20:00,12.358975,-1.520573
NEW-DEV-X1,2026-02-14T15:30:00,12.358974,-1.520595
NEW-DEV-X2,2026-02-14T15:30:00,12.358947,-1.520783
LR-DEV-001,2026-02-14T15:30:00,12.36251,-1.513093
NEW-DEV-X3,2026-02-14T15:30:00,12.358724,-1.520606
LR-DEV-001,2026-02-14T15:40:00,12.36251,-1.513102
NEW-DEV-X2,2026-02-14T15:40:00,12.358946,-1.520779
NEW-DEV-X3,2026-02-14T15:40:00,12.358693,-1.520616
NEW-DEV-X1,2026-02-14T15:40:00,12.358963,-1.520594
NEW-DEV-X2,2026-02-14T15:50:00,12.358943,-1.520776
LR-DEV-001,2026-02-14T15:50:00,12.362496,-1.513107
NEW-DEV-X1,2026-02-14T15:50:00,12.358967,-1.520585
NEW-DEV-X3,2026-02-14T15:50:00,12.35869,-1.520611
LR-DEV-001,2026-02-14T16:00:00,12.362499,-1.513101
NEW-DEV-X3,2026-02-14T16:00:00,12.358695,-1.520615
NEW-DEV-X1,2026-02-14T16:00:00,12.358962,-1.52057
LR-DEV-001,2026-02-14T16:10:00,12.362502,-1.513101
NEW-DEV-X3,2026-02-14T16:10:00,12.358692,-1.520599
NEW-DEV-X1,2026-02-14T16:10:00,12.35896,-1.520571
LR-DEV-001,2026-02-14T16:20:00,12.362499,-1.513107
NEW-DEV-X1,2026-02-14T16:20:00,12.358983,-1.520575
NEW-DEV-X3,2026-02-14T16:20:00,12.358706,-1.520609
NEW-DEV-X3,2026-02-14T16:30:00,12.358682,-1.520606
NEW-DEV-X1,2026-02-14T16:30:00,12.358966,-1.52058
LR-DEV-001,2026-02-14T16:30:00,12.362508,-1.513099
NEW-DEV-X1,2026-02-14T16:40:00,12.358961,-1.520575
NEW-DEV-X3,2026-02-14T16:40:00,12.358708,-1.520599
LR-DEV-001,2026-02-14T16:40:00,12.362498,-1.513107
LR-DEV-001,2026-02-14T16:50:00,12.362488,-1.513088
NEW-DEV-X1,2026-02-14T16:50:00,12.358971,-1.520587
NEW-DEV-X3,2026-02-14T16:50:00,12.358701,-1.520598
NEW-DEV-X3,2026-02-14T17:00:00,12.358694,-1.520605
ST-DEV-001,2026-02-14T17:00:00,12.363601,-1.515311
LR-DEV-001,2026-02-14T17:00:00,12.362505,-1.513115
ST-DEV-001,2026-02-14T17:00:30,12.363146,-1.517565
ST-DEV-001,2026-02-14T17:01:00,12.361374,-1.517809
ST-DEV-001,2026-02-14T17:01:30,12.359229,-1.517357
NEW-DEV-X3,2026-02-14T17:10:00,12.358688,-1.520608
LR-DEV-001,2026-02-14T17:10:00,12.362507,-1.513092
LR-DEV-001,2026-02-14T17:20:00,12.362501,-1.513086
NEW-DEV-X3,2026-02-14T17:20:00,12.358706,-1.520616
LR-DEV-001,2026-02-14T17:30:00,12.362502,-1.513113
NEW-DEV-X3,2026-02-14T17:30:00,12.358686,-1.52061
LR-DEV-001,2026-02-14T17:40:00,12.362503,-1.513098
NEW-DEV-X3,2026-02-14T17:40:00,12.358692,-1.520605
LR-DEV-001,2026-02-14T17:50:00,12.362495,-1.513095
NEW-DEV-X3,2026-02-14T17:50:00,12.35869,-1.520596
LR-DEV-001,2026-02-14T18:00:00,12.361831,-1.514451
LR-DEV-001,2026-02-14T18:00:30,12.361354,-1.516534
LR-DEV-001,2026-02-14T18:01:00,12.360976,-1.518793
LR-DEV-001,2026-02-14T18:01:30,12.360586,-1.520956
