mid,dtg,y,x
logB-c23e4c99-d72b-4789-9397-006a7d765d4c,2026-02-01T05:00:00,12.364466,-1.521212
logB-c23e4c99-d72b-4789-9397-006a7d765d4c,2026-02-01T05:00:30,12.364527,-1.520872
logB-c23e4c99-d72b-4789-9397-006a7d765d4c,2026-02-01T05:01:00,12.364588,-1.520533
logB-c23e4c99-d72b-4789-9397-006a7d765d4c,2026-02-01T05:01:30,12.364651,-1.520194
logB-c23e4c99-d72b-4789-9397-006a7d765d4c,2026-02-01T05:02:00,12.364714,-1.519855
logB-c23e4c99-d72b-4789-9397-006a7d765d4c,2026-02-01T05:02:30,12.364775,-1.519515
logB-c23e4c99-d72b-4789-9397-006a7d765d4c,2026-02-01T05:03:00,12.364843,-1.519177
logB-c23e4c99-d72b-4789-9397-006a7d765d4c,2026-02-01T05:03:30,12.36491,-1.518838
logB-c23e4c99-d72b-4789-9397-006a7d765d4c,2026-02-01T05:04:00,12.364974,-1.518499
logB-c23e4c99-d72b-4789-9397-006a7d765d4c,2026-02-01T05:04:30,12.364673,-1.518418
logB-c23e4c99-d72b-4789-9397-006a7d765d4c,2026-02-01T05:05:00,12.364341,-1.518355
logB-c23e4c99-d72b-4789-9397-006a7d765d4c,2026-02-01T05:05:30,12.364009,-1.518294
logB-c23e4c99-d72b-4789-9397-006a7d765d4c,2026-02-01T05:06:00,12.363677,-1.518233
logB-c23e4c99-d72b-4789-9397-006a7d765d4c,2026-02-01T05:06:30,12.363345,-1.518172
logB-c23e4c99-d72b-4789-9397-006a7d765d4c,2026-02-01T05:07:00,12.363013,-1.518111
logB-c23e4c99-d72b-4789-9397-006a7d765d4c,2026-02-01T05:07:30,12.362682,-1.518049
logB-c23e4c99-d72b-4789-9397-006a7d765d4c,2026-02-01T05:08:00,12.36235,-1.517985
logB-c23e4c99-d72b-4789-9397-006a7d765d4c,2026-02-01T05:08:30,12.362019,-1.517922
logB-c23e4c99-d72b-4789-9397-006a7d765d4c,2026-02-01T05:09:00,12.361686,-1.517864
logB-c23e4c99-d72b-4789-9397-006a7d765d4c,2026-02-01T05:09:30,12.361354,-1.517805
logB-c23e4c99-d72b-4789-9397-006a7d765d4c,2026-02-01T05:10:00,12.361134,-1.517667
logB-c23e4c99-d72b-4789-9397-006a7d765d4c,2026-02-01T05:10:30,12.361198,-1.517328
logB-c23e4c99-d72b-4789-9397-006a7d765d4c,2026-02-01T05:11:00,12.361263,-1.516989
logB-c23e4c99-d72b-4789-9397-006a7d765d4c,2026-02-01T05:11:30,12.361331,-1.516651
logB-c23e4c99-d72b-4789-9397-006a7d765d4c,2026-02-01T05:12:00,12.361398,-1.516312
logB-c23e4c99-d72b-4789-9397-006a7d765d4c,2026-02-01T05:12:30,12.361403,-1.515982
logB-c23e4c99-d72b-4789-9397-006a7d765d4c,2026-02-01T05:13:00,12.36147,-1.515644
logB-c23e4c99-d72b-4789-9397-006a7d765d4c,2026-02-01T05:13:30,12.361536,-1.515305
logB-c23e4c99-d72b-4789-9397-006a7d765d4c,2026-02-01T05:14:00,12.36147,-1.515001
logB-c23e4c99-d72b-4789-9397-006a7d765d4c,2026-02-01T05:14:30,12.361625,-1.514735
logB-c23e4c99-d72b-4789-9397-006a7d765d4c,2026-02-01T05:15:00,12.361721,-1.51443
leaderA-dc3bb5ee-282c-411f-96da-eebb88b52ea0,2026-02-01T05:30:00,12.359704,-1.516401
securityA-43c3c6c2-08da-4277-b10b-2565d4ab391b,2026-02-01T05:30:00,12.359704,-1.516401
leaderA-dc3bb5ee-282c-411f-96da-eebb88b52ea0,2026-02-01T05:33:00,12.359706,-1.516386
securityA-43c3c6c2-08da-4277-b10b-2565d4ab391b,2026-02-01T05:33:00,12.359706,-1.516386
leaderA-dc3bb5ee-282c-411f-96da-eebb88b52ea0,2026-02-01T05:36:00,12.359698,-1.516402
securityA-43c3c6c2-08da-4277-b10b-2565d4ab391b,2026-02-01T05:36:00,12.359698,-1.516402
leaderA-dc3bb5ee-282c-411f-96da-eebb88b52ea0,2026-02-01T05:39:00,12.359714,-1.516393
securityA-43c3c6c2-08da-4277-b10b-2565d4ab391b,2026-02-01T05:39:00,12.359714,-1.516393
leaderA-dc3bb5ee-282c-411f-96da-eebb88b52ea0,2026-02-01T05:42:00,12.359696,-1.516395
securityA-43c3c6c2-08da-4277-b10b-2565d4ab391b,2026-02-01T05:42:00,12.359696,-1.516395
courierA-5459d08e-e00c-4174-9a21-c4b90ef20a87,2026-02-01T06:00:00,12.359413,-1.51634
courierA-5459d08e-e00c-4174-9a21-c4b90ef20a87,2026-02-01T06:00:30,12.359483,-1.516002
courierA-5459d08e-e00c-4174-9a21-c4b90ef20a87,2026-02-01T06:01:00,12.359666,-1.515843
courierA-5459d08e-e00c-4174-9a21-c4b90ef20a87,2026-02-01T06:01:30,12.359996,-1.515914
courierA-5459d08e-e00c-4174-9a21-c4b90ef20a87,2026-02-01T06:02:00,12.360326,-1.515986
courierA-5459d08e-e00c-4174-9a21-c4b90ef20a87,2026-02-01T06:02:30,12.360656,-1.516057
courierA-5459d08e-e00c-4174-9a21-c4b90ef20a87,2026-02-01T06:03:00,12.360986,-1.516128
courierA-5459d08e-e00c-4174-9a21-c4b90ef20a87,2026-02-01T06:03:30,12.361316,-1.516199
courierA-5459d08e-e00c-4174-9a21-c4b90ef20a87,2026-02-01T06:04:00,12.361417,-1.515912
courierA-5459d08e-e00c-4174-9a21-c4b90ef20a87,2026-02-01T06:04:30,12.361484,-1.515573
courierA-5459d08e-e00c-4174-9a21-c4b90ef20a87,2026-02-01T06:05:00,12.361549,-1.515235
courierA-5459d08e-e00c-4174-9a21-c4b90ef20a87,2026-02-01T06:05:30,12.361465,-1.51493
courierA-5459d08e-e00c-4174-9a21-c4b90ef20a87,2026-02-01T06:06:00,12.361664,-1.514691
courierA-5459d08e-e00c-4174-9a21-c4b90ef20a87,2026-02-01T06:06:30,12.36179,-1.514443
facA-1420f464-9589-439d-bdab-a216790c256e,2026-02-01T06:30:00,12.362903,-1.522491
facA-1420f464-9589-439d-bdab-a216790c256e,2026-02-01T06:33:00,12.362896,-1.522502
facA-1420f464-9589-439d-bdab-a216790c256e,2026-02-01T06:36:00,12.36289,-1.522511
facA-1420f464-9589-439d-bdab-a216790c256e,2026-02-01T06:39:00,12.362907,-1.522488
securityA-43c3c6c2-08da-4277-b10b-2565d4ab391b,2026-02-01T06:54:00,12.359413,-1.51634
leaderA-dc3bb5ee-282c-411f-96da-eebb88b52ea0,2026-02-01T06:54:00,12.359413,-1.51634
leaderA-dc3bb5ee-282c-411f-96da-eebb88b52ea0,2026-02-01T06:54:30,12.359346,-1.516678
securityA-43c3c6c2-08da-4277-b10b-2565d4ab391b,2026-02-01T06:54:30,12.359346,-1.516678
securityA-43c3c6c2-08da-4277-b10b-2565d4ab391b,2026-02-01T06:55:00,12.359286,-1.517018
leaderA-dc3bb5ee-282c-411f-96da-eebb88b52ea0,2026-02-01T06:55:00,12.359286,-1.517018
leaderA-dc3bb5ee-282c-411f-96da-eebb88b52ea0,2026-02-01T06:55:30,12.359261,-1.517335
securityA-43c3c6c2-08da-4277-b10b-2565d4ab391b,2026-02-01T06:55:30,12.359261,-1.517335
securityA-43c3c6c2-08da-4277-b10b-2565d4ab391b,2026-02-01T06:56:00,12.359592,-1.517397
leaderA-dc3bb5ee-282c-411f-96da-eebb88b52ea0,2026-02-01T06:56:00,12.359592,-1.517397
securityA-43c3c6c2-08da-4277-b10b-2565d4ab391b,2026-02-01T06:56:30,12.359924,-1.517459
leaderA-dc3bb5ee-282c-411f-96da-eebb88b52ea0,2026-02-01T06:56:30,12.359924,-1.517459
securityA-43c3c6c2-08da-4277-b10b-2565d4ab391b,2026-02-01T06:57:00,12.360256,-1.517521
leaderA-dc3bb5ee-282c-411f-96da-eebb88b52ea0,2026-02-01T06:57:00,12.360256,-1.517521
securityA-43c3c6c2-08da-4277-b10b-2565d4ab391b,2026-02-01T06:57:30,12.360588,-1.517583
leaderA-dc3bb5ee-282c-411f-96da-eebb88b52ea0,2026-02-01T06:57:30,12.360588,-1.517583
leaderA-dc3bb5ee-282c-411f-96da-eebb88b52ea0,2026-02-01T06:58:00,12.360919,-1.517645
securityA-43c3c6c2-08da-4277-b10b-2565d4ab391b,2026-02-01T06:58:00,12.360919,-1.517645
securityA-43c3c6c2-08da-4277-b10b-2565d4ab391b,2026-02-01T06:58:30,12.361251,-1.517707
leaderA-dc3bb5ee-282c-411f-96da-eebb88b52ea0,2026-02-01T06:58:30,12.361251,-1.517707
securityA-43c3c6c2-08da-4277-b10b-2565d4ab391b,2026-02-01T06:59:00,12.361583,-1.517769
leaderA-dc3bb5ee-282c-411f-96da-eebb88b52ea0,2026-02-01T06:59:00,12.361583,-1.517769
securityA-43c3c6c2-08da-4277-b10b-2565d4ab391b,2026-02-01T06:59:30,12.361915,-1.51783
leaderA-dc3bb5ee-282c-411f-96da-eebb88b52ea0,2026-02-01T06:59:30,12.361915,-1.51783
civ-46c2639f-d749-4447-8a30-32cf44dfaff0,2026-02-01T07:00:00,12.362982,-1.522446
civ-f5b300b8-feae-473f-9d1f-68b24ef148e4,2026-02-01T07:00:00,12.363948,-1.515351
civ-d069d5e2-816f-4684-90b9-3c2ae115ad61,2026-02-01T07:00:00,12.363947,-1.515384
civ-4ad54e4b-ae69-4313-b223-679ecdee4668,2026-02-01T07:00:00,12.364003,-1.515447
civ-1b770f54-92bf-44eb-884f-f8d8c946c4a3,2026-02-01T07:00:00,12.364154,-1.515354
civ-f5426100-1495-4d5e-b8f4-2d51efca1508,2026-02-01T07:00:00,12.363854,-1.515387
civ-5714ec1d-eba0-4fdb-b708-bf8e4d7eb7aa,2026-02-01T07:00:00,12.362942,-1.522342
courierA-5459d08e-e00c-4174-9a21-c4b90ef20a87,2026-02-01T07:00:00,12.362496,-1.51309
leaderA-dc3bb5ee-282c-411f-96da-eebb88b52ea0,2026-02-01T07:00:00,12.362247,-1.517892
civ-1a4ae841-b1ae-47d9-bdbf-d028f7eb8c49,2026-02-01T07:00:00,12.363001,-1.522601
civ-7040c350-6694-4e89-a52c-d6bcb1315c0d,2026-02-01T07:00:00,12.362957,-1.522565
civ-52a297d4-2571-418b-881d-4d451c0e7028,2026-02-01T07:00:00,12.363977,-1.515345
civ-b769f0d3-82b5-4713-9248-1cde50884740,2026-02-01T07:00:00,12.362919,-1.522444
civ-1e9666d3-c8cf-46c1-9ba7-b3770e7f577a,2026-02-01T07:00:00,12.362844,-1.522523
civ-7fbf1e92-6ad6-450b-9aa3-8aa00ff9d421,2026-02-01T07:00:00,12.362959,-1.522589
civ-dde1f3ad-e1af-49e6-b4bb-41f7b049adeb,2026-02-01T07:00:00,12.362916,-1.522406
civ-c0ca9fcc-c439-4a71-9d7b-d7739a72955a,2026-02-01T07:00:00,12.362784,-1.522487
civ-04525eb1-0ef4-494c-81e5-3af82ae8c411,2026-02-01T07:00:00,12.362811,-1.522595
civ-c4f30a6b-4803-4f61-adb1-fe421f0462e5,2026-02-01T07:00:00,12.362938,-1.522479
civ-fb985cd3-748c-42a8-845d-20e89f97a1c3,2026-02-01T07:00:00,12.362918,-1.522475
civ-51aa7f9e-1f13-480b-9112-3c1f8029a408,2026-02-01T07:00:00,12.362851,-1.522483
civ-3f2529fa-5aa2-4fc7-9f3a-aca8198eef05,2026-02-01T07:00:00,12.362834,-1.522388
civ-8b0516c1-1283-4123-9f96-ba3b82a81935,2026-02-01T07:00:00,12.362921,-1.522551
civ-46804937-6344-4698-8d49-80d8bdb0f476,2026-02-01T07:00:00,12.364004,-1.515482
civ-a3ad5c29-d481-434e-8b8d-0a5f21d20bd2,2026-02-01T07:00:00,12.364026,-1.51536
civ-d6225ca4-a2cb-4a58-8000-feb84792db93,2026-02-01T07:00:00,12.364078,-1.515324
civ-42c72b79-2669-43d9-bb05-df24031ceb72,2026-02-01T07:00:00,12.363901,-1.515468
civ-876cd646-6b47-4994-8646-ad7e19ad5ba7,2026-02-01T07:00:00,12.364037,-1.515363
civ-4568c708-8127-4d0c-bea1-4c23b9cd1de9,2026-02-01T07:00:00,12.364037,-1.515123
civ-fbaa169b-235e-4f64-be87-138b31ddea60,2026-02-01T07:00:00,12.364041,-1.515318
civ-17f682db-1ed1-4850-8f66-0887e7fc7fe7,2026-02-01T07:00:00,12.364069,-1.515353
civ-13e5d959-31e3-499c-9a84-14c8e0e04441,2026-02-01T07:00:00,12.363034,-1.522466
civ-f5d2e6e6-ee1e-462c-a56d-be96652e6cc5,2026-02-01T07:00:00,12.362824,-1.522466
civ-2d058397-de32-448c-ac9e-2593bf33cf9f,2026-02-01T07:00:00,12.363944,-1.515417
civ-a6656fc7-d51b-459c-958e-27a0811d6e8a,2026-02-01T07:00:00,12.364005,-1.515478
civ-496e31c6-9321-4c76-8b93-b031c8ecd8e3,2026-02-01T07:00:00,12.362788,-1.522495
civ-3eab26b7-909e-4c9c-9eee-f07d55e855d9,2026-02-01T07:00:00,12.362907,-1.522536
civ-1765371f-d4cc-4d81-bb57-c68ed6e2f898,2026-02-01T07:00:00,12.364049,-1.515516
civ-effe7da7-ee5e-48eb-beb2-d67826da1129,2026-02-01T07:00:00,12.362829,-1.522541
securityA-43c3c6c2-08da-4277-b10b-2565d4ab391b,2026-02-01T07:00:00,12.362247,-1.517892
civ-52bf0a57-278e-4135-88ad-f82556a17a50,2026-02-01T07:00:00,12.363965,-1.515394
civ-40396170-2110-4ee4-9763-3f8dcce49c65,2026-02-01T07:00:00,12.364167,-1.515534
civ-ed0caffe-e43b-43e8-abee-5304ff29db6b,2026-02-01T07:00:00,12.363966,-1.515322
leaderA-dc3bb5ee-282c-411f-96da-eebb88b52ea0,2026-02-01T07:00:30,12.362578,-1.517955
securityA-43c3c6c2-08da-4277-b10b-2565d4ab391b,2026-02-01T07:00:30,12.362578,-1.517955
leaderA-dc3bb5ee-282c-411f-96da-eebb88b52ea0,2026-02-01T07:01:00,12.36291,-1.518018
securityA-43c3c6c2-08da-4277-b10b-2565d4ab391b,2026-02-01T07:01:00,12.36291,-1.518018
leaderA-dc3bb5ee-282c-411f-96da-eebb88b52ea0,2026-02-01T07:01:30,12.363093,-1.51786
securityA-43c3c6c2-08da-4277-b10b-2565d4ab391b,2026-02-01T07:01:30,12.363093,-1.51786
securityA-43c3c6c2-08da-4277-b10b-2565d4ab391b,2026-02-01T07:02:00,12.363154,-1.517521
leaderA-dc3bb5ee-282c-411f-96da-eebb88b52ea0,2026-02-01T07:02:00,12.363154,-1.517521
leaderA-dc3bb5ee-282c-411f-96da-eebb88b52ea0,2026-02-01T07:02:30,12.363213,-1.517181
securityA-43c3c6c2-08da-4277-b10b-2565d4ab391b,2026-02-01T07:02:30,12.363213,-1.517181
leaderA-dc3bb5ee-282c-411f-96da-eebb88b52ea0,2026-02-01T07:03:00,12.363281,-1.516843
courierA-5459d08e-e00c-4174-9a21-c4b90ef20a87,2026-02-01T07:03:00,12.362503,-1.513116
securityA-43c3c6c2-08da-4277-b10b-2565d4ab391b,2026-02-01T07:03:00,12.363281,-1.516843
securityA-43c3c6c2-08da-4277-b10b-2565d4ab391b,2026-02-01T07:03:30,12.363349,-1.516504
leaderA-dc3bb5ee-282c-411f-96da-eebb88b52ea0,2026-02-01T07:03:30,12.363349,-1.516504
securityA-43c3c6c2-08da-4277-b10b-2565d4ab391b,2026-02-01T07:04:00,12.363412,-1.516165
leaderA-dc3bb5ee-282c-411f-96da-eebb88b52ea0,2026-02-01T07:04:00,12.363412,-1.516165
leaderA-dc3bb5ee-282c-411f-96da-eebb88b52ea0,2026-02-01T07:04:30,12.363487,-1.515829
securityA-43c3c6c2-08da-4277-b10b-2565d4ab391b,2026-02-01T07:04:30,12.363487,-1.515829
leaderA-dc3bb5ee-282c-411f-96da-eebb88b52ea0,2026-02-01T07:05:00,12.363562,-1.515492
securityA-43c3c6c2-08da-4277-b10b-2565d4ab391b,2026-02-01T07:05:00,12.363562,-1.515492
courierA-5459d08e-e00c-4174-9a21-c4b90ef20a87,2026-02-01T07:06:00,12.362503,-1.513103
securityB-12f2e631-90a7-4ce7-87f7-c377db45e99c,2026-02-01T08:00:00,12.364466,-1.521212
leaderB-579ff0e7-77e4-4b16-9220-59c2c36ecc12,2026-02-01T08:00:00,12.364466,-1.521212
logB-c23e4c99-d72b-4789-9397-006a7d765d4c,2026-02-01T08:00:00,12.362496,-1.513113
securityB-12f2e631-90a7-4ce7-87f7-c377db45e99c,2026-02-01T08:00:30,12.364527,-1.520872
leaderB-579ff0e7-77e4-4b16-9220-59c2c36ecc12,2026-02-01T08:00:30,12.364527,-1.520872
securityB-12f2e631-90a7-4ce7-87f7-c377db45e99c,2026-02-01T08:01:00,12.364588,-1.520533
leaderB-579ff0e7-77e4-4b16-9220-59c2c36ecc12,2026-02-01T08:01:00,12.364588,-1.520533
leaderB-579ff0e7-77e4-4b16-9220-59c2c36ecc12,2026-02-01T08:01:30,12.364651,-1.520194
securityB-12f2e631-90a7-4ce7-87f7-c377db45e99c,2026-02-01T08:01:30,12.364651,-1.520194
leaderB-579ff0e7-77e4-4b16-9220-59c2c36ecc12,2026-02-01T08:02:00,12.364714,-1.519855
securityB-12f2e631-90a7-4ce7-87f7-c377db45e99c,2026-02-01T08:02:00,12.364714,-1.519855
leaderB-579ff0e7-77e4-4b16-9220-59c2c36ecc12,2026-02-01T08:02:30,12.364775,-1.519515
securityB-12f2e631-90a7-4ce7-87f7-c377db45e99c,2026-02-01T08:02:30,12.364775,-1.519515
logB-c23e4c99-d72b-4789-9397-006a7d765d4c,2026-02-01T08:03:00,12.362503,-1.513098
leaderB-579ff0e7-77e4-4b16-9220-59c2c36ecc12,2026-02-01T08:03:00,12.364843,-1.519177
securityB-12f2e631-90a7-4ce7-87f7-c377db45e99c,2026-02-01T08:03:00,12.364843,-1.519177
securityB-12f2e631-90a7-4ce7-87f7-c377db45e99c,2026-02-01T08:03:30,12.36491,-1.518838
leaderB-579ff0e7-77e4-4b16-9220-59c2c36ecc12,2026-02-01T08:03:30,12.36491,-1.518838
leaderB-579ff0e7-77e4-4b16-9220-59c2c36ecc12,2026-02-01T08:04:00,12.364974,-1.518499
securityB-12f2e631-90a7-4ce7-87f7-c377db45e99c,2026-02-01T08:04:00,12.364974,-1.518499
leaderB-579ff0e7-77e4-4b16-9220-59c2c36ecc12,2026-02-01T08:04:30,12.364673,-1.518418
securityB-12f2e631-90a7-4ce7-87f7-c377db45e99c,2026-02-01T08:04:30,12.364673,-1.518418
leaderB-579ff0e7-77e4-4b16-9220-59c2c36ecc12,2026-02-01T08:05:00,12.364341,-1.518355
securityB-12f2e631-90a7-4ce7-87f7-c377db45e99c,2026-02-01T08:05:00,12.364341,-1.518355
securityB-12f2e631-90a7-4ce7-87f7-c377db45e99c,2026-02-01T08:05:30,12.364009,-1.518294
leaderB-579ff0e7-77e4-4b16-9220-59c2c36ecc12,2026-02-01T08:05:30,12.364009,-1.518294
logB-c23e4c99-d72b-4789-9397-006a7d765d4c,2026-02-01T08:06:00,12.3625,-1.513102
securityB-12f2e631-90a7-4ce7-87f7-c377db45e99c,2026-02-01T08:06:00,12.363677,-1.518233
leaderB-579ff0e7-77e4-4b16-9220-59c2c36ecc12,2026-02-01T08:06:00,12.363677,-1.518233
leaderB-579ff0e7-77e4-4b16-9220-59c2c36ecc12,2026-02-01T08:06:30,12.363345,-1.518172
securityB-12f2e631-90a7-4ce7-87f7-c377db45e99c,2026-02-01T08:06:30,12.363345,-1.518172
securityB-12f2e631-90a7-4ce7-87f7-c377db45e99c,2026-02-01T08:07:00,12.363013,-1.518111
leaderB-579ff0e7-77e4-4b16-9220-59c2c36ecc12,2026-02-01T08:07:00,12.363013,-1.518111
securityB-12f2e631-90a7-4ce7-87f7-c377db45e99c,2026-02-01T08:07:30,12.362682,-1.518049
leaderB-579ff0e7-77e4-4b16-9220-59c2c36ecc12,2026-02-01T08:07:30,12.362682,-1.518049
leaderB-579ff0e7-77e4-4b16-9220-59c2c36ecc12,2026-02-01T08:08:00,12.36235,-1.517985
securityB-12f2e631-90a7-4ce7-87f7-c377db45e99c,2026-02-01T08:08:00,12.36235,-1.517985
leaderB-579ff0e7-77e4-4b16-9220-59c2c36ecc12,2026-02-01T08:08:30,12.362019,-1.517922
securityB-12f2e631-90a7-4ce7-87f7-c377db45e99c,2026-02-01T08:08:30,12.362019,-1.517922
leaderB-579ff0e7-77e4-4b16-9220-59c2c36ecc12,2026-02-01T08:09:00,12.361686,-1.517864
logB-c23e4c99-d72b-4789-9397-006a7d765d4c,2026-02-01T08:09:00,12.362487,-1.513104
securityB-12f2e631-90a7-4ce7-87f7-c377db45e99c,2026-02-01T08:09:00,12.361686,-1.517864
leaderB-579ff0e7-77e4-4b16-9220-59c2c36ecc12,2026-02-01T08:09:30,12.361354,-1.517805
securityB-12f2e631-90a7-4ce7-87f7-c377db45e99c,2026-02-01T08:09:30,12.361354,-1.517805
securityB-12f2e631-90a7-4ce7-87f7-c377db45e99c,2026-02-01T08:10:00,12.361134,-1.517667
leaderB-579ff0e7-77e4-4b16-9220-59c2c36ecc12,2026-02-01T08:10:00,12.361134,-1.517667
leaderB-579ff0e7-77e4-4b16-9220-59c2c36ecc12,2026-02-01T08:10:30,12.361198,-1.517328
securityB-12f2e631-90a7-4ce7-87f7-c377db45e99c,2026-02-01T08:10:30,12.361198,-1.517328
securityB-12f2e631-90a7-4ce7-87f7-c377db45e99c,2026-02-01T08:11:00,12.361263,-1.516989
leaderB-579ff0e7-77e4-4b16-9220-59c2c36ecc12,2026-02-01T08:11:00,12.361263,-1.516989
leaderB-579ff0e7-77e4-4b16-9220-59c2c36ecc12,2026-02-01T08:11:30,12.361331,-1.516651
securityB-12f2e631-90a7-4ce7-87f7-c377db45e99c,2026-02-01T08:11:30,12.361331,-1.516651
securityB-12f2e631-90a7-4ce7-87f7-c377db45e99c,2026-02-01T08:12:00,12.361398,-1.516312
logB-c23e4c99-d72b-4789-9397-006a7d765d4c,2026-02-01T08:12:00,12.362497,-1.513107
leaderB-579ff0e7-77e4-4b16-9220-59c2c36ecc12,2026-02-01T08:12:00,12.361398,-1.516312
leaderB-579ff0e7-77e4-4b16-9220-59c2c36ecc12,2026-02-01T08:12:30,12.361403,-1.515982
securityB-12f2e631-90a7-4ce7-87f7-c377db45e99c,2026-02-01T08:12:30,12.361403,-1.515982
securityB-12f2e631-90a7-4ce7-87f7-c377db45e99c,2026-02-01T08:13:00,12.36147,-1.515644
leaderB-579ff0e7-77e4-4b16-9220-59c2c36ecc12,2026-02-01T08:13:00,12.36147,-1.515644
securityB-12f2e631-90a7-4ce7-87f7-c377db45e99c,2026-02-01T08:13:30,12.361536,-1.515305
leaderB-579ff0e7-77e4-4b16-9220-59c2c36ecc12,2026-02-01T08:13:30,12.361536,-1.515305
securityB-12f2e631-90a7-4ce7-87f7-c377db45e99c,2026-02-01T08:14:00,12.36147,-1.515001
leaderB-579ff0e7-77e4-4b16-9220-59c2c36ecc12,2026-02-01T08:14:00,12.36147,-1.515001
securityB-12f2e631-90a7-4ce7-87f7-c377db45e99c,2026-02-01T08:14:30,12.361625,-1.514735
leaderB-579ff0e7-77e4-4b16-9220-59c2c36ecc12,2026-02-01T08:14:30,12.361625,-1.514735
leaderB-579ff0e7-77e4-4b16-9220-59c2c36ecc12,2026-02-01T08:15:00,12.361721,-1.51443
securityB-12f2e631-90a7-4ce7-87f7-c377db45e99c,2026-02-01T08:15:00,12.361721,-1.51443
propB-775f6ffc-da47-48c0-82b1-4fe100d5ee88,2026-02-01T09:00:00,12.358999,-1.520896
leaderB-579ff0e7-77e4-4b16-9220-59c2c36ecc12,2026-02-01T09:00:00,12.362476,-1.513093
securityB-12f2e631-90a7-4ce7-87f7-c377db45e99c,2026-02-01T09:00:00,12.362476,-1.513093
propB-775f6ffc-da47-48c0-82b1-4fe100d5ee88,2026-02-01T09:03:00,12.359017,-1.520898
securityB-12f2e631-90a7-4ce7-87f7-c377db45e99c,2026-02-01T09:03:00,12.362501,-1.513103
leaderB-579ff0e7-77e4-4b16-9220-59c2c36ecc12,2026-02-01T09:03:00,12.362501,-1.513103
propB-775f6ffc-da47-48c0-82b1-4fe100d5ee88,2026-02-01T09:06:00,12.359002,-1.520901
securityB-12f2e631-90a7-4ce7-87f7-c377db45e99c,2026-02-01T09:06:00,12.362501,-1.513118
leaderB-579ff0e7-77e4-4b16-9220-59c2c36ecc12,2026-02-01T09:06:00,12.362501,-1.513118
securityB-12f2e631-90a7-4ce7-87f7-c377db45e99c,2026-02-01T09:09:00,12.362498,-1.513097
leaderB-579ff0e7-77e4-4b16-9220-59c2c36ecc12,2026-02-01T09:09:00,12.362498,-1.513097
propB-775f6ffc-da47-48c0-82b1-4fe100d5ee88,2026-02-01T09:09:00,12.358983,-1.5209
leaderA-dc3bb5ee-282c-411f-96da-eebb88b52ea0,2026-02-01T09:30:00,12.363996,-1.515404
securityA-43c3c6c2-08da-4277-b10b-2565d4ab391b,2026-02-01T09:30:00,12.363996,-1.515404
securityA-43c3c6c2-08da-4277-b10b-2565d4ab391b,2026-02-01T09:45:00,12.364002,-1.515417
leaderA-dc3bb5ee-282c-411f-96da-eebb88b52ea0,2026-02-01T09:45:00,12.364002,-1.515417
leaderA-dc3bb5ee-282c-411f-96da-eebb88b52ea0,2026-02-01T10:00:00,12.363984,-1.515405
securityA-43c3c6c2-08da-4277-b10b-2565d4ab391b,2026-02-01T10:00:00,12.363984,-1.515405
securityA-43c3c6c2-08da-4277-b10b-2565d4ab391b,2026-02-01T10:15:00,12.363991,-1.515397
leaderA-dc3bb5ee-282c-411f-96da-eebb88b52ea0,2026-02-01T10:15:00,12.363991,-1.515397
securityA-43c3c6c2-08da-4277-b10b-2565d4ab391b,2026-02-01T10:30:00,12.363992,-1.515413
leaderA-dc3bb5ee-282c-411f-96da-eebb88b52ea0,2026-02-01T10:30:00,12.363992,-1.515413
leaderA-dc3bb5ee-282c-411f-96da-eebb88b52ea0,2026-02-01T10:45:00,12.364013,-1.515402
securityA-43c3c6c2-08da-4277-b10b-2565d4ab391b,2026-02-01T10:45:00,12.364013,-1.515402
leaderB-579ff0e7-77e4-4b16-9220-59c2c36ecc12,2026-02-01T11:00:00,12.361831,-1.514451
securityB-12f2e631-90a7-4ce7-87f7-c377db45e99c,2026-02-01T11:00:00,12.361831,-1.514451
securityB-12f2e631-90a7-4ce7-87f7-c377db45e99c,2026-02-01T11:00:30,12.361806,-1.514771
leaderB-579ff0e7-77e4-4b16-9220-59c2c36ecc12,2026-02-01T11:00:30,12.361806,-1.514771
securityB-12f2e631-90a7-4ce7-87f7-c377db45e99c,2026-02-01T11:01:00,12.361843,-1.515081
leaderB-579ff0e7-77e4-4b16-9220-59c2c36ecc12,2026-02-01T11:01:00,12.361843,-1.515081
leaderB-579ff0e7-77e4-4b16-9220-59c2c36ecc12,2026-02-01T11:01:30,12.361661,-1.515329
securityB-12f2e631-90a7-4ce7-87f7-c377db45e99c,2026-02-01T11:01:30,12.361661,-1.515329
securityB-12f2e631-90a7-4ce7-87f7-c377db45e99c,2026-02-01T11:02:00,12.36159,-1.515666
leaderB-579ff0e7-77e4-4b16-9220-59c2c36ecc12,2026-02-01T11:02:00,12.36159,-1.515666
leaderB-579ff0e7-77e4-4b16-9220-59c2c36ecc12,2026-02-01T11:02:30,12.361521,-1.516004
securityB-12f2e631-90a7-4ce7-87f7-c377db45e99c,2026-02-01T11:02:30,12.361521,-1.516004
securityB-12f2e631-90a7-4ce7-87f7-c377db45e99c,2026-02-01T11:03:00,12.361398,-1.516308
leaderB-579ff0e7-77e4-4b16-9220-59c2c36ecc12,2026-02-01T11:03:00,12.361398,-1.516308
securityB-12f2e631-90a7-4ce7-87f7-c377db45e99c,2026-02-01T11:03:30,12.361331,-1.516647
leaderB-579ff0e7-77e4-4b16-9220-59c2c36ecc12,2026-02-01T11:03:30,12.361331,-1.516647
securityB-12f2e631-90a7-4ce7-87f7-c377db45e99c,2026-02-01T11:04:00,12.361264,-1.516985
leaderB-579ff0e7-77e4-4b16-9220-59c2c36ecc12,2026-02-01T11:04:00,12.361264,-1.516985
securityB-12f2e631-90a7-4ce7-87f7-c377db45e99c,2026-02-01T11:04:30,12.361199,-1.517324
leaderB-579ff0e7-77e4-4b16-9220-59c2c36ecc12,2026-02-01T11:04:30,12.361199,-1.517324
leaderB-579ff0e7-77e4-4b16-9220-59c2c36ecc12,2026-02-01T11:05:00,12.361135,-1.517663
securityB-12f2e631-90a7-4ce7-87f7-c377db45e99c,2026-02-01T11:05:00,12.361135,-1.517663
leaderB-579ff0e7-77e4-4b16-9220-59c2c36ecc12,2026-02-01T11:05:30,12.361441,-1.517742
securityB-12f2e631-90a7-4ce7-87f7-c377db45e99c,2026-02-01T11:05:30,12.361441,-1.517742
leaderB-579ff0e7-77e4-4b16-9220-59c2c36ecc12,2026-02-01T11:06:00,12.361773,-1.517804
securityB-12f2e631-90a7-4ce7-87f7-c377db45e99c,2026-02-01T11:06:00,12.361773,-1.517804
leaderB-579ff0e7-77e4-4b16-9220-59c2c36ecc12,2026-02-01T11:06:30,12.362105,-1.517865
securityB-12f2e631-90a7-4ce7-87f7-c377db45e99c,2026-02-01T11:06:30,12.362105,-1.517865
leaderB-579ff0e7-77e4-4b16-9220-59c2c36ecc12,2026-02-01T11:07:00,12.362436,-1.517928
securityB-12f2e631-90a7-4ce7-87f7-c377db45e99c,2026-02-01T11:07:00,12.362436,-1.517928
securityB-12f2e631-90a7-4ce7-87f7-c377db45e99c,2026-02-01T11:07:30,12.362768,-1.517991
leaderB-579ff0e7-77e4-4b16-9220-59c2c36ecc12,2026-02-01T11:07:30,12.362768,-1.517991
securityB-12f2e631-90a7-4ce7-87f7-c377db45e99c,2026-02-01T11:08:00,12.3631,-1.518054
leaderB-579ff0e7-77e4-4b16-9220-59c2c36ecc12,2026-02-01T11:08:00,12.3631,-1.518054
securityB-12f2e631-90a7-4ce7-87f7-c377db45e99c,2026-02-01T11:08:30,12.363431,-1.518117
leaderB-579ff0e7-77e4-4b16-9220-59c2c36ecc12,2026-02-01T11:08:30,12.363431,-1.518117
securityB-12f2e631-90a7-4ce7-87f7-c377db45e99c,2026-02-01T11:09:00,12.363763,-1.51818
leaderB-579ff0e7-77e4-4b16-9220-59c2c36ecc12,2026-02-01T11:09:00,12.363763,-1.51818
leaderB-579ff0e7-77e4-4b16-9220-59c2c36ecc12,2026-02-01T11:09:30,12.364095,-1.518242
securityB-12f2e631-90a7-4ce7-87f7-c377db45e99c,2026-02-01T11:09:30,12.364095,-1.518242
leaderB-579ff0e7-77e4-4b16-9220-59c2c36ecc12,2026-02-01T11:10:00,12.364427,-1.518301
securityB-12f2e631-90a7-4ce7-87f7-c377db45e99c,2026-02-01T11:10:00,12.364427,-1.518301
securityB-12f2e631-90a7-4ce7-87f7-c377db45e99c,2026-02-01T11:10:30,12.364759,-1.518362
leaderB-579ff0e7-77e4-4b16-9220-59c2c36ecc12,2026-02-01T11:10:30,12.364759,-1.518362
securityB-12f2e631-90a7-4ce7-87f7-c377db45e99c,2026-02-01T11:11:00,12.364973,-1.518506
leaderB-579ff0e7-77e4-4b16-9220-59c2c36ecc12,2026-02-01T11:11:00,12.364973,-1.518506
leaderB-579ff0e7-77e4-4b16-9220-59c2c36ecc12,2026-02-01T11:11:30,12.364908,-1.518845
securityB-12f2e631-90a7-4ce7-87f7-c377db45e99c,2026-02-01T11:11:30,12.364908,-1.518845
securityB-12f2e631-90a7-4ce7-87f7-c377db45e99c,2026-02-01T11:12:00,12.364842,-1.519183
leaderB-579ff0e7-77e4-4b16-9220-59c2c36ecc12,2026-02-01T11:12:00,12.364842,-1.519183
leaderB-579ff0e7-77e4-4b16-9220-59c2c36ecc12,2026-02-01T11:12:30,12.364774,-1.519521
securityB-12f2e631-90a7-4ce7-87f7-c377db45e99c,2026-02-01T11:12:30,12.364774,-1.519521
leaderB-579ff0e7-77e4-4b16-9220-59c2c36ecc12,2026-02-01T11:13:00,12.364713,-1.519861
securityB-12f2e631-90a7-4ce7-87f7-c377db45e99c,2026-02-01T11:13:00,12.364713,-1.519861
leaderB-579ff0e7-77e4-4b16-9220-59c2c36ecc12,2026-02-01T11:13:30,12.36465,-1.5202
securityB-12f2e631-90a7-4ce7-87f7-c377db45e99c,2026-02-01T11:13:30,12.36465,-1.5202
securityB-12f2e631-90a7-4ce7-87f7-c377db45e99c,2026-02-01T11:14:00,12.364587,-1.520539
leaderB-579ff0e7-77e4-4b16-9220-59c2c36ecc12,2026-02-01T11:14:00,12.364587,-1.520539
securityB-12f2e631-90a7-4ce7-87f7-c377db45e99c,2026-02-01T11:14:30,12.364526,-1.520879
leaderB-579ff0e7-77e4-4b16-9220-59c2c36ecc12,2026-02-01T11:14:30,12.364526,-1.520879
securityB-12f2e631-90a7-4ce7-87f7-c377db45e99c,2026-02-01T14:00:00,12.359013,-1.520905
leaderB-579ff0e7-77e4-4b16-9220-59c2c36ecc12,2026-02-01T14:00:00,12.359013,-1.520905
securityA-43c3c6c2-08da-4277-b10b-2565d4ab391b,2026-02-01T14:00:00,12.363601,-1.515311
leaderA-dc3bb5ee-282c-411f-96da-eebb88b52ea0,2026-02-01T14:00:00,12.363601,-1.515311
courierA-5459d08e-e00c-4174-9a21-c4b90ef20a87,2026-02-01T14:00:00,12.359413,-1.51634
propB-775f6ffc-da47-48c0-82b1-4fe100d5ee88,2026-02-01T14:00:00,12.362901,-1.522478
leaderA-dc3bb5ee-282c-411f-96da-eebb88b52ea0,2026-02-01T14:00:30,12.363477,-1.515566
securityA-43c3c6c2-08da-4277-b10b-2565d4ab391b,2026-02-01T14:00:30,12.363477,-1.515566
courierA-5459d08e-e00c-4174-9a21-c4b90ef20a87,2026-02-01T14:00:30,12.359346,-1.516678
leaderA-dc3bb5ee-282c-411f-96da-eebb88b52ea0,2026-02-01T14:01:00,12.363149,-1.515489
courierA-5459d08e-e00c-4174-9a21-c4b90ef20a87,2026-02-01T14:01:00,12.359286,-1.517018
securityA-43c3c6c2-08da-4277-b10b-2565d4ab391b,2026-02-01T14:01:00,12.363149,-1.515489
courierA-5459d08e-e00c-4174-9a21-c4b90ef20a87,2026-02-01T14:01:30,12.359261,-1.517335
leaderA-dc3bb5ee-282c-411f-96da-eebb88b52ea0,2026-02-01T14:01:30,12.36282,-1.515412
securityA-43c3c6c2-08da-4277-b10b-2565d4ab391b,2026-02-01T14:01:30,12.36282,-1.515412
leaderA-dc3bb5ee-282c-411f-96da-eebb88b52ea0,2026-02-01T14:02:00,12.362491,-1.515335
securityA-43c3c6c2-08da-4277-b10b-2565d4ab391b,2026-02-01T14:02:00,12.362491,-1.515335
courierA-5459d08e-e00c-4174-9a21-c4b90ef20a87,2026-02-01T14:02:00,12.359592,-1.517397
courierA-5459d08e-e00c-4174-9a21-c4b90ef20a87,2026-02-01T14:02:30,12.359924,-1.517459
securityA-43c3c6c2-08da-4277-b10b-2565d4ab391b,2026-02-01T14:02:30,12.362163,-1.515258
leaderA-dc3bb5ee-282c-411f-96da-eebb88b52ea0,2026-02-01T14:02:30,12.362163,-1.515258
propB-775f6ffc-da47-48c0-82b1-4fe100d5ee88,2026-02-01T14:03:00,12.362898,-1.522497
leaderB-579ff0e7-77e4-4b16-9220-59c2c36ecc12,2026-02-01T14:03:00,12.358993,-1.520905
leaderA-dc3bb5ee-282c-411f-96da-eebb88b52ea0,2026-02-01T14:03:00,12.361834,-1.515181
securityB-12f2e631-90a7-4ce7-87f7-c377db45e99c,2026-02-01T14:03:00,12.358993,-1.520905
courierA-5459d08e-e00c-4174-9a21-c4b90ef20a87,2026-02-01T14:03:00,12.360256,-1.517521
securityA-43c3c6c2-08da-4277-b10b-2565d4ab391b,2026-02-01T14:03:00,12.361834,-1.515181
leaderA-dc3bb5ee-282c-411f-96da-eebb88b52ea0,2026-02-01T14:03:30,12.361519,-1.515097
courierA-5459d08e-e00c-4174-9a21-c4b90ef20a87,2026-02-01T14:03:30,12.360588,-1.517583
securityA-43c3c6c2-08da-4277-b10b-2565d4ab391b,2026-02-01T14:03:30,12.361519,-1.515097
securityA-43c3c6c2-08da-4277-b10b-2565d4ab391b,2026-02-01T14:04:00,12.361532,-1.514788
leaderA-dc3bb5ee-282c-411f-96da-eebb88b52ea0,2026-02-01T14:04:00,12.361532,-1.514788
courierA-5459d08e-e00c-4174-9a21-c4b90ef20a87,2026-02-01T14:04:00,12.360919,-1.517645
securityA-43c3c6c2-08da-4277-b10b-2565d4ab391b,2026-02-01T14:04:30,12.361695,-1.514531
courierA-5459d08e-e00c-4174-9a21-c4b90ef20a87,2026-02-01T14:04:30,12.361251,-1.517707
leaderA-dc3bb5ee-282c-411f-96da-eebb88b52ea0,2026-02-01T14:04:30,12.361695,-1.514531
courierA-5459d08e-e00c-4174-9a21-c4b90ef20a87,2026-02-01T14:05:00,12.361583,-1.517769
courierA-5459d08e-e00c-4174-9a21-c4b90ef20a87,2026-02-01T14:05:30,12.361915,-1.51783
leaderB-579ff0e7-77e4-4b16-9220-59c2c36ecc12,2026-02-01T14:06:00,12.359008,-1.520897
propB-775f6ffc-da47-48c0-82b1-4fe100d5ee88,2026-02-01T14:06:00,12.3629,-1.522511
securityB-12f2e631-90a7-4ce7-87f7-c377db45e99c,2026-02-01T14:06:00,12.359008,-1.520897
courierA-5459d08e-e00c-4174-9a21-c4b90ef20a87,2026-02-01T14:06:00,12.362247,-1.517892
courierA-5459d08e-e00c-4174-9a21-c4b90ef20a87,2026-02-01T14:06:30,12.362578,-1.517955
courierA-5459d08e-e00c-4174-9a21-c4b90ef20a87,2026-02-01T14:07:00,12.36291,-1.518018
courierA-5459d08e-e00c-4174-9a21-c4b90ef20a87,2026-02-01T14:07:30,12.363093,-1.51786
courierA-5459d08e-e00c-4174-9a21-c4b90ef20a87,2026-02-01T14:08:00,12.363154,-1.517521
courierA-5459d08e-e00c-4174-9a21-c4b90ef20a87,2026-02-01T14:08:30,12.363213,-1.517181
securityB-12f2e631-90a7-4ce7-87f7-c377db45e99c,2026-02-01T14:09:00,12.358995,-1.520895
leaderB-579ff0e7-77e4-4b16-9220-59c2c36ecc12,2026-02-01T14:09:00,12.358995,-1.520895
courierA-5459d08e-e00c-4174-9a21-c4b90ef20a87,2026-02-01T14:09:00,12.363281,-1.516843
courierA-5459d08e-e00c-4174-9a21-c4b90ef20a87,2026-02-01T14:09:30,12.363349,-1.516504
courierA-5459d08e-e00c-4174-9a21-c4b90ef20a87,2026-02-01T14:10:00,12.363412,-1.516165
courierA-5459d08e-e00c-4174-9a21-c4b90ef20a87,2026-02-01T14:10:30,12.363487,-1.515829
courierA-5459d08e-e00c-4174-9a21-c4b90ef20a87,2026-02-01T14:11:00,12.363562,-1.515492
leaderB-579ff0e7-77e4-4b16-9220-59c2c36ecc12,2026-02-01T14:12:00,12.359001,-1.520891
securityB-12f2e631-90a7-4ce7-87f7-c377db45e99c,2026-02-01T14:12:00,12.359001,-1.520891
leaderB-579ff0e7-77e4-4b16-9220-59c2c36ecc12,2026-02-01T14:15:00,12.358994,-1.520903
securityB-12f2e631-90a7-4ce7-87f7-c377db45e99c,2026-02-01T14:15:00,12.358994,-1.520903
facA-1420f464-9589-439d-bdab-a216790c256e,2026-02-01T14:30:00,12.363999,-1.515391
facA-1420f464-9589-439d-bdab-a216790c256e,2026-02-01T14:33:00,12.364003,-1.515406
facA-1420f464-9589-439d-bdab-a216790c256e,2026-02-01T14:36:00,12.364003,-1.515386
facA-1420f464-9589-439d-bdab-a216790c256e,2026-02-01T14:39:00,12.364,-1.515386
civ-e2c6dafe-813f-4d99-9415-50f4fe0e4f1b,2026-02-01T15:00:00,12.362983,-1.522559
civ-7c9d10ba-2d2d-46b0-b28a-c82322af97b0,2026-02-01T15:00:00,12.362836,-1.522489
civ-3ab17b17-7b62-4e00-8325-217c1eaba538,2026-02-01T15:00:00,12.362912,-1.522472
civ-3721acee-7778-49cf-a9f4-0fedb6c14919,2026-02-01T15:00:00,12.362915,-1.52259
civ-05db852a-272f-4e44-86b7-a628a370ace5,2026-02-01T15:00:00,12.362868,-1.522438
civ-2cb31c80-5b77-4bf7-8a7c-7bf6580e3fa1,2026-02-01T15:00:00,12.362839,-1.522609
civ-6fe98464-c65a-4942-9555-e7fae106702e,2026-02-01T15:00:00,12.362934,-1.522505
civ-c41f81c7-108a-4947-9dd0-4cc3d9e6a48b,2026-02-01T15:00:00,12.362884,-1.522449
civ-b0463aba-92ef-4642-a379-d8e087ea44db,2026-02-01T15:00:00,12.362823,-1.522465
civ-1afa2fde-c7ea-446d-a2ad-3ff16acbfed5,2026-02-01T15:00:00,12.362945,-1.522562
civ-cd40d179-05da-4a5f-8ee8-510e65d8c0ff,2026-02-01T15:00:00,12.362881,-1.522304
civ-329aacfe-6108-461f-94f5-2e1a49d39cd4,2026-02-01T15:00:00,12.362901,-1.522395
civ-24319c62-c76b-457e-bed7-d2f8b7de8547,2026-02-01T15:00:00,12.36292,-1.52244
civ-9a564014-b5cc-4e54-84ea-91cd04fb85b4,2026-02-01T15:00:00,12.362894,-1.522475
civ-a8631ba4-8eee-4bef-8467-fb691edb0cec,2026-02-01T15:00:00,12.362836,-1.522559
civ-eefd0727-256b-436c-aff6-e2f870730064,2026-02-01T15:00:00,12.362882,-1.522554
civ-2cc5d574-c9e2-4ef7-9e57-6fdfcc31abb6,2026-02-01T15:00:00,12.362959,-1.522363
civ-dfc4567a-f827-4113-b941-a435b39232a0,2026-02-01T15:00:00,12.362814,-1.522453
civ-a2fffba2-e567-4afe-9862-29bd89f361a7,2026-02-01T15:00:00,12.36283,-1.522443
civ-c43e62d3-0f8f-4020-8c2e-c53dfc226842,2026-02-01T15:00:00,12.362969,-1.52247
civ-ce0366e2-8936-47ca-bc99-fa360c084a75,2026-02-01T15:00:00,12.363952,-1.515339
leaderA-dc3bb5ee-282c-411f-96da-eebb88b52ea0,2026-02-01T15:00:00,12.362501,-1.513113
civ-52c574bb-3528-4c54-9d68-8dc5e4eed313,2026-02-01T15:00:00,12.364036,-1.515338
civ-bd98d206-123e-4c38-86e4-b6e69da351b0,2026-02-01T15:00:00,12.364014,-1.515443
courierA-5459d08e-e00c-4174-9a21-c4b90ef20a87,2026-02-01T15:00:00,12.363994,-1.515394
civ-0d68528f-3590-4480-953b-6de8c37e4016,2026-02-01T15:00:00,12.363929,-1.515367
civ-062d49df-a16a-4723-b540-88570eb57149,2026-02-01T15:00:00,12.364084,-1.515399
civ-8d7ffc2d-da4c-4a06-9c06-aa732faa45ee,2026-02-01T15:00:00,12.364104,-1.515503
civ-acd012cf-8b84-45c1-9bf6-d9cd542f676b,2026-02-01T15:00:00,12.363968,-1.515391
civ-c28e3e00-0614-41d8-9ec3-4fc59290a765,2026-02-01T15:00:00,12.364118,-1.515503
civ-11dd2aa3-318d-4936-8fcb-90df26f53d42,2026-02-01T15:00:00,12.363982,-1.51549
civ-d74fe215-cb53-4157-9b81-b8e624ddfbc3,2026-02-01T15:00:00,12.363767,-1.515474
civ-5bbee04f-7481-4abf-9df9-7f0dd899a757,2026-02-01T15:00:00,12.363943,-1.515408
civ-d6ecc14f-c010-4480-8795-f957d2a30609,2026-02-01T15:00:00,12.364032,-1.515344
civ-ab8f80cd-695e-466c-91be-3f897675a3db,2026-02-01T15:00:00,12.364091,-1.515451
civ-fd1dad63-b04f-45ed-91c7-5bba0799dcf6,2026-02-01T15:00:00,12.363891,-1.515435
civ-5d643e0f-4b10-4a61-9ba8-6189c4c092f3,2026-02-01T15:00:00,12.364153,-1.515326
civ-56a528b7-924e-496d-92a4-9d60f4290d56,2026-02-01T15:00:00,12.363909,-1.515334
civ-92af6068-6103-4ed2-8065-953b940613fc,2026-02-01T15:00:00,12.363933,-1.515404
civ-2b3d2a9d-9f1d-4db0-9edf-c19bc7556720,2026-02-01T15:00:00,12.363966,-1.515447
civ-d1e8e555-ab4f-4458-bfd4-2272dc8c04df,2026-02-01T15:00:00,12.363914,-1.515424
civ-319fad1e-0143-46d8-b3ef-d96fd3a10747,2026-02-01T15:00:00,12.364127,-1.515371
securityA-43c3c6c2-08da-4277-b10b-2565d4ab391b,2026-02-01T15:00:00,12.362501,-1.513113
courierA-5459d08e-e00c-4174-9a21-c4b90ef20a87,2026-02-01T15:03:00,12.364009,-1.515392
courierA-5459d08e-e00c-4174-9a21-c4b90ef20a87,2026-02-01T15:06:00,12.363992,-1.515403
securityA-43c3c6c2-08da-4277-b10b-2565d4ab391b,2026-02-01T15:10:00,12.362495,-1.513099
leaderA-dc3bb5ee-282c-411f-96da-eebb88b52ea0,2026-02-01T15:10:00,12.362495,-1.513099
securityA-43c3c6c2-08da-4277-b10b-2565d4ab391b,2026-02-01T15:20:00,12.36249,-1.513097
leaderA-dc3bb5ee-282c-411f-96da-eebb88b52ea0,2026-02-01T15:20:00,12.36249,-1.513097
securityA-43c3c6c2-08da-4277-b10b-2565d4ab391b,2026-02-01T15:30:00,12.362495,-1.513103
leaderA-dc3bb5ee-282c-411f-96da-eebb88b52ea0,2026-02-01T15:30:00,12.362495,-1.513103
securityA-43c3c6c2-08da-4277-b10b-2565d4ab391b,2026-02-01T15:40:00,12.362495,-1.513083
leaderA-dc3bb5ee-282c-411f-96da-eebb88b52ea0,2026-02-01T15:40:00,12.362495,-1.513083
securityA-43c3c6c2-08da-4277-b10b-2565d4ab391b,2026-02-01T15:50:00,12.3625,-1.51311
leaderA-dc3bb5ee-282c-411f-96da-eebb88b52ea0,2026-02-01T15:50:00,12.3625,-1.51311
securityA-43c3c6c2-08da-4277-b10b-2565d4ab391b,2026-02-01T17:00:00,12.361831,-1.514451
leaderA-dc3bb5ee-282c-411f-96da-eebb88b52ea0,2026-02-01T17:00:00,12.361831,-1.514451
securityA-43c3c6c2-08da-4277-b10b-2565d4ab391b,2026-02-01T17:00:30,12.361806,-1.514771
leaderA-dc3bb5ee-282c-411f-96da-eebb88b52ea0,2026-02-01T17:00:30,12.361806,-1.514771
securityA-43c3c6c2-08da-4277-b10b-2565d4ab391b,2026-02-01T17:01:00,12.361843,-1.515081
leaderA-dc3bb5ee-282c-411f-96da-eebb88b52ea0,2026-02-01T17:01:00,12.361843,-1.515081
leaderA-dc3bb5ee-282c-411f-96da-eebb88b52ea0,2026-02-01T17:01:30,12.361661,-1.515329
securityA-43c3c6c2-08da-4277-b10b-2565d4ab391b,2026-02-01T17:01:30,12.361661,-1.515329
securityA-43c3c6c2-08da-4277-b10b-2565d4ab391b,2026-02-01T17:02:00,12.36159,-1.515666
leaderA-dc3bb5ee-282c-411f-96da-eebb88b52ea0,2026-02-01T17:02:00,12.36159,-1.515666
leaderA-dc3bb5ee-282c-411f-96da-eebb88b52ea0,2026-02-01T17:02:30,12.361521,-1.516004
securityA-43c3c6c2-08da-4277-b10b-2565d4ab391b,2026-02-01T17:02:30,12.361521,-1.516004
securityA-43c3c6c2-08da-4277-b10b-2565d4ab391b,2026-02-01T17:03:00,12.361373,-1.516212
leaderA-dc3bb5ee-282c-411f-96da-eebb88b52ea0,2026-02-01T17:03:00,12.361373,-1.516212
securityA-43c3c6c2-08da-4277-b10b-2565d4ab391b,2026-02-01T17:03:30,12.361043,-1.51614
leaderA-dc3bb5ee-282c-411f-96da-eebb88b52ea0,2026-02-01T17:03:30,12.361043,-1.51614
securityA-43c3c6c2-08da-4277-b10b-2565d4ab391b,2026-02-01T17:04:00,12.360713,-1.516069
leaderA-dc3bb5ee-282c-411f-96da-eebb88b52ea0,2026-02-01T17:04:00,12.360713,-1.516069
securityA-43c3c6c2-08da-4277-b10b-2565d4ab391b,2026-02-01T17:04:30,12.360383,-1.515998
leaderA-dc3bb5ee-282c-411f-96da-eebb88b52ea0,2026-02-01T17:04:30,12.360383,-1.515998
securityA-43c3c6c2-08da-4277-b10b-2565d4ab391b,2026-02-01T17:05:00,12.360053,-1.515927
leaderA-dc3bb5ee-282c-411f-96da-eebb88b52ea0,2026-02-01T17:05:00,12.360053,-1.515927
securityA-43c3c6c2-08da-4277-b10b-2565d4ab391b,2026-02-01T17:05:30,12.359723,-1.515855
leaderA-dc3bb5ee-282c-411f-96da-eebb88b52ea0,2026-02-01T17:05:30,12.359723,-1.515855
securityA-43c3c6c2-08da-4277-b10b-2565d4ab391b,2026-02-01T17:06:00,12.359495,-1.515944
leaderA-dc3bb5ee-282c-411f-96da-eebb88b52ea0,2026-02-01T17:06:00,12.359495,-1.515944
leaderA-dc3bb5ee-282c-411f-96da-eebb88b52ea0,2026-02-01T17:06:30,12.359425,-1.516282
securityA-43c3c6c2-08da-4277-b10b-2565d4ab391b,2026-02-01T17:06:30,12.359425,-1.516282
leaderA-dc3bb5ee-282c-411f-96da-eebb88b52ea0,2026-02-01T18:00:00,12.359707,-1.516411
securityA-43c3c6c2-08da-4277-b10b-2565d4ab391b,2026-02-01T18:00:00,12.359707,-1.516411
leaderA-dc3bb5ee-282c-411f-96da-eebb88b52ea0,2026-02-01T18:20:00,12.359702,-1.516418
securityA-43c3c6c2-08da-4277-b10b-2565d4ab391b,2026-02-01T18:20:00,12.359702,-1.516418
leaderA-dc3bb5ee-282c-411f-96da-eebb88b52ea0,2026-02-01T18:40:00,12.359688,-1.516398
securityA-43c3c6c2-08da-4277-b10b-2565d4ab391b,2026-02-01T18:40:00,12.359688,-1.516398
leaderA-dc3bb5ee-282c-411f-96da-eebb88b52ea0,2026-02-01T19:00:00,12.359707,-1.516398
securityA-43c3c6c2-08da-4277-b10b-2565d4ab391b,2026-02-01T19:00:00,12.359707,-1.516398
securityA-43c3c6c2-08da-4277-b10b-2565d4ab391b,2026-02-01T19:20:00,12.359699,-1.516403
leaderA-dc3bb5ee-282c-411f-96da-eebb88b52ea0,2026-02-01T19:20:00,12.359699,-1.516403
leaderA-dc3bb5ee-282c-411f-96da-eebb88b52ea0,2026-02-01T19:40:00,12.359687,-1.516406
securityA-43c3c6c2-08da-4277-b10b-2565d4ab391b,2026-02-01T19:40:00,12.359687,-1.516406
logB-c23e4c99-d72b-4789-9397-006a7d765d4c,2026-02-02T05:00:00,12.364466,-1.521212
logB-c23e4c99-d72b-4789-9397-006a7d765d4c,2026-02-02T05:00:30,12.364527,-1.520872
logB-c23e4c99-d72b-4789-9397-006a7d765d4c,2026-02-02T05:01:00,12.364588,-1.520533
logB-c23e4c99-d72b-4789-9397-006a7d765d4c,2026-02-02T05:01:30,12.364651,-1.520194
logB-c23e4c99-d72b-4789-9397-006a7d765d4c,2026-02-02T05:02:00,12.364714,-1.519855
logB-c23e4c99-d72b-4789-9397-006a7d765d4c,2026-02-02T05:02:30,12.364775,-1.519515
logB-c23e4c99-d72b-4789-9397-006a7d765d4c,2026-02-02T05:03:00,12.364843,-1.519177
logB-c23e4c99-d72b-4789-9397-006a7d765d4c,2026-02-02T05:03:30,12.36491,-1.518838
logB-c23e4c99-d72b-4789-9397-006a7d765d4c,2026-02-02T05:04:00,12.364974,-1.518499
logB-c23e4c99-d72b-4789-9397-006a7d765d4c,2026-02-02T05:04:30,12.364673,-1.518418
logB-c23e4c99-d72b-4789-9397-006a7d765d4c,2026-02-02T05:05:00,12.364341,-1.518355
logB-c23e4c99-d72b-4789-9397-006a7d765d4c,2026-02-02T05:05:30,12.364009,-1.518294
logB-c23e4c99-d72b-4789-9397-006a7d765d4c,2026-02-02T05:06:00,12.363677,-1.518233
logB-c23e4c99-d72b-4789-9397-006a7d765d4c,2026-02-02T05:06:30,12.363345,-1.518172
logB-c23e4c99-d72b-4789-9397-006a7d765d4c,2026-02-02T05:07:00,12.363013,-1.518111
logB-c23e4c99-d72b-4789-9397-006a7d765d4c,2026-02-02T05:07:30,12.362682,-1.518049
logB-c23e4c99-d72b-4789-9397-006a7d765d4c,2026-02-02T05:08:00,12.36235,-1.517985
logB-c23e4c99-d72b-4789-9397-006a7d765d4c,2026-02-02T05:08:30,12.362019,-1.517922
logB-c23e4c99-d72b-4789-9397-006a7d765d4c,2026-02-02T05:09:00,12.361686,-1.517864
logB-c23e4c99-d72b-4789-9397-006a7d765d4c,2026-02-02T05:09:30,12.361354,-1.517805
logB-c23e4c99-d72b-4789-9397-006a7d765d4c,2026-02-02T05:10:00,12.361134,-1.517667
logB-c23e4c99-d72b-4789-9397-006a7d765d4c,2026-02-02T05:10:30,12.361198,-1.517328
logB-c23e4c99-d72b-4789-9397-006a7d765d4c,2026-02-02T05:11:00,12.361263,-1.516989
logB-c23e4c99-d72b-4789-9397-006a7d765d4c,2026-02-02T05:11:30,12.361331,-1.516651
logB-c23e4c99-d72b-4789-9397-006a7d765d4c,2026-02-02T05:12:00,12.361398,-1.516312
logB-c23e4c99-d72b-4789-9397-006a7d765d4c,2026-02-02T05:12:30,12.361403,-1.515982
logB-c23e4c99-d72b-4789-9397-006a7d765d4c,2026-02-02T05:13:00,12.36147,-1.515644
logB-c23e4c99-d72b-4789-9397-006a7d765d4c,2026-02-02T05:13:30,12.361536,-1.515305
logB-c23e4c99-d72b-4789-9397-006a7d765d4c,2026-02-02T05:14:00,12.36147,-1.515001
logB-c23e4c99-d72b-4789-9397-006a7d765d4c,2026-02-02T05:14:30,12.361625,-1.514735
logB-c23e4c99-d72b-4789-9397-006a7d765d4c,2026-02-02T05:15:00,12.361721,-1.51443
leaderA-dc3bb5ee-282c-411f-96da-eebb88b52ea0,2026-02-02T05:30:00,12.359701,-1.516403
securityA-43c3c6c2-08da-4277-b10b-2565d4ab391b,2026-02-02T05:30:00,12.359701,-1.516403
leaderA-dc3bb5ee-282c-411f-96da-eebb88b52ea0,2026-02-02T05:33:00,12.359701,-1.516394
securityA-43c3c6c2-08da-4277-b10b-2565d4ab391b,2026-02-02T05:33:00,12.359701,-1.516394
leaderA-dc3bb5ee-282c-411f-96da-eebb88b52ea0,2026-02-02T05:36:00,12.359714,-1.516411
securityA-43c3c6c2-08da-4277-b10b-2565d4ab391b,2026-02-02T05:36:00,12.359714,-1.516411
leaderA-dc3bb5ee-282c-411f-96da-eebb88b52ea0,2026-02-02T05:39:00,12.359719,-1.516418
securityA-43c3c6c2-08da-4277-b10b-2565d4ab391b,2026-02-02T05:39:00,12.359719,-1.516418
leaderA-dc3bb5ee-282c-411f-96da-eebb88b52ea0,2026-02-02T05:42:00,12.359699,-1.516395
securityA-43c3c6c2-08da-4277-b10b-2565d4ab391b,2026-02-02T05:42:00,12.359699,-1.516395
courierA-5459d08e-e00c-4174-9a21-c4b90ef20a87,2026-02-02T06:00:00,12.359413,-1.51634
courierA-5459d08e-e00c-4174-9a21-c4b90ef20a87,2026-02-02T06:00:30,12.359483,-1.516002
courierA-5459d08e-e00c-4174-9a21-c4b90ef20a87,2026-02-02T06:01:00,12.359666,-1.515843
courierA-5459d08e-e00c-4174-9a21-c4b90ef20a87,2026-02-02T06:01:30,12.359996,-1.515914
courierA-5459d08e-e00c-4174-9a21-c4b90ef20a87,2026-02-02T06:02:00,12.360326,-1.515986
courierA-5459d08e-e00c-4174-9a21-c4b90ef20a87,2026-02-02T06:02:30,12.360656,-1.516057
courierA-5459d08e-e00c-4174-9a21-c4b90ef20a87,2026-02-02T06:03:00,12.360986,-1.516128
courierA-5459d08e-e00c-4174-9a21-c4b90ef20a87,2026-02-02T06:03:30,12.361316,-1.516199
courierA-5459d08e-e00c-4174-9a21-c4b90ef20a87,2026-02-02T06:04:00,12.361417,-1.515912
courierA-5459d08e-e00c-4174-9a21-c4b90ef20a87,2026-02-02T06:04:30,12.361484,-1.515573
courierA-5459d08e-e00c-4174-9a21-c4b90ef20a87,2026-02-02T06:05:00,12.361549,-1.515235
courierA-5459d08e-e00c-4174-9a21-c4b90ef20a87,2026-02-02T06:05:30,12.361465,-1.51493
courierA-5459d08e-e00c-4174-9a21-c4b90ef20a87,2026-02-02T06:06:00,12.361664,-1.514691
courierA-5459d08e-e00c-4174-9a21-c4b90ef20a87,2026-02-02T06:06:30,12.36179,-1.514443
facA-1420f464-9589-439d-bdab-a216790c256e,2026-02-02T06:30:00,12.362891,-1.522511
facA-1420f464-9589-439d-bdab-a216790c256e,2026-02-02T06:33:00,12.36291,-1.522493
facA-1420f464-9589-439d-bdab-a216790c256e,2026-02-02T06:36:00,12.362906,-1.522494
facA-1420f464-9589-439d-bdab-a216790c256e,2026-02-02T06:39:00,12.3629,-1.522508
leaderA-dc3bb5ee-282c-411f-96da-eebb88b52ea0,2026-02-02T06:52:00,12.359413,-1.51634
securityA-43c3c6c2-08da-4277-b10b-2565d4ab391b,2026-02-02T06:52:00,12.359413,-1.51634
securityA-43c3c6c2-08da-4277-b10b-2565d4ab391b,2026-02-02T06:52:30,12.359346,-1.516678
leaderA-dc3bb5ee-282c-411f-96da-eebb88b52ea0,2026-02-02T06:52:30,12.359346,-1.516678
leaderA-dc3bb5ee-282c-411f-96da-eebb88b52ea0,2026-02-02T06:53:00,12.359286,-1.517018
securityA-43c3c6c2-08da-4277-b10b-2565d4ab391b,2026-02-02T06:53:00,12.359286,-1.517018
securityA-43c3c6c2-08da-4277-b10b-2565d4ab391b,2026-02-02T06:53:30,12.359261,-1.517335
leaderA-dc3bb5ee-282c-411f-96da-eebb88b52ea0,2026-02-02T06:53:30,12.359261,-1.517335
leaderA-dc3bb5ee-282c-411f-96da-eebb88b52ea0,2026-02-02T06:54:00,12.359592,-1.517397
securityA-43c3c6c2-08da-4277-b10b-2565d4ab391b,2026-02-02T06:54:00,12.359592,-1.517397
leaderA-dc3bb5ee-282c-411f-96da-eebb88b52ea0,2026-02-02T06:54:30,12.359924,-1.517459
securityA-43c3c6c2-08da-4277-b10b-2565d4ab391b,2026-02-02T06:54:30,12.359924,-1.517459
leaderA-dc3bb5ee-282c-411f-96da-eebb88b52ea0,2026-02-02T06:55:00,12.360256,-1.517521
securityA-43c3c6c2-08da-4277-b10b-2565d4ab391b,2026-02-02T06:55:00,12.360256,-1.517521
securityA-43c3c6c2-08da-4277-b10b-2565d4ab391b,2026-02-02T06:55:30,12.360588,-1.517583
leaderA-dc3bb5ee-282c-411f-96da-eebb88b52ea0,2026-02-02T06:55:30,12.360588,-1.517583
leaderA-dc3bb5ee-282c-411f-96da-eebb88b52ea0,2026-02-02T06:56:00,12.360919,-1.517645
securityA-43c3c6c2-08da-4277-b10b-2565d4ab391b,2026-02-02T06:56:00,12.360919,-1.517645
leaderA-dc3bb5ee-282c-411f-96da-eebb88b52ea0,2026-02-02T06:56:30,12.361251,-1.517707
securityA-43c3c6c2-08da-4277-b10b-2565d4ab391b,2026-02-02T06:56:30,12.361251,-1.517707
securityA-43c3c6c2-08da-4277-b10b-2565d4ab391b,2026-02-02T06:57:00,12.361583,-1.517769
leaderA-dc3bb5ee-282c-411f-96da-eebb88b52ea0,2026-02-02T06:57:00,12.361583,-1.517769
securityA-43c3c6c2-08da-4277-b10b-2565d4ab391b,2026-02-02T06:57:30,12.361915,-1.51783
leaderA-dc3bb5ee-282c-411f-96da-eebb88b52ea0,2026-02-02T06:57:30,12.361915,-1.51783
securityA-43c3c6c2-08da-4277-b10b-2565d4ab391b,2026-02-02T06:58:00,12.362247,-1.517892
leaderA-dc3bb5ee-282c-411f-96da-eebb88b52ea0,2026-02-02T06:58:00,12.362247,-1.517892
leaderA-dc3bb5ee-282c-411f-96da-eebb88b52ea0,2026-02-02T06:58:30,12.362578,-1.517955
securityA-43c3c6c2-08da-4277-b10b-2565d4ab391b,2026-02-02T06:58:30,12.362578,-1.517955
leaderA-dc3bb5ee-282c-411f-96da-eebb88b52ea0,2026-02-02T06:59:00,12.36291,-1.518018
securityA-43c3c6c2-08da-4277-b10b-2565d4ab391b,2026-02-02T06:59:00,12.36291,-1.518018
leaderA-dc3bb5ee-282c-411f-96da-eebb88b52ea0,2026-02-02T06:59:30,12.363093,-1.51786
securityA-43c3c6c2-08da-4277-b10b-2565d4ab391b,2026-02-02T06:59:30,12.363093,-1.51786
leaderA-dc3bb5ee-282c-411f-96da-eebb88b52ea0,2026-02-02T07:00:00,12.363154,-1.517521
civ-5694c311-4ab6-4e78-a541-5bca52d8fe9c,2026-02-02T07:00:00,12.363891,-1.515302
courierA-5459d08e-e00c-4174-9a21-c4b90ef20a87,2026-02-02T07:00:00,12.362507,-1.513093
civ-a33439da-41f7-4db0-9ee4-083460819ede,2026-02-02T07:00:00,12.364042,-1.515378
civ-a7acd20c-b503-43ee-b62e-bc54ca24792d,2026-02-02T07:00:00,12.364222,-1.515319
civ-04e1a0c4-fd7f-4c1d-b249-8fcc3fba5d71,2026-02-02T07:00:00,12.362882,-1.52243
civ-90aba7c0-36df-432d-acd7-434863f9ea88,2026-02-02T07:00:00,12.362925,-1.522365
civ-7b19ec66-2164-4698-a8ee-6251d1d004d6,2026-02-02T07:00:00,12.36398,-1.515566
civ-94dfb60e-a059-430f-994b-b00fa0c184d0,2026-02-02T07:00:00,12.363962,-1.515441
civ-ff3ee8d3-3b54-41c0-8dc7-706297370df0,2026-02-02T07:00:00,12.364044,-1.515345
civ-b13d7f3f-67ea-403e-bf05-2eb06fc9c4b5,2026-02-02T07:00:00,12.363992,-1.515416
civ-40a0b568-1ecc-4f78-b094-3344a2efc548,2026-02-02T07:00:00,12.363048,-1.522374
civ-e5a9a3b5-9a23-44df-b53a-f88be00c5124,2026-02-02T07:00:00,12.362985,-1.522495
civ-b4eca6ef-deaa-4e49-bf94-e67f7dc97740,2026-02-02T07:00:00,12.363012,-1.522492
civ-b68d21e4-ee3a-4bfb-9722-ebd460ad0f31,2026-02-02T07:00:00,12.362924,-1.522554
civ-35e837de-a20c-4893-8d64-6f535d2c2bae,2026-02-02T07:00:00,12.36279,-1.522408
civ-43e97ce4-dc80-4596-a75e-c54bbc9e2d1a,2026-02-02T07:00:00,12.362951,-1.522581
civ-cfeb77eb-9cd2-4a99-aaaa-cc14522497ac,2026-02-02T07:00:00,12.362845,-1.522489
civ-f88cb9c3-9b4b-4121-b624-9767f5f7424a,2026-02-02T07:00:00,12.362909,-1.522463
civ-4e8ca05b-7970-451f-89be-da6ba8a3b75d,2026-02-02T07:00:00,12.362868,-1.522455
civ-356ce015-0680-4960-8d16-2590ca8dd82e,2026-02-02T07:00:00,12.3629,-1.522497
civ-2ec6f2fd-d09f-4ae1-aac1-801e134c240b,2026-02-02T07:00:00,12.362785,-1.522543
civ-734b807c-30df-47b0-9f46-0cf7c85de92b,2026-02-02T07:00:00,12.362892,-1.522411
civ-1cdab009-cefa-4e8b-ab20-a75c9af6d48b,2026-02-02T07:00:00,12.362777,-1.522403
civ-7e2540cb-dc1a-477b-be8d-83a9ea7b12f8,2026-02-02T07:00:00,12.362985,-1.522534
civ-95012ff3-88af-4ea9-ab56-b5f032294d59,2026-02-02T07:00:00,12.362805,-1.522368
civ-24f51005-e9fc-434e-bca2-c1cd88e79b83,2026-02-02T07:00:00,12.362835,-1.522465
civ-1834d659-290b-4656-a4bc-d91b8a4b7f88,2026-02-02T07:00:00,12.362968,-1.522542
civ-164b6ae6-640f-49db-86c7-0a03526339c6,2026-02-02T07:00:00,12.363991,-1.515469
civ-4203b363-c18b-4abf-b3af-60e0b8656597,2026-02-02T07:00:00,12.362823,-1.52251
civ-0f69a81e-d0b3-45c7-96d6-3c5ca9bc8bcd,2026-02-02T07:00:00,12.363884,-1.515385
civ-d961bf46-01d9-4639-a890-012855b8c112,2026-02-02T07:00:00,12.364118,-1.515418
civ-3f85c960-985f-420a-a347-3a7503b6d2fa,2026-02-02T07:00:00,12.363953,-1.515478
civ-ea34204e-d6ff-4735-a955-5c0166ff6ae1,2026-02-02T07:00:00,12.364121,-1.515337
civ-8143a38d-669f-463b-b5e5-d90c0defb361,2026-02-02T07:00:00,12.363999,-1.515293
securityA-43c3c6c2-08da-4277-b10b-2565d4ab391b,2026-02-02T07:00:00,12.363154,-1.517521
civ-26d4eae0-c4ae-477b-b09e-241f98073aba,2026-02-02T07:00:00,12.363946,-1.515502
civ-4bb22b2d-0061-4778-a57e-d4bbd52d21b0,2026-02-02T07:00:00,12.363899,-1.515359
civ-86d9799c-09ff-4ef7-8fdc-5bb8b489bab1,2026-02-02T07:00:00,12.364067,-1.515263
civ-4f301431-4086-4989-a22b-e7800e6c63bd,2026-02-02T07:00:00,12.364006,-1.515462
civ-5ee51cc2-4257-46e7-87c0-6afd9f105849,2026-02-02T07:00:00,12.36411,-1.515361
civ-35664bf7-c2ef-4b9a-b6a1-724a4ca79c78,2026-02-02T07:00:00,12.363925,-1.515414
civ-1541a1b6-6d12-404c-8862-701132d12db5,2026-02-02T07:00:00,12.363937,-1.5155
leaderA-dc3bb5ee-282c-411f-96da-eebb88b52ea0,2026-02-02T07:00:30,12.363213,-1.517181
securityA-43c3c6c2-08da-4277-b10b-2565d4ab391b,2026-02-02T07:00:30,12.363213,-1.517181
securityA-43c3c6c2-08da-4277-b10b-2565d4ab391b,2026-02-02T07:01:00,12.363281,-1.516843
leaderA-dc3bb5ee-282c-411f-96da-eebb88b52ea0,2026-02-02T07:01:00,12.363281,-1.516843
securityA-43c3c6c2-08da-4277-b10b-2565d4ab391b,2026-02-02T07:01:30,12.363349,-1.516504
leaderA-dc3bb5ee-282c-411f-96da-eebb88b52ea0,2026-02-02T07:01:30,12.363349,-1.516504
securityA-43c3c6c2-08da-4277-b10b-2565d4ab391b,2026-02-02T07:02:00,12.363412,-1.516165
leaderA-dc3bb5ee-282c-411f-96da-eebb88b52ea0,2026-02-02T07:02:00,12.363412,-1.516165
securityA-43c3c6c2-08da-4277-b10b-2565d4ab391b,2026-02-02T07:02:30,12.363487,-1.515829
leaderA-dc3bb5ee-282c-411f-96da-eebb88b52ea0,2026-02-02T07:02:30,12.363487,-1.515829
courierA-5459d08e-e00c-4174-9a21-c4b90ef20a87,2026-02-02T07:03:00,12.362512,-1.5131
securityA-43c3c6c2-08da-4277-b10b-2565d4ab391b,2026-02-02T07:03:00,12.363562,-1.515492
leaderA-dc3bb5ee-282c-411f-96da-eebb88b52ea0,2026-02-02T07:03:00,12.363562,-1.515492
courierA-5459d08e-e00c-4174-9a21-c4b90ef20a87,2026-02-02T07:06:00,12.362506,-1.513103
logB-c23e4c99-d72b-4789-9397-006a7d765d4c,2026-02-02T08:00:00,12.362505,-1.513086
leaderB-579ff0e7-77e4-4b16-9220-59c2c36ecc12,2026-02-02T08:00:00,12.364466,-1.521212
securityB-12f2e631-90a7-4ce7-87f7-c377db45e99c,2026-02-02T08:00:00,12.364466,-1.521212
securityB-12f2e631-90a7-4ce7-87f7-c377db45e99c,2026-02-02T08:00:30,12.364527,-1.520872
leaderB-579ff0e7-77e4-4b16-9220-59c2c36ecc12,2026-02-02T08:00:30,12.364527,-1.520872
leaderB-579ff0e7-77e4-4b16-9220-59c2c36ecc12,2026-02-02T08:01:00,12.364588,-1.520533
securityB-12f2e631-90a7-4ce7-87f7-c377db45e99c,2026-02-02T08:01:00,12.364588,-1.520533
leaderB-579ff0e7-77e4-4b16-9220-59c2c36ecc12,2026-02-02T08:01:30,12.364651,-1.520194
securityB-12f2e631-90a7-4ce7-87f7-c377db45e99c,2026-02-02T08:01:30,12.364651,-1.520194
leaderB-579ff0e7-77e4-4b16-9220-59c2c36ecc12,2026-02-02T08:02:00,12.364714,-1.519855
securityB-12f2e631-90a7-4ce7-87f7-c377db45e99c,2026-02-02T08:02:00,12.364714,-1.519855
leaderB-579ff0e7-77e4-4b16-9220-59c2c36ecc12,2026-02-02T08:02:30,12.364775,-1.519515
securityB-12f2e631-90a7-4ce7-87f7-c377db45e99c,2026-02-02T08:02:30,12.364775,-1.519515
logB-c23e4c99-d72b-4789-9397-006a7d765d4c,2026-02-02T08:03:00,12.362499,-1.513096
securityB-12f2e631-90a7-4ce7-87f7-c377db45e99c,2026-02-02T08:03:00,12.364843,-1.519177
leaderB-579ff0e7-77e4-4b16-9220-59c2c36ecc12,2026-02-02T08:03:00,12.364843,-1.519177
securityB-12f2e631-90a7-4ce7-87f7-c377db45e99c,2026-02-02T08:03:30,12.36491,-1.518838
leaderB-579ff0e7-77e4-4b16-9220-59c2c36ecc12,2026-02-02T08:03:30,12.36491,-1.518838
leaderB-579ff0e7-77e4-4b16-9220-59c2c36ecc12,2026-02-02T08:04:00,12.364974,-1.518499
securityB-12f2e631-90a7-4ce7-87f7-c377db45e99c,2026-02-02T08:04:00,12.364974,-1.518499
securityB-12f2e631-90a7-4ce7-87f7-c377db45e99c,2026-02-02T08:04:30,12.364673,-1.518418
leaderB-579ff0e7-77e4-4b16-9220-59c2c36ecc12,2026-02-02T08:04:30,12.364673,-1.518418
leaderB-579ff0e7-77e4-4b16-9220-59c2c36ecc12,2026-02-02T08:05:00,12.364341,-1.518355
securityB-12f2e631-90a7-4ce7-87f7-c377db45e99c,2026-02-02T08:05:00,12.364341,-1.518355
leaderB-579ff0e7-77e4-4b16-9220-59c2c36ecc12,2026-02-02T08:05:30,12.364009,-1.518294
securityB-12f2e631-90a7-4ce7-87f7-c377db45e99c,2026-02-02T08:05:30,12.364009,-1.518294
leaderB-579ff0e7-77e4-4b16-9220-59c2c36ecc12,2026-02-02T08:06:00,12.363677,-1.518233
securityB-12f2e631-90a7-4ce7-87f7-c377db45e99c,2026-02-02T08:06:00,12.363677,-1.518233
logB-c23e4c99-d72b-4789-9397-006a7d765d4c,2026-02-02T08:06:00,12.362506,-1.513104
leaderB-579ff0e7-77e4-4b16-9220-59c2c36ecc12,2026-02-02T08:06:30,12.363345,-1.518172
securityB-12f2e631-90a7-4ce7-87f7-c377db45e99c,2026-02-02T08:06:30,12.363345,-1.518172
leaderB-579ff0e7-77e4-4b16-9220-59c2c36ecc12,2026-02-02T08:07:00,12.363013,-1.518111
securityB-12f2e631-90a7-4ce7-87f7-c377db45e99c,2026-02-02T08:07:00,12.363013,-1.518111
leaderB-579ff0e7-77e4-4b16-9220-59c2c36ecc12,2026-02-02T08:07:30,12.362682,-1.518049
securityB-12f2e631-90a7-4ce7-87f7-c377db45e99c,2026-02-02T08:07:30,12.362682,-1.518049
securityB-12f2e631-90a7-4ce7-87f7-c377db45e99c,2026-02-02T08:08:00,12.36235,-1.517985
leaderB-579ff0e7-77e4-4b16-9220-59c2c36ecc12,2026-02-02T08:08:00,12.36235,-1.517985
leaderB-579ff0e7-77e4-4b16-9220-59c2c36ecc12,2026-02-02T08:08:30,12.362019,-1.517922
securityB-12f2e631-90a7-4ce7-87f7-c377db45e99c,2026-02-02T08:08:30,12.362019,-1.517922
securityB-12f2e631-90a7-4ce7-87f7-c377db45e99c,2026-02-02T08:09:00,12.361686,-1.517864
logB-c23e4c99-d72b-4789-9397-006a7d765d4c,2026-02-02T08:09:00,12.362502,-1.5131
leaderB-579ff0e7-77e4-4b16-9220-59c2c36ecc12,2026-02-02T08:09:00,12.361686,-1.517864
securityB-12f2e631-90a7-4ce7-87f7-c377db45e99c,2026-02-02T08:09:30,12.361354,-1.517805
leaderB-579ff0e7-77e4-4b16-9220-59c2c36ecc12,2026-02-02T08:09:30,12.361354,-1.517805
leaderB-579ff0e7-77e4-4b16-9220-59c2c36ecc12,2026-02-02T08:10:00,12.361134,-1.517667
securityB-12f2e631-90a7-4ce7-87f7-c377db45e99c,2026-02-02T08:10:00,12.361134,-1.517667
securityB-12f2e631-90a7-4ce7-87f7-c377db45e99c,2026-02-02T08:10:30,12.361198,-1.517328
leaderB-579ff0e7-77e4-4b16-9220-59c2c36ecc12,2026-02-02T08:10:30,12.361198,-1.517328
securityB-12f2e631-90a7-4ce7-87f7-c377db45e99c,2026-02-02T08:11:00,12.361263,-1.516989
leaderB-579ff0e7-77e4-4b16-9220-59c2c36ecc12,2026-02-02T08:11:00,12.361263,-1.516989
securityB-12f2e631-90a7-4ce7-87f7-c377db45e99c,2026-02-02T08:11:30,12.361331,-1.516651
leaderB-579ff0e7-77e4-4b16-9220-59c2c36ecc12,2026-02-02T08:11:30,12.361331,-1.516651
securityB-12f2e631-90a7-4ce7-87f7-c377db45e99c,2026-02-02T08:12:00,12.361398,-1.516312
logB-c23e4c99-d72b-4789-9397-006a7d765d4c,2026-02-02T08:12:00,12.362501,-1.513107
leaderB-579ff0e7-77e4-4b16-9220-59c2c36ecc12,2026-02-02T08:12:00,12.361398,-1.516312
leaderB-579ff0e7-77e4-4b16-9220-59c2c36ecc12,2026-02-02T08:12:30,12.361403,-1.515982
securityB-12f2e631-90a7-4ce7-87f7-c377db45e99c,2026-02-02T08:12:30,12.361403,-1.515982
leaderB-579ff0e7-77e4-4b16-9220-59c2c36ecc12,2026-02-02T08:13:00,12.36147,-1.515644
securityB-12f2e631-90a7-4ce7-87f7-c377db45e99c,2026-02-02T08:13:00,12.36147,-1.515644
leaderB-579ff0e7-77e4-4b16-9220-59c2c36ecc12,2026-02-02T08:13:30,12.361536,-1.515305
securityB-12f2e631-90a7-4ce7-87f7-c377db45e99c,2026-02-02T08:13:30,12.361536,-1.515305
leaderB-579ff0e7-77e4-4b16-9220-59c2c36ecc12,2026-02-02T08:14:00,12.36147,-1.515001
securityB-12f2e631-90a7-4ce7-87f7-c377db45e99c,2026-02-02T08:14:00,12.36147,-1.515001
leaderB-579ff0e7-77e4-4b16-9220-59c2c36ecc12,2026-02-02T08:14:30,12.361625,-1.514735
securityB-12f2e631-90a7-4ce7-87f7-c377db45e99c,2026-02-02T08:14:30,12.361625,-1.514735
leaderB-579ff0e7-77e4-4b16-9220-59c2c36ecc12,2026-02-02T08:15:00,12.361721,-1.51443
securityB-12f2e631-90a7-4ce7-87f7-c377db45e99c,2026-02-02T08:15:00,12.361721,-1.51443
leaderB-579ff0e7-77e4-4b16-9220-59c2c36ecc12,2026-02-02T09:00:00,12.362493,-1.513098
propB-775f6ffc-da47-48c0-82b1-4fe100d5ee88,2026-02-02T09:00:00,12.359,-1.520896
securityB-12f2e631-90a7-4ce7-87f7-c377db45e99c,2026-02-02T09:00:00,12.362493,-1.513098
securityB-12f2e631-90a7-4ce7-87f7-c377db45e99c,2026-02-02T09:03:00,12.362502,-1.513105
leaderB-579ff0e7-77e4-4b16-9220-59c2c36ecc12,2026-02-02T09:03:00,12.362502,-1.513105
propB-775f6ffc-da47-48c0-82b1-4fe100d5ee88,2026-02-02T09:03:00,12.359013,-1.520891
leaderB-579ff0e7-77e4-4b16-9220-59c2c36ecc12,2026-02-02T09:06:00,12.362496,-1.513098
propB-775f6ffc-da47-48c0-82b1-4fe100d5ee88,2026-02-02T09:06:00,12.359019,-1.520907
securityB-12f2e631-90a7-4ce7-87f7-c377db45e99c,2026-02-02T09:06:00,12.362496,-1.513098
propB-775f6ffc-da47-48c0-82b1-4fe100d5ee88,2026-02-02T09:09:00,12.359008,-1.520898
securityB-12f2e631-90a7-4ce7-87f7-c377db45e99c,2026-02-02T09:09:00,12.362487,-1.513113
leaderB-579ff0e7-77e4-4b16-9220-59c2c36ecc12,2026-02-02T09:09:00,12.362487,-1.513113
securityA-43c3c6c2-08da-4277-b10b-2565d4ab391b,2026-02-02T09:30:00,12.364003,-1.515406
leaderA-dc3bb5ee-282c-411f-96da-eebb88b52ea0,2026-02-02T09:30:00,12.364003,-1.515406
leaderA-dc3bb5ee-282c-411f-96da-eebb88b52ea0,2026-02-02T09:45:00,12.363998,-1.515404
securityA-43c3c6c2-08da-4277-b10b-2565d4ab391b,2026-02-02T09:45:00,12.363998,-1.515404
leaderA-dc3bb5ee-282c-411f-96da-eebb88b52ea0,2026-02-02T10:00:00,12.363995,-1.515392
securityA-43c3c6c2-08da-4277-b10b-2565d4ab391b,2026-02-02T10:00:00,12.363995,-1.515392
leaderA-dc3bb5ee-282c-411f-96da-eebb88b52ea0,2026-02-02T10:15:00,12.364003,-1.515406
securityA-43c3c6c2-08da-4277-b10b-2565d4ab391b,2026-02-02T10:15:00,12.364003,-1.515406
securityA-43c3c6c2-08da-4277-b10b-2565d4ab391b,2026-02-02T10:30:00,12.364008,-1.515397
leaderA-dc3bb5ee-282c-411f-96da-eebb88b52ea0,2026-02-02T10:30:00,12.364008,-1.515397
leaderA-dc3bb5ee-282c-411f-96da-eebb88b52ea0,2026-02-02T10:45:00,12.364007,-1.515394
securityA-43c3c6c2-08da-4277-b10b-2565d4ab391b,2026-02-02T10:45:00,12.364007,-1.515394
leaderB-579ff0e7-77e4-4b16-9220-59c2c36ecc12,2026-02-02T11:00:00,12.361831,-1.514451
securityB-12f2e631-90a7-4ce7-87f7-c377db45e99c,2026-02-02T11:00:00,12.361831,-1.514451
leaderB-579ff0e7-77e4-4b16-9220-59c2c36ecc12,2026-02-02T11:00:30,12.361806,-1.514771
securityB-12f2e631-90a7-4ce7-87f7-c377db45e99c,2026-02-02T11:00:30,12.361806,-1.514771
leaderB-579ff0e7-77e4-4b16-9220-59c2c36ecc12,2026-02-02T11:01:00,12.361843,-1.515081
securityB-12f2e631-90a7-4ce7-87f7-c377db45e99c,2026-02-02T11:01:00,12.361843,-1.515081
leaderB-579ff0e7-77e4-4b16-9220-59c2c36ecc12,2026-02-02T11:01:30,12.361661,-1.515329
securityB-12f2e631-90a7-4ce7-87f7-c377db45e99c,2026-02-02T11:01:30,12.361661,-1.515329
leaderB-579ff0e7-77e4-4b16-9220-59c2c36ecc12,2026-02-02T11:02:00,12.36159,-1.515666
securityB-12f2e631-90a7-4ce7-87f7-c377db45e99c,2026-02-02T11:02:00,12.36159,-1.515666
leaderB-579ff0e7-77e4-4b16-9220-59c2c36ecc12,2026-02-02T11:02:30,12.361521,-1.516004
securityB-12f2e631-90a7-4ce7-87f7-c377db45e99c,2026-02-02T11:02:30,12.361521,-1.516004
leaderB-579ff0e7-77e4-4b16-9220-59c2c36ecc12,2026-02-02T11:03:00,12.361398,-1.516308
securityB-12f2e631-90a7-4ce7-87f7-c377db45e99c,2026-02-02T11:03:00,12.361398,-1.516308
securityB-12f2e631-90a7-4ce7-87f7-c377db45e99c,2026-02-02T11:03:30,12.361331,-1.516647
leaderB-579ff0e7-77e4-4b16-9220-59c2c36ecc12,2026-02-02T11:03:30,12.361331,-1.516647
securityB-12f2e631-90a7-4ce7-87f7-c377db45e99c,2026-02-02T11:04:00,12.361264,-1.516985
leaderB-579ff0e7-77e4-4b16-9220-59c2c36ecc12,2026-02-02T11:04:00,12.361264,-1.516985
leaderB-579ff0e7-77e4-4b16-9220-59c2c36ecc12,2026-02-02T11:04:30,12.361199,-1.517324
securityB-12f2e631-90a7-4ce7-87f7-c377db45e99c,2026-02-02T11:04:30,12.361199,-1.517324
securityB-12f2e631-90a7-4ce7-87f7-c377db45e99c,2026-02-02T11:05:00,12.361135,-1.517663
leaderB-579ff0e7-77e4-4b16-9220-59c2c36ecc12,2026-02-02T11:05:00,12.361135,-1.517663
leaderB-579ff0e7-77e4-4b16-9220-59c2c36ecc12,2026-02-02T11:05:30,12.361441,-1.517742
securityB-12f2e631-90a7-4ce7-87f7-c377db45e99c,2026-02-02T11:05:30,12.361441,-1.517742
securityB-12f2e631-90a7-4ce7-87f7-c377db45e99c,2026-02-02T11:06:00,12.361773,-1.517804
leaderB-579ff0e7-77e4-4b16-9220-59c2c36ecc12,2026-02-02T11:06:00,12.361773,-1.517804
leaderB-579ff0e7-77e4-4b16-9220-59c2c36ecc12,2026-02-02T11:06:30,12.362105,-1.517865
securityB-12f2e631-90a7-4ce7-87f7-c377db45e99c,2026-02-02T11:06:30,12.362105,-1.517865
securityB-12f2e631-90a7-4ce7-87f7-c377db45e99c,2026-02-02T11:07:00,12.362436,-1.517928
leaderB-579ff0e7-77e4-4b16-9220-59c2c36ecc12,2026-02-02T11:07:00,12.362436,-1.517928
leaderB-579ff0e7-77e4-4b16-9220-59c2c36ecc12,2026-02-02T11:07:30,12.362768,-1.517991
securityB-12f2e631-90a7-4ce7-87f7-c377db45e99c,2026-02-02T11:07:30,12.362768,-1.517991
leaderB-579ff0e7-77e4-4b16-9220-59c2c36ecc12,2026-02-02T11:08:00,12.3631,-1.518054
securityB-12f2e631-90a7-4ce7-87f7-c377db45e99c,2026-02-02T11:08:00,12.3631,-1.518054
leaderB-579ff0e7-77e4-4b16-9220-59c2c36ecc12,2026-02-02T11:08:30,12.363431,-1.518117
securityB-12f2e631-90a7-4ce7-87f7-c377db45e99c,2026-02-02T11:08:30,12.363431,-1.518117
securityB-12f2e631-90a7-4ce7-87f7-c377db45e99c,2026-02-02T11:09:00,12.363763,-1.51818
leaderB-579ff0e7-77e4-4b16-9220-59c2c36ecc12,2026-02-02T11:09:00,12.363763,-1.51818
securityB-12f2e631-90a7-4ce7-87f7-c377db45e99c,2026-02-02T11:09:30,12.364095,-1.518242
leaderB-579ff0e7-77e4-4b16-9220-59c2c36ecc12,2026-02-02T11:09:30,12.364095,-1.518242
securityB-12f2e631-90a7-4ce7-87f7-c377db45e99c,2026-02-02T11:10:00,12.364427,-1.518301
leaderB-579ff0e7-77e4-4b16-9220-59c2c36ecc12,2026-02-02T11:10:00,12.364427,-1.518301
leaderB-579ff0e7-77e4-4b16-9220-59c2c36ecc12,2026-02-02T11:10:30,12.364759,-1.518362
securityB-12f2e631-90a7-4ce7-87f7-c377db45e99c,2026-02-02T11:10:30,12.364759,-1.518362
leaderB-579ff0e7-77e4-4b16-9220-59c2c36ecc12,2026-02-02T11:11:00,12.364973,-1.518506
securityB-12f2e631-90a7-4ce7-87f7-c377db45e99c,2026-02-02T11:11:00,12.364973,-1.518506
leaderB-579ff0e7-77e4-4b16-9220-59c2c36ecc12,2026-02-02T11:11:30,12.364908,-1.518845
securityB-12f2e631-90a7-4ce7-87f7-c377db45e99c,2026-02-02T11:11:30,12.364908,-1.518845
leaderB-579ff0e7-77e4-4b16-9220-59c2c36ecc12,2026-02-02T11:12:00,12.364842,-1.519183
securityB-12f2e631-90a7-4ce7-87f7-c377db45e99c,2026-02-02T11:12:00,12.364842,-1.519183
securityB-12f2e631-90a7-4ce7-87f7-c377db45e99c,2026-02-02T11:12:30,12.364774,-1.519521
leaderB-579ff0e7-77e4-4b16-9220-59c2c36ecc12,2026-02-02T11:12:30,12.364774,-1.519521
leaderB-579ff0e7-77e4-4b16-9220-59c2c36ecc12,2026-02-02T11:13:00,12.364713,-1.519861
securityB-12f2e631-90a7-4ce7-87f7-c377db45e99c,2026-02-02T11:13:00,12.364713,-1.519861
securityB-12f2e631-90a7-4ce7-87f7-c377db45e99c,2026-02-02T11:13:30,12.36465,-1.5202
leaderB-579ff0e7-77e4-4b16-9220-59c2c36ecc12,2026-02-02T11:13:30,12.36465,-1.5202
securityB-12f2e631-90a7-4ce7-87f7-c377db45e99c,2026-02-02T11:14:00,12.364587,-1.520539
leaderB-579ff0e7-77e4-4b16-9220-59c2c36ecc12,2026-02-02T11:14:00,12.364587,-1.520539
leaderB-579ff0e7-77e4-4b16-9220-59c2c36ecc12,2026-02-02T11:14:30,12.364526,-1.520879
securityB-12f2e631-90a7-4ce7-87f7-c377db45e99c,2026-02-02T11:14:30,12.364526,-1.520879
propB-775f6ffc-da47-48c0-82b1-4fe100d5ee88,2026-02-02T14:00:00,12.36292,-1.522507
leaderB-579ff0e7-77e4-4b16-9220-59c2c36ecc12,2026-02-02T14:00:00,12.358994,-1.520902
securityB-12f2e631-90a7-4ce7-87f7-c377db45e99c,2026-02-02T14:00:00,12.358994,-1.520902
courierA-5459d08e-e00c-4174-9a21-c4b90ef20a87,2026-02-02T14:00:00,12.359413,-1.51634
courierA-5459d08e-e00c-4174-9a21-c4b90ef20a87,2026-02-02T14:00:30,12.359346,-1.516678
courierA-5459d08e-e00c-4174-9a21-c4b90ef20a87,2026-02-02T14:01:00,12.359286,-1.517018
courierA-5459d08e-e00c-4174-9a21-c4b90ef20a87,2026-02-02T14:01:30,12.359261,-1.517335
courierA-5459d08e-e00c-4174-9a21-c4b90ef20a87,2026-02-02T14:02:00,12.359592,-1.517397
courierA-5459d08e-e00c-4174-9a21-c4b90ef20a87,2026-02-02T14:02:30,12.359924,-1.517459
securityB-12f2e631-90a7-4ce7-87f7-c377db45e99c,2026-02-02T14:03:00,12.359003,-1.520887
propB-775f6ffc-da47-48c0-82b1-4fe100d5ee88,2026-02-02T14:03:00,12.362892,-1.522505
courierA-5459d08e-e00c-4174-9a21-c4b90ef20a87,2026-02-02T14:03:00,12.360256,-1.517521
leaderB-579ff0e7-77e4-4b16-9220-59c2c36ecc12,2026-02-02T14:03:00,12.359003,-1.520887
courierA-5459d08e-e00c-4174-9a21-c4b90ef20a87,2026-02-02T14:03:30,12.360588,-1.517583
courierA-5459d08e-e00c-4174-9a21-c4b90ef20a87,2026-02-02T14:04:00,12.360919,-1.517645
courierA-5459d08e-e00c-4174-9a21-c4b90ef20a87,2026-02-02T14:04:30,12.361251,-1.517707
courierA-5459d08e-e00c-4174-9a21-c4b90ef20a87,2026-02-02T14:05:00,12.361583,-1.517769
courierA-5459d08e-e00c-4174-9a21-c4b90ef20a87,2026-02-02T14:05:30,12.361915,-1.51783
securityB-12f2e631-90a7-4ce7-87f7-c377db45e99c,2026-02-02T14:06:00,12.359008,-1.520901
courierA-5459d08e-e00c-4174-9a21-c4b90ef20a87,2026-02-02T14:06:00,12.362247,-1.517892
propB-775f6ffc-da47-48c0-82b1-4fe100d5ee88,2026-02-02T14:06:00,12.362881,-1.522505
leaderB-579ff0e7-77e4-4b16-9220-59c2c36ecc12,2026-02-02T14:06:00,12.359008,-1.520901
courierA-5459d08e-e00c-4174-9a21-c4b90ef20a87,2026-02-02T14:06:30,12.362578,-1.517955
courierA-5459d08e-e00c-4174-9a21-c4b90ef20a87,2026-02-02T14:07:00,12.36291,-1.518018
courierA-5459d08e-e00c-4174-9a21-c4b90ef20a87,2026-02-02T14:07:30,12.363093,-1.51786
courierA-5459d08e-e00c-4174-9a21-c4b90ef20a87,2026-02-02T14:08:00,12.363154,-1.517521
courierA-5459d08e-e00c-4174-9a21-c4b90ef20a87,2026-02-02T14:08:30,12.363213,-1.517181
courierA-5459d08e-e00c-4174-9a21-c4b90ef20a87,2026-02-02T14:09:00,12.363281,-1.516843
leaderB-579ff0e7-77e4-4b16-9220-59c2c36ecc12,2026-02-02T14:09:00,12.359,-1.520909
securityB-12f2e631-90a7-4ce7-87f7-c377db45e99c,2026-02-02T14:09:00,12.359,-1.520909
courierA-5459d08e-e00c-4174-9a21-c4b90ef20a87,2026-02-02T14:09:30,12.363349,-1.516504
courierA-5459d08e-e00c-4174-9a21-c4b90ef20a87,2026-02-02T14:10:00,12.363412,-1.516165
courierA-5459d08e-e00c-4174-9a21-c4b90ef20a87,2026-02-02T14:10:30,12.363487,-1.515829
courierA-5459d08e-e00c-4174-9a21-c4b90ef20a87,2026-02-02T14:11:00,12.363562,-1.515492
securityB-12f2e631-90a7-4ce7-87f7-c377db45e99c,2026-02-02T14:12:00,12.359,-1.520903
leaderB-579ff0e7-77e4-4b16-9220-59c2c36ecc12,2026-02-02T14:12:00,12.359,-1.520903
leaderB-579ff0e7-77e4-4b16-9220-59c2c36ecc12,2026-02-02T14:15:00,12.359003,-1.520907
securityB-12f2e631-90a7-4ce7-87f7-c377db45e99c,2026-02-02T14:15:00,12.359003,-1.520907
facA-1420f464-9589-439d-bdab-a216790c256e,2026-02-02T14:30:00,12.364001,-1.515406
facA-1420f464-9589-439d-bdab-a216790c256e,2026-02-02T14:33:00,12.364009,-1.515401
facA-1420f464-9589-439d-bdab-a216790c256e,2026-02-02T14:36:00,12.363993,-1.515403
facA-1420f464-9589-439d-bdab-a216790c256e,2026-02-02T14:39:00,12.364004,-1.515405
civ-c5b4c4c7-2918-423a-829b-4ff4ef430599,2026-02-02T15:00:00,12.36388,-1.515361
civ-d6b4a59b-36b0-45f7-8f68-a8aa46366b50,2026-02-02T15:00:00,12.362928,-1.522502
civ-0fe7dbc2-fdaa-41eb-8f1a-f66c0da941ce,2026-02-02T15:00:00,12.362777,-1.522504
civ-7981b1be-fd44-4d75-85af-a753bc87840c,2026-02-02T15:00:00,12.363017,-1.522599
civ-3e275f79-9e52-46b0-97b8-da23e623731c,2026-02-02T15:00:00,12.363008,-1.522495
civ-2a8bd7a9-ea10-453c-8e16-24b335f874cd,2026-02-02T15:00:00,12.362881,-1.522448
civ-e0f0ba0d-b78b-4c89-b0b5-8af9fb3f9105,2026-02-02T15:00:00,12.363983,-1.515465
civ-90116f4f-0b6b-419d-9107-40f33cac771f,2026-02-02T15:00:00,12.363958,-1.515346
civ-acbb691b-2121-4bbf-8e89-6302def018c8,2026-02-02T15:00:00,12.364036,-1.51547
civ-a7fae4db-b9b0-49f6-8f42-dbeca880d09e,2026-02-02T15:00:00,12.364007,-1.515346
civ-41a90ab6-350a-4cca-99d6-b236bc888339,2026-02-02T15:00:00,12.362815,-1.522647
civ-f33b462e-77db-4401-a52e-e24dfa83cbf2,2026-02-02T15:00:00,12.363952,-1.515359
civ-bb3d8e49-708d-43c1-8e69-5a830c894640,2026-02-02T15:00:00,12.363945,-1.51553
civ-78ccdf98-7568-49b2-a63f-aa3a35499221,2026-02-02T15:00:00,12.363883,-1.515397
civ-46da2fbd-3a64-443d-90f8-258dabf06038,2026-02-02T15:00:00,12.364019,-1.515465
civ-0b45e7b6-f3d7-4151-be53-eb49d9222683,2026-02-02T15:00:00,12.364046,-1.51552
civ-be9ba419-eac9-4b41-8019-d8f4bebd40b7,2026-02-02T15:00:00,12.363995,-1.515487
civ-12144981-5d78-4cb6-ad30-d484c5cfc9eb,2026-02-02T15:00:00,12.363953,-1.515397
civ-c7a5d8ac-5108-46b5-989b-949c37b37f34,2026-02-02T15:00:00,12.362976,-1.522627
civ-f87925d9-bbd9-40c1-b84c-5d9b18281d27,2026-02-02T15:00:00,12.362751,-1.522506
civ-43d112c9-e1ac-4fe6-a8b9-8dff3514bf73,2026-02-02T15:00:00,12.362806,-1.522452
courierA-5459d08e-e00c-4174-9a21-c4b90ef20a87,2026-02-02T15:00:00,12.364003,-1.515401
civ-5ce502b3-2b37-4600-9b7b-e8f0912b5aab,2026-02-02T15:00:00,12.363957,-1.515462
civ-7d0d78aa-df08-4709-9e07-8c1da843b128,2026-02-02T15:00:00,12.364038,-1.515296
civ-fd9622f1-9ac7-401e-8d11-a2874027f687,2026-02-02T15:00:00,12.36406,-1.515481
civ-24d23e44-a463-4a05-8bc4-5ab84fddd828,2026-02-02T15:00:00,12.364072,-1.515442
civ-3de294f2-b411-4834-acc7-ae342d4e0f76,2026-02-02T15:00:00,12.363938,-1.515428
civ-e7bf33de-426e-4369-932d-3c2a3260748c,2026-02-02T15:00:00,12.36285,-1.522485
civ-6d8eb850-16ba-446f-adbd-457c16ac16be,2026-02-02T15:00:00,12.364019,-1.515404
civ-571a7097-57df-48c4-a5e6-d1b619bf00c2,2026-02-02T15:00:00,12.364003,-1.51546
civ-44d5305f-c4f3-4da1-9866-b64e91feb696,2026-02-02T15:00:00,12.362946,-1.522401
civ-73cbd056-6197-4d51-ba15-0c4fa28f5ce1,2026-02-02T15:00:00,12.362831,-1.522451
civ-7d2f8c81-1907-461e-8fc4-1440b8bb1512,2026-02-02T15:00:00,12.363041,-1.522497
civ-d87ce6c7-9b5b-482f-804f-91634ea73f05,2026-02-02T15:00:00,12.36286,-1.522586
civ-96066cfb-e05f-4488-abcf-d05617598a69,2026-02-02T15:00:00,12.362892,-1.522575
civ-44facb1c-ca74-4034-a1ec-076b0408079e,2026-02-02T15:00:00,12.362862,-1.522557
civ-d342d011-db07-458e-be4b-d72a9f99bf2e,2026-02-02T15:00:00,12.362829,-1.522464
civ-092e1fee-eff5-4658-9d5e-7b9e79408c56,2026-02-02T15:00:00,12.362895,-1.522431
civ-56d515ce-6dcb-4bce-8cd7-74046ab5130a,2026-02-02T15:00:00,12.362863,-1.522576
civ-61ed79a9-5b2b-4ce2-8098-99d9ac192150,2026-02-02T15:00:00,12.362926,-1.522568
civ-c1907c09-17cf-435c-9a45-c06e030186e9,2026-02-02T15:00:00,12.363953,-1.515435
courierA-5459d08e-e00c-4174-9a21-c4b90ef20a87,2026-02-02T15:03:00,12.364001,-1.515395
courierA-5459d08e-e00c-4174-9a21-c4b90ef20a87,2026-02-02T15:06:00,12.363993,-1.515381
securityA-43c3c6c2-08da-4277-b10b-2565d4ab391b,2026-02-02T17:00:00,12.363601,-1.515311
leaderA-dc3bb5ee-282c-411f-96da-eebb88b52ea0,2026-02-02T17:00:00,12.363601,-1.515311
securityA-43c3c6c2-08da-4277-b10b-2565d4ab391b,2026-02-02T17:00:30,12.363528,-1.515648
leaderA-dc3bb5ee-282c-411f-96da-eebb88b52ea0,2026-02-02T17:00:30,12.363528,-1.515648
leaderA-dc3bb5ee-282c-411f-96da-eebb88b52ea0,2026-02-02T17:01:00,12.363452,-1.515984
securityA-43c3c6c2-08da-4277-b10b-2565d4ab391b,2026-02-02T17:01:00,12.363452,-1.515984
securityA-43c3c6c2-08da-4277-b10b-2565d4ab391b,2026-02-02T17:01:30,12.363383,-1.516322
leaderA-dc3bb5ee-282c-411f-96da-eebb88b52ea0,2026-02-02T17:01:30,12.363383,-1.516322
leaderA-dc3bb5ee-282c-411f-96da-eebb88b52ea0,2026-02-02T17:02:00,12.36332,-1.516662
securityA-43c3c6c2-08da-4277-b10b-2565d4ab391b,2026-02-02T17:02:00,12.36332,-1.516662
leaderA-dc3bb5ee-282c-411f-96da-eebb88b52ea0,2026-02-02T17:02:30,12.363247,-1.516999
securityA-43c3c6c2-08da-4277-b10b-2565d4ab391b,2026-02-02T17:02:30,12.363247,-1.516999
leaderA-dc3bb5ee-282c-411f-96da-eebb88b52ea0,2026-02-02T17:03:00,12.363186,-1.517338
securityA-43c3c6c2-08da-4277-b10b-2565d4ab391b,2026-02-02T17:03:00,12.363186,-1.517338
securityA-43c3c6c2-08da-4277-b10b-2565d4ab391b,2026-02-02T17:03:30,12.363126,-1.517678
leaderA-dc3bb5ee-282c-411f-96da-eebb88b52ea0,2026-02-02T17:03:30,12.363126,-1.517678
securityA-43c3c6c2-08da-4277-b10b-2565d4ab391b,2026-02-02T17:04:00,12.363065,-1.518017
leaderA-dc3bb5ee-282c-411f-96da-eebb88b52ea0,2026-02-02T17:04:00,12.363065,-1.518017
securityA-43c3c6c2-08da-4277-b10b-2565d4ab391b,2026-02-02T17:04:30,12.362813,-1.518074
leaderA-dc3bb5ee-282c-411f-96da-eebb88b52ea0,2026-02-02T17:04:30,12.362813,-1.518074
leaderA-dc3bb5ee-282c-411f-96da-eebb88b52ea0,2026-02-02T17:05:00,12.362481,-1.518011
securityA-43c3c6c2-08da-4277-b10b-2565d4ab391b,2026-02-02T17:05:00,12.362481,-1.518011
securityA-43c3c6c2-08da-4277-b10b-2565d4ab391b,2026-02-02T17:05:30,12.36215,-1.517947
leaderA-dc3bb5ee-282c-411f-96da-eebb88b52ea0,2026-02-02T17:05:30,12.36215,-1.517947
leaderA-dc3bb5ee-282c-411f-96da-eebb88b52ea0,2026-02-02T17:06:00,12.361817,-1.517887
securityA-43c3c6c2-08da-4277-b10b-2565d4ab391b,2026-02-02T17:06:00,12.361817,-1.517887
securityA-43c3c6c2-08da-4277-b10b-2565d4ab391b,2026-02-02T17:06:30,12.361485,-1.517828
leaderA-dc3bb5ee-282c-411f-96da-eebb88b52ea0,2026-02-02T17:06:30,12.361485,-1.517828
leaderA-dc3bb5ee-282c-411f-96da-eebb88b52ea0,2026-02-02T17:07:00,12.361153,-1.517769
securityA-43c3c6c2-08da-4277-b10b-2565d4ab391b,2026-02-02T17:07:00,12.361153,-1.517769
securityA-43c3c6c2-08da-4277-b10b-2565d4ab391b,2026-02-02T17:07:30,12.360821,-1.517709
leaderA-dc3bb5ee-282c-411f-96da-eebb88b52ea0,2026-02-02T17:07:30,12.360821,-1.517709
leaderA-dc3bb5ee-282c-411f-96da-eebb88b52ea0,2026-02-02T17:08:00,12.360489,-1.517649
securityA-43c3c6c2-08da-4277-b10b-2565d4ab391b,2026-02-02T17:08:00,12.360489,-1.517649
securityA-43c3c6c2-08da-4277-b10b-2565d4ab391b,2026-02-02T17:08:30,12.360157,-1.517588
leaderA-dc3bb5ee-282c-411f-96da-eebb88b52ea0,2026-02-02T17:08:30,12.360157,-1.517588
securityA-43c3c6c2-08da-4277-b10b-2565d4ab391b,2026-02-02T17:09:00,12.359825,-1.517527
leaderA-dc3bb5ee-282c-411f-96da-eebb88b52ea0,2026-02-02T17:09:00,12.359825,-1.517527
securityA-43c3c6c2-08da-4277-b10b-2565d4ab391b,2026-02-02T17:09:30,12.359493,-1.517467
leaderA-dc3bb5ee-282c-411f-96da-eebb88b52ea0,2026-02-02T17:09:30,12.359493,-1.517467
securityA-43c3c6c2-08da-4277-b10b-2565d4ab391b,2026-02-02T17:10:00,12.359229,-1.517357
leaderA-dc3bb5ee-282c-411f-96da-eebb88b52ea0,2026-02-02T17:10:00,12.359229,-1.517357
leaderA-dc3bb5ee-282c-411f-96da-eebb88b52ea0,2026-02-02T17:10:30,12.359286,-1.517017
securityA-43c3c6c2-08da-4277-b10b-2565d4ab391b,2026-02-02T17:10:30,12.359286,-1.517017
leaderA-dc3bb5ee-282c-411f-96da-eebb88b52ea0,2026-02-02T17:11:00,12.359346,-1.516677
securityA-43c3c6c2-08da-4277-b10b-2565d4ab391b,2026-02-02T17:11:00,12.359346,-1.516677
leaderA-dc3bb5ee-282c-411f-96da-eebb88b52ea0,2026-02-02T18:00:00,12.359693,-1.516405
securityA-43c3c6c2-08da-4277-b10b-2565d4ab391b,2026-02-02T18:00:00,12.359693,-1.516405
leaderA-dc3bb5ee-282c-411f-96da-eebb88b52ea0,2026-02-02T18:20:00,12.359707,-1.516395
securityA-43c3c6c2-08da-4277-b10b-2565d4ab391b,2026-02-02T18:20:00,12.359707,-1.516395
leaderA-dc3bb5ee-282c-411f-96da-eebb88b52ea0,2026-02-02T18:40:00,12.3597,-1.516399
securityA-43c3c6c2-08da-4277-b10b-2565d4ab391b,2026-02-02T18:40:00,12.3597,-1.516399
leaderA-dc3bb5ee-282c-411f-96da-eebb88b52ea0,2026-02-02T19:00:00,12.359711,-1.516405
securityA-43c3c6c2-08da-4277-b10b-2565d4ab391b,2026-02-02T19:00:00,12.359711,-1.516405
securityA-43c3c6c2-08da-4277-b10b-2565d4ab391b,2026-02-02T19:20:00,12.359705,-1.516402
leaderA-dc3bb5ee-282c-411f-96da-eebb88b52ea0,2026-02-02T19:20:00,12.359705,-1.516402
securityA-43c3c6c2-08da-4277-b10b-2565d4ab391b,2026-02-02T19:40:00,12.359698,-1.51639
leaderA-dc3bb5ee-282c-411f-96da-eebb88b52ea0,2026-02-02T19:40:00,12.359698,-1.51639
logB-c23e4c99-d72b-4789-9397-006a7d765d4c,2026-02-03T05:00:00,12.364466,-1.521212
logB-c23e4c99-d72b-4789-9397-006a7d765d4c,2026-02-03T05:00:30,12.364527,-1.520872
logB-c23e4c99-d72b-4789-9397-006a7d765d4c,2026-02-03T05:01:00,12.364588,-1.520533
logB-c23e4c99-d72b-4789-9397-006a7d765d4c,2026-02-03T05:01:30,12.364651,-1.520194
logB-c23e4c99-d72b-4789-9397-006a7d765d4c,2026-02-03T05:02:00,12.364714,-1.519855
logB-c23e4c99-d72b-4789-9397-006a7d765d4c,2026-02-03T05:02:30,12.364775,-1.519515
logB-c23e4c99-d72b-4789-9397-006a7d765d4c,2026-02-03T05:03:00,12.364843,-1.519177
logB-c23e4c99-d72b-4789-9397-006a7d765d4c,2026-02-03T05:03:30,12.36491,-1.518838
logB-c23e4c99-d72b-4789-9397-006a7d765d4c,2026-02-03T05:04:00,12.364974,-1.518499
logB-c23e4c99-d72b-4789-9397-006a7d765d4c,2026-02-03T05:04:30,12.364673,-1.518418
logB-c23e4c99-d72b-4789-9397-006a7d765d4c,2026-02-03T05:05:00,12.364341,-1.518355
logB-c23e4c99-d72b-4789-9397-006a7d765d4c,2026-02-03T05:05:30,12.364009,-1.518294
logB-c23e4c99-d72b-4789-9397-006a7d765d4c,2026-02-03T05:06:00,12.363677,-1.518233
logB-c23e4c99-d72b-4789-9397-006a7d765d4c,2026-02-03T05:06:30,12.363345,-1.518172
logB-c23e4c99-d72b-4789-9397-006a7d765d4c,2026-02-03T05:07:00,12.363013,-1.518111
logB-c23e4c99-d72b-4789-9397-006a7d765d4c,2026-02-03T05:07:30,12.362682,-1.518049
logB-c23e4c99-d72b-4789-9397-006a7d765d4c,2026-02-03T05:08:00,12.36235,-1.517985
logB-c23e4c99-d72b-4789-9397-006a7d765d4c,2026-02-03T05:08:30,12.362019,-1.517922
logB-c23e4c99-d72b-4789-9397-006a7d765d4c,2026-02-03T05:09:00,12.361686,-1.517864
logB-c23e4c99-d72b-4789-9397-006a7d765d4c,2026-02-03T05:09:30,12.361354,-1.517805
logB-c23e4c99-d72b-4789-9397-006a7d765d4c,2026-02-03T05:10:00,12.361134,-1.517667
logB-c23e4c99-d72b-4789-9397-006a7d765d4c,2026-02-03T05:10:30,12.361198,-1.517328
logB-c23e4c99-d72b-4789-9397-006a7d765d4c,2026-02-03T05:11:00,12.361263,-1.516989
logB-c23e4c99-d72b-4789-9397-006a7d765d4c,2026-02-03T05:11:30,12.361331,-1.516651
logB-c23e4c99-d72b-4789-9397-006a7d765d4c,2026-02-03T05:12:00,12.361398,-1.516312
logB-c23e4c99-d72b-4789-9397-006a7d765d4c,2026-02-03T05:12:30,12.361403,-1.515982
logB-c23e4c99-d72b-4789-9397-006a7d765d4c,2026-02-03T05:13:00,12.36147,-1.515644
logB-c23e4c99-d72b-4789-9397-006a7d765d4c,2026-02-03T05:13:30,12.361536,-1.515305
logB-c23e4c99-d72b-4789-9397-006a7d765d4c,2026-02-03T05:14:00,12.36147,-1.515001
logB-c23e4c99-d72b-4789-9397-006a7d765d4c,2026-02-03T05:14:30,12.361625,-1.514735
logB-c23e4c99-d72b-4789-9397-006a7d765d4c,2026-02-03T05:15:00,12.361721,-1.51443
leaderA-dc3bb5ee-282c-411f-96da-eebb88b52ea0,2026-02-03T05:30:00,12.359678,-1.516407
securityA-43c3c6c2-08da-4277-b10b-2565d4ab391b,2026-02-03T05:30:00,12.359678,-1.516407
leaderA-dc3bb5ee-282c-411f-96da-eebb88b52ea0,2026-02-03T05:33:00,12.359705,-1.516402
securityA-43c3c6c2-08da-4277-b10b-2565d4ab391b,2026-02-03T05:33:00,12.359705,-1.516402
leaderA-dc3bb5ee-282c-411f-96da-eebb88b52ea0,2026-02-03T05:36:00,12.359703,-1.516405
securityA-43c3c6c2-08da-4277-b10b-2565d4ab391b,2026-02-03T05:36:00,12.359703,-1.516405
securityA-43c3c6c2-08da-4277-b10b-2565d4ab391b,2026-02-03T05:39:00,12.359701,-1.516401
leaderA-dc3bb5ee-282c-411f-96da-eebb88b52ea0,2026-02-03T05:39:00,12.359701,-1.516401
leaderA-dc3bb5ee-282c-411f-96da-eebb88b52ea0,2026-02-03T05:42:00,12.359711,-1.516398
securityA-43c3c6c2-08da-4277-b10b-2565d4ab391b,2026-02-03T05:42:00,12.359711,-1.516398
courierA-5459d08e-e00c-4174-9a21-c4b90ef20a87,2026-02-03T06:00:00,12.359413,-1.51634
courierA-5459d08e-e00c-4174-9a21-c4b90ef20a87,2026-02-03T06:00:30,12.359483,-1.516002
courierA-5459d08e-e00c-4174-9a21-c4b90ef20a87,2026-02-03T06:01:00,12.359666,-1.515843
courierA-5459d08e-e00c-4174-9a21-c4b90ef20a87,2026-02-03T06:01:30,12.359996,-1.515914
courierA-5459d08e-e00c-4174-9a21-c4b90ef20a87,2026-02-03T06:02:00,12.360326,-1.515986
courierA-5459d08e-e00c-4174-9a21-c4b90ef20a87,2026-02-03T06:02:30,12.360656,-1.516057
courierA-5459d08e-e00c-4174-9a21-c4b90ef20a87,2026-02-03T06:03:00,12.360986,-1.516128
courierA-5459d08e-e00c-4174-9a21-c4b90ef20a87,2026-02-03T06:03:30,12.361316,-1.516199
courierA-5459d08e-e00c-4174-9a21-c4b90ef20a87,2026-02-03T06:04:00,12.361417,-1.515912
courierA-5459d08e-e00c-4174-9a21-c4b90ef20a87,2026-02-03T06:04:30,12.361484,-1.515573
courierA-5459d08e-e00c-4174-9a21-c4b90ef20a87,2026-02-03T06:05:00,12.361549,-1.515235
courierA-5459d08e-e00c-4174-9a21-c4b90ef20a87,2026-02-03T06:05:30,12.361465,-1.51493
courierA-5459d08e-e00c-4174-9a21-c4b90ef20a87,2026-02-03T06:06:00,12.361664,-1.514691
courierA-5459d08e-e00c-4174-9a21-c4b90ef20a87,2026-02-03T06:06:30,12.36179,-1.514443
facA-1420f464-9589-439d-bdab-a216790c256e,2026-02-03T06:30:00,12.362901,-1.522504
facA-1420f464-9589-439d-bdab-a216790c256e,2026-02-03T06:33:00,12.362904,-1.522497
facA-1420f464-9589-439d-bdab-a216790c256e,2026-02-03T06:36:00,12.362909,-1.522505
facA-1420f464-9589-439d-bdab-a216790c256e,2026-02-03T06:39:00,12.362898,-1.522509
civ-8314341c-48e0-47dd-bdf3-9e15c76114e1,2026-02-03T07:00:00,12.363959,-1.515391
civ-0e26a095-80b9-4743-948e-e644cb157790,2026-02-03T07:00:00,12.364184,-1.515407
courierA-5459d08e-e00c-4174-9a21-c4b90ef20a87,2026-02-03T07:00:00,12.362487,-1.51309
civ-de13880a-3abf-45b2-ac5a-4052da4f1e55,2026-02-03T07:00:00,12.363955,-1.515398
civ-6769330f-83a1-4026-8253-fcdc161ec02d,2026-02-03T07:00:00,12.362849,-1.522492
civ-b3d3d9dc-3adf-423f-8ec6-cf6d10569a64,2026-02-03T07:00:00,12.362898,-1.522539
civ-34c8495f-eac2-49cf-bf9e-e9883600d931,2026-02-03T07:00:00,12.362859,-1.522539
civ-89d58c9d-040f-4085-ad23-44757542d58c,2026-02-03T07:00:00,12.362914,-1.52251
civ-fea67efb-804b-4e34-9244-63a129795b99,2026-02-03T07:00:00,12.362901,-1.522502
civ-3cd0ce81-d99c-43bd-9144-a5c94a0fae92,2026-02-03T07:00:00,12.363085,-1.522496
civ-b310c4f8-287b-42a9-81ba-ecc7fda73db3,2026-02-03T07:00:00,12.362881,-1.52258
civ-6bcc5958-88c4-400b-b837-509a22a89d5b,2026-02-03T07:00:00,12.363033,-1.522419
civ-2524aec2-1e66-49de-b398-a56424df891e,2026-02-03T07:00:00,12.362883,-1.52245
civ-1df19bbb-a07b-403d-9111-e60afddbeb33,2026-02-03T07:00:00,12.362706,-1.522504
civ-6a41f953-a3a0-430e-af80-d12b454b5999,2026-02-03T07:00:00,12.362882,-1.52252
civ-0cee27f9-428b-4c09-ab98-df22eb4c0e89,2026-02-03T07:00:00,12.363938,-1.51535
civ-0e8f8ba5-b81c-4384-9cd9-74f66b24507f,2026-02-03T07:00:00,12.364036,-1.515387
civ-d4e490b7-7f34-46ba-93d1-de57633c89b2,2026-02-03T07:00:00,12.363867,-1.515492
civ-5a5bcda6-578c-49be-8246-c44ffdbacf67,2026-02-03T07:00:00,12.36299,-1.522649
civ-8cfd6e12-7da0-4c9d-ac2e-f0f3afe80ce9,2026-02-03T07:00:00,12.364014,-1.51547
civ-b820b094-337f-4d89-b487-59280cc7a3c0,2026-02-03T07:00:00,12.363961,-1.515456
civ-f433cb7c-bbbf-4d67-82ed-bb6e70a2a955,2026-02-03T07:00:00,12.364001,-1.515375
civ-336947d0-64a5-4627-aefb-d2cbb1250e8d,2026-02-03T07:00:00,12.364012,-1.515413
civ-c60b3362-2c17-459f-8724-2b6b3521413f,2026-02-03T07:00:00,12.362862,-1.522465
civ-a0d1936e-3214-4b15-9796-581a45e5cd05,2026-02-03T07:00:00,12.362952,-1.522581
civ-a2fff5b9-2a9d-4bbd-b925-d9d48179d916,2026-02-03T07:00:00,12.362967,-1.522408
civ-653fc77c-5909-4477-96ec-089be121d2ca,2026-02-03T07:00:00,12.36282,-1.522374
civ-8aa8547b-e0a7-4f2e-b1c3-9f6c1e16073a,2026-02-03T07:00:00,12.362799,-1.522556
civ-507d9bce-f0db-48a2-8fd5-3bf0dbe60576,2026-02-03T07:00:00,12.362875,-1.522527
civ-7849a4d7-df57-45c3-bc36-ca9b3436e347,2026-02-03T07:00:00,12.364018,-1.515329
civ-1729ffd9-ea65-438d-beb6-61e7d402e498,2026-02-03T07:00:00,12.364074,-1.515366
civ-92e9bca1-5890-455e-9903-d3cd367b2ec1,2026-02-03T07:00:00,12.362709,-1.522421
civ-faf49ef9-89e6-44db-8fbb-6b3bb2d5f13a,2026-02-03T07:00:00,12.364029,-1.515523
civ-6a6e075a-4753-4d3e-a35a-c81461158dfe,2026-02-03T07:00:00,12.364037,-1.515452
civ-a431017d-ddc9-426f-829c-8b56f8ebac2f,2026-02-03T07:00:00,12.364013,-1.515454
civ-0cc1ba30-6764-443a-80b9-9efefdce6694,2026-02-03T07:00:00,12.36412,-1.515327
civ-e930699e-fbd4-440c-8adf-bd3fa8c0d5a8,2026-02-03T07:00:00,12.363932,-1.51521
civ-0c7f329b-2303-40ac-a91d-8512ee6b5183,2026-02-03T07:00:00,12.363956,-1.515501
civ-c2d9184b-04fd-4528-9b87-5f8f66d6df67,2026-02-03T07:00:00,12.363934,-1.515497
civ-42ea6f01-ff00-4e12-90ff-a88b814811ab,2026-02-03T07:00:00,12.36393,-1.515324
civ-36633ef2-2a1f-4263-af93-6d433db947a0,2026-02-03T07:00:00,12.362882,-1.522392
courierA-5459d08e-e00c-4174-9a21-c4b90ef20a87,2026-02-03T07:03:00,12.362503,-1.513104
courierA-5459d08e-e00c-4174-9a21-c4b90ef20a87,2026-02-03T07:06:00,12.362506,-1.51308
securityA-43c3c6c2-08da-4277-b10b-2565d4ab391b,2026-02-03T07:40:00,12.359413,-1.51634
leaderA-dc3bb5ee-282c-411f-96da-eebb88b52ea0,2026-02-03T07:40:00,12.359413,-1.51634
leaderA-dc3bb5ee-282c-411f-96da-eebb88b52ea0,2026-02-03T07:40:30,12.359346,-1.516678
securityA-43c3c6c2-08da-4277-b10b-2565d4ab391b,2026-02-03T07:40:30,12.359346,-1.516678
securityA-43c3c6c2-08da-4277-b10b-2565d4ab391b,2026-02-03T07:41:00,12.359286,-1.517018
leaderA-dc3bb5ee-282c-411f-96da-eebb88b52ea0,2026-02-03T07:41:00,12.359286,-1.517018
leaderA-dc3bb5ee-282c-411f-96da-eebb88b52ea0,2026-02-03T07:41:30,12.359261,-1.517335
securityA-43c3c6c2-08da-4277-b10b-2565d4ab391b,2026-02-03T07:41:30,12.359261,-1.517335
securityA-43c3c6c2-08da-4277-b10b-2565d4ab391b,2026-02-03T07:42:00,12.359592,-1.517397
leaderA-dc3bb5ee-282c-411f-96da-eebb88b52ea0,2026-02-03T07:42:00,12.359592,-1.517397
leaderA-dc3bb5ee-282c-411f-96da-eebb88b52ea0,2026-02-03T07:42:30,12.359924,-1.517459
securityA-43c3c6c2-08da-4277-b10b-2565d4ab391b,2026-02-03T07:42:30,12.359924,-1.517459
leaderA-dc3bb5ee-282c-411f-96da-eebb88b52ea0,2026-02-03T07:43:00,12.360256,-1.517521
securityA-43c3c6c2-08da-4277-b10b-2565d4ab391b,2026-02-03T07:43:00,12.360256,-1.517521
leaderA-dc3bb5ee-282c-411f-96da-eebb88b52ea0,2026-02-03T07:43:30,12.360588,-1.517583
securityA-43c3c6c2-08da-4277-b10b-2565d4ab391b,2026-02-03T07:43:30,12.360588,-1.517583
leaderA-dc3bb5ee-282c-411f-96da-eebb88b52ea0,2026-02-03T07:44:00,12.360919,-1.517645
securityA-43c3c6c2-08da-4277-b10b-2565d4ab391b,2026-02-03T07:44:00,12.360919,-1.517645
leaderA-dc3bb5ee-282c-411f-96da-eebb88b52ea0,2026-02-03T07:44:30,12.361251,-1.517707
securityA-43c3c6c2-08da-4277-b10b-2565d4ab391b,2026-02-03T07:44:30,12.361251,-1.517707
leaderA-dc3bb5ee-282c-411f-96da-eebb88b52ea0,2026-02-03T07:45:00,12.361583,-1.517769
securityA-43c3c6c2-08da-4277-b10b-2565d4ab391b,2026-02-03T07:45:00,12.361583,-1.517769
leaderA-dc3bb5ee-282c-411f-96da-eebb88b52ea0,2026-02-03T07:45:30,12.361915,-1.51783
securityA-43c3c6c2-08da-4277-b10b-2565d4ab391b,2026-02-03T07:45:30,12.361915,-1.51783
securityA-43c3c6c2-08da-4277-b10b-2565d4ab391b,2026-02-03T07:46:00,12.362247,-1.517892
leaderA-dc3bb5ee-282c-411f-96da-eebb88b52ea0,2026-02-03T07:46:00,12.362247,-1.517892
leaderA-dc3bb5ee-282c-411f-96da-eebb88b52ea0,2026-02-03T07:46:30,12.362578,-1.517955
securityA-43c3c6c2-08da-4277-b10b-2565d4ab391b,2026-02-03T07:46:30,12.362578,-1.517955
leaderA-dc3bb5ee-282c-411f-96da-eebb88b52ea0,2026-02-03T07:47:00,12.36291,-1.518018
securityA-43c3c6c2-08da-4277-b10b-2565d4ab391b,2026-02-03T07:47:00,12.36291,-1.518018
leaderA-dc3bb5ee-282c-411f-96da-eebb88b52ea0,2026-02-03T07:47:30,12.363093,-1.51786
securityA-43c3c6c2-08da-4277-b10b-2565d4ab391b,2026-02-03T07:47:30,12.363093,-1.51786
securityA-43c3c6c2-08da-4277-b10b-2565d4ab391b,2026-02-03T07:48:00,12.363154,-1.517521
leaderA-dc3bb5ee-282c-411f-96da-eebb88b52ea0,2026-02-03T07:48:00,12.363154,-1.517521
securityA-43c3c6c2-08da-4277-b10b-2565d4ab391b,2026-02-03T07:48:30,12.363213,-1.517181
leaderA-dc3bb5ee-282c-411f-96da-eebb88b52ea0,2026-02-03T07:48:30,12.363213,-1.517181
leaderA-dc3bb5ee-282c-411f-96da-eebb88b52ea0,2026-02-03T07:49:00,12.363281,-1.516843
securityA-43c3c6c2-08da-4277-b10b-2565d4ab391b,2026-02-03T07:49:00,12.363281,-1.516843
leaderA-dc3bb5ee-282c-411f-96da-eebb88b52ea0,2026-02-03T07:49:30,12.363349,-1.516504
securityA-43c3c6c2-08da-4277-b10b-2565d4ab391b,2026-02-03T07:49:30,12.363349,-1.516504
leaderA-dc3bb5ee-282c-411f-96da-eebb88b52ea0,2026-02-03T07:50:00,12.363412,-1.516165
securityA-43c3c6c2-08da-4277-b10b-2565d4ab391b,2026-02-03T07:50:00,12.363412,-1.516165
leaderA-dc3bb5ee-282c-411f-96da-eebb88b52ea0,2026-02-03T07:50:30,12.363487,-1.515829
securityA-43c3c6c2-08da-4277-b10b-2565d4ab391b,2026-02-03T07:50:30,12.363487,-1.515829
leaderA-dc3bb5ee-282c-411f-96da-eebb88b52ea0,2026-02-03T07:51:00,12.363562,-1.515492
securityA-43c3c6c2-08da-4277-b10b-2565d4ab391b,2026-02-03T07:51:00,12.363562,-1.515492
logB-c23e4c99-d72b-4789-9397-006a7d765d4c,2026-02-03T08:00:00,12.362491,-1.513101
leaderB-579ff0e7-77e4-4b16-9220-59c2c36ecc12,2026-02-03T08:00:00,12.364466,-1.521212
securityB-12f2e631-90a7-4ce7-87f7-c377db45e99c,2026-02-03T08:00:00,12.364466,-1.521212
securityB-12f2e631-90a7-4ce7-87f7-c377db45e99c,2026-02-03T08:00:30,12.364527,-1.520872
leaderB-579ff0e7-77e4-4b16-9220-59c2c36ecc12,2026-02-03T08:00:30,12.364527,-1.520872
leaderB-579ff0e7-77e4-4b16-9220-59c2c36ecc12,2026-02-03T08:01:00,12.364588,-1.520533
securityB-12f2e631-90a7-4ce7-87f7-c377db45e99c,2026-02-03T08:01:00,12.364588,-1.520533
leaderB-579ff0e7-77e4-4b16-9220-59c2c36ecc12,2026-02-03T08:01:30,12.364651,-1.520194
securityB-12f2e631-90a7-4ce7-87f7-c377db45e99c,2026-02-03T08:01:30,12.364651,-1.520194
securityB-12f2e631-90a7-4ce7-87f7-c377db45e99c,2026-02-03T08:02:00,12.364714,-1.519855
leaderB-579ff0e7-77e4-4b16-9220-59c2c36ecc12,2026-02-03T08:02:00,12.364714,-1.519855
leaderB-579ff0e7-77e4-4b16-9220-59c2c36ecc12,2026-02-03T08:02:30,12.364775,-1.519515
securityB-12f2e631-90a7-4ce7-87f7-c377db45e99c,2026-02-03T08:02:30,12.364775,-1.519515
leaderB-579ff0e7-77e4-4b16-9220-59c2c36ecc12,2026-02-03T08:03:00,12.364843,-1.519177
logB-c23e4c99-d72b-4789-9397-006a7d765d4c,2026-02-03T08:03:00,12.362501,-1.51309
securityB-12f2e631-90a7-4ce7-87f7-c377db45e99c,2026-02-03T08:03:00,12.364843,-1.519177
leaderB-579ff0e7-77e4-4b16-9220-59c2c36ecc12,2026-02-03T08:03:30,12.36491,-1.518838
securityB-12f2e631-90a7-4ce7-87f7-c377db45e99c,2026-02-03T08:03:30,12.36491,-1.518838
leaderB-579ff0e7-77e4-4b16-9220-59c2c36ecc12,2026-02-03T08:04:00,12.364974,-1.518499
securityB-12f2e631-90a7-4ce7-87f7-c377db45e99c,2026-02-03T08:04:00,12.364974,-1.518499
leaderB-579ff0e7-77e4-4b16-9220-59c2c36ecc12,2026-02-03T08:04:30,12.364673,-1.518418
securityB-12f2e631-90a7-4ce7-87f7-c377db45e99c,2026-02-03T08:04:30,12.364673,-1.518418
leaderB-579ff0e7-77e4-4b16-9220-59c2c36ecc12,2026-02-03T08:05:00,12.364341,-1.518355
securityB-12f2e631-90a7-4ce7-87f7-c377db45e99c,2026-02-03T08:05:00,12.364341,-1.518355
securityB-12f2e631-90a7-4ce7-87f7-c377db45e99c,2026-02-03T08:05:30,12.364009,-1.518294
leaderB-579ff0e7-77e4-4b16-9220-59c2c36ecc12,2026-02-03T08:05:30,12.364009,-1.518294
leaderB-579ff0e7-77e4-4b16-9220-59c2c36ecc12,2026-02-03T08:06:00,12.363677,-1.518233
securityB-12f2e631-90a7-4ce7-87f7-c377db45e99c,2026-02-03T08:06:00,12.363677,-1.518233
logB-c23e4c99-d72b-4789-9397-006a7d765d4c,2026-02-03T08:06:00,12.362485,-1.513086
securityB-12f2e631-90a7-4ce7-87f7-c377db45e99c,2026-02-03T08:06:30,12.363345,-1.518172
leaderB-579ff0e7-77e4-4b16-9220-59c2c36ecc12,2026-02-03T08:06:30,12.363345,-1.518172
leaderB-579ff0e7-77e4-4b16-9220-59c2c36ecc12,2026-02-03T08:07:00,12.363013,-1.518111
securityB-12f2e631-90a7-4ce7-87f7-c377db45e99c,2026-02-03T08:07:00,12.363013,-1.518111
leaderB-579ff0e7-77e4-4b16-9220-59c2c36ecc12,2026-02-03T08:07:30,12.362682,-1.518049
securityB-12f2e631-90a7-4ce7-87f7-c377db45e99c,2026-02-03T08:07:30,12.362682,-1.518049
leaderB-579ff0e7-77e4-4b16-9220-59c2c36ecc12,2026-02-03T08:08:00,12.36235,-1.517985
securityB-12f2e631-90a7-4ce7-87f7-c377db45e99c,2026-02-03T08:08:00,12.36235,-1.517985
leaderB-579ff0e7-77e4-4b16-9220-59c2c36ecc12,2026-02-03T08:08:30,12.362019,-1.517922
securityB-12f2e631-90a7-4ce7-87f7-c377db45e99c,2026-02-03T08:08:30,12.362019,-1.517922
leaderB-579ff0e7-77e4-4b16-9220-59c2c36ecc12,2026-02-03T08:09:00,12.361686,-1.517864
securityB-12f2e631-90a7-4ce7-87f7-c377db45e99c,2026-02-03T08:09:00,12.361686,-1.517864
logB-c23e4c99-d72b-4789-9397-006a7d765d4c,2026-02-03T08:09:00,12.362499,-1.513104
securityB-12f2e631-90a7-4ce7-87f7-c377db45e99c,2026-02-03T08:09:30,12.361354,-1.517805
leaderB-579ff0e7-77e4-4b16-9220-59c2c36ecc12,2026-02-03T08:09:30,12.361354,-1.517805
securityB-12f2e631-90a7-4ce7-87f7-c377db45e99c,2026-02-03T08:10:00,12.361134,-1.517667
leaderB-579ff0e7-77e4-4b16-9220-59c2c36ecc12,2026-02-03T08:10:00,12.361134,-1.517667
leaderB-579ff0e7-77e4-4b16-9220-59c2c36ecc12,2026-02-03T08:10:30,12.361198,-1.517328
securityB-12f2e631-90a7-4ce7-87f7-c377db45e99c,2026-02-03T08:10:30,12.361198,-1.517328
leaderB-579ff0e7-77e4-4b16-9220-59c2c36ecc12,2026-02-03T08:11:00,12.361263,-1.516989
securityB-12f2e631-90a7-4ce7-87f7-c377db45e99c,2026-02-03T08:11:00,12.361263,-1.516989
leaderB-579ff0e7-77e4-4b16-9220-59c2c36ecc12,2026-02-03T08:11:30,12.361331,-1.516651
securityB-12f2e631-90a7-4ce7-87f7-c377db45e99c,2026-02-03T08:11:30,12.361331,-1.516651
logB-c23e4c99-d72b-4789-9397-006a7d765d4c,2026-02-03T08:12:00,12.362491,-1.513115
leaderB-579ff0e7-77e4-4b16-9220-59c2c36ecc12,2026-02-03T08:12:00,12.361398,-1.516312
securityB-12f2e631-90a7-4ce7-87f7-c377db45e99c,2026-02-03T08:12:00,12.361398,-1.516312
securityB-12f2e631-90a7-4ce7-87f7-c377db45e99c,2026-02-03T08:12:30,12.361403,-1.515982
leaderB-579ff0e7-77e4-4b16-9220-59c2c36ecc12,2026-02-03T08:12:30,12.361403,-1.515982
leaderB-579ff0e7-77e4-4b16-9220-59c2c36ecc12,2026-02-03T08:13:00,12.36147,-1.515644
securityB-12f2e631-90a7-4ce7-87f7-c377db45e99c,2026-02-03T08:13:00,12.36147,-1.515644
securityB-12f2e631-90a7-4ce7-87f7-c377db45e99c,2026-02-03T08:13:30,12.361536,-1.515305
leaderB-579ff0e7-77e4-4b16-9220-59c2c36ecc12,2026-02-03T08:13:30,12.361536,-1.515305
securityB-12f2e631-90a7-4ce7-87f7-c377db45e99c,2026-02-03T08:14:00,12.36147,-1.515001
leaderB-579ff0e7-77e4-4b16-9220-59c2c36ecc12,2026-02-03T08:14:00,12.36147,-1.515001
securityB-12f2e631-90a7-4ce7-87f7-c377db45e99c,2026-02-03T08:14:30,12.361625,-1.514735
leaderB-579ff0e7-77e4-4b16-9220-59c2c36ecc12,2026-02-03T08:14:30,12.361625,-1.514735
securityB-12f2e631-90a7-4ce7-87f7-c377db45e99c,2026-02-03T08:15:00,12.361721,-1.51443
leaderB-579ff0e7-77e4-4b16-9220-59c2c36ecc12,2026-02-03T08:15:00,12.361721,-1.51443
propB-775f6ffc-da47-48c0-82b1-4fe100d5ee88,2026-02-03T09:00:00,12.359007,-1.520899
securityB-12f2e631-90a7-4ce7-87f7-c377db45e99c,2026-02-03T09:00:00,12.362493,-1.513111
leaderB-579ff0e7-77e4-4b16-9220-59c2c36ecc12,2026-02-03T09:00:00,12.362493,-1.513111
propB-775f6ffc-da47-48c0-82b1-4fe100d5ee88,2026-02-03T09:03:00,12.358988,-1.520912
leaderB-579ff0e7-77e4-4b16-9220-59c2c36ecc12,2026-02-03T09:03:00,12.362484,-1.513087
securityB-12f2e631-90a7-4ce7-87f7-c377db45e99c,2026-02-03T09:03:00,12.362484,-1.513087
securityB-12f2e631-90a7-4ce7-87f7-c377db45e99c,2026-02-03T09:06:00,12.362506,-1.513101
leaderB-579ff0e7-77e4-4b16-9220-59c2c36ecc12,2026-02-03T09:06:00,12.362506,-1.513101
propB-775f6ffc-da47-48c0-82b1-4fe100d5ee88,2026-02-03T09:06:00,12.358997,-1.520885
propB-775f6ffc-da47-48c0-82b1-4fe100d5ee88,2026-02-03T09:09:00,12.358998,-1.520914
securityB-12f2e631-90a7-4ce7-87f7-c377db45e99c,2026-02-03T09:09:00,12.362503,-1.51311
leaderB-579ff0e7-77e4-4b16-9220-59c2c36ecc12,2026-02-03T09:09:00,12.362503,-1.51311
securityA-43c3c6c2-08da-4277-b10b-2565d4ab391b,2026-02-03T09:30:00,12.364003,-1.515404
leaderA-dc3bb5ee-282c-411f-96da-eebb88b52ea0,2026-02-03T09:30:00,12.364003,-1.515404
leaderA-dc3bb5ee-282c-411f-96da-eebb88b52ea0,2026-02-03T09:45:00,12.363996,-1.515404
securityA-43c3c6c2-08da-4277-b10b-2565d4ab391b,2026-02-03T09:45:00,12.363996,-1.515404
leaderA-dc3bb5ee-282c-411f-96da-eebb88b52ea0,2026-02-03T10:00:00,12.364004,-1.515404
securityA-43c3c6c2-08da-4277-b10b-2565d4ab391b,2026-02-03T10:00:00,12.364004,-1.515404
leaderA-dc3bb5ee-282c-411f-96da-eebb88b52ea0,2026-02-03T10:15:00,12.364003,-1.515381
securityA-43c3c6c2-08da-4277-b10b-2565d4ab391b,2026-02-03T10:15:00,12.364003,-1.515381
securityA-43c3c6c2-08da-4277-b10b-2565d4ab391b,2026-02-03T10:30:00,12.364008,-1.515403
leaderA-dc3bb5ee-282c-411f-96da-eebb88b52ea0,2026-02-03T10:30:00,12.364008,-1.515403
securityA-43c3c6c2-08da-4277-b10b-2565d4ab391b,2026-02-03T10:45:00,12.364011,-1.515404
leaderA-dc3bb5ee-282c-411f-96da-eebb88b52ea0,2026-02-03T10:45:00,12.364011,-1.515404
securityB-12f2e631-90a7-4ce7-87f7-c377db45e99c,2026-02-03T11:00:00,12.361831,-1.514451
leaderB-579ff0e7-77e4-4b16-9220-59c2c36ecc12,2026-02-03T11:00:00,12.361831,-1.514451
securityB-12f2e631-90a7-4ce7-87f7-c377db45e99c,2026-02-03T11:00:30,12.361806,-1.514771
leaderB-579ff0e7-77e4-4b16-9220-59c2c36ecc12,2026-02-03T11:00:30,12.361806,-1.514771
securityB-12f2e631-90a7-4ce7-87f7-c377db45e99c,2026-02-03T11:01:00,12.361843,-1.515081
leaderB-579ff0e7-77e4-4b16-9220-59c2c36ecc12,2026-02-03T11:01:00,12.361843,-1.515081
securityB-12f2e631-90a7-4ce7-87f7-c377db45e99c,2026-02-03T11:01:30,12.361661,-1.515329
leaderB-579ff0e7-77e4-4b16-9220-59c2c36ecc12,2026-02-03T11:01:30,12.361661,-1.515329
securityB-12f2e631-90a7-4ce7-87f7-c377db45e99c,2026-02-03T11:02:00,12.36159,-1.515666
leaderB-579ff0e7-77e4-4b16-9220-59c2c36ecc12,2026-02-03T11:02:00,12.36159,-1.515666
securityB-12f2e631-90a7-4ce7-87f7-c377db45e99c,2026-02-03T11:02:30,12.361521,-1.516004
leaderB-579ff0e7-77e4-4b16-9220-59c2c36ecc12,2026-02-03T11:02:30,12.361521,-1.516004
securityB-12f2e631-90a7-4ce7-87f7-c377db45e99c,2026-02-03T11:03:00,12.361398,-1.516308
leaderB-579ff0e7-77e4-4b16-9220-59c2c36ecc12,2026-02-03T11:03:00,12.361398,-1.516308
securityB-12f2e631-90a7-4ce7-87f7-c377db45e99c,2026-02-03T11:03:30,12.361331,-1.516647
leaderB-579ff0e7-77e4-4b16-9220-59c2c36ecc12,2026-02-03T11:03:30,12.361331,-1.516647
securityB-12f2e631-90a7-4ce7-87f7-c377db45e99c,2026-02-03T11:04:00,12.361264,-1.516985
leaderB-579ff0e7-77e4-4b16-9220-59c2c36ecc12,2026-02-03T11:04:00,12.361264,-1.516985
securityB-12f2e631-90a7-4ce7-87f7-c377db45e99c,2026-02-03T11:04:30,12.361199,-1.517324
leaderB-579ff0e7-77e4-4b16-9220-59c2c36ecc12,2026-02-03T11:04:30,12.361199,-1.517324
securityB-12f2e631-90a7-4ce7-87f7-c377db45e99c,2026-02-03T11:05:00,12.361135,-1.517663
leaderB-579ff0e7-77e4-4b16-9220-59c2c36ecc12,2026-02-03T11:05:00,12.361135,-1.517663
securityB-12f2e631-90a7-4ce7-87f7-c377db45e99c,2026-02-03T11:05:30,12.361441,-1.517742
leaderB-579ff0e7-77e4-4b16-9220-59c2c36ecc12,2026-02-03T11:05:30,12.361441,-1.517742
securityB-12f2e631-90a7-4ce7-87f7-c377db45e99c,2026-02-03T11:06:00,12.361773,-1.517804
leaderB-579ff0e7-77e4-4b16-9220-59c2c36ecc12,2026-02-03T11:06:00,12.361773,-1.517804
securityB-12f2e631-90a7-4ce7-87f7-c377db45e99c,2026-02-03T11:06:30,12.362105,-1.517865
leaderB-579ff0e7-77e4-4b16-9220-59c2c36ecc12,2026-02-03T11:06:30,12.362105,-1.517865
securityB-12f2e631-90a7-4ce7-87f7-c377db45e99c,2026-02-03T11:07:00,12.362436,-1.517928
leaderB-579ff0e7-77e4-4b16-9220-59c2c36ecc12,2026-02-03T11:07:00,12.362436,-1.517928
securityB-12f2e631-90a7-4ce7-87f7-c377db45e99c,2026-02-03T11:07:30,12.362768,-1.517991
leaderB-579ff0e7-77e4-4b16-9220-59c2c36ecc12,2026-02-03T11:07:30,12.362768,-1.517991
securityB-12f2e631-90a7-4ce7-87f7-c377db45e99c,2026-02-03T11:08:00,12.3631,-1.518054
leaderB-579ff0e7-77e4-4b16-9220-59c2c36ecc12,2026-02-03T11:08:00,12.3631,-1.518054
securityB-12f2e631-90a7-4ce7-87f7-c377db45e99c,2026-02-03T11:08:30,12.363431,-1.518117
leaderB-579ff0e7-77e4-4b16-9220-59c2c36ecc12,2026-02-03T11:08:30,12.363431,-1.518117
securityB-12f2e631-90a7-4ce7-87f7-c377db45e99c,2026-02-03T11:09:00,12.363763,-1.51818
leaderB-579ff0e7-77e4-4b16-9220-59c2c36ecc12,2026-02-03T11:09:00,12.363763,-1.51818
securityB-12f2e631-90a7-4ce7-87f7-c377db45e99c,2026-02-03T11:09:30,12.364095,-1.518242
leaderB-579ff0e7-77e4-4b16-9220-59c2c36ecc12,2026-02-03T11:09:30,12.364095,-1.518242
leaderB-579ff0e7-77e4-4b16-9220-59c2c36ecc12,2026-02-03T11:10:00,12.364427,-1.518301
securityB-12f2e631-90a7-4ce7-87f7-c377db45e99c,2026-02-03T11:10:00,12.364427,-1.518301
securityB-12f2e631-90a7-4ce7-87f7-c377db45e99c,2026-02-03T11:10:30,12.364759,-1.518362
leaderB-579ff0e7-77e4-4b16-9220-59c2c36ecc12,2026-02-03T11:10:30,12.364759,-1.518362
leaderB-579ff0e7-77e4-4b16-9220-59c2c36ecc12,2026-02-03T11:11:00,12.364973,-1.518506
securityB-12f2e631-90a7-4ce7-87f7-c377db45e99c,2026-02-03T11:11:00,12.364973,-1.518506
leaderB-579ff0e7-77e4-4b16-9220-59c2c36ecc12,2026-02-03T11:11:30,12.364908,-1.518845
securityB-12f2e631-90a7-4ce7-87f7-c377db45e99c,2026-02-03T11:11:30,12.364908,-1.518845
leaderB-579ff0e7-77e4-4b16-9220-59c2c36ecc12,2026-02-03T11:12:00,12.364842,-1.519183
securityB-12f2e631-90a7-4ce7-87f7-c377db45e99c,2026-02-03T11:12:00,12.364842,-1.519183
leaderB-579ff0e7-77e4-4b16-9220-59c2c36ecc12,2026-02-03T11:12:30,12.364774,-1.519521
securityB-12f2e631-90a7-4ce7-87f7-c377db45e99c,2026-02-03T11:12:30,12.364774,-1.519521
leaderB-579ff0e7-77e4-4b16-9220-59c2c36ecc12,2026-02-03T11:13:00,12.364713,-1.519861
securityB-12f2e631-90a7-4ce7-87f7-c377db45e99c,2026-02-03T11:13:00,12.364713,-1.519861
leaderB-579ff0e7-77e4-4b16-9220-59c2c36ecc12,2026-02-03T11:13:30,12.36465,-1.5202
securityB-12f2e631-90a7-4ce7-87f7-c377db45e99c,2026-02-03T11:13:30,12.36465,-1.5202
leaderB-579ff0e7-77e4-4b16-9220-59c2c36ecc12,2026-02-03T11:14:00,12.364587,-1.520539
securityB-12f2e631-90a7-4ce7-87f7-c377db45e99c,2026-02-03T11:14:00,12.364587,-1.520539
securityB-12f2e631-90a7-4ce7-87f7-c377db45e99c,2026-02-03T11:14:30,12.364526,-1.520879
leaderB-579ff0e7-77e4-4b16-9220-59c2c36ecc12,2026-02-03T11:14:30,12.364526,-1.520879
securityB-12f2e631-90a7-4ce7-87f7-c377db45e99c,2026-02-03T14:00:00,12.359022,-1.520899
courierA-5459d08e-e00c-4174-9a21-c4b90ef20a87,2026-02-03T14:00:00,12.359413,-1.51634
leaderB-579ff0e7-77e4-4b16-9220-59c2c36ecc12,2026-02-03T14:00:00,12.359022,-1.520899
courierA-5459d08e-e00c-4174-9a21-c4b90ef20a87,2026-02-03T14:00:30,12.359346,-1.516678
courierA-5459d08e-e00c-4174-9a21-c4b90ef20a87,2026-02-03T14:01:00,12.359286,-1.517018
courierA-5459d08e-e00c-4174-9a21-c4b90ef20a87,2026-02-03T14:01:30,12.359261,-1.517335
courierA-5459d08e-e00c-4174-9a21-c4b90ef20a87,2026-02-03T14:02:00,12.359592,-1.517397
courierA-5459d08e-e00c-4174-9a21-c4b90ef20a87,2026-02-03T14:02:30,12.359924,-1.517459
courierA-5459d08e-e00c-4174-9a21-c4b90ef20a87,2026-02-03T14:03:00,12.360256,-1.517521
leaderB-579ff0e7-77e4-4b16-9220-59c2c36ecc12,2026-02-03T14:03:00,12.359001,-1.520893
securityB-12f2e631-90a7-4ce7-87f7-c377db45e99c,2026-02-03T14:03:00,12.359001,-1.520893
courierA-5459d08e-e00c-4174-9a21-c4b90ef20a87,2026-02-03T14:03:30,12.360588,-1.517583
courierA-5459d08e-e00c-4174-9a21-c4b90ef20a87,2026-02-03T14:04:00,12.360919,-1.517645
courierA-5459d08e-e00c-4174-9a21-c4b90ef20a87,2026-02-03T14:04:30,12.361251,-1.517707
courierA-5459d08e-e00c-4174-9a21-c4b90ef20a87,2026-02-03T14:05:00,12.361583,-1.517769
courierA-5459d08e-e00c-4174-9a21-c4b90ef20a87,2026-02-03T14:05:30,12.361915,-1.51783
courierA-5459d08e-e00c-4174-9a21-c4b90ef20a87,2026-02-03T14:06:00,12.362247,-1.517892
leaderB-579ff0e7-77e4-4b16-9220-59c2c36ecc12,2026-02-03T14:06:00,12.359004,-1.520898
securityB-12f2e631-90a7-4ce7-87f7-c377db45e99c,2026-02-03T14:06:00,12.359004,-1.520898
courierA-5459d08e-e00c-4174-9a21-c4b90ef20a87,2026-02-03T14:06:30,12.362578,-1.517955
courierA-5459d08e-e00c-4174-9a21-c4b90ef20a87,2026-02-03T14:07:00,12.36291,-1.518018
courierA-5459d08e-e00c-4174-9a21-c4b90ef20a87,2026-02-03T14:07:30,12.363093,-1.51786
courierA-5459d08e-e00c-4174-9a21-c4b90ef20a87,2026-02-03T14:08:00,12.363154,-1.517521
courierA-5459d08e-e00c-4174-9a21-c4b90ef20a87,2026-02-03T14:08:30,12.363213,-1.517181
leaderB-579ff0e7-77e4-4b16-9220-59c2c36ecc12,2026-02-03T14:09:00,12.358993,-1.520896
courierA-5459d08e-e00c-4174-9a21-c4b90ef20a87,2026-02-03T14:09:00,12.363281,-1.516843
securityB-12f2e631-90a7-4ce7-87f7-c377db45e99c,2026-02-03T14:09:00,12.358993,-1.520896
courierA-5459d08e-e00c-4174-9a21-c4b90ef20a87,2026-02-03T14:09:30,12.363349,-1.516504
courierA-5459d08e-e00c-4174-9a21-c4b90ef20a87,2026-02-03T14:10:00,12.363412,-1.516165
courierA-5459d08e-e00c-4174-9a21-c4b90ef20a87,2026-02-03T14:10:30,12.363487,-1.515829
courierA-5459d08e-e00c-4174-9a21-c4b90ef20a87,2026-02-03T14:11:00,12.363562,-1.515492
leaderB-579ff0e7-77e4-4b16-9220-59c2c36ecc12,2026-02-03T14:12:00,12.359017,-1.520888
securityB-12f2e631-90a7-4ce7-87f7-c377db45e99c,2026-02-03T14:12:00,12.359017,-1.520888
leaderB-579ff0e7-77e4-4b16-9220-59c2c36ecc12,2026-02-03T14:15:00,12.359014,-1.520905
securityB-12f2e631-90a7-4ce7-87f7-c377db45e99c,2026-02-03T14:15:00,12.359014,-1.520905
facA-1420f464-9589-439d-bdab-a216790c256e,2026-02-03T14:30:00,12.363996,-1.515397
facA-1420f464-9589-439d-bdab-a216790c256e,2026-02-03T14:33:00,12.364007,-1.515408
facA-1420f464-9589-439d-bdab-a216790c256e,2026-02-03T14:36:00,12.364008,-1.515388
facA-1420f464-9589-439d-bdab-a216790c256e,2026-02-03T14:39:00,12.364004,-1.515383
civ-47cfda00-4447-4bae-844e-d910041e41ec,2026-02-03T15:00:00,12.362874,-1.522504
civ-fe491fe0-9fa4-456e-999d-a5f08680463f,2026-02-03T15:00:00,12.362908,-1.522489
civ-62842a8d-f545-4c0a-a770-b8c59026dd85,2026-02-03T15:00:00,12.362897,-1.522421
civ-3c2499a7-9f1f-4dfe-8e49-71816e74d21f,2026-02-03T15:00:00,12.362861,-1.522471
civ-32ca458f-bb22-473f-a82c-bcb52a97ac2e,2026-02-03T15:00:00,12.362915,-1.522507
civ-753e83c7-7350-46e9-85ad-12e5a9f40219,2026-02-03T15:00:00,12.36275,-1.522378
civ-a7aea397-a4a8-4a44-86e9-032ea046a114,2026-02-03T15:00:00,12.363997,-1.515273
civ-c6560e18-d971-4e53-b4b7-f7e58d8273ed,2026-02-03T15:00:00,12.364083,-1.515451
civ-3588eb59-1665-4ca1-b78f-143ea729145b,2026-02-03T15:00:00,12.362849,-1.522601
civ-bde2644d-5796-4051-8906-d08d2f2746d2,2026-02-03T15:00:00,12.362788,-1.522456
civ-2ab9f880-cbd2-4a3c-acea-64261e709353,2026-02-03T15:00:00,12.362922,-1.522623
civ-2b09bedf-c285-4d79-b046-2162252e181e,2026-02-03T15:00:00,12.362862,-1.522424
civ-d1c4bcc0-32ef-443a-b3f0-48bd0ae3329f,2026-02-03T15:00:00,12.362812,-1.522449
civ-920f5686-90b7-44dd-b051-4416f06875fc,2026-02-03T15:00:00,12.362883,-1.522527
civ-0c2b9a5a-b741-454e-89c0-a8dda4292c22,2026-02-03T15:00:00,12.362951,-1.522468
civ-7621e00b-ead5-4136-a41f-ba0bd7d6af8e,2026-02-03T15:00:00,12.362874,-1.522417
civ-f95b4865-6a00-439a-b312-829e5efeacf0,2026-02-03T15:00:00,12.362822,-1.522456
civ-ecf267f5-bc75-4cfd-9a2d-bd452ab47e5a,2026-02-03T15:00:00,12.362943,-1.522522
civ-9fb1e63a-5066-4671-b373-2606008f9c2d,2026-02-03T15:00:00,12.362808,-1.522374
civ-e43bbf76-b8a8-4767-b91f-85ef8690ead2,2026-02-03T15:00:00,12.362923,-1.52259
civ-fba9d1c1-582d-4fca-96f0-9d9f8caa13b7,2026-02-03T15:00:00,12.363955,-1.51527
civ-4f654d86-7600-4c69-ad09-185f6607c9ca,2026-02-03T15:00:00,12.364046,-1.51533
courierA-5459d08e-e00c-4174-9a21-c4b90ef20a87,2026-02-03T15:00:00,12.364002,-1.515398
civ-320503a1-b05c-479b-8af0-f2bd7ecf5fc4,2026-02-03T15:00:00,12.362803,-1.522446
civ-ac2825fa-d158-4b61-b092-ee5a4e4b31a8,2026-02-03T15:00:00,12.364007,-1.515433
civ-7ce48a33-7432-4452-8b9d-7fb6171ed9b9,2026-02-03T15:00:00,12.364068,-1.515437
civ-4f7ebc2d-bffa-4cb2-9d61-e036ed8ed8ba,2026-02-03T15:00:00,12.364002,-1.515398
civ-b4846562-972c-409e-ac1b-a4eb4a744247,2026-02-03T15:00:00,12.363997,-1.515351
civ-c19e1d0f-cb87-4279-9e1c-2bc1ebeb6c69,2026-02-03T15:00:00,12.363922,-1.515324
civ-66cda677-a034-470f-a799-20ac03900f87,2026-02-03T15:00:00,12.36402,-1.515492
civ-30e71364-6c3f-4de0-8a75-91b90d6aee28,2026-02-03T15:00:00,12.364051,-1.51544
civ-c358e35b-94ee-4f83-b8f0-6ab3b13808a0,2026-02-03T15:00:00,12.364031,-1.515385
civ-7f366a32-7a3e-4920-8e1e-bd54009940a0,2026-02-03T15:00:00,12.362967,-1.522513
civ-753f2768-5ef3-4e98-b997-53f756365d63,2026-02-03T15:00:00,12.36406,-1.515367
civ-5159cdc2-3a11-49c7-b73d-354e5823bd4b,2026-02-03T15:00:00,12.36404,-1.515322
civ-ba2ccc7c-b804-43c8-b211-d64539c35e6d,2026-02-03T15:00:00,12.364027,-1.515356
civ-6699d1de-452b-487f-92e3-d0aea226dcbe,2026-02-03T15:00:00,12.364013,-1.515496
civ-bf7b11da-e9b8-4421-81cb-9d936e448822,2026-02-03T15:00:00,12.363995,-1.515355
civ-193aab58-fd66-4d55-90d6-c061c98c2592,2026-02-03T15:00:00,12.363948,-1.515418
civ-e41b5319-ea4f-4383-81d7-b91397eafb84,2026-02-03T15:00:00,12.364045,-1.515513
civ-283ebe2d-f33a-44eb-bd40-3fc4b616502a,2026-02-03T15:00:00,12.363995,-1.51552
courierA-5459d08e-e00c-4174-9a21-c4b90ef20a87,2026-02-03T15:03:00,12.363996,-1.515408
courierA-5459d08e-e00c-4174-9a21-c4b90ef20a87,2026-02-03T15:06:00,12.364007,-1.515408
securityA-43c3c6c2-08da-4277-b10b-2565d4ab391b,2026-02-03T17:00:00,12.363601,-1.515311
leaderA-dc3bb5ee-282c-411f-96da-eebb88b52ea0,2026-02-03T17:00:00,12.363601,-1.515311
securityA-43c3c6c2-08da-4277-b10b-2565d4ab391b,2026-02-03T17:00:30,12.363528,-1.515648
leaderA-dc3bb5ee-282c-411f-96da-eebb88b52ea0,2026-02-03T17:00:30,12.363528,-1.515648
leaderA-dc3bb5ee-282c-411f-96da-eebb88b52ea0,2026-02-03T17:01:00,12.363452,-1.515984
securityA-43c3c6c2-08da-4277-b10b-2565d4ab391b,2026-02-03T17:01:00,12.363452,-1.515984
securityA-43c3c6c2-08da-4277-b10b-2565d4ab391b,2026-02-03T17:01:30,12.363383,-1.516322
leaderA-dc3bb5ee-282c-411f-96da-eebb88b52ea0,2026-02-03T17:01:30,12.363383,-1.516322
leaderA-dc3bb5ee-282c-411f-96da-eebb88b52ea0,2026-02-03T17:02:00,12.36332,-1.516662
securityA-43c3c6c2-08da-4277-b10b-2565d4ab391b,2026-02-03T17:02:00,12.36332,-1.516662
leaderA-dc3bb5ee-282c-411f-96da-eebb88b52ea0,2026-02-03T17:02:30,12.363247,-1.516999
securityA-43c3c6c2-08da-4277-b10b-2565d4ab391b,2026-02-03T17:02:30,12.363247,-1.516999
securityA-43c3c6c2-08da-4277-b10b-2565d4ab391b,2026-02-03T17:03:00,12.363186,-1.517338
leaderA-dc3bb5ee-282c-411f-96da-eebb88b52ea0,2026-02-03T17:03:00,12.363186,-1.517338
securityA-43c3c6c2-08da-4277-b10b-2565d4ab391b,2026-02-03T17:03:30,12.363126,-1.517678
leaderA-dc3bb5ee-282c-411f-96da-eebb88b52ea0,2026-02-03T17:03:30,12.363126,-1.517678
securityA-43c3c6c2-08da-4277-b10b-2565d4ab391b,2026-02-03T17:04:00,12.363065,-1.518017
leaderA-dc3bb5ee-282c-411f-96da-eebb88b52ea0,2026-02-03T17:04:00,12.363065,-1.518017
securityA-43c3c6c2-08da-4277-b10b-2565d4ab391b,2026-02-03T17:04:30,12.362813,-1.518074
leaderA-dc3bb5ee-282c-411f-96da-eebb88b52ea0,2026-02-03T17:04:30,12.362813,-1.518074
securityA-43c3c6c2-08da-4277-b10b-2565d4ab391b,2026-02-03T17:05:00,12.362481,-1.518011
leaderA-dc3bb5ee-282c-411f-96da-eebb88b52ea0,2026-02-03T17:05:00,12.362481,-1.518011
leaderA-dc3bb5ee-282c-411f-96da-eebb88b52ea0,2026-02-03T17:05:30,12.36215,-1.517947
securityA-43c3c6c2-08da-4277-b10b-2565d4ab391b,2026-02-03T17:05:30,12.36215,-1.517947
leaderA-dc3bb5ee-282c-411f-96da-eebb88b52ea0,2026-02-03T17:06:00,12.361817,-1.517887
securityA-43c3c6c2-08da-4277-b10b-2565d4ab391b,2026-02-03T17:06:00,12.361817,-1.517887
leaderA-dc3bb5ee-282c-411f-96da-eebb88b52ea0,2026-02-03T17:06:30,12.361485,-1.517828
securityA-43c3c6c2-08da-4277-b10b-2565d4ab391b,2026-02-03T17:06:30,12.361485,-1.517828
leaderA-dc3bb5ee-282c-411f-96da-eebb88b52ea0,2026-02-03T17:07:00,12.361153,-1.517769
securityA-43c3c6c2-08da-4277-b10b-2565d4ab391b,2026-02-03T17:07:00,12.361153,-1.517769
securityA-43c3c6c2-08da-4277-b10b-2565d4ab391b,2026-02-03T17:07:30,12.360821,-1.517709
leaderA-dc3bb5ee-282c-411f-96da-eebb88b52ea0,2026-02-03T17:07:30,12.360821,-1.517709
securityA-43c3c6c2-08da-4277-b10b-2565d4ab391b,2026-02-03T17:08:00,12.360489,-1.517649
leaderA-dc3bb5ee-282c-411f-96da-eebb88b52ea0,2026-02-03T17:08:00,12.360489,-1.517649
leaderA-dc3bb5ee-282c-411f-96da-eebb88b52ea0,2026-02-03T17:08:30,12.360157,-1.517588
securityA-43c3c6c2-08da-4277-b10b-2565d4ab391b,2026-02-03T17:08:30,12.360157,-1.517588
securityA-43c3c6c2-08da-4277-b10b-2565d4ab391b,2026-02-03T17:09:00,12.359825,-1.517527
leaderA-dc3bb5ee-282c-411f-96da-eebb88b52ea0,2026-02-03T17:09:00,12.359825,-1.517527
leaderA-dc3bb5ee-282c-411f-96da-eebb88b52ea0,2026-02-03T17:09:30,12.359493,-1.517467
securityA-43c3c6c2-08da-4277-b10b-2565d4ab391b,2026-02-03T17:09:30,12.359493,-1.517467
leaderA-dc3bb5ee-282c-411f-96da-eebb88b52ea0,2026-02-03T17:10:00,12.359229,-1.517357
securityA-43c3c6c2-08da-4277-b10b-2565d4ab391b,2026-02-03T17:10:00,12.359229,-1.517357
leaderA-dc3bb5ee-282c-411f-96da-eebb88b52ea0,2026-02-03T17:10:30,12.359286,-1.517017
securityA-43c3c6c2-08da-4277-b10b-2565d4ab391b,2026-02-03T17:10:30,12.359286,-1.517017
securityA-43c3c6c2-08da-4277-b10b-2565d4ab391b,2026-02-03T17:11:00,12.359346,-1.516677
leaderA-dc3bb5ee-282c-411f-96da-eebb88b52ea0,2026-02-03T17:11:00,12.359346,-1.516677
leaderA-dc3bb5ee-282c-411f-96da-eebb88b52ea0,2026-02-03T18:00:00,12.359682,-1.516409
securityA-43c3c6c2-08da-4277-b10b-2565d4ab391b,2026-02-03T18:00:00,12.359682,-1.516409
securityA-43c3c6c2-08da-4277-b10b-2565d4ab391b,2026-02-03T18:20:00,12.359683,-1.516403
leaderA-dc3bb5ee-282c-411f-96da-eebb88b52ea0,2026-02-03T18:20:00,12.359683,-1.516403
leaderA-dc3bb5ee-282c-411f-96da-eebb88b52ea0,2026-02-03T18:40:00,12.3597,-1.516385
securityA-43c3c6c2-08da-4277-b10b-2565d4ab391b,2026-02-03T18:40:00,12.3597,-1.516385
securityA-43c3c6c2-08da-4277-b10b-2565d4ab391b,2026-02-03T19:00:00,12.359703,-1.516402
leaderA-dc3bb5ee-282c-411f-96da-eebb88b52ea0,2026-02-03T19:00:00,12.359703,-1.516402
leaderA-dc3bb5ee-282c-411f-96da-eebb88b52ea0,2026-02-03T19:20:00,12.359707,-1.51642
securityA-43c3c6c2-08da-4277-b10b-2565d4ab391b,2026-02-03T19:20:00,12.359707,-1.51642
securityA-43c3c6c2-08da-4277-b10b-2565d4ab391b,2026-02-03T19:40:00,12.359702,-1.516393
leaderA-dc3bb5ee-282c-411f-96da-eebb88b52ea0,2026-02-03T19:40:00,12.359702,-1.516393
logB-c23e4c99-d72b-4789-9397-006a7d765d4c,2026-02-04T05:00:00,12.364466,-1.521212
logB-c23e4c99-d72b-4789-9397-006a7d765d4c,2026-02-04T05:00:30,12.364527,-1.520872
logB-c23e4c99-d72b-4789-9397-006a7d765d4c,2026-02-04T05:01:00,12.364588,-1.520533
logB-c23e4c99-d72b-4789-9397-006a7d765d4c,2026-02-04T05:01:30,12.364651,-1.520194
logB-c23e4c99-d72b-4789-9397-006a7d765d4c,2026-02-04T05:02:00,12.364714,-1.519855
logB-c23e4c99-d72b-4789-9397-006a7d765d4c,2026-02-04T05:02:30,12.364775,-1.519515
logB-c23e4c99-d72b-4789-9397-006a7d765d4c,2026-02-04T05:03:00,12.364843,-1.519177
logB-c23e4c99-d72b-4789-9397-006a7d765d4c,2026-02-04T05:03:30,12.36491,-1.518838
logB-c23e4c99-d72b-4789-9397-006a7d765d4c,2026-02-04T05:04:00,12.364974,-1.518499
logB-c23e4c99-d72b-4789-9397-006a7d765d4c,2026-02-04T05:04:30,12.364673,-1.518418
logB-c23e4c99-d72b-4789-9397-006a7d765d4c,2026-02-04T05:05:00,12.364341,-1.518355
logB-c23e4c99-d72b-4789-9397-006a7d765d4c,2026-02-04T05:05:30,12.364009,-1.518294
logB-c23e4c99-d72b-4789-9397-006a7d765d4c,2026-02-04T05:06:00,12.363677,-1.518233
logB-c23e4c99-d72b-4789-9397-006a7d765d4c,2026-02-04T05:06:30,12.363345,-1.518172
logB-c23e4c99-d72b-4789-9397-006a7d765d4c,2026-02-04T05:07:00,12.363013,-1.518111
logB-c23e4c99-d72b-4789-9397-006a7d765d4c,2026-02-04T05:07:30,12.362682,-1.518049
logB-c23e4c99-d72b-4789-9397-006a7d765d4c,2026-02-04T05:08:00,12.36235,-1.517985
logB-c23e4c99-d72b-4789-9397-006a7d765d4c,2026-02-04T05:08:30,12.362019,-1.517922
logB-c23e4c99-d72b-4789-9397-006a7d765d4c,2026-02-04T05:09:00,12.361686,-1.517864
logB-c23e4c99-d72b-4789-9397-006a7d765d4c,2026-02-04T05:09:30,12.361354,-1.517805
logB-c23e4c99-d72b-4789-9397-006a7d765d4c,2026-02-04T05:10:00,12.361134,-1.517667
logB-c23e4c99-d72b-4789-9397-006a7d765d4c,2026-02-04T05:10:30,12.361198,-1.517328
logB-c23e4c99-d72b-4789-9397-006a7d765d4c,2026-02-04T05:11:00,12.361263,-1.516989
logB-c23e4c99-d72b-4789-9397-006a7d765d4c,2026-02-04T05:11:30,12.361331,-1.516651
logB-c23e4c99-d72b-4789-9397-006a7d765d4c,2026-02-04T05:12:00,12.361398,-1.516312
logB-c23e4c99-d72b-4789-9397-006a7d765d4c,2026-02-04T05:12:30,12.361403,-1.515982
logB-c23e4c99-d72b-4789-9397-006a7d765d4c,2026-02-04T05:13:00,12.36147,-1.515644
logB-c23e4c99-d72b-4789-9397-006a7d765d4c,2026-02-04T05:13:30,12.361536,-1.515305
logB-c23e4c99-d72b-4789-9397-006a7d765d4c,2026-02-04T05:14:00,12.36147,-1.515001
logB-c23e4c99-d72b-4789-9397-006a7d765d4c,2026-02-04T05:14:30,12.361625,-1.514735
logB-c23e4c99-d72b-4789-9397-006a7d765d4c,2026-02-04T05:15:00,12.361721,-1.51443
leaderA-dc3bb5ee-282c-411f-96da-eebb88b52ea0,2026-02-04T05:30:00,12.359696,-1.516403
securityA-43c3c6c2-08da-4277-b10b-2565d4ab391b,2026-02-04T05:30:00,12.359696,-1.516403
securityA-43c3c6c2-08da-4277-b10b-2565d4ab391b,2026-02-04T05:33:00,12.359702,-1.516404
leaderA-dc3bb5ee-282c-411f-96da-eebb88b52ea0,2026-02-04T05:33:00,12.359702,-1.516404
securityA-43c3c6c2-08da-4277-b10b-2565d4ab391b,2026-02-04T05:36:00,12.359711,-1.516408
leaderA-dc3bb5ee-282c-411f-96da-eebb88b52ea0,2026-02-04T05:36:00,12.359711,-1.516408
securityA-43c3c6c2-08da-4277-b10b-2565d4ab391b,2026-02-04T05:39:00,12.359698,-1.516404
leaderA-dc3bb5ee-282c-411f-96da-eebb88b52ea0,2026-02-04T05:39:00,12.359698,-1.516404
securityA-43c3c6c2-08da-4277-b10b-2565d4ab391b,2026-02-04T05:42:00,12.359713,-1.516398
leaderA-dc3bb5ee-282c-411f-96da-eebb88b52ea0,2026-02-04T05:42:00,12.359713,-1.516398
courierA-5459d08e-e00c-4174-9a21-c4b90ef20a87,2026-02-04T06:00:00,12.359413,-1.51634
courierA-5459d08e-e00c-4174-9a21-c4b90ef20a87,2026-02-04T06:00:30,12.359483,-1.516002
courierA-5459d08e-e00c-4174-9a21-c4b90ef20a87,2026-02-04T06:01:00,12.359666,-1.515843
courierA-5459d08e-e00c-4174-9a21-c4b90ef20a87,2026-02-04T06:01:30,12.359996,-1.515914
courierA-5459d08e-e00c-4174-9a21-c4b90ef20a87,2026-02-04T06:02:00,12.360326,-1.515986
courierA-5459d08e-e00c-4174-9a21-c4b90ef20a87,2026-02-04T06:02:30,12.360656,-1.516057
courierA-5459d08e-e00c-4174-9a21-c4b90ef20a87,2026-02-04T06:03:00,12.360986,-1.516128
courierA-5459d08e-e00c-4174-9a21-c4b90ef20a87,2026-02-04T06:03:30,12.361316,-1.516199
courierA-5459d08e-e00c-4174-9a21-c4b90ef20a87,2026-02-04T06:04:00,12.361417,-1.515912
courierA-5459d08e-e00c-4174-9a21-c4b90ef20a87,2026-02-04T06:04:30,12.361484,-1.515573
courierA-5459d08e-e00c-4174-9a21-c4b90ef20a87,2026-02-04T06:05:00,12.361549,-1.515235
courierA-5459d08e-e00c-4174-9a21-c4b90ef20a87,2026-02-04T06:05:30,12.361465,-1.51493
courierA-5459d08e-e00c-4174-9a21-c4b90ef20a87,2026-02-04T06:06:00,12.361664,-1.514691
courierA-5459d08e-e00c-4174-9a21-c4b90ef20a87,2026-02-04T06:06:30,12.36179,-1.514443
facA-1420f464-9589-439d-bdab-a216790c256e,2026-02-04T06:30:00,12.362894,-1.522505
facA-1420f464-9589-439d-bdab-a216790c256e,2026-02-04T06:33:00,12.362894,-1.522489
facA-1420f464-9589-439d-bdab-a216790c256e,2026-02-04T06:36:00,12.362913,-1.522505
facA-1420f464-9589-439d-bdab-a216790c256e,2026-02-04T06:39:00,12.362893,-1.522496
civ-59dc9889-8385-449a-b081-ad773be8ddcd,2026-02-04T07:00:00,12.364095,-1.515386
civ-cb594b60-f938-4228-8a5a-bc488e11d76e,2026-02-04T07:00:00,12.362802,-1.522446
civ-0ed715da-7cfa-4e25-b666-066746b5f743,2026-02-04T07:00:00,12.364149,-1.51545
civ-64a0f8dc-3536-47a4-8b3e-dbe68aada791,2026-02-04T07:00:00,12.364076,-1.515439
civ-94060980-e335-4e1f-b2db-14048da1c7c2,2026-02-04T07:00:00,12.364125,-1.515386
courierA-5459d08e-e00c-4174-9a21-c4b90ef20a87,2026-02-04T07:00:00,12.362509,-1.513102
civ-930a6fd7-ada6-4909-9d8f-6a97763783e6,2026-02-04T07:00:00,12.363977,-1.515369
civ-b6e31c27-ece9-41ed-b363-60f718be41c2,2026-02-04T07:00:00,12.364038,-1.515441
civ-143630f8-7c12-4ca7-aa2f-3696b9eb5ae5,2026-02-04T07:00:00,12.364064,-1.515354
civ-9452c01e-79e8-412d-baf7-03e6ea1ee1c8,2026-02-04T07:00:00,12.363953,-1.515435
civ-56f5b692-a2d5-4dbf-b731-14f99cacb554,2026-02-04T07:00:00,12.362946,-1.522344
civ-d844bc56-6ad8-4b10-ab27-f0b3efc86532,2026-02-04T07:00:00,12.36405,-1.515372
civ-509b0282-746f-42f9-9dd6-aae3a074db6b,2026-02-04T07:00:00,12.364101,-1.515333
civ-f985f5b3-1630-4545-af3e-47ca74510c86,2026-02-04T07:00:00,12.362914,-1.522497
civ-99d28876-8ca2-467b-ab3c-8a0e278d3b9c,2026-02-04T07:00:00,12.362878,-1.522484
civ-6c628b1e-c6cf-4265-855d-257336f62d8a,2026-02-04T07:00:00,12.362918,-1.522386
civ-a08b9b1e-8d84-4b52-b5fd-824f2094c9c6,2026-02-04T07:00:00,12.362893,-1.52248
civ-573f4561-1911-44fa-a373-f5c461bafdfe,2026-02-04T07:00:00,12.362944,-1.522487
civ-81a666e4-2961-4d1c-8f36-5a8318625908,2026-02-04T07:00:00,12.362868,-1.522486
civ-b55009a3-b73f-401c-9704-083dd0df6f2d,2026-02-04T07:00:00,12.362977,-1.522574
civ-d3088e0c-1583-441a-ba07-1a36b71b7cbb,2026-02-04T07:00:00,12.36291,-1.52255
civ-d1d64316-aed4-4d1a-bc75-0c10e5e4048c,2026-02-04T07:00:00,12.362986,-1.52261
civ-e0e9560c-ea0f-44b0-b212-a80c952469b1,2026-02-04T07:00:00,12.36286,-1.522473
civ-6a788703-c6f5-4e67-9f6c-bff716c86f8c,2026-02-04T07:00:00,12.36286,-1.522365
civ-84b8d862-48c1-450b-a7b2-54797eabfb7a,2026-02-04T07:00:00,12.362796,-1.522658
civ-bb30bede-a184-4d8c-9e56-aa324d45482b,2026-02-04T07:00:00,12.362932,-1.522536
civ-efa6f464-793f-4b95-a02f-296ec63d1a38,2026-02-04T07:00:00,12.362826,-1.522449
civ-e7a59bbe-3a61-4fa9-8703-863cf91295d1,2026-02-04T07:00:00,12.362918,-1.522541
civ-d16dde4f-65c4-45f4-88bb-38f5ac98a7b6,2026-02-04T07:00:00,12.362808,-1.522437
civ-4dd76436-09e7-489e-9cdd-3105b24c6d50,2026-02-04T07:00:00,12.363998,-1.515246
civ-27935120-336f-4dff-98da-ead9821582ab,2026-02-04T07:00:00,12.364,-1.515483
civ-d65aa54b-7571-427d-a903-f4977a71d225,2026-02-04T07:00:00,12.364108,-1.515337
civ-1b590b15-8a00-41b0-8942-e2669cc74d37,2026-02-04T07:00:00,12.363984,-1.515398
civ-0f01faf2-f7c0-44ac-b2c2-f9b268711823,2026-02-04T07:00:00,12.364015,-1.515547
civ-d23e41c7-7278-4f8a-a79b-0bfc8b504c25,2026-02-04T07:00:00,12.363982,-1.515449
civ-d2603dfc-a965-403a-8c3e-2f8f005c808b,2026-02-04T07:00:00,12.363928,-1.51542
civ-156b1fe1-e449-4939-96e8-cddcafac0c34,2026-02-04T07:00:00,12.364129,-1.515354
civ-4174b860-87c3-49dc-b38e-bf2a33e9e4f1,2026-02-04T07:00:00,12.363959,-1.515359
civ-f929c8a6-4da7-4806-9d0a-9c9a7b47b7bc,2026-02-04T07:00:00,12.364004,-1.515447
civ-b706cfa6-3c66-4b8e-ab33-957c7ef6b036,2026-02-04T07:00:00,12.363013,-1.522505
civ-1734e13e-c09a-4782-84d6-07041d5ed1a0,2026-02-04T07:00:00,12.362947,-1.522507
courierA-5459d08e-e00c-4174-9a21-c4b90ef20a87,2026-02-04T07:03:00,12.3625,-1.513094
courierA-5459d08e-e00c-4174-9a21-c4b90ef20a87,2026-02-04T07:06:00,12.36249,-1.513097
leaderA-dc3bb5ee-282c-411f-96da-eebb88b52ea0,2026-02-04T07:34:00,12.359413,-1.51634
securityA-43c3c6c2-08da-4277-b10b-2565d4ab391b,2026-02-04T07:34:00,12.359413,-1.51634
leaderA-dc3bb5ee-282c-411f-96da-eebb88b52ea0,2026-02-04T07:34:30,12.359346,-1.516678
securityA-43c3c6c2-08da-4277-b10b-2565d4ab391b,2026-02-04T07:34:30,12.359346,-1.516678
securityA-43c3c6c2-08da-4277-b10b-2565d4ab391b,2026-02-04T07:35:00,12.359286,-1.517018
leaderA-dc3bb5ee-282c-411f-96da-eebb88b52ea0,2026-02-04T07:35:00,12.359286,-1.517018
securityA-43c3c6c2-08da-4277-b10b-2565d4ab391b,2026-02-04T07:35:30,12.359261,-1.517335
leaderA-dc3bb5ee-282c-411f-96da-eebb88b52ea0,2026-02-04T07:35:30,12.359261,-1.517335
leaderA-dc3bb5ee-282c-411f-96da-eebb88b52ea0,2026-02-04T07:36:00,12.359592,-1.517397
securityA-43c3c6c2-08da-4277-b10b-2565d4ab391b,2026-02-04T07:36:00,12.359592,-1.517397
leaderA-dc3bb5ee-282c-411f-96da-eebb88b52ea0,2026-02-04T07:36:30,12.359924,-1.517459
securityA-43c3c6c2-08da-4277-b10b-2565d4ab391b,2026-02-04T07:36:30,12.359924,-1.517459
leaderA-dc3bb5ee-282c-411f-96da-eebb88b52ea0,2026-02-04T07:37:00,12.360256,-1.517521
securityA-43c3c6c2-08da-4277-b10b-2565d4ab391b,2026-02-04T07:37:00,12.360256,-1.517521
leaderA-dc3bb5ee-282c-411f-96da-eebb88b52ea0,2026-02-04T07:37:30,12.360588,-1.517583
securityA-43c3c6c2-08da-4277-b10b-2565d4ab391b,2026-02-04T07:37:30,12.360588,-1.517583
securityA-43c3c6c2-08da-4277-b10b-2565d4ab391b,2026-02-04T07:38:00,12.360919,-1.517645
leaderA-dc3bb5ee-282c-411f-96da-eebb88b52ea0,2026-02-04T07:38:00,12.360919,-1.517645
securityA-43c3c6c2-08da-4277-b10b-2565d4ab391b,2026-02-04T07:38:30,12.361251,-1.517707
leaderA-dc3bb5ee-282c-411f-96da-eebb88b52ea0,2026-02-04T07:38:30,12.361251,-1.517707
securityA-43c3c6c2-08da-4277-b10b-2565d4ab391b,2026-02-04T07:39:00,12.361583,-1.517769
leaderA-dc3bb5ee-282c-411f-96da-eebb88b52ea0,2026-02-04T07:39:00,12.361583,-1.517769
securityA-43c3c6c2-08da-4277-b10b-2565d4ab391b,2026-02-04T07:39:30,12.361915,-1.51783
leaderA-dc3bb5ee-282c-411f-96da-eebb88b52ea0,2026-02-04T07:39:30,12.361915,-1.51783
securityA-43c3c6c2-08da-4277-b10b-2565d4ab391b,2026-02-04T07:40:00,12.362247,-1.517892
leaderA-dc3bb5ee-282c-411f-96da-eebb88b52ea0,2026-02-04T07:40:00,12.362247,-1.517892
leaderA-dc3bb5ee-282c-411f-96da-eebb88b52ea0,2026-02-04T07:40:30,12.362578,-1.517955
securityA-43c3c6c2-08da-4277-b10b-2565d4ab391b,2026-02-04T07:40:30,12.362578,-1.517955
securityA-43c3c6c2-08da-4277-b10b-2565d4ab391b,2026-02-04T07:41:00,12.36291,-1.518018
leaderA-dc3bb5ee-282c-411f-96da-eebb88b52ea0,2026-02-04T07:41:00,12.36291,-1.518018
securityA-43c3c6c2-08da-4277-b10b-2565d4ab391b,2026-02-04T07:41:30,12.363093,-1.51786
leaderA-dc3bb5ee-282c-411f-96da-eebb88b52ea0,2026-02-04T07:41:30,12.363093,-1.51786
leaderA-dc3bb5ee-282c-411f-96da-eebb88b52ea0,2026-02-04T07:42:00,12.363154,-1.517521
securityA-43c3c6c2-08da-4277-b10b-2565d4ab391b,2026-02-04T07:42:00,12.363154,-1.517521
securityA-43c3c6c2-08da-4277-b10b-2565d4ab391b,2026-02-04T07:42:30,12.363213,-1.517181
leaderA-dc3bb5ee-282c-411f-96da-eebb88b52ea0,2026-02-04T07:42:30,12.363213,-1.517181
securityA-43c3c6c2-08da-4277-b10b-2565d4ab391b,2026-02-04T07:43:00,12.363281,-1.516843
leaderA-dc3bb5ee-282c-411f-96da-eebb88b52ea0,2026-02-04T07:43:00,12.363281,-1.516843
securityA-43c3c6c2-08da-4277-b10b-2565d4ab391b,2026-02-04T07:43:30,12.363349,-1.516504
leaderA-dc3bb5ee-282c-411f-96da-eebb88b52ea0,2026-02-04T07:43:30,12.363349,-1.516504
securityA-43c3c6c2-08da-4277-b10b-2565d4ab391b,2026-02-04T07:44:00,12.363412,-1.516165
leaderA-dc3bb5ee-282c-411f-96da-eebb88b52ea0,2026-02-04T07:44:00,12.363412,-1.516165
leaderA-dc3bb5ee-282c-411f-96da-eebb88b52ea0,2026-02-04T07:44:30,12.363487,-1.515829
securityA-43c3c6c2-08da-4277-b10b-2565d4ab391b,2026-02-04T07:44:30,12.363487,-1.515829
securityA-43c3c6c2-08da-4277-b10b-2565d4ab391b,2026-02-04T07:45:00,12.363562,-1.515492
leaderA-dc3bb5ee-282c-411f-96da-eebb88b52ea0,2026-02-04T07:45:00,12.363562,-1.515492
logB-c23e4c99-d72b-4789-9397-006a7d765d4c,2026-02-04T08:00:00,12.362505,-1.513103
leaderB-579ff0e7-77e4-4b16-9220-59c2c36ecc12,2026-02-04T08:00:00,12.364466,-1.521212
securityB-12f2e631-90a7-4ce7-87f7-c377db45e99c,2026-02-04T08:00:00,12.364466,-1.521212
leaderB-579ff0e7-77e4-4b16-9220-59c2c36ecc12,2026-02-04T08:00:30,12.364527,-1.520872
securityB-12f2e631-90a7-4ce7-87f7-c377db45e99c,2026-02-04T08:00:30,12.364527,-1.520872
securityB-12f2e631-90a7-4ce7-87f7-c377db45e99c,2026-02-04T08:01:00,12.364588,-1.520533
leaderB-579ff0e7-77e4-4b16-9220-59c2c36ecc12,2026-02-04T08:01:00,12.364588,-1.520533
securityB-12f2e631-90a7-4ce7-87f7-c377db45e99c,2026-02-04T08:01:30,12.364651,-1.520194
leaderB-579ff0e7-77e4-4b16-9220-59c2c36ecc12,2026-02-04T08:01:30,12.364651,-1.520194
leaderB-579ff0e7-77e4-4b16-9220-59c2c36ecc12,2026-02-04T08:02:00,12.364714,-1.519855
securityB-12f2e631-90a7-4ce7-87f7-c377db45e99c,2026-02-04T08:02:00,12.364714,-1.519855
leaderB-579ff0e7-77e4-4b16-9220-59c2c36ecc12,2026-02-04T08:02:30,12.364775,-1.519515
securityB-12f2e631-90a7-4ce7-87f7-c377db45e99c,2026-02-04T08:02:30,12.364775,-1.519515
leaderB-579ff0e7-77e4-4b16-9220-59c2c36ecc12,2026-02-04T08:03:00,12.364843,-1.519177
logB-c23e4c99-d72b-4789-9397-006a7d765d4c,2026-02-04T08:03:00,12.362505,-1.51309
securityB-12f2e631-90a7-4ce7-87f7-c377db45e99c,2026-02-04T08:03:00,12.364843,-1.519177
leaderB-579ff0e7-77e4-4b16-9220-59c2c36ecc12,2026-02-04T08:03:30,12.36491,-1.518838
securityB-12f2e631-90a7-4ce7-87f7-c377db45e99c,2026-02-04T08:03:30,12.36491,-1.518838
leaderB-579ff0e7-77e4-4b16-9220-59c2c36ecc12,2026-02-04T08:04:00,12.364974,-1.518499
securityB-12f2e631-90a7-4ce7-87f7-c377db45e99c,2026-02-04T08:04:00,12.364974,-1.518499
leaderB-579ff0e7-77e4-4b16-9220-59c2c36ecc12,2026-02-04T08:04:30,12.364673,-1.518418
securityB-12f2e631-90a7-4ce7-87f7-c377db45e99c,2026-02-04T08:04:30,12.364673,-1.518418
securityB-12f2e631-90a7-4ce7-87f7-c377db45e99c,2026-02-04T08:05:00,12.364341,-1.518355
leaderB-579ff0e7-77e4-4b16-9220-59c2c36ecc12,2026-02-04T08:05:00,12.364341,-1.518355
securityB-12f2e631-90a7-4ce7-87f7-c377db45e99c,2026-02-04T08:05:30,12.364009,-1.518294
leaderB-579ff0e7-77e4-4b16-9220-59c2c36ecc12,2026-02-04T08:05:30,12.364009,-1.518294
logB-c23e4c99-d72b-4789-9397-006a7d765d4c,2026-02-04T08:06:00,12.362507,-1.513095
securityB-12f2e631-90a7-4ce7-87f7-c377db45e99c,2026-02-04T08:06:00,12.363677,-1.518233
leaderB-579ff0e7-77e4-4b16-9220-59c2c36ecc12,2026-02-04T08:06:00,12.363677,-1.518233
securityB-12f2e631-90a7-4ce7-87f7-c377db45e99c,2026-02-04T08:06:30,12.363345,-1.518172
leaderB-579ff0e7-77e4-4b16-9220-59c2c36ecc12,2026-02-04T08:06:30,12.363345,-1.518172
leaderB-579ff0e7-77e4-4b16-9220-59c2c36ecc12,2026-02-04T08:07:00,12.363013,-1.518111
securityB-12f2e631-90a7-4ce7-87f7-c377db45e99c,2026-02-04T08:07:00,12.363013,-1.518111
leaderB-579ff0e7-77e4-4b16-9220-59c2c36ecc12,2026-02-04T08:07:30,12.362682,-1.518049
securityB-12f2e631-90a7-4ce7-87f7-c377db45e99c,2026-02-04T08:07:30,12.362682,-1.518049
securityB-12f2e631-90a7-4ce7-87f7-c377db45e99c,2026-02-04T08:08:00,12.36235,-1.517985
leaderB-579ff0e7-77e4-4b16-9220-59c2c36ecc12,2026-02-04T08:08:00,12.36235,-1.517985
leaderB-579ff0e7-77e4-4b16-9220-59c2c36ecc12,2026-02-04T08:08:30,12.362019,-1.517922
securityB-12f2e631-90a7-4ce7-87f7-c377db45e99c,2026-02-04T08:08:30,12.362019,-1.517922
leaderB-579ff0e7-77e4-4b16-9220-59c2c36ecc12,2026-02-04T08:09:00,12.361686,-1.517864
logB-c23e4c99-d72b-4789-9397-006a7d765d4c,2026-02-04T08:09:00,12.36251,-1.513089
securityB-12f2e631-90a7-4ce7-87f7-c377db45e99c,2026-02-04T08:09:00,12.361686,-1.517864
securityB-12f2e631-90a7-4ce7-87f7-c377db45e99c,2026-02-04T08:09:30,12.361354,-1.517805
leaderB-579ff0e7-77e4-4b16-9220-59c2c36ecc12,2026-02-04T08:09:30,12.361354,-1.517805
leaderB-579ff0e7-77e4-4b16-9220-59c2c36ecc12,2026-02-04T08:10:00,12.361134,-1.517667
securityB-12f2e631-90a7-4ce7-87f7-c377db45e99c,2026-02-04T08:10:00,12.361134,-1.517667
leaderB-579ff0e7-77e4-4b16-9220-59c2c36ecc12,2026-02-04T08:10:30,12.361198,-1.517328
securityB-12f2e631-90a7-4ce7-87f7-c377db45e99c,2026-02-04T08:10:30,12.361198,-1.517328
securityB-12f2e631-90a7-4ce7-87f7-c377db45e99c,2026-02-04T08:11:00,12.361263,-1.516989
leaderB-579ff0e7-77e4-4b16-9220-59c2c36ecc12,2026-02-04T08:11:00,12.361263,-1.516989
securityB-12f2e631-90a7-4ce7-87f7-c377db45e99c,2026-02-04T08:11:30,12.361331,-1.516651
leaderB-579ff0e7-77e4-4b16-9220-59c2c36ecc12,2026-02-04T08:11:30,12.361331,-1.516651
leaderB-579ff0e7-77e4-4b16-9220-59c2c36ecc12,2026-02-04T08:12:00,12.361398,-1.516312
securityB-12f2e631-90a7-4ce7-87f7-c377db45e99c,2026-02-04T08:12:00,12.361398,-1.516312
logB-c23e4c99-d72b-4789-9397-006a7d765d4c,2026-02-04T08:12:00,12.362512,-1.513094
leaderB-579ff0e7-77e4-4b16-9220-59c2c36ecc12,2026-02-04T08:12:30,12.361403,-1.515982
securityB-12f2e631-90a7-4ce7-87f7-c377db45e99c,2026-02-04T08:12:30,12.361403,-1.515982
securityB-12f2e631-90a7-4ce7-87f7-c377db45e99c,2026-02-04T08:13:00,12.36147,-1.515644
leaderB-579ff0e7-77e4-4b16-9220-59c2c36ecc12,2026-02-04T08:13:00,12.36147,-1.515644
leaderB-579ff0e7-77e4-4b16-9220-59c2c36ecc12,2026-02-04T08:13:30,12.361536,-1.515305
securityB-12f2e631-90a7-4ce7-87f7-c377db45e99c,2026-02-04T08:13:30,12.361536,-1.515305
leaderB-579ff0e7-77e4-4b16-9220-59c2c36ecc12,2026-02-04T08:14:00,12.36147,-1.515001
securityB-12f2e631-90a7-4ce7-87f7-c377db45e99c,2026-02-04T08:14:00,12.36147,-1.515001
securityB-12f2e631-90a7-4ce7-87f7-c377db45e99c,2026-02-04T08:14:30,12.361625,-1.514735
leaderB-579ff0e7-77e4-4b16-9220-59c2c36ecc12,2026-02-04T08:14:30,12.361625,-1.514735
leaderB-579ff0e7-77e4-4b16-9220-59c2c36ecc12,2026-02-04T08:15:00,12.361721,-1.51443
securityB-12f2e631-90a7-4ce7-87f7-c377db45e99c,2026-02-04T08:15:00,12.361721,-1.51443
leaderB-579ff0e7-77e4-4b16-9220-59c2c36ecc12,2026-02-04T09:00:00,12.362503,-1.513097
propB-775f6ffc-da47-48c0-82b1-4fe100d5ee88,2026-02-04T09:00:00,12.358998,-1.520899
securityB-12f2e631-90a7-4ce7-87f7-c377db45e99c,2026-02-04T09:00:00,12.362503,-1.513097
leaderB-579ff0e7-77e4-4b16-9220-59c2c36ecc12,2026-02-04T09:03:00,12.362506,-1.513082
propB-775f6ffc-da47-48c0-82b1-4fe100d5ee88,2026-02-04T09:03:00,12.359011,-1.520907
securityB-12f2e631-90a7-4ce7-87f7-c377db45e99c,2026-02-04T09:03:00,12.362506,-1.513082
propB-775f6ffc-da47-48c0-82b1-4fe100d5ee88,2026-02-04T09:06:00,12.359003,-1.520904
securityB-12f2e631-90a7-4ce7-87f7-c377db45e99c,2026-02-04T09:06:00,12.362498,-1.513107
leaderB-579ff0e7-77e4-4b16-9220-59c2c36ecc12,2026-02-04T09:06:00,12.362498,-1.513107
securityB-12f2e631-90a7-4ce7-87f7-c377db45e99c,2026-02-04T09:09:00,12.362488,-1.513107
leaderB-579ff0e7-77e4-4b16-9220-59c2c36ecc12,2026-02-04T09:09:00,12.362488,-1.513107
propB-775f6ffc-da47-48c0-82b1-4fe100d5ee88,2026-02-04T09:09:00,12.359,-1.520888
securityA-43c3c6c2-08da-4277-b10b-2565d4ab391b,2026-02-04T09:30:00,12.364009,-1.515413
leaderA-dc3bb5ee-282c-411f-96da-eebb88b52ea0,2026-02-04T09:30:00,12.364009,-1.515413
securityA-43c3c6c2-08da-4277-b10b-2565d4ab391b,2026-02-04T09:45:00,12.364002,-1.515392
leaderA-dc3bb5ee-282c-411f-96da-eebb88b52ea0,2026-02-04T09:45:00,12.364002,-1.515392
leaderA-dc3bb5ee-282c-411f-96da-eebb88b52ea0,2026-02-04T10:00:00,12.364001,-1.51539
securityA-43c3c6c2-08da-4277-b10b-2565d4ab391b,2026-02-04T10:00:00,12.364001,-1.51539
securityA-43c3c6c2-08da-4277-b10b-2565d4ab391b,2026-02-04T10:15:00,12.363995,-1.515387
leaderA-dc3bb5ee-282c-411f-96da-eebb88b52ea0,2026-02-04T10:15:00,12.363995,-1.515387
leaderA-dc3bb5ee-282c-411f-96da-eebb88b52ea0,2026-02-04T10:30:00,12.364021,-1.515403
securityA-43c3c6c2-08da-4277-b10b-2565d4ab391b,2026-02-04T10:30:00,12.364021,-1.515403
leaderA-dc3bb5ee-282c-411f-96da-eebb88b52ea0,2026-02-04T10:45:00,12.363996,-1.515387
securityA-43c3c6c2-08da-4277-b10b-2565d4ab391b,2026-02-04T10:45:00,12.363996,-1.515387
leaderB-579ff0e7-77e4-4b16-9220-59c2c36ecc12,2026-02-04T11:00:00,12.361831,-1.514451
securityB-12f2e631-90a7-4ce7-87f7-c377db45e99c,2026-02-04T11:00:00,12.361831,-1.514451
leaderB-579ff0e7-77e4-4b16-9220-59c2c36ecc12,2026-02-04T11:00:30,12.361806,-1.514771
securityB-12f2e631-90a7-4ce7-87f7-c377db45e99c,2026-02-04T11:00:30,12.361806,-1.514771
leaderB-579ff0e7-77e4-4b16-9220-59c2c36ecc12,2026-02-04T11:01:00,12.361843,-1.515081
securityB-12f2e631-90a7-4ce7-87f7-c377db45e99c,2026-02-04T11:01:00,12.361843,-1.515081
leaderB-579ff0e7-77e4-4b16-9220-59c2c36ecc12,2026-02-04T11:01:30,12.361661,-1.515329
securityB-12f2e631-90a7-4ce7-87f7-c377db45e99c,2026-02-04T11:01:30,12.361661,-1.515329
leaderB-579ff0e7-77e4-4b16-9220-59c2c36ecc12,2026-02-04T11:02:00,12.36159,-1.515666
securityB-12f2e631-90a7-4ce7-87f7-c377db45e99c,2026-02-04T11:02:00,12.36159,-1.515666
leaderB-579ff0e7-77e4-4b16-9220-59c2c36ecc12,2026-02-04T11:02:30,12.361521,-1.516004
securityB-12f2e631-90a7-4ce7-87f7-c377db45e99c,2026-02-04T11:02:30,12.361521,-1.516004
securityB-12f2e631-90a7-4ce7-87f7-c377db45e99c,2026-02-04T11:03:00,12.361398,-1.516308
leaderB-579ff0e7-77e4-4b16-9220-59c2c36ecc12,2026-02-04T11:03:00,12.361398,-1.516308
leaderB-579ff0e7-77e4-4b16-9220-59c2c36ecc12,2026-02-04T11:03:30,12.361331,-1.516647
securityB-12f2e631-90a7-4ce7-87f7-c377db45e99c,2026-02-04T11:03:30,12.361331,-1.516647
leaderB-579ff0e7-77e4-4b16-9220-59c2c36ecc12,2026-02-04T11:04:00,12.361264,-1.516985
securityB-12f2e631-90a7-4ce7-87f7-c377db45e99c,2026-02-04T11:04:00,12.361264,-1.516985
leaderB-579ff0e7-77e4-4b16-9220-59c2c36ecc12,2026-02-04T11:04:30,12.361199,-1.517324
securityB-12f2e631-90a7-4ce7-87f7-c377db45e99c,2026-02-04T11:04:30,12.361199,-1.517324
securityB-12f2e631-90a7-4ce7-87f7-c377db45e99c,2026-02-04T11:05:00,12.361135,-1.517663
leaderB-579ff0e7-77e4-4b16-9220-59c2c36ecc12,2026-02-04T11:05:00,12.361135,-1.517663
securityB-12f2e631-90a7-4ce7-87f7-c377db45e99c,2026-02-04T11:05:30,12.361441,-1.517742
leaderB-579ff0e7-77e4-4b16-9220-59c2c36ecc12,2026-02-04T11:05:30,12.361441,-1.517742
securityB-12f2e631-90a7-4ce7-87f7-c377db45e99c,2026-02-04T11:06:00,12.361773,-1.517804
leaderB-579ff0e7-77e4-4b16-9220-59c2c36ecc12,2026-02-04T11:06:00,12.361773,-1.517804
securityB-12f2e631-90a7-4ce7-87f7-c377db45e99c,2026-02-04T11:06:30,12.362105,-1.517865
leaderB-579ff0e7-77e4-4b16-9220-59c2c36ecc12,2026-02-04T11:06:30,12.362105,-1.517865
securityB-12f2e631-90a7-4ce7-87f7-c377db45e99c,2026-02-04T11:07:00,12.362436,-1.517928
leaderB-579ff0e7-77e4-4b16-9220-59c2c36ecc12,2026-02-04T11:07:00,12.362436,-1.517928
leaderB-579ff0e7-77e4-4b16-9220-59c2c36ecc12,2026-02-04T11:07:30,12.362768,-1.517991
securityB-12f2e631-90a7-4ce7-87f7-c377db45e99c,2026-02-04T11:07:30,12.362768,-1.517991
leaderB-579ff0e7-77e4-4b16-9220-59c2c36ecc12,2026-02-04T11:08:00,12.3631,-1.518054
securityB-12f2e631-90a7-4ce7-87f7-c377db45e99c,2026-02-04T11:08:00,12.3631,-1.518054
securityB-12f2e631-90a7-4ce7-87f7-c377db45e99c,2026-02-04T11:08:30,12.363431,-1.518117
leaderB-579ff0e7-77e4-4b16-9220-59c2c36ecc12,2026-02-04T11:08:30,12.363431,-1.518117
leaderB-579ff0e7-77e4-4b16-9220-59c2c36ecc12,2026-02-04T11:09:00,12.363763,-1.51818
securityB-12f2e631-90a7-4ce7-87f7-c377db45e99c,2026-02-04T11:09:00,12.363763,-1.51818
securityB-12f2e631-90a7-4ce7-87f7-c377db45e99c,2026-02-04T11:09:30,12.364095,-1.518242
leaderB-579ff0e7-77e4-4b16-9220-59c2c36ecc12,2026-02-04T11:09:30,12.364095,-1.518242
securityB-12f2e631-90a7-4ce7-87f7-c377db45e99c,2026-02-04T11:10:00,12.364427,-1.518301
leaderB-579ff0e7-77e4-4b16-9220-59c2c36ecc12,2026-02-04T11:10:00,12.364427,-1.518301
securityB-12f2e631-90a7-4ce7-87f7-c377db45e99c,2026-02-04T11:10:30,12.364759,-1.518362
leaderB-579ff0e7-77e4-4b16-9220-59c2c36ecc12,2026-02-04T11:10:30,12.364759,-1.518362
securityB-12f2e631-90a7-4ce7-87f7-c377db45e99c,2026-02-04T11:11:00,12.364973,-1.518506
leaderB-579ff0e7-77e4-4b16-9220-59c2c36ecc12,2026-02-04T11:11:00,12.364973,-1.518506
securityB-12f2e631-90a7-4ce7-87f7-c377db45e99c,2026-02-04T11:11:30,12.364908,-1.518845
leaderB-579ff0e7-77e4-4b16-9220-59c2c36ecc12,2026-02-04T11:11:30,12.364908,-1.518845
securityB-12f2e631-90a7-4ce7-87f7-c377db45e99c,2026-02-04T11:12:00,12.364842,-1.519183
leaderB-579ff0e7-77e4-4b16-9220-59c2c36ecc12,2026-02-04T11:12:00,12.364842,-1.519183
leaderB-579ff0e7-77e4-4b16-9220-59c2c36ecc12,2026-02-04T11:12:30,12.364774,-1.519521
securityB-12f2e631-90a7-4ce7-87f7-c377db45e99c,2026-02-04T11:12:30,12.364774,-1.519521
securityB-12f2e631-90a7-4ce7-87f7-c377db45e99c,2026-02-04T11:13:00,12.364713,-1.519861
leaderB-579ff0e7-77e4-4b16-9220-59c2c36ecc12,2026-02-04T11:13:00,12.364713,-1.519861
securityB-12f2e631-90a7-4ce7-87f7-c377db45e99c,2026-02-04T11:13:30,12.36465,-1.5202
leaderB-579ff0e7-77e4-4b16-9220-59c2c36ecc12,2026-02-04T11:13:30,12.36465,-1.5202
leaderB-579ff0e7-77e4-4b16-9220-59c2c36ecc12,2026-02-04T11:14:00,12.364587,-1.520539
securityB-12f2e631-90a7-4ce7-87f7-c377db45e99c,2026-02-04T11:14:00,12.364587,-1.520539
leaderB-579ff0e7-77e4-4b16-9220-59c2c36ecc12,2026-02-04T11:14:30,12.364526,-1.520879
securityB-12f2e631-90a7-4ce7-87f7-c377db45e99c,2026-02-04T11:14:30,12.364526,-1.520879
securityB-12f2e631-90a7-4ce7-87f7-c377db45e99c,2026-02-04T14:00:00,12.359,-1.520884
courierA-5459d08e-e00c-4174-9a21-c4b90ef20a87,2026-02-04T14:00:00,12.359413,-1.51634
leaderB-579ff0e7-77e4-4b16-9220-59c2c36ecc12,2026-02-04T14:00:00,12.359,-1.520884
courierA-5459d08e-e00c-4174-9a21-c4b90ef20a87,2026-02-04T14:00:30,12.359346,-1.516678
courierA-5459d08e-e00c-4174-9a21-c4b90ef20a87,2026-02-04T14:01:00,12.359286,-1.517018
courierA-5459d08e-e00c-4174-9a21-c4b90ef20a87,2026-02-04T14:01:30,12.359261,-1.517335
courierA-5459d08e-e00c-4174-9a21-c4b90ef20a87,2026-02-04T14:02:00,12.359592,-1.517397
courierA-5459d08e-e00c-4174-9a21-c4b90ef20a87,2026-02-04T14:02:30,12.359924,-1.517459
securityB-12f2e631-90a7-4ce7-87f7-c377db45e99c,2026-02-04T14:03:00,12.358995,-1.520898
leaderB-579ff0e7-77e4-4b16-9220-59c2c36ecc12,2026-02-04T14:03:00,12.358995,-1.520898
courierA-5459d08e-e00c-4174-9a21-c4b90ef20a87,2026-02-04T14:03:00,12.360256,-1.517521
courierA-5459d08e-e00c-4174-9a21-c4b90ef20a87,2026-02-04T14:03:30,12.360588,-1.517583
courierA-5459d08e-e00c-4174-9a21-c4b90ef20a87,2026-02-04T14:04:00,12.360919,-1.517645
courierA-5459d08e-e00c-4174-9a21-c4b90ef20a87,2026-02-04T14:04:30,12.361251,-1.517707
courierA-5459d08e-e00c-4174-9a21-c4b90ef20a87,2026-02-04T14:05:00,12.361583,-1.517769
courierA-5459d08e-e00c-4174-9a21-c4b90ef20a87,2026-02-04T14:05:30,12.361915,-1.51783
courierA-5459d08e-e00c-4174-9a21-c4b90ef20a87,2026-02-04T14:06:00,12.362247,-1.517892
leaderB-579ff0e7-77e4-4b16-9220-59c2c36ecc12,2026-02-04T14:06:00,12.359,-1.520889
securityB-12f2e631-90a7-4ce7-87f7-c377db45e99c,2026-02-04T14:06:00,12.359,-1.520889
courierA-5459d08e-e00c-4174-9a21-c4b90ef20a87,2026-02-04T14:06:30,12.362578,-1.517955
courierA-5459d08e-e00c-4174-9a21-c4b90ef20a87,2026-02-04T14:07:00,12.36291,-1.518018
courierA-5459d08e-e00c-4174-9a21-c4b90ef20a87,2026-02-04T14:07:30,12.363093,-1.51786
courierA-5459d08e-e00c-4174-9a21-c4b90ef20a87,2026-02-04T14:08:00,12.363154,-1.517521
courierA-5459d08e-e00c-4174-9a21-c4b90ef20a87,2026-02-04T14:08:30,12.363213,-1.517181
courierA-5459d08e-e00c-4174-9a21-c4b90ef20a87,2026-02-04T14:09:00,12.363281,-1.516843
leaderB-579ff0e7-77e4-4b16-9220-59c2c36ecc12,2026-02-04T14:09:00,12.359023,-1.520905
securityB-12f2e631-90a7-4ce7-87f7-c377db45e99c,2026-02-04T14:09:00,12.359023,-1.520905
courierA-5459d08e-e00c-4174-9a21-c4b90ef20a87,2026-02-04T14:09:30,12.363349,-1.516504
courierA-5459d08e-e00c-4174-9a21-c4b90ef20a87,2026-02-04T14:10:00,12.363412,-1.516165
courierA-5459d08e-e00c-4174-9a21-c4b90ef20a87,2026-02-04T14:10:30,12.363487,-1.515829
courierA-5459d08e-e00c-4174-9a21-c4b90ef20a87,2026-02-04T14:11:00,12.363562,-1.515492
leaderB-579ff0e7-77e4-4b16-9220-59c2c36ecc12,2026-02-04T14:12:00,12.358996,-1.520891
securityB-12f2e631-90a7-4ce7-87f7-c377db45e99c,2026-02-04T14:12:00,12.358996,-1.520891
leaderB-579ff0e7-77e4-4b16-9220-59c2c36ecc12,2026-02-04T14:15:00,12.359006,-1.520883
securityB-12f2e631-90a7-4ce7-87f7-c377db45e99c,2026-02-04T14:15:00,12.359006,-1.520883
facA-1420f464-9589-439d-bdab-a216790c256e,2026-02-04T14:30:00,12.363995,-1.515394
facA-1420f464-9589-439d-bdab-a216790c256e,2026-02-04T14:33:00,12.364002,-1.515414
facA-1420f464-9589-439d-bdab-a216790c256e,2026-02-04T14:36:00,12.364014,-1.515384
facA-1420f464-9589-439d-bdab-a216790c256e,2026-02-04T14:39:00,12.363994,-1.515403
civ-6a8cfe34-8dbd-4a47-9779-8cc945a09db0,2026-02-04T15:00:00,12.362851,-1.52237
civ-8cfb35fc-925a-48b5-a6af-e5d707154e74,2026-02-04T15:00:00,12.36396,-1.515448
civ-e8812fd0-0544-4ed9-96c2-bbaaab0a8901,2026-02-04T15:00:00,12.362914,-1.522449
civ-54e0d803-953e-4a2a-8658-9aaadd2ffc59,2026-02-04T15:00:00,12.362946,-1.522404
civ-575e871b-4131-43b1-b787-61a838b18506,2026-02-04T15:00:00,12.364047,-1.515514
civ-012fd46e-8dbb-4a61-a8ca-2cb655845a5a,2026-02-04T15:00:00,12.364106,-1.515301
civ-2133d65c-11bb-43eb-aeb1-184bed6bbfbe,2026-02-04T15:00:00,12.363955,-1.515372
civ-5ab91ac8-2528-45e3-ab8a-77a0aa8c4e63,2026-02-04T15:00:00,12.364036,-1.515381
civ-67cb5ad1-0788-43ad-b458-285654c34086,2026-02-04T15:00:00,12.362894,-1.522396
civ-718413e1-9280-42f4-91e4-7d81c1b508ce,2026-02-04T15:00:00,12.362883,-1.522475
civ-e5ff7a2e-f125-4a2b-8136-3e04d1bd1296,2026-02-04T15:00:00,12.364056,-1.515605
civ-e0d8bab6-1d60-45b0-a61e-d476a0e8dff4,2026-02-04T15:00:00,12.364039,-1.515427
civ-6c3294b6-af12-4813-9878-fe8316cc1892,2026-02-04T15:00:00,12.362897,-1.522482
civ-90dd1980-510a-4f80-9697-761939798c06,2026-02-04T15:00:00,12.364083,-1.515525
civ-b2d2e18b-601b-4d89-934c-f0e1aa5ef6c7,2026-02-04T15:00:00,12.363033,-1.522577
civ-4b300878-2c7e-480f-908e-955c6808b0a6,2026-02-04T15:00:00,12.36279,-1.52255
civ-3a9aefce-cd0b-4334-809a-eb486bdb5f5a,2026-02-04T15:00:00,12.362894,-1.52242
civ-f9fd8a43-c1c9-449f-8f27-6318f8d73e57,2026-02-04T15:00:00,12.362897,-1.522603
civ-559212f0-cf2f-4e75-a7b4-4c72a769d72a,2026-02-04T15:00:00,12.36281,-1.522396
civ-0a08a569-5f98-40e4-a1d8-fdb3b6afaccc,2026-02-04T15:00:00,12.363998,-1.515316
civ-a9f7165b-3e60-4b1c-9600-2fd48abc8293,2026-02-04T15:00:00,12.362909,-1.522549
civ-86b664d0-c5d3-4708-8379-999812216c27,2026-02-04T15:00:00,12.362786,-1.522445
civ-4e873da8-f66b-47af-a171-a73186ce73cd,2026-02-04T15:00:00,12.363988,-1.515336
civ-971ef001-0fa0-4c5f-8762-96f3d8c5869e,2026-02-04T15:00:00,12.362925,-1.522467
courierA-5459d08e-e00c-4174-9a21-c4b90ef20a87,2026-02-04T15:00:00,12.364001,-1.515396
civ-1bd9db07-7e14-4ca4-9f6d-d17d90cdab0c,2026-02-04T15:00:00,12.364124,-1.515369
civ-47e32b1b-6edd-47d3-bbd9-0d8dade6d0b7,2026-02-04T15:00:00,12.364003,-1.515391
civ-21af6516-ba10-4a51-934f-4fb25c8664cf,2026-02-04T15:00:00,12.36283,-1.522503
civ-352f97ac-b203-4bd6-b445-c47e18b15db0,2026-02-04T15:00:00,12.362957,-1.522469
civ-2053a1d1-7b76-4edf-87ff-3ac57acd804d,2026-02-04T15:00:00,12.362961,-1.522547
civ-20b8e6f0-35a4-4971-a0a3-8666aefdfc84,2026-02-04T15:00:00,12.362868,-1.522636
civ-2a22169b-3f1f-4aea-be09-53b5bc32c74b,2026-02-04T15:00:00,12.364044,-1.515474
civ-5e1f3193-e578-4faa-8d3d-a8ba1b6678de,2026-02-04T15:00:00,12.362867,-1.522675
civ-5a736362-d63e-4179-b6ba-c1d5aa8c97dc,2026-02-04T15:00:00,12.364029,-1.515353
civ-5d0e8648-5771-4407-9779-02da0897dab2,2026-02-04T15:00:00,12.363965,-1.515287
civ-7e692a08-30f4-4738-bb92-a13a40e00861,2026-02-04T15:00:00,12.363912,-1.515505
civ-12f164c5-5e71-4851-acf9-32bbf7896930,2026-02-04T15:00:00,12.364016,-1.515325
civ-4a6bd9b5-22ed-4fc5-8a34-a004573af093,2026-02-04T15:00:00,12.364121,-1.515433
civ-ac396942-e597-4dd6-a2b5-e51f26765352,2026-02-04T15:00:00,12.364078,-1.515403
civ-ac4a0bce-a5da-4946-8e25-1fcf0723b79c,2026-02-04T15:00:00,12.363981,-1.51552
civ-4b80e6d3-25cb-4f71-89ca-9361e482e374,2026-02-04T15:00:00,12.362941,-1.522468
courierA-5459d08e-e00c-4174-9a21-c4b90ef20a87,2026-02-04T15:03:00,12.364003,-1.515378
courierA-5459d08e-e00c-4174-9a21-c4b90ef20a87,2026-02-04T15:06:00,12.363994,-1.515405
leaderA-dc3bb5ee-282c-411f-96da-eebb88b52ea0,2026-02-04T17:00:00,12.363601,-1.515311
securityA-43c3c6c2-08da-4277-b10b-2565d4ab391b,2026-02-04T17:00:00,12.363601,-1.515311
leaderA-dc3bb5ee-282c-411f-96da-eebb88b52ea0,2026-02-04T17:00:30,12.363528,-1.515648
securityA-43c3c6c2-08da-4277-b10b-2565d4ab391b,2026-02-04T17:00:30,12.363528,-1.515648
leaderA-dc3bb5ee-282c-411f-96da-eebb88b52ea0,2026-02-04T17:01:00,12.363452,-1.515984
securityA-43c3c6c2-08da-4277-b10b-2565d4ab391b,2026-02-04T17:01:00,12.363452,-1.515984
securityA-43c3c6c2-08da-4277-b10b-2565d4ab391b,2026-02-04T17:01:30,12.363383,-1.516322
leaderA-dc3bb5ee-282c-411f-96da-eebb88b52ea0,2026-02-04T17:01:30,12.363383,-1.516322
leaderA-dc3bb5ee-282c-411f-96da-eebb88b52ea0,2026-02-04T17:02:00,12.36332,-1.516662
securityA-43c3c6c2-08da-4277-b10b-2565d4ab391b,2026-02-04T17:02:00,12.36332,-1.516662
leaderA-dc3bb5ee-282c-411f-96da-eebb88b52ea0,2026-02-04T17:02:30,12.363247,-1.516999
securityA-43c3c6c2-08da-4277-b10b-2565d4ab391b,2026-02-04T17:02:30,12.363247,-1.516999
securityA-43c3c6c2-08da-4277-b10b-2565d4ab391b,2026-02-04T17:03:00,12.363186,-1.517338
leaderA-dc3bb5ee-282c-411f-96da-eebb88b52ea0,2026-02-04T17:03:00,12.363186,-1.517338
leaderA-dc3bb5ee-282c-411f-96da-eebb88b52ea0,2026-02-04T17:03:30,12.363126,-1.517678
securityA-43c3c6c2-08da-4277-b10b-2565d4ab391b,2026-02-04T17:03:30,12.363126,-1.517678
leaderA-dc3bb5ee-282c-411f-96da-eebb88b52ea0,2026-02-04T17:04:00,12.363065,-1.518017
securityA-43c3c6c2-08da-4277-b10b-2565d4ab391b,2026-02-04T17:04:00,12.363065,-1.518017
securityA-43c3c6c2-08da-4277-b10b-2565d4ab391b,2026-02-04T17:04:30,12.362813,-1.518074
leaderA-dc3bb5ee-282c-411f-96da-eebb88b52ea0,2026-02-04T17:04:30,12.362813,-1.518074
securityA-43c3c6c2-08da-4277-b10b-2565d4ab391b,2026-02-04T17:05:00,12.362481,-1.518011
leaderA-dc3bb5ee-282c-411f-96da-eebb88b52ea0,2026-02-04T17:05:00,12.362481,-1.518011
leaderA-dc3bb5ee-282c-411f-96da-eebb88b52ea0,2026-02-04T17:05:30,12.36215,-1.517947
securityA-43c3c6c2-08da-4277-b10b-2565d4ab391b,2026-02-04T17:05:30,12.36215,-1.517947
leaderA-dc3bb5ee-282c-411f-96da-eebb88b52ea0,2026-02-04T17:06:00,12.361817,-1.517887
securityA-43c3c6c2-08da-4277-b10b-2565d4ab391b,2026-02-04T17:06:00,12.361817,-1.517887
leaderA-dc3bb5ee-282c-411f-96da-eebb88b52ea0,2026-02-04T17:06:30,12.361485,-1.517828
securityA-43c3c6c2-08da-4277-b10b-2565d4ab391b,2026-02-04T17:06:30,12.361485,-1.517828
leaderA-dc3bb5ee-282c-411f-96da-eebb88b52ea0,2026-02-04T17:07:00,12.361153,-1.517769
securityA-43c3c6c2-08da-4277-b10b-2565d4ab391b,2026-02-04T17:07:00,12.361153,-1.517769
securityA-43c3c6c2-08da-4277-b10b-2565d4ab391b,2026-02-04T17:07:30,12.360821,-1.517709
leaderA-dc3bb5ee-282c-411f-96da-eebb88b52ea0,2026-02-04T17:07:30,12.360821,-1.517709
securityA-43c3c6c2-08da-4277-b10b-2565d4ab391b,2026-02-04T17:08:00,12.360489,-1.517649
leaderA-dc3bb5ee-282c-411f-96da-eebb88b52ea0,2026-02-04T17:08:00,12.360489,-1.517649
leaderA-dc3bb5ee-282c-411f-96da-eebb88b52ea0,2026-02-04T17:08:30,12.360157,-1.517588
securityA-43c3c6c2-08da-4277-b10b-2565d4ab391b,2026-02-04T17:08:30,12.360157,-1.517588
securityA-43c3c6c2-08da-4277-b10b-2565d4ab391b,2026-02-04T17:09:00,12.359825,-1.517527
leaderA-dc3bb5ee-282c-411f-96da-eebb88b52ea0,2026-02-04T17:09:00,12.359825,-1.517527
securityA-43c3c6c2-08da-4277-b10b-2565d4ab391b,2026-02-04T17:09:30,12.359493,-1.517467
leaderA-dc3bb5ee-282c-411f-96da-eebb88b52ea0,2026-02-04T17:09:30,12.359493,-1.517467
securityA-43c3c6c2-08da-4277-b10b-2565d4ab391b,2026-02-04T17:10:00,12.359229,-1.517357
leaderA-dc3bb5ee-282c-411f-96da-eebb88b52ea0,2026-02-04T17:10:00,12.359229,-1.517357
securityA-43c3c6c2-08da-4277-b10b-2565d4ab391b,2026-02-04T17:10:30,12.359286,-1.517017
leaderA-dc3bb5ee-282c-411f-96da-eebb88b52ea0,2026-02-04T17:10:30,12.359286,-1.517017
securityA-43c3c6c2-08da-4277-b10b-2565d4ab391b,2026-02-04T17:11:00,12.359346,-1.516677
leaderA-dc3bb5ee-282c-411f-96da-eebb88b52ea0,2026-02-04T17:11:00,12.359346,-1.516677
securityA-43c3c6c2-08da-4277-b10b-2565d4ab391b,2026-02-04T18:00:00,12.359714,-1.516405
leaderA-dc3bb5ee-282c-411f-96da-eebb88b52ea0,2026-02-04T18:00:00,12.359714,-1.516405
leaderA-dc3bb5ee-282c-411f-96da-eebb88b52ea0,2026-02-04T18:20:00,12.359696,-1.516403
securityA-43c3c6c2-08da-4277-b10b-2565d4ab391b,2026-02-04T18:20:00,12.359696,-1.516403
securityA-43c3c6c2-08da-4277-b10b-2565d4ab391b,2026-02-04T18:40:00,12.359688,-1.516408
leaderA-dc3bb5ee-282c-411f-96da-eebb88b52ea0,2026-02-04T18:40:00,12.359688,-1.516408
securityA-43c3c6c2-08da-4277-b10b-2565d4ab391b,2026-02-04T19:00:00,12.359691,-1.516407
leaderA-dc3bb5ee-282c-411f-96da-eebb88b52ea0,2026-02-04T19:00:00,12.359691,-1.516407
leaderA-dc3bb5ee-282c-411f-96da-eebb88b52ea0,2026-02-04T19:20:00,12.3597,-1.516398
securityA-43c3c6c2-08da-4277-b10b-2565d4ab391b,2026-02-04T19:20:00,12.3597,-1.516398
leaderA-dc3bb5ee-282c-411f-96da-eebb88b52ea0,2026-02-04T19:40:00,12.359714,-1.516409
securityA-43c3c6c2-08da-4277-b10b-2565d4ab391b,2026-02-04T19:40:00,12.359714,-1.516409
logB-c23e4c99-d72b-4789-9397-006a7d765d4c,2026-02-05T05:00:00,12.364466,-1.521212
logB-c23e4c99-d72b-4789-9397-006a7d765d4c,2026-02-05T05:00:30,12.364527,-1.520872
logB-c23e4c99-d72b-4789-9397-006a7d765d4c,2026-02-05T05:01:00,12.364588,-1.520533
logB-c23e4c99-d72b-4789-9397-006a7d765d4c,2026-02-05T05:01:30,12.364651,-1.520194
logB-c23e4c99-d72b-4789-9397-006a7d765d4c,2026-02-05T05:02:00,12.364714,-1.519855
logB-c23e4c99-d72b-4789-9397-006a7d765d4c,2026-02-05T05:02:30,12.364775,-1.519515
logB-c23e4c99-d72b-4789-9397-006a7d765d4c,2026-02-05T05:03:00,12.364843,-1.519177
logB-c23e4c99-d72b-4789-9397-006a7d765d4c,2026-02-05T05:03:30,12.36491,-1.518838
logB-c23e4c99-d72b-4789-9397-006a7d765d4c,2026-02-05T05:04:00,12.364974,-1.518499
logB-c23e4c99-d72b-4789-9397-006a7d765d4c,2026-02-05T05:04:30,12.364673,-1.518418
logB-c23e4c99-d72b-4789-9397-006a7d765d4c,2026-02-05T05:05:00,12.364341,-1.518355
logB-c23e4c99-d72b-4789-9397-006a7d765d4c,2026-02-05T05:05:30,12.364009,-1.518294
logB-c23e4c99-d72b-4789-9397-006a7d765d4c,2026-02-05T05:06:00,12.363677,-1.518233
logB-c23e4c99-d72b-4789-9397-006a7d765d4c,2026-02-05T05:06:30,12.363345,-1.518172
logB-c23e4c99-d72b-4789-9397-006a7d765d4c,2026-02-05T05:07:00,12.363013,-1.518111
logB-c23e4c99-d72b-4789-9397-006a7d765d4c,2026-02-05T05:07:30,12.362682,-1.518049
logB-c23e4c99-d72b-4789-9397-006a7d765d4c,2026-02-05T05:08:00,12.36235,-1.517985
logB-c23e4c99-d72b-4789-9397-006a7d765d4c,2026-02-05T05:08:30,12.362019,-1.517922
logB-c23e4c99-d72b-4789-9397-006a7d765d4c,2026-02-05T05:09:00,12.361686,-1.517864
logB-c23e4c99-d72b-4789-9397-006a7d765d4c,2026-02-05T05:09:30,12.361354,-1.517805
logB-c23e4c99-d72b-4789-9397-006a7d765d4c,2026-02-05T05:10:00,12.361134,-1.517667
logB-c23e4c99-d72b-4789-9397-006a7d765d4c,2026-02-05T05:10:30,12.361198,-1.517328
logB-c23e4c99-d72b-4789-9397-006a7d765d4c,2026-02-05T05:11:00,12.361263,-1.516989
logB-c23e4c99-d72b-4789-9397-006a7d765d4c,2026-02-05T05:11:30,12.361331,-1.516651
logB-c23e4c99-d72b-4789-9397-006a7d765d4c,2026-02-05T05:12:00,12.361398,-1.516312
logB-c23e4c99-d72b-4789-9397-006a7d765d4c,2026-02-05T05:12:30,12.361403,-1.515982
logB-c23e4c99-d72b-4789-9397-006a7d765d4c,2026-02-05T05:13:00,12.36147,-1.515644
logB-c23e4c99-d72b-4789-9397-006a7d765d4c,2026-02-05T05:13:30,12.361536,-1.515305
logB-c23e4c99-d72b-4789-9397-006a7d765d4c,2026-02-05T05:14:00,12.36147,-1.515001
logB-c23e4c99-d72b-4789-9397-006a7d765d4c,2026-02-05T05:14:30,12.361625,-1.514735
logB-c23e4c99-d72b-4789-9397-006a7d765d4c,2026-02-05T05:15:00,12.361721,-1.51443
securityA-43c3c6c2-08da-4277-b10b-2565d4ab391b,2026-02-05T05:30:00,12.359697,-1.51641
leaderA-dc3bb5ee-282c-411f-96da-eebb88b52ea0,2026-02-05T05:30:00,12.359697,-1.51641
leaderA-dc3bb5ee-282c-411f-96da-eebb88b52ea0,2026-02-05T05:33:00,12.359688,-1.51639
securityA-43c3c6c2-08da-4277-b10b-2565d4ab391b,2026-02-05T05:33:00,12.359688,-1.51639
leaderA-dc3bb5ee-282c-411f-96da-eebb88b52ea0,2026-02-05T05:36:00,12.359696,-1.516397
securityA-43c3c6c2-08da-4277-b10b-2565d4ab391b,2026-02-05T05:36:00,12.359696,-1.516397
leaderA-dc3bb5ee-282c-411f-96da-eebb88b52ea0,2026-02-05T05:39:00,12.3597,-1.516396
securityA-43c3c6c2-08da-4277-b10b-2565d4ab391b,2026-02-05T05:39:00,12.3597,-1.516396
leaderA-dc3bb5ee-282c-411f-96da-eebb88b52ea0,2026-02-05T05:42:00,12.359701,-1.516412
securityA-43c3c6c2-08da-4277-b10b-2565d4ab391b,2026-02-05T05:42:00,12.359701,-1.516412
courierA-5459d08e-e00c-4174-9a21-c4b90ef20a87,2026-02-05T06:00:00,12.359413,-1.51634
courierA-5459d08e-e00c-4174-9a21-c4b90ef20a87,2026-02-05T06:00:30,12.359483,-1.516002
courierA-5459d08e-e00c-4174-9a21-c4b90ef20a87,2026-02-05T06:01:00,12.359666,-1.515843
courierA-5459d08e-e00c-4174-9a21-c4b90ef20a87,2026-02-05T06:01:30,12.359996,-1.515914
courierA-5459d08e-e00c-4174-9a21-c4b90ef20a87,2026-02-05T06:02:00,12.360326,-1.515986
courierA-5459d08e-e00c-4174-9a21-c4b90ef20a87,2026-02-05T06:02:30,12.360656,-1.516057
courierA-5459d08e-e00c-4174-9a21-c4b90ef20a87,2026-02-05T06:03:00,12.360986,-1.516128
courierA-5459d08e-e00c-4174-9a21-c4b90ef20a87,2026-02-05T06:03:30,12.361316,-1.516199
courierA-5459d08e-e00c-4174-9a21-c4b90ef20a87,2026-02-05T06:04:00,12.361417,-1.515912
courierA-5459d08e-e00c-4174-9a21-c4b90ef20a87,2026-02-05T06:04:30,12.361484,-1.515573
courierA-5459d08e-e00c-4174-9a21-c4b90ef20a87,2026-02-05T06:05:00,12.361549,-1.515235
courierA-5459d08e-e00c-4174-9a21-c4b90ef20a87,2026-02-05T06:05:30,12.361465,-1.51493
courierA-5459d08e-e00c-4174-9a21-c4b90ef20a87,2026-02-05T06:06:00,12.361664,-1.514691
courierA-5459d08e-e00c-4174-9a21-c4b90ef20a87,2026-02-05T06:06:30,12.36179,-1.514443
facA-1420f464-9589-439d-bdab-a216790c256e,2026-02-05T06:30:00,12.362898,-1.522498
facA-1420f464-9589-439d-bdab-a216790c256e,2026-02-05T06:33:00,12.362908,-1.522496
facA-1420f464-9589-439d-bdab-a216790c256e,2026-02-05T06:36:00,12.362901,-1.522497
facA-1420f464-9589-439d-bdab-a216790c256e,2026-02-05T06:39:00,12.362922,-1.522501
securityA-43c3c6c2-08da-4277-b10b-2565d4ab391b,2026-02-05T06:54:00,12.359413,-1.51634
leaderA-dc3bb5ee-282c-411f-96da-eebb88b52ea0,2026-02-05T06:54:00,12.359413,-1.51634
securityA-43c3c6c2-08da-4277-b10b-2565d4ab391b,2026-02-05T06:54:30,12.359346,-1.516678
leaderA-dc3bb5ee-282c-411f-96da-eebb88b52ea0,2026-02-05T06:54:30,12.359346,-1.516678
securityA-43c3c6c2-08da-4277-b10b-2565d4ab391b,2026-02-05T06:55:00,12.359286,-1.517018
leaderA-dc3bb5ee-282c-411f-96da-eebb88b52ea0,2026-02-05T06:55:00,12.359286,-1.517018
leaderA-dc3bb5ee-282c-411f-96da-eebb88b52ea0,2026-02-05T06:55:30,12.359261,-1.517335
securityA-43c3c6c2-08da-4277-b10b-2565d4ab391b,2026-02-05T06:55:30,12.359261,-1.517335
securityA-43c3c6c2-08da-4277-b10b-2565d4ab391b,2026-02-05T06:56:00,12.359592,-1.517397
leaderA-dc3bb5ee-282c-411f-96da-eebb88b52ea0,2026-02-05T06:56:00,12.359592,-1.517397
leaderA-dc3bb5ee-282c-411f-96da-eebb88b52ea0,2026-02-05T06:56:30,12.359924,-1.517459
securityA-43c3c6c2-08da-4277-b10b-2565d4ab391b,2026-02-05T06:56:30,12.359924,-1.517459
leaderA-dc3bb5ee-282c-411f-96da-eebb88b52ea0,2026-02-05T06:57:00,12.360256,-1.517521
securityA-43c3c6c2-08da-4277-b10b-2565d4ab391b,2026-02-05T06:57:00,12.360256,-1.517521
leaderA-dc3bb5ee-282c-411f-96da-eebb88b52ea0,2026-02-05T06:57:30,12.360588,-1.517583
securityA-43c3c6c2-08da-4277-b10b-2565d4ab391b,2026-02-05T06:57:30,12.360588,-1.517583
leaderA-dc3bb5ee-282c-411f-96da-eebb88b52ea0,2026-02-05T06:58:00,12.360919,-1.517645
securityA-43c3c6c2-08da-4277-b10b-2565d4ab391b,2026-02-05T06:58:00,12.360919,-1.517645
leaderA-dc3bb5ee-282c-411f-96da-eebb88b52ea0,2026-02-05T06:58:30,12.361251,-1.517707
securityA-43c3c6c2-08da-4277-b10b-2565d4ab391b,2026-02-05T06:58:30,12.361251,-1.517707
securityA-43c3c6c2-08da-4277-b10b-2565d4ab391b,2026-02-05T06:59:00,12.361583,-1.517769
leaderA-dc3bb5ee-282c-411f-96da-eebb88b52ea0,2026-02-05T06:59:00,12.361583,-1.517769
securityA-43c3c6c2-08da-4277-b10b-2565d4ab391b,2026-02-05T06:59:30,12.361915,-1.51783
leaderA-dc3bb5ee-282c-411f-96da-eebb88b52ea0,2026-02-05T06:59:30,12.361915,-1.51783
civ-de596c5e-aa16-44c5-9b2a-f15503fc6258,2026-02-05T07:00:00,12.362966,-1.522613
civ-7ab0dab2-c993-4c8d-8e1e-97e9bb508832,2026-02-05T07:00:00,12.362899,-1.52246
civ-1b5c0b98-69a5-44dc-9d76-e101659e2b5b,2026-02-05T07:00:00,12.362785,-1.522468
civ-3b11d57e-aa8a-454e-9651-4dee27796a67,2026-02-05T07:00:00,12.362857,-1.522477
civ-d766cde6-fcd7-4dbc-a685-b8da542555b6,2026-02-05T07:00:00,12.362908,-1.522596
civ-b4171103-7144-4f05-8475-676cc71fc04a,2026-02-05T07:00:00,12.36294,-1.52257
civ-e650ca91-3b29-4c12-9296-3acf09ba9157,2026-02-05T07:00:00,12.362829,-1.522516
civ-8353d9c0-f941-4d47-b415-7182ceed8673,2026-02-05T07:00:00,12.362829,-1.522432
civ-4bb2ffa7-05a2-499c-9312-f74faf2335a3,2026-02-05T07:00:00,12.362913,-1.5224
civ-367a5bc6-75ec-493e-b1d1-62d51fa38c2a,2026-02-05T07:00:00,12.363,-1.522459
civ-9af12cb2-9f8b-42b3-ab02-d70e06064a04,2026-02-05T07:00:00,12.362778,-1.522507
civ-334e2506-ab1c-4653-bd63-e38af37990c8,2026-02-05T07:00:00,12.362846,-1.52252
civ-fb2c6aa7-402f-4983-be11-58db8a3e83a2,2026-02-05T07:00:00,12.362908,-1.522505
civ-f4dd7271-f602-429c-b88c-35c69f6c388a,2026-02-05T07:00:00,12.362955,-1.52248
civ-48c16a7f-c828-475b-a779-d0ebbfa8ce98,2026-02-05T07:00:00,12.362943,-1.522439
civ-c94b3b6f-1f0b-47dc-abe2-1c81cca85bb0,2026-02-05T07:00:00,12.362974,-1.522324
leaderA-dc3bb5ee-282c-411f-96da-eebb88b52ea0,2026-02-05T07:00:00,12.362247,-1.517892
civ-653de226-77ea-4ed7-a8cd-9b004ad6997d,2026-02-05T07:00:00,12.362909,-1.522531
courierA-5459d08e-e00c-4174-9a21-c4b90ef20a87,2026-02-05T07:00:00,12.362508,-1.513097
civ-5d8892e5-14ae-470e-a290-74eaed06136b,2026-02-05T07:00:00,12.362829,-1.522579
civ-846942d7-30e5-48d6-9b98-044c9c6d1d5d,2026-02-05T07:00:00,12.362909,-1.522461
civ-83f691d1-ed6d-4789-a952-61ec0b43c5ec,2026-02-05T07:00:00,12.362916,-1.522402
civ-242a8d59-7d12-4755-9f58-b8c2ce8eedbf,2026-02-05T07:00:00,12.364002,-1.515455
civ-d3c1c47f-72f5-4f41-a19f-33e0db546a67,2026-02-05T07:00:00,12.364167,-1.515372
civ-dcce74b8-37b3-47fc-802c-87d1b8d17e69,2026-02-05T07:00:00,12.364087,-1.51539
civ-ad415589-d477-4ac3-a57c-69a49aa749ca,2026-02-05T07:00:00,12.363921,-1.515423
securityA-43c3c6c2-08da-4277-b10b-2565d4ab391b,2026-02-05T07:00:00,12.362247,-1.517892
civ-4104024f-3857-4e1b-baee-4a0b5f2a5652,2026-02-05T07:00:00,12.364051,-1.515331
civ-27b5645a-e672-4d3d-a7fb-2e2a631840f5,2026-02-05T07:00:00,12.363953,-1.515488
civ-42c84625-4143-488a-982f-4b2a6fe97942,2026-02-05T07:00:00,12.364014,-1.515422
civ-aeb4d9a0-3be1-455c-aa23-51072da13e51,2026-02-05T07:00:00,12.364079,-1.515356
civ-e2a3d24c-5c13-4a4c-835b-5e2493e052ba,2026-02-05T07:00:00,12.363947,-1.515311
civ-e3998c38-474b-471e-86cf-9d577d7382f4,2026-02-05T07:00:00,12.363992,-1.515465
civ-1934af7b-0332-4510-ae3d-ae531aa35592,2026-02-05T07:00:00,12.36401,-1.515411
civ-68189d21-71dc-41ed-944c-ca03cfdb80b2,2026-02-05T07:00:00,12.364039,-1.515466
civ-c3f95490-22d8-49b6-af45-12a2aa59f098,2026-02-05T07:00:00,12.364017,-1.515512
civ-3dc6e7a9-2cca-4365-be86-4d40b81acaa8,2026-02-05T07:00:00,12.364024,-1.51534
civ-c22796d8-4ebf-4164-89c8-cbee9e8be220,2026-02-05T07:00:00,12.363856,-1.515373
civ-3a296be6-ceaf-44f4-ae42-6c8a87c0ef6e,2026-02-05T07:00:00,12.364088,-1.515487
civ-af781498-aebb-43d0-8a57-4601926574f4,2026-02-05T07:00:00,12.364012,-1.515502
civ-a24b9b78-dbf4-48cb-af72-b6cd5249bed0,2026-02-05T07:00:00,12.36412,-1.51537
civ-9877a109-ecd8-4574-8de9-88abdd644bba,2026-02-05T07:00:00,12.363949,-1.515404
civ-4c2ce459-5526-49d3-8a76-dd1a68e2a270,2026-02-05T07:00:00,12.36404,-1.515395
leaderA-dc3bb5ee-282c-411f-96da-eebb88b52ea0,2026-02-05T07:00:30,12.362578,-1.517955
securityA-43c3c6c2-08da-4277-b10b-2565d4ab391b,2026-02-05T07:00:30,12.362578,-1.517955
leaderA-dc3bb5ee-282c-411f-96da-eebb88b52ea0,2026-02-05T07:01:00,12.36291,-1.518018
securityA-43c3c6c2-08da-4277-b10b-2565d4ab391b,2026-02-05T07:01:00,12.36291,-1.518018
leaderA-dc3bb5ee-282c-411f-96da-eebb88b52ea0,2026-02-05T07:01:30,12.363093,-1.51786
securityA-43c3c6c2-08da-4277-b10b-2565d4ab391b,2026-02-05T07:01:30,12.363093,-1.51786
leaderA-dc3bb5ee-282c-411f-96da-eebb88b52ea0,2026-02-05T07:02:00,12.363154,-1.517521
securityA-43c3c6c2-08da-4277-b10b-2565d4ab391b,2026-02-05T07:02:00,12.363154,-1.517521
securityA-43c3c6c2-08da-4277-b10b-2565d4ab391b,2026-02-05T07:02:30,12.363213,-1.517181
leaderA-dc3bb5ee-282c-411f-96da-eebb88b52ea0,2026-02-05T07:02:30,12.363213,-1.517181
courierA-5459d08e-e00c-4174-9a21-c4b90ef20a87,2026-02-05T07:03:00,12.362509,-1.513126
securityA-43c3c6c2-08da-4277-b10b-2565d4ab391b,2026-02-05T07:03:00,12.363281,-1.516843
leaderA-dc3bb5ee-282c-411f-96da-eebb88b52ea0,2026-02-05T07:03:00,12.363281,-1.516843
leaderA-dc3bb5ee-282c-411f-96da-eebb88b52ea0,2026-02-05T07:03:30,12.363349,-1.516504
securityA-43c3c6c2-08da-4277-b10b-2565d4ab391b,2026-02-05T07:03:30,12.363349,-1.516504
leaderA-dc3bb5ee-282c-411f-96da-eebb88b52ea0,2026-02-05T07:04:00,12.363412,-1.516165
securityA-43c3c6c2-08da-4277-b10b-2565d4ab391b,2026-02-05T07:04:00,12.363412,-1.516165
securityA-43c3c6c2-08da-4277-b10b-2565d4ab391b,2026-02-05T07:04:30,12.363487,-1.515829
leaderA-dc3bb5ee-282c-411f-96da-eebb88b52ea0,2026-02-05T07:04:30,12.363487,-1.515829
securityA-43c3c6c2-08da-4277-b10b-2565d4ab391b,2026-02-05T07:05:00,12.363562,-1.515492
leaderA-dc3bb5ee-282c-411f-96da-eebb88b52ea0,2026-02-05T07:05:00,12.363562,-1.515492
courierA-5459d08e-e00c-4174-9a21-c4b90ef20a87,2026-02-05T07:06:00,12.362519,-1.513101
logB-c23e4c99-d72b-4789-9397-006a7d765d4c,2026-02-05T08:00:00,12.36249,-1.513113
securityB-12f2e631-90a7-4ce7-87f7-c377db45e99c,2026-02-05T08:00:00,12.364466,-1.521212
leaderB-579ff0e7-77e4-4b16-9220-59c2c36ecc12,2026-02-05T08:00:00,12.364466,-1.521212
leaderB-579ff0e7-77e4-4b16-9220-59c2c36ecc12,2026-02-05T08:00:30,12.364527,-1.520872
securityB-12f2e631-90a7-4ce7-87f7-c377db45e99c,2026-02-05T08:00:30,12.364527,-1.520872
securityB-12f2e631-90a7-4ce7-87f7-c377db45e99c,2026-02-05T08:01:00,12.364588,-1.520533
leaderB-579ff0e7-77e4-4b16-9220-59c2c36ecc12,2026-02-05T08:01:00,12.364588,-1.520533
leaderB-579ff0e7-77e4-4b16-9220-59c2c36ecc12,2026-02-05T08:01:30,12.364651,-1.520194
securityB-12f2e631-90a7-4ce7-87f7-c377db45e99c,2026-02-05T08:01:30,12.364651,-1.520194
leaderB-579ff0e7-77e4-4b16-9220-59c2c36ecc12,2026-02-05T08:02:00,12.364714,-1.519855
securityB-12f2e631-90a7-4ce7-87f7-c377db45e99c,2026-02-05T08:02:00,12.364714,-1.519855
leaderB-579ff0e7-77e4-4b16-9220-59c2c36ecc12,2026-02-05T08:02:30,12.364775,-1.519515
securityB-12f2e631-90a7-4ce7-87f7-c377db45e99c,2026-02-05T08:02:30,12.364775,-1.519515
logB-c23e4c99-d72b-4789-9397-006a7d765d4c,2026-02-05T08:03:00,12.362514,-1.513108
leaderB-579ff0e7-77e4-4b16-9220-59c2c36ecc12,2026-02-05T08:03:00,12.364843,-1.519177
securityB-12f2e631-90a7-4ce7-87f7-c377db45e99c,2026-02-05T08:03:00,12.364843,-1.519177
leaderB-579ff0e7-77e4-4b16-9220-59c2c36ecc12,2026-02-05T08:03:30,12.36491,-1.518838
securityB-12f2e631-90a7-4ce7-87f7-c377db45e99c,2026-02-05T08:03:30,12.36491,-1.518838
leaderB-579ff0e7-77e4-4b16-9220-59c2c36ecc12,2026-02-05T08:04:00,12.364974,-1.518499
securityB-12f2e631-90a7-4ce7-87f7-c377db45e99c,2026-02-05T08:04:00,12.364974,-1.518499
leaderB-579ff0e7-77e4-4b16-9220-59c2c36ecc12,2026-02-05T08:04:30,12.364673,-1.518418
securityB-12f2e631-90a7-4ce7-87f7-c377db45e99c,2026-02-05T08:04:30,12.364673,-1.518418
securityB-12f2e631-90a7-4ce7-87f7-c377db45e99c,2026-02-05T08:05:00,12.364341,-1.518355
leaderB-579ff0e7-77e4-4b16-9220-59c2c36ecc12,2026-02-05T08:05:00,12.364341,-1.518355
securityB-12f2e631-90a7-4ce7-87f7-c377db45e99c,2026-02-05T08:05:30,12.364009,-1.518294
leaderB-579ff0e7-77e4-4b16-9220-59c2c36ecc12,2026-02-05T08:05:30,12.364009,-1.518294
leaderB-579ff0e7-77e4-4b16-9220-59c2c36ecc12,2026-02-05T08:06:00,12.363677,-1.518233
logB-c23e4c99-d72b-4789-9397-006a7d765d4c,2026-02-05T08:06:00,12.362491,-1.513119
securityB-12f2e631-90a7-4ce7-87f7-c377db45e99c,2026-02-05T08:06:00,12.363677,-1.518233
securityB-12f2e631-90a7-4ce7-87f7-c377db45e99c,2026-02-05T08:06:30,12.363345,-1.518172
leaderB-579ff0e7-77e4-4b16-9220-59c2c36ecc12,2026-02-05T08:06:30,12.363345,-1.518172
securityB-12f2e631-90a7-4ce7-87f7-c377db45e99c,2026-02-05T08:07:00,12.363013,-1.518111
leaderB-579ff0e7-77e4-4b16-9220-59c2c36ecc12,2026-02-05T08:07:00,12.363013,-1.518111
securityB-12f2e631-90a7-4ce7-87f7-c377db45e99c,2026-02-05T08:07:30,12.362682,-1.518049
leaderB-579ff0e7-77e4-4b16-9220-59c2c36ecc12,2026-02-05T08:07:30,12.362682,-1.518049
securityB-12f2e631-90a7-4ce7-87f7-c377db45e99c,2026-02-05T08:08:00,12.36235,-1.517985
leaderB-579ff0e7-77e4-4b16-9220-59c2c36ecc12,2026-02-05T08:08:00,12.36235,-1.517985
leaderB-579ff0e7-77e4-4b16-9220-59c2c36ecc12,2026-02-05T08:08:30,12.362019,-1.517922
securityB-12f2e631-90a7-4ce7-87f7-c377db45e99c,2026-02-05T08:08:30,12.362019,-1.517922
logB-c23e4c99-d72b-4789-9397-006a7d765d4c,2026-02-05T08:09:00,12.362494,-1.513112
securityB-12f2e631-90a7-4ce7-87f7-c377db45e99c,2026-02-05T08:09:00,12.361686,-1.517864
leaderB-579ff0e7-77e4-4b16-9220-59c2c36ecc12,2026-02-05T08:09:00,12.361686,-1.517864
leaderB-579ff0e7-77e4-4b16-9220-59c2c36ecc12,2026-02-05T08:09:30,12.361354,-1.517805
securityB-12f2e631-90a7-4ce7-87f7-c377db45e99c,2026-02-05T08:09:30,12.361354,-1.517805
securityB-12f2e631-90a7-4ce7-87f7-c377db45e99c,2026-02-05T08:10:00,12.361134,-1.517667
leaderB-579ff0e7-77e4-4b16-9220-59c2c36ecc12,2026-02-05T08:10:00,12.361134,-1.517667
securityB-12f2e631-90a7-4ce7-87f7-c377db45e99c,2026-02-05T08:10:30,12.361198,-1.517328
leaderB-579ff0e7-77e4-4b16-9220-59c2c36ecc12,2026-02-05T08:10:30,12.361198,-1.517328
leaderB-579ff0e7-77e4-4b16-9220-59c2c36ecc12,2026-02-05T08:11:00,12.361263,-1.516989
securityB-12f2e631-90a7-4ce7-87f7-c377db45e99c,2026-02-05T08:11:00,12.361263,-1.516989
securityB-12f2e631-90a7-4ce7-87f7-c377db45e99c,2026-02-05T08:11:30,12.361331,-1.516651
leaderB-579ff0e7-77e4-4b16-9220-59c2c36ecc12,2026-02-05T08:11:30,12.361331,-1.516651
logB-c23e4c99-d72b-4789-9397-006a7d765d4c,2026-02-05T08:12:00,12.362515,-1.513091
securityB-12f2e631-90a7-4ce7-87f7-c377db45e99c,2026-02-05T08:12:00,12.361398,-1.516312
leaderB-579ff0e7-77e4-4b16-9220-59c2c36ecc12,2026-02-05T08:12:00,12.361398,-1.516312
leaderB-579ff0e7-77e4-4b16-9220-59c2c36ecc12,2026-02-05T08:12:30,12.361403,-1.515982
securityB-12f2e631-90a7-4ce7-87f7-c377db45e99c,2026-02-05T08:12:30,12.361403,-1.515982
leaderB-579ff0e7-77e4-4b16-9220-59c2c36ecc12,2026-02-05T08:13:00,12.36147,-1.515644
securityB-12f2e631-90a7-4ce7-87f7-c377db45e99c,2026-02-05T08:13:00,12.36147,-1.515644
leaderB-579ff0e7-77e4-4b16-9220-59c2c36ecc12,2026-02-05T08:13:30,12.361536,-1.515305
securityB-12f2e631-90a7-4ce7-87f7-c377db45e99c,2026-02-05T08:13:30,12.361536,-1.515305
leaderB-579ff0e7-77e4-4b16-9220-59c2c36ecc12,2026-02-05T08:14:00,12.36147,-1.515001
securityB-12f2e631-90a7-4ce7-87f7-c377db45e99c,2026-02-05T08:14:00,12.36147,-1.515001
leaderB-579ff0e7-77e4-4b16-9220-59c2c36ecc12,2026-02-05T08:14:30,12.361625,-1.514735
securityB-12f2e631-90a7-4ce7-87f7-c377db45e99c,2026-02-05T08:14:30,12.361625,-1.514735
leaderB-579ff0e7-77e4-4b16-9220-59c2c36ecc12,2026-02-05T08:15:00,12.361721,-1.51443
securityB-12f2e631-90a7-4ce7-87f7-c377db45e99c,2026-02-05T08:15:00,12.361721,-1.51443
securityB-12f2e631-90a7-4ce7-87f7-c377db45e99c,2026-02-05T09:00:00,12.362503,-1.513107
leaderB-579ff0e7-77e4-4b16-9220-59c2c36ecc12,2026-02-05T09:00:00,12.362503,-1.513107
propB-775f6ffc-da47-48c0-82b1-4fe100d5ee88,2026-02-05T09:00:00,12.358994,-1.52088
securityB-12f2e631-90a7-4ce7-87f7-c377db45e99c,2026-02-05T09:03:00,12.362499,-1.513097
propB-775f6ffc-da47-48c0-82b1-4fe100d5ee88,2026-02-05T09:03:00,12.359009,-1.520903
leaderB-579ff0e7-77e4-4b16-9220-59c2c36ecc12,2026-02-05T09:03:00,12.362499,-1.513097
securityB-12f2e631-90a7-4ce7-87f7-c377db45e99c,2026-02-05T09:06:00,12.362503,-1.513096
leaderB-579ff0e7-77e4-4b16-9220-59c2c36ecc12,2026-02-05T09:06:00,12.362503,-1.513096
propB-775f6ffc-da47-48c0-82b1-4fe100d5ee88,2026-02-05T09:06:00,12.358978,-1.520879
securityB-12f2e631-90a7-4ce7-87f7-c377db45e99c,2026-02-05T09:09:00,12.362515,-1.513096
leaderB-579ff0e7-77e4-4b16-9220-59c2c36ecc12,2026-02-05T09:09:00,12.362515,-1.513096
propB-775f6ffc-da47-48c0-82b1-4fe100d5ee88,2026-02-05T09:09:00,12.358987,-1.520915
securityA-43c3c6c2-08da-4277-b10b-2565d4ab391b,2026-02-05T09:30:00,12.364009,-1.515404
leaderA-dc3bb5ee-282c-411f-96da-eebb88b52ea0,2026-02-05T09:30:00,12.364009,-1.515404
leaderA-dc3bb5ee-282c-411f-96da-eebb88b52ea0,2026-02-05T09:45:00,12.363986,-1.515404
securityA-43c3c6c2-08da-4277-b10b-2565d4ab391b,2026-02-05T09:45:00,12.363986,-1.515404
securityA-43c3c6c2-08da-4277-b10b-2565d4ab391b,2026-02-05T10:00:00,12.364014,-1.515392
leaderA-dc3bb5ee-282c-411f-96da-eebb88b52ea0,2026-02-05T10:00:00,12.364014,-1.515392
leaderA-dc3bb5ee-282c-411f-96da-eebb88b52ea0,2026-02-05T10:15:00,12.363997,-1.515403
securityA-43c3c6c2-08da-4277-b10b-2565d4ab391b,2026-02-05T10:15:00,12.363997,-1.515403
leaderA-dc3bb5ee-282c-411f-96da-eebb88b52ea0,2026-02-05T10:30:00,12.363997,-1.515381
securityA-43c3c6c2-08da-4277-b10b-2565d4ab391b,2026-02-05T10:30:00,12.363997,-1.515381
leaderA-dc3bb5ee-282c-411f-96da-eebb88b52ea0,2026-02-05T10:45:00,12.364003,-1.515396
securityA-43c3c6c2-08da-4277-b10b-2565d4ab391b,2026-02-05T10:45:00,12.364003,-1.515396
leaderB-579ff0e7-77e4-4b16-9220-59c2c36ecc12,2026-02-05T11:00:00,12.361831,-1.514451
securityB-12f2e631-90a7-4ce7-87f7-c377db45e99c,2026-02-05T11:00:00,12.361831,-1.514451
securityB-12f2e631-90a7-4ce7-87f7-c377db45e99c,2026-02-05T11:00:30,12.361806,-1.514771
leaderB-579ff0e7-77e4-4b16-9220-59c2c36ecc12,2026-02-05T11:00:30,12.361806,-1.514771
leaderB-579ff0e7-77e4-4b16-9220-59c2c36ecc12,2026-02-05T11:01:00,12.361843,-1.515081
securityB-12f2e631-90a7-4ce7-87f7-c377db45e99c,2026-02-05T11:01:00,12.361843,-1.515081
securityB-12f2e631-90a7-4ce7-87f7-c377db45e99c,2026-02-05T11:01:30,12.361661,-1.515329
leaderB-579ff0e7-77e4-4b16-9220-59c2c36ecc12,2026-02-05T11:01:30,12.361661,-1.515329
leaderB-579ff0e7-77e4-4b16-9220-59c2c36ecc12,2026-02-05T11:02:00,12.36159,-1.515666
securityB-12f2e631-90a7-4ce7-87f7-c377db45e99c,2026-02-05T11:02:00,12.36159,-1.515666
leaderB-579ff0e7-77e4-4b16-9220-59c2c36ecc12,2026-02-05T11:02:30,12.361521,-1.516004
securityB-12f2e631-90a7-4ce7-87f7-c377db45e99c,2026-02-05T11:02:30,12.361521,-1.516004
leaderB-579ff0e7-77e4-4b16-9220-59c2c36ecc12,2026-02-05T11:03:00,12.361398,-1.516308
securityB-12f2e631-90a7-4ce7-87f7-c377db45e99c,2026-02-05T11:03:00,12.361398,-1.516308
securityB-12f2e631-90a7-4ce7-87f7-c377db45e99c,2026-02-05T11:03:30,12.361331,-1.516647
leaderB-579ff0e7-77e4-4b16-9220-59c2c36ecc12,2026-02-05T11:03:30,12.361331,-1.516647
securityB-12f2e631-90a7-4ce7-87f7-c377db45e99c,2026-02-05T11:04:00,12.361264,-1.516985
leaderB-579ff0e7-77e4-4b16-9220-59c2c36ecc12,2026-02-05T11:04:00,12.361264,-1.516985
securityB-12f2e631-90a7-4ce7-87f7-c377db45e99c,2026-02-05T11:04:30,12.361199,-1.517324
leaderB-579ff0e7-77e4-4b16-9220-59c2c36ecc12,2026-02-05T11:04:30,12.361199,-1.517324
leaderB-579ff0e7-77e4-4b16-9220-59c2c36ecc12,2026-02-05T11:05:00,12.361135,-1.517663
securityB-12f2e631-90a7-4ce7-87f7-c377db45e99c,2026-02-05T11:05:00,12.361135,-1.517663
securityB-12f2e631-90a7-4ce7-87f7-c377db45e99c,2026-02-05T11:05:30,12.361441,-1.517742
leaderB-579ff0e7-77e4-4b16-9220-59c2c36ecc12,2026-02-05T11:05:30,12.361441,-1.517742
securityB-12f2e631-90a7-4ce7-87f7-c377db45e99c,2026-02-05T11:06:00,12.361773,-1.517804
leaderB-579ff0e7-77e4-4b16-9220-59c2c36ecc12,2026-02-05T11:06:00,12.361773,-1.517804
leaderB-579ff0e7-77e4-4b16-9220-59c2c36ecc12,2026-02-05T11:06:30,12.362105,-1.517865
securityB-12f2e631-90a7-4ce7-87f7-c377db45e99c,2026-02-05T11:06:30,12.362105,-1.517865
securityB-12f2e631-90a7-4ce7-87f7-c377db45e99c,2026-02-05T11:07:00,12.362436,-1.517928
leaderB-579ff0e7-77e4-4b16-9220-59c2c36ecc12,2026-02-05T11:07:00,12.362436,-1.517928
securityB-12f2e631-90a7-4ce7-87f7-c377db45e99c,2026-02-05T11:07:30,12.362768,-1.517991
leaderB-579ff0e7-77e4-4b16-9220-59c2c36ecc12,2026-02-05T11:07:30,12.362768,-1.517991
securityB-12f2e631-90a7-4ce7-87f7-c377db45e99c,2026-02-05T11:08:00,12.3631,-1.518054
leaderB-579ff0e7-77e4-4b16-9220-59c2c36ecc12,2026-02-05T11:08:00,12.3631,-1.518054
securityB-12f2e631-90a7-4ce7-87f7-c377db45e99c,2026-02-05T11:08:30,12.363431,-1.518117
leaderB-579ff0e7-77e4-4b16-9220-59c2c36ecc12,2026-02-05T11:08:30,12.363431,-1.518117
leaderB-579ff0e7-77e4-4b16-9220-59c2c36ecc12,2026-02-05T11:09:00,12.363763,-1.51818
securityB-12f2e631-90a7-4ce7-87f7-c377db45e99c,2026-02-05T11:09:00,12.363763,-1.51818
leaderB-579ff0e7-77e4-4b16-9220-59c2c36ecc12,2026-02-05T11:09:30,12.364095,-1.518242
securityB-12f2e631-90a7-4ce7-87f7-c377db45e99c,2026-02-05T11:09:30,12.364095,-1.518242
leaderB-579ff0e7-77e4-4b16-9220-59c2c36ecc12,2026-02-05T11:10:00,12.364427,-1.518301
securityB-12f2e631-90a7-4ce7-87f7-c377db45e99c,2026-02-05T11:10:00,12.364427,-1.518301
securityB-12f2e631-90a7-4ce7-87f7-c377db45e99c,2026-02-05T11:10:30,12.364759,-1.518362
leaderB-579ff0e7-77e4-4b16-9220-59c2c36ecc12,2026-02-05T11:10:30,12.364759,-1.518362
leaderB-579ff0e7-77e4-4b16-9220-59c2c36ecc12,2026-02-05T11:11:00,12.364973,-1.518506
securityB-12f2e631-90a7-4ce7-87f7-c377db45e99c,2026-02-05T11:11:00,12.364973,-1.518506
securityB-12f2e631-90a7-4ce7-87f7-c377db45e99c,2026-02-05T11:11:30,12.364908,-1.518845
leaderB-579ff0e7-77e4-4b16-9220-59c2c36ecc12,2026-02-05T11:11:30,12.364908,-1.518845
leaderB-579ff0e7-77e4-4b16-9220-59c2c36ecc12,2026-02-05T11:12:00,12.364842,-1.519183
securityB-12f2e631-90a7-4ce7-87f7-c377db45e99c,2026-02-05T11:12:00,12.364842,-1.519183
leaderB-579ff0e7-77e4-4b16-9220-59c2c36ecc12,2026-02-05T11:12:30,12.364774,-1.519521
securityB-12f2e631-90a7-4ce7-87f7-c377db45e99c,2026-02-05T11:12:30,12.364774,-1.519521
securityB-12f2e631-90a7-4ce7-87f7-c377db45e99c,2026-02-05T11:13:00,12.364713,-1.519861
leaderB-579ff0e7-77e4-4b16-9220-59c2c36ecc12,2026-02-05T11:13:00,12.364713,-1.519861
securityB-12f2e631-90a7-4ce7-87f7-c377db45e99c,2026-02-05T11:13:30,12.36465,-1.5202
leaderB-579ff0e7-77e4-4b16-9220-59c2c36ecc12,2026-02-05T11:13:30,12.36465,-1.5202
securityB-12f2e631-90a7-4ce7-87f7-c377db45e99c,2026-02-05T11:14:00,12.364587,-1.520539
leaderB-579ff0e7-77e4-4b16-9220-59c2c36ecc12,2026-02-05T11:14:00,12.364587,-1.520539
securityB-12f2e631-90a7-4ce7-87f7-c377db45e99c,2026-02-05T11:14:30,12.364526,-1.520879
leaderB-579ff0e7-77e4-4b16-9220-59c2c36ecc12,2026-02-05T11:14:30,12.364526,-1.520879
securityB-12f2e631-90a7-4ce7-87f7-c377db45e99c,2026-02-05T14:00:00,12.358998,-1.520891
leaderB-579ff0e7-77e4-4b16-9220-59c2c36ecc12,2026-02-05T14:00:00,12.358998,-1.520891
courierA-5459d08e-e00c-4174-9a21-c4b90ef20a87,2026-02-05T14:00:00,12.359413,-1.51634
courierA-5459d08e-e00c-4174-9a21-c4b90ef20a87,2026-02-05T14:00:30,12.359346,-1.516678
courierA-5459d08e-e00c-4174-9a21-c4b90ef20a87,2026-02-05T14:01:00,12.359286,-1.517018
courierA-5459d08e-e00c-4174-9a21-c4b90ef20a87,2026-02-05T14:01:30,12.359261,-1.517335
courierA-5459d08e-e00c-4174-9a21-c4b90ef20a87,2026-02-05T14:02:00,12.359592,-1.517397
courierA-5459d08e-e00c-4174-9a21-c4b90ef20a87,2026-02-05T14:02:30,12.359924,-1.517459
courierA-5459d08e-e00c-4174-9a21-c4b90ef20a87,2026-02-05T14:03:00,12.360256,-1.517521
securityB-12f2e631-90a7-4ce7-87f7-c377db45e99c,2026-02-05T14:03:00,12.359011,-1.520911
leaderB-579ff0e7-77e4-4b16-9220-59c2c36ecc12,2026-02-05T14:03:00,12.359011,-1.520911
courierA-5459d08e-e00c-4174-9a21-c4b90ef20a87,2026-02-05T14:03:30,12.360588,-1.517583
courierA-5459d08e-e00c-4174-9a21-c4b90ef20a87,2026-02-05T14:04:00,12.360919,-1.517645
courierA-5459d08e-e00c-4174-9a21-c4b90ef20a87,2026-02-05T14:04:30,12.361251,-1.517707
courierA-5459d08e-e00c-4174-9a21-c4b90ef20a87,2026-02-05T14:05:00,12.361583,-1.517769
courierA-5459d08e-e00c-4174-9a21-c4b90ef20a87,2026-02-05T14:05:30,12.361915,-1.51783
courierA-5459d08e-e00c-4174-9a21-c4b90ef20a87,2026-02-05T14:06:00,12.362247,-1.517892
securityB-12f2e631-90a7-4ce7-87f7-c377db45e99c,2026-02-05T14:06:00,12.359005,-1.520894
leaderB-579ff0e7-77e4-4b16-9220-59c2c36ecc12,2026-02-05T14:06:00,12.359005,-1.520894
courierA-5459d08e-e00c-4174-9a21-c4b90ef20a87,2026-02-05T14:06:30,12.362578,-1.517955
courierA-5459d08e-e00c-4174-9a21-c4b90ef20a87,2026-02-05T14:07:00,12.36291,-1.518018
courierA-5459d08e-e00c-4174-9a21-c4b90ef20a87,2026-02-05T14:07:30,12.363093,-1.51786
courierA-5459d08e-e00c-4174-9a21-c4b90ef20a87,2026-02-05T14:08:00,12.363154,-1.517521
courierA-5459d08e-e00c-4174-9a21-c4b90ef20a87,2026-02-05T14:08:30,12.363213,-1.517181
leaderB-579ff0e7-77e4-4b16-9220-59c2c36ecc12,2026-02-05T14:09:00,12.358997,-1.520888
securityB-12f2e631-90a7-4ce7-87f7-c377db45e99c,2026-02-05T14:09:00,12.358997,-1.520888
courierA-5459d08e-e00c-4174-9a21-c4b90ef20a87,2026-02-05T14:09:00,12.363281,-1.516843
courierA-5459d08e-e00c-4174-9a21-c4b90ef20a87,2026-02-05T14:09:30,12.363349,-1.516504
courierA-5459d08e-e00c-4174-9a21-c4b90ef20a87,2026-02-05T14:10:00,12.363412,-1.516165
courierA-5459d08e-e00c-4174-9a21-c4b90ef20a87,2026-02-05T14:10:30,12.363487,-1.515829
courierA-5459d08e-e00c-4174-9a21-c4b90ef20a87,2026-02-05T14:11:00,12.363562,-1.515492
leaderB-579ff0e7-77e4-4b16-9220-59c2c36ecc12,2026-02-05T14:12:00,12.358999,-1.520899
securityB-12f2e631-90a7-4ce7-87f7-c377db45e99c,2026-02-05T14:12:00,12.358999,-1.520899
securityB-12f2e631-90a7-4ce7-87f7-c377db45e99c,2026-02-05T14:15:00,12.358998,-1.5209
leaderB-579ff0e7-77e4-4b16-9220-59c2c36ecc12,2026-02-05T14:15:00,12.358998,-1.5209
facA-1420f464-9589-439d-bdab-a216790c256e,2026-02-05T14:30:00,12.364002,-1.515391
facA-1420f464-9589-439d-bdab-a216790c256e,2026-02-05T14:33:00,12.36401,-1.515389
facA-1420f464-9589-439d-bdab-a216790c256e,2026-02-05T14:36:00,12.364006,-1.51541
facA-1420f464-9589-439d-bdab-a216790c256e,2026-02-05T14:39:00,12.364015,-1.51541
civ-3b2947e4-c675-4bf4-a050-8f1d62594635,2026-02-05T15:00:00,12.362879,-1.52241
civ-8100a547-3afb-4d78-8a9f-bf327e9af124,2026-02-05T15:00:00,12.362941,-1.522383
civ-7e9e1954-6ecf-4c62-ac80-bfff1daab1df,2026-02-05T15:00:00,12.362799,-1.522374
civ-0f72e855-0650-4d46-b2ae-3a879cc0605f,2026-02-05T15:00:00,12.363021,-1.52254
civ-64995fbb-0715-488f-af3f-ec3b8c30b37b,2026-02-05T15:00:00,12.362842,-1.522382
civ-362b1a28-8ac7-49da-b3cc-dca73daa0c63,2026-02-05T15:00:00,12.362894,-1.522314
civ-b1024e8b-9923-472f-924e-2c7f8886c591,2026-02-05T15:00:00,12.36286,-1.522599
civ-4b628036-258b-49f3-87d6-412a166d4ccc,2026-02-05T15:00:00,12.362873,-1.522515
civ-8454f7bb-ddb0-495c-977c-5d8ed3958e94,2026-02-05T15:00:00,12.362903,-1.522511
civ-e4e91cc1-3d21-4c79-ba15-298f2b987701,2026-02-05T15:00:00,12.362887,-1.522509
civ-63a78e4a-32eb-4131-8031-2b008269335f,2026-02-05T15:00:00,12.362946,-1.52247
civ-9d46023f-4744-4c1f-bfb3-832d911e81a2,2026-02-05T15:00:00,12.362814,-1.522478
civ-05652e6c-7d4d-44b4-8301-b329786e6189,2026-02-05T15:00:00,12.36284,-1.522346
civ-6136c563-98ae-43f6-a03f-9de336f2a397,2026-02-05T15:00:00,12.362852,-1.52248
civ-d240bed5-eb01-49d7-a57d-e2203b43d34e,2026-02-05T15:00:00,12.36281,-1.52255
civ-64487ee6-237e-4984-b160-5b7006cae774,2026-02-05T15:00:00,12.362969,-1.522341
civ-99bf3a73-2fb3-44a0-8514-423f37ad3790,2026-02-05T15:00:00,12.362848,-1.522436
civ-6b37ebcc-056c-4102-9cec-3229363bff03,2026-02-05T15:00:00,12.362849,-1.522548
civ-085b9ef4-d688-448c-a22a-afe2083603df,2026-02-05T15:00:00,12.363998,-1.515341
civ-8a9476b9-87b5-428e-9ae8-74d336fea6b7,2026-02-05T15:00:00,12.364078,-1.515366
civ-28956725-c2c1-49db-8e8e-6199dbe2e909,2026-02-05T15:00:00,12.364002,-1.515401
civ-142d23f7-80e4-4842-a035-5aebf34abfc2,2026-02-05T15:00:00,12.364039,-1.515465
civ-5d0e6c30-e841-4ac2-b82a-cdecbe21025a,2026-02-05T15:00:00,12.363987,-1.515454
civ-215cb4be-44bc-4dde-85d6-84a6fc740743,2026-02-05T15:00:00,12.363952,-1.515329
civ-fea06570-7231-43cc-85ea-287646c3fa47,2026-02-05T15:00:00,12.364019,-1.515377
civ-da4b0282-7d0d-4028-a616-5ddee9618b8c,2026-02-05T15:00:00,12.364066,-1.515421
civ-7b6b8597-262f-4b74-bd13-b447099582b3,2026-02-05T15:00:00,12.364006,-1.515407
civ-b6cf6d2a-e7be-4326-9bc7-894e91edbed0,2026-02-05T15:00:00,12.364,-1.51534
civ-f577e4f6-ac3e-41ca-8a00-3e3a462afae2,2026-02-05T15:00:00,12.364028,-1.515221
civ-ab63579a-67cd-4441-ad58-ec3dc8fcacbc,2026-02-05T15:00:00,12.363921,-1.515555
civ-3c4c6857-4041-4e29-96e0-c37ed1a882fd,2026-02-05T15:00:00,12.363868,-1.515363
civ-b069341a-049e-4564-adab-5076cc4f5b98,2026-02-05T15:00:00,12.363943,-1.515496
civ-a7e8b295-2e27-4438-9b5f-301c4e83b585,2026-02-05T15:00:00,12.3641,-1.51536
civ-9c87e843-849d-4545-aff7-3e6a7e3048bd,2026-02-05T15:00:00,12.362858,-1.522573
civ-d3c6af01-015a-4b92-9cf8-ce9328f29d07,2026-02-05T15:00:00,12.362904,-1.522497
civ-efcd78d8-24d8-4efd-989b-8e778af7867d,2026-02-05T15:00:00,12.364001,-1.515494
civ-08da1f0b-ed54-4dee-af64-aa1849ee0559,2026-02-05T15:00:00,12.363956,-1.515413
courierA-5459d08e-e00c-4174-9a21-c4b90ef20a87,2026-02-05T15:00:00,12.36401,-1.515409
civ-3ee17767-365a-4936-8110-856ac947d205,2026-02-05T15:00:00,12.363923,-1.515422
civ-6bde6e75-c81c-47ed-b19d-5a5936a1bb3f,2026-02-05T15:00:00,12.364004,-1.515362
civ-23bd8e1f-b2ff-4e2a-b2a7-74a77e25cf78,2026-02-05T15:00:00,12.363995,-1.515365
courierA-5459d08e-e00c-4174-9a21-c4b90ef20a87,2026-02-05T15:03:00,12.364006,-1.515409
courierA-5459d08e-e00c-4174-9a21-c4b90ef20a87,2026-02-05T15:06:00,12.363994,-1.515383
securityA-43c3c6c2-08da-4277-b10b-2565d4ab391b,2026-02-05T17:00:00,12.363601,-1.515311
leaderA-dc3bb5ee-282c-411f-96da-eebb88b52ea0,2026-02-05T17:00:00,12.363601,-1.515311
leaderA-dc3bb5ee-282c-411f-96da-eebb88b52ea0,2026-02-05T17:00:30,12.363528,-1.515648
securityA-43c3c6c2-08da-4277-b10b-2565d4ab391b,2026-02-05T17:00:30,12.363528,-1.515648
leaderA-dc3bb5ee-282c-411f-96da-eebb88b52ea0,2026-02-05T17:01:00,12.363452,-1.515984
securityA-43c3c6c2-08da-4277-b10b-2565d4ab391b,2026-02-05T17:01:00,12.363452,-1.515984
securityA-43c3c6c2-08da-4277-b10b-2565d4ab391b,2026-02-05T17:01:30,12.363383,-1.516322
leaderA-dc3bb5ee-282c-411f-96da-eebb88b52ea0,2026-02-05T17:01:30,12.363383,-1.516322
securityA-43c3c6c2-08da-4277-b10b-2565d4ab391b,2026-02-05T17:02:00,12.36332,-1.516662
leaderA-dc3bb5ee-282c-411f-96da-eebb88b52ea0,2026-02-05T17:02:00,12.36332,-1.516662
leaderA-dc3bb5ee-282c-411f-96da-eebb88b52ea0,2026-02-05T17:02:30,12.363247,-1.516999
securityA-43c3c6c2-08da-4277-b10b-2565d4ab391b,2026-02-05T17:02:30,12.363247,-1.516999
leaderA-dc3bb5ee-282c-411f-96da-eebb88b52ea0,2026-02-05T17:03:00,12.363186,-1.517338
securityA-43c3c6c2-08da-4277-b10b-2565d4ab391b,2026-02-05T17:03:00,12.363186,-1.517338
securityA-43c3c6c2-08da-4277-b10b-2565d4ab391b,2026-02-05T17:03:30,12.363126,-1.517678
leaderA-dc3bb5ee-282c-411f-96da-eebb88b52ea0,2026-02-05T17:03:30,12.363126,-1.517678
securityA-43c3c6c2-08da-4277-b10b-2565d4ab391b,2026-02-05T17:04:00,12.363065,-1.518017
leaderA-dc3bb5ee-282c-411f-96da-eebb88b52ea0,2026-02-05T17:04:00,12.363065,-1.518017
securityA-43c3c6c2-08da-4277-b10b-2565d4ab391b,2026-02-05T17:04:30,12.362813,-1.518074
leaderA-dc3bb5ee-282c-411f-96da-eebb88b52ea0,2026-02-05T17:04:30,12.362813,-1.518074
leaderA-dc3bb5ee-282c-411f-96da-eebb88b52ea0,2026-02-05T17:05:00,12.362481,-1.518011
securityA-43c3c6c2-08da-4277-b10b-2565d4ab391b,2026-02-05T17:05:00,12.362481,-1.518011
leaderA-dc3bb5ee-282c-411f-96da-eebb88b52ea0,2026-02-05T17:05:30,12.36215,-1.517947
securityA-43c3c6c2-08da-4277-b10b-2565d4ab391b,2026-02-05T17:05:30,12.36215,-1.517947
leaderA-dc3bb5ee-282c-411f-96da-eebb88b52ea0,2026-02-05T17:06:00,12.361817,-1.517887
securityA-43c3c6c2-08da-4277-b10b-2565d4ab391b,2026-02-05T17:06:00,12.361817,-1.517887
securityA-43c3c6c2-08da-4277-b10b-2565d4ab391b,2026-02-05T17:06:30,12.361485,-1.517828
leaderA-dc3bb5ee-282c-411f-96da-eebb88b52ea0,2026-02-05T17:06:30,12.361485,-1.517828
leaderA-dc3bb5ee-282c-411f-96da-eebb88b52ea0,2026-02-05T17:07:00,12.361153,-1.517769
securityA-43c3c6c2-08da-4277-b10b-2565d4ab391b,2026-02-05T17:07:00,12.361153,-1.517769
securityA-43c3c6c2-08da-4277-b10b-2565d4ab391b,2026-02-05T17:07:30,12.360821,-1.517709
leaderA-dc3bb5ee-282c-411f-96da-eebb88b52ea0,2026-02-05T17:07:30,12.360821,-1.517709
leaderA-dc3bb5ee-282c-411f-96da-eebb88b52ea0,2026-02-05T17:08:00,12.360489,-1.517649
securityA-43c3c6c2-08da-4277-b10b-2565d4ab391b,2026-02-05T17:08:00,12.360489,-1.517649
leaderA-dc3bb5ee-282c-411f-96da-eebb88b52ea0,2026-02-05T17:08:30,12.360157,-1.517588
securityA-43c3c6c2-08da-4277-b10b-2565d4ab391b,2026-02-05T17:08:30,12.360157,-1.517588
securityA-43c3c6c2-08da-4277-b10b-2565d4ab391b,2026-02-05T17:09:00,12.359825,-1.517527
leaderA-dc3bb5ee-282c-411f-96da-eebb88b52ea0,2026-02-05T17:09:00,12.359825,-1.517527
securityA-43c3c6c2-08da-4277-b10b-2565d4ab391b,2026-02-05T17:09:30,12.359493,-1.517467
leaderA-dc3bb5ee-282c-411f-96da-eebb88b52ea0,2026-02-05T17:09:30,12.359493,-1.517467
leaderA-dc3bb5ee-282c-411f-96da-eebb88b52ea0,2026-02-05T17:10:00,12.359229,-1.517357
securityA-43c3c6c2-08da-4277-b10b-2565d4ab391b,2026-02-05T17:10:00,12.359229,-1.517357
securityA-43c3c6c2-08da-4277-b10b-2565d4ab391b,2026-02-05T17:10:30,12.359286,-1.517017
leaderA-dc3bb5ee-282c-411f-96da-eebb88b52ea0,2026-02-05T17:10:30,12.359286,-1.517017
leaderA-dc3bb5ee-282c-411f-96da-eebb88b52ea0,2026-02-05T17:11:00,12.359346,-1.516677
securityA-43c3c6c2-08da-4277-b10b-2565d4ab391b,2026-02-05T17:11:00,12.359346,-1.516677
leaderA-dc3bb5ee-282c-411f-96da-eebb88b52ea0,2026-02-05T18:00:00,12.359709,-1.516398
securityA-43c3c6c2-08da-4277-b10b-2565d4ab391b,2026-02-05T18:00:00,12.359709,-1.516398
securityA-43c3c6c2-08da-4277-b10b-2565d4ab391b,2026-02-05T18:20:00,12.359698,-1.516402
leaderA-dc3bb5ee-282c-411f-96da-eebb88b52ea0,2026-02-05T18:20:00,12.359698,-1.516402
leaderA-dc3bb5ee-282c-411f-96da-eebb88b52ea0,2026-02-05T18:40:00,12.359699,-1.5164
securityA-43c3c6c2-08da-4277-b10b-2565d4ab391b,2026-02-05T18:40:00,12.359699,-1.5164
leaderA-dc3bb5ee-282c-411f-96da-eebb88b52ea0,2026-02-05T19:00:00,12.359707,-1.5164
securityA-43c3c6c2-08da-4277-b10b-2565d4ab391b,2026-02-05T19:00:00,12.359707,-1.5164
leaderA-dc3bb5ee-282c-411f-96da-eebb88b52ea0,2026-02-05T19:20:00,12.359707,-1.516401
securityA-43c3c6c2-08da-4277-b10b-2565d4ab391b,2026-02-05T19:20:00,12.359707,-1.516401
leaderA-dc3bb5ee-282c-411f-96da-eebb88b52ea0,2026-02-05T19:40:00,12.359701,-1.516418
securityA-43c3c6c2-08da-4277-b10b-2565d4ab391b,2026-02-05T19:40:00,12.359701,-1.516418
logB-c23e4c99-d72b-4789-9397-006a7d765d4c,2026-02-06T05:00:00,12.364466,-1.521212
logB-c23e4c99-d72b-4789-9397-006a7d765d4c,2026-02-06T05:00:30,12.364527,-1.520872
logB-c23e4c99-d72b-4789-9397-006a7d765d4c,2026-02-06T05:01:00,12.364588,-1.520533
logB-c23e4c99-d72b-4789-9397-006a7d765d4c,2026-02-06T05:01:30,12.364651,-1.520194
logB-c23e4c99-d72b-4789-9397-006a7d765d4c,2026-02-06T05:02:00,12.364714,-1.519855
logB-c23e4c99-d72b-4789-9397-006a7d765d4c,2026-02-06T05:02:30,12.364775,-1.519515
logB-c23e4c99-d72b-4789-9397-006a7d765d4c,2026-02-06T05:03:00,12.364843,-1.519177
logB-c23e4c99-d72b-4789-9397-006a7d765d4c,2026-02-06T05:03:30,12.36491,-1.518838
logB-c23e4c99-d72b-4789-9397-006a7d765d4c,2026-02-06T05:04:00,12.364974,-1.518499
logB-c23e4c99-d72b-4789-9397-006a7d765d4c,2026-02-06T05:04:30,12.364673,-1.518418
logB-c23e4c99-d72b-4789-9397-006a7d765d4c,2026-02-06T05:05:00,12.364341,-1.518355
logB-c23e4c99-d72b-4789-9397-006a7d765d4c,2026-02-06T05:05:30,12.364009,-1.518294
logB-c23e4c99-d72b-4789-9397-006a7d765d4c,2026-02-06T05:06:00,12.363677,-1.518233
logB-c23e4c99-d72b-4789-9397-006a7d765d4c,2026-02-06T05:06:30,12.363345,-1.518172
logB-c23e4c99-d72b-4789-9397-006a7d765d4c,2026-02-06T05:07:00,12.363013,-1.518111
logB-c23e4c99-d72b-4789-9397-006a7d765d4c,2026-02-06T05:07:30,12.362682,-1.518049
logB-c23e4c99-d72b-4789-9397-006a7d765d4c,2026-02-06T05:08:00,12.36235,-1.517985
logB-c23e4c99-d72b-4789-9397-006a7d765d4c,2026-02-06T05:08:30,12.362019,-1.517922
logB-c23e4c99-d72b-4789-9397-006a7d765d4c,2026-02-06T05:09:00,12.361686,-1.517864
logB-c23e4c99-d72b-4789-9397-006a7d765d4c,2026-02-06T05:09:30,12.361354,-1.517805
logB-c23e4c99-d72b-4789-9397-006a7d765d4c,2026-02-06T05:10:00,12.361134,-1.517667
logB-c23e4c99-d72b-4789-9397-006a7d765d4c,2026-02-06T05:10:30,12.361198,-1.517328
logB-c23e4c99-d72b-4789-9397-006a7d765d4c,2026-02-06T05:11:00,12.361263,-1.516989
logB-c23e4c99-d72b-4789-9397-006a7d765d4c,2026-02-06T05:11:30,12.361331,-1.516651
logB-c23e4c99-d72b-4789-9397-006a7d765d4c,2026-02-06T05:12:00,12.361398,-1.516312
logB-c23e4c99-d72b-4789-9397-006a7d765d4c,2026-02-06T05:12:30,12.361403,-1.515982
logB-c23e4c99-d72b-4789-9397-006a7d765d4c,2026-02-06T05:13:00,12.36147,-1.515644
logB-c23e4c99-d72b-4789-9397-006a7d765d4c,2026-02-06T05:13:30,12.361536,-1.515305
logB-c23e4c99-d72b-4789-9397-006a7d765d4c,2026-02-06T05:14:00,12.36147,-1.515001
logB-c23e4c99-d72b-4789-9397-006a7d765d4c,2026-02-06T05:14:30,12.361625,-1.514735
logB-c23e4c99-d72b-4789-9397-006a7d765d4c,2026-02-06T05:15:00,12.361721,-1.51443
leaderA-dc3bb5ee-282c-411f-96da-eebb88b52ea0,2026-02-06T05:30:00,12.359701,-1.516418
securityA-43c3c6c2-08da-4277-b10b-2565d4ab391b,2026-02-06T05:30:00,12.359701,-1.516418
leaderA-dc3bb5ee-282c-411f-96da-eebb88b52ea0,2026-02-06T05:33:00,12.359692,-1.516401
securityA-43c3c6c2-08da-4277-b10b-2565d4ab391b,2026-02-06T05:33:00,12.359692,-1.516401
leaderA-dc3bb5ee-282c-411f-96da-eebb88b52ea0,2026-02-06T05:36:00,12.359689,-1.516395
securityA-43c3c6c2-08da-4277-b10b-2565d4ab391b,2026-02-06T05:36:00,12.359689,-1.516395
leaderA-dc3bb5ee-282c-411f-96da-eebb88b52ea0,2026-02-06T05:39:00,12.359714,-1.516389
securityA-43c3c6c2-08da-4277-b10b-2565d4ab391b,2026-02-06T05:39:00,12.359714,-1.516389
leaderA-dc3bb5ee-282c-411f-96da-eebb88b52ea0,2026-02-06T05:42:00,12.359698,-1.516387
securityA-43c3c6c2-08da-4277-b10b-2565d4ab391b,2026-02-06T05:42:00,12.359698,-1.516387
courierA-5459d08e-e00c-4174-9a21-c4b90ef20a87,2026-02-06T06:00:00,12.359413,-1.51634
courierA-5459d08e-e00c-4174-9a21-c4b90ef20a87,2026-02-06T06:00:30,12.359483,-1.516002
courierA-5459d08e-e00c-4174-9a21-c4b90ef20a87,2026-02-06T06:01:00,12.359666,-1.515843
courierA-5459d08e-e00c-4174-9a21-c4b90ef20a87,2026-02-06T06:01:30,12.359996,-1.515914
courierA-5459d08e-e00c-4174-9a21-c4b90ef20a87,2026-02-06T06:02:00,12.360326,-1.515986
courierA-5459d08e-e00c-4174-9a21-c4b90ef20a87,2026-02-06T06:02:30,12.360656,-1.516057
courierA-5459d08e-e00c-4174-9a21-c4b90ef20a87,2026-02-06T06:03:00,12.360986,-1.516128
courierA-5459d08e-e00c-4174-9a21-c4b90ef20a87,2026-02-06T06:03:30,12.361316,-1.516199
courierA-5459d08e-e00c-4174-9a21-c4b90ef20a87,2026-02-06T06:04:00,12.361417,-1.515912
courierA-5459d08e-e00c-4174-9a21-c4b90ef20a87,2026-02-06T06:04:30,12.361484,-1.515573
courierA-5459d08e-e00c-4174-9a21-c4b90ef20a87,2026-02-06T06:05:00,12.361549,-1.515235
courierA-5459d08e-e00c-4174-9a21-c4b90ef20a87,2026-02-06T06:05:30,12.361465,-1.51493
courierA-5459d08e-e00c-4174-9a21-c4b90ef20a87,2026-02-06T06:06:00,12.361664,-1.514691
courierA-5459d08e-e00c-4174-9a21-c4b90ef20a87,2026-02-06T06:06:30,12.36179,-1.514443
facA-1420f464-9589-439d-bdab-a216790c256e,2026-02-06T06:30:00,12.362919,-1.522505
facA-1420f464-9589-439d-bdab-a216790c256e,2026-02-06T06:33:00,12.362907,-1.522497
facA-1420f464-9589-439d-bdab-a216790c256e,2026-02-06T06:36:00,12.362912,-1.522486
facA-1420f464-9589-439d-bdab-a216790c256e,2026-02-06T06:39:00,12.3629,-1.522507
courierA-5459d08e-e00c-4174-9a21-c4b90ef20a87,2026-02-06T07:00:00,12.362498,-1.513085
civ-f7690601-51d7-4639-8091-cdfcc9205cd3,2026-02-06T07:00:00,12.362885,-1.522561
civ-470fdce8-43d9-4e74-803a-d24d5b23e765,2026-02-06T07:00:00,12.36289,-1.522588
civ-db75a6f1-6cfa-4312-b538-bef2e78ea3d4,2026-02-06T07:00:00,12.362993,-1.522452
civ-68391dc6-a3ad-4358-ae5e-49315d80bb1a,2026-02-06T07:00:00,12.362954,-1.522473
civ-4e0c2907-e450-48f7-8544-19ac09d452ff,2026-02-06T07:00:00,12.362941,-1.522627
civ-515bf02c-18a6-4c38-a5b5-2396d03e4901,2026-02-06T07:00:00,12.362917,-1.522313
civ-66f4ce1e-d6a1-463f-9c3a-9a9ade2282dc,2026-02-06T07:00:00,12.362922,-1.522377
civ-a7779278-0d8f-48fb-bc97-0f3d7559093d,2026-02-06T07:00:00,12.362989,-1.522498
civ-164fdf44-404b-4cbc-a751-e97868527421,2026-02-06T07:00:00,12.362862,-1.522458
civ-86b7f56d-ef38-4b77-927c-3b36f510c778,2026-02-06T07:00:00,12.362929,-1.522547
civ-d9f9e1c2-cbff-435e-956f-a9bba75f4d80,2026-02-06T07:00:00,12.362913,-1.522593
civ-26e6cf03-e4a9-4da1-83ec-bf0ef893f0f8,2026-02-06T07:00:00,12.362882,-1.522384
civ-8a87679e-e93c-4bcd-9bff-4fedee0c2436,2026-02-06T07:00:00,12.362948,-1.522416
civ-b4fc2bac-782c-46ee-9639-7dd0ba2fe128,2026-02-06T07:00:00,12.362935,-1.522447
civ-c37a4882-6e4a-457c-9b30-344c68f02fdd,2026-02-06T07:00:00,12.364109,-1.515355
civ-62316945-9e93-4415-9325-c4549a9f3827,2026-02-06T07:00:00,12.36302,-1.522472
civ-2de31a65-e494-433c-96ce-e470c581ad28,2026-02-06T07:00:00,12.362814,-1.522468
civ-a17e003a-676c-4c67-98e6-d12e66bb6603,2026-02-06T07:00:00,12.362986,-1.522544
civ-4862a7f0-d31e-4cd7-86db-9f60914ad2b7,2026-02-06T07:00:00,12.36289,-1.522499
civ-af2960f2-4545-4201-8970-37d120ed95b0,2026-02-06T07:00:00,12.362843,-1.522453
civ-57adb40a-eb91-4a27-82f5-d34e44cf17a6,2026-02-06T07:00:00,12.363916,-1.515607
civ-8d3a4e82-908c-4ba3-86ae-50a9d87ee9c1,2026-02-06T07:00:00,12.364023,-1.515411
civ-1e82210e-1115-4bbc-b595-69632b21e6f0,2026-02-06T07:00:00,12.363926,-1.515267
civ-b4c30cd5-decc-4260-bda9-f239fa910c10,2026-02-06T07:00:00,12.363984,-1.515469
civ-5b479e8d-a1f5-4285-b1fe-1df4d392dda4,2026-02-06T07:00:00,12.363973,-1.515322
civ-e2c6e2b6-d326-4ccf-b3c6-bfa525f4427a,2026-02-06T07:00:00,12.364037,-1.515438
civ-66a17021-ec20-4c4a-a4e6-28259a40a3d3,2026-02-06T07:00:00,12.364136,-1.515289
civ-6026a865-238c-4411-8a9c-2dc568c9fa5e,2026-02-06T07:00:00,12.363965,-1.515481
civ-c37a8ee3-e5c2-4182-be18-e41d6c498834,2026-02-06T07:00:00,12.36401,-1.515527
civ-ba717e6c-ca9b-4063-8595-b32574278173,2026-02-06T07:00:00,12.364088,-1.515358
civ-30da30f1-194a-4160-a63d-ff5d66063ba7,2026-02-06T07:00:00,12.363998,-1.515272
civ-3b740b7f-3425-4e12-9bf5-41538b2a1b14,2026-02-06T07:00:00,12.362858,-1.522458
civ-c53500a2-406b-4ac6-925e-488fbad24660,2026-02-06T07:00:00,12.363966,-1.515515
civ-a04bb67d-38b4-4d82-b495-5671f002cac1,2026-02-06T07:00:00,12.36412,-1.515433
civ-8b4370fd-c382-423c-af8c-87fdc91225f8,2026-02-06T07:00:00,12.363984,-1.515374
civ-1ab594e6-9306-4fd6-a9a2-3cd9d1a7d0e8,2026-02-06T07:00:00,12.363937,-1.51546
civ-aeb7742b-bc5e-42ee-ac41-c997cf6747de,2026-02-06T07:00:00,12.363957,-1.515366
civ-463f3a16-1537-4ccf-b8a4-13e14e583736,2026-02-06T07:00:00,12.363928,-1.515378
civ-c7a06c8c-554c-4e39-9f28-e3287d3d6bdb,2026-02-06T07:00:00,12.364055,-1.515312
civ-2a090805-b23a-4907-9074-ba8be0675e03,2026-02-06T07:00:00,12.363993,-1.515415
courierA-5459d08e-e00c-4174-9a21-c4b90ef20a87,2026-02-06T07:03:00,12.362488,-1.513115
courierA-5459d08e-e00c-4174-9a21-c4b90ef20a87,2026-02-06T07:06:00,12.362513,-1.513102
leaderA-dc3bb5ee-282c-411f-96da-eebb88b52ea0,2026-02-06T07:33:00,12.359413,-1.51634
securityA-43c3c6c2-08da-4277-b10b-2565d4ab391b,2026-02-06T07:33:00,12.359413,-1.51634
leaderA-dc3bb5ee-282c-411f-96da-eebb88b52ea0,2026-02-06T07:33:30,12.359346,-1.516678
securityA-43c3c6c2-08da-4277-b10b-2565d4ab391b,2026-02-06T07:33:30,12.359346,-1.516678
leaderA-dc3bb5ee-282c-411f-96da-eebb88b52ea0,2026-02-06T07:34:00,12.359286,-1.517018
securityA-43c3c6c2-08da-4277-b10b-2565d4ab391b,2026-02-06T07:34:00,12.359286,-1.517018
leaderA-dc3bb5ee-282c-411f-96da-eebb88b52ea0,2026-02-06T07:34:30,12.359261,-1.517335
securityA-43c3c6c2-08da-4277-b10b-2565d4ab391b,2026-02-06T07:34:30,12.359261,-1.517335
leaderA-dc3bb5ee-282c-411f-96da-eebb88b52ea0,2026-02-06T07:35:00,12.359592,-1.517397
securityA-43c3c6c2-08da-4277-b10b-2565d4ab391b,2026-02-06T07:35:00,12.359592,-1.517397
leaderA-dc3bb5ee-282c-411f-96da-eebb88b52ea0,2026-02-06T07:35:30,12.359924,-1.517459
securityA-43c3c6c2-08da-4277-b10b-2565d4ab391b,2026-02-06T07:35:30,12.359924,-1.517459
leaderA-dc3bb5ee-282c-411f-96da-eebb88b52ea0,2026-02-06T07:36:00,12.360256,-1.517521
securityA-43c3c6c2-08da-4277-b10b-2565d4ab391b,2026-02-06T07:36:00,12.360256,-1.517521
leaderA-dc3bb5ee-282c-411f-96da-eebb88b52ea0,2026-02-06T07:36:30,12.360588,-1.517583
securityA-43c3c6c2-08da-4277-b10b-2565d4ab391b,2026-02-06T07:36:30,12.360588,-1.517583
leaderA-dc3bb5ee-282c-411f-96da-eebb88b52ea0,2026-02-06T07:37:00,12.360919,-1.517645
securityA-43c3c6c2-08da-4277-b10b-2565d4ab391b,2026-02-06T07:37:00,12.360919,-1.517645
leaderA-dc3bb5ee-282c-411f-96da-eebb88b52ea0,2026-02-06T07:37:30,12.361251,-1.517707
securityA-43c3c6c2-08da-4277-b10b-2565d4ab391b,2026-02-06T07:37:30,12.361251,-1.517707
leaderA-dc3bb5ee-282c-411f-96da-eebb88b52ea0,2026-02-06T07:38:00,12.361583,-1.517769
securityA-43c3c6c2-08da-4277-b10b-2565d4ab391b,2026-02-06T07:38:00,12.361583,-1.517769
securityA-43c3c6c2-08da-4277-b10b-2565d4ab391b,2026-02-06T07:38:30,12.361915,-1.51783
leaderA-dc3bb5ee-282c-411f-96da-eebb88b52ea0,2026-02-06T07:38:30,12.361915,-1.51783
leaderA-dc3bb5ee-282c-411f-96da-eebb88b52ea0,2026-02-06T07:39:00,12.362247,-1.517892
securityA-43c3c6c2-08da-4277-b10b-2565d4ab391b,2026-02-06T07:39:00,12.362247,-1.517892
securityA-43c3c6c2-08da-4277-b10b-2565d4ab391b,2026-02-06T07:39:30,12.362578,-1.517955
leaderA-dc3bb5ee-282c-411f-96da-eebb88b52ea0,2026-02-06T07:39:30,12.362578,-1.517955
leaderA-dc3bb5ee-282c-411f-96da-eebb88b52ea0,2026-02-06T07:40:00,12.36291,-1.518018
securityA-43c3c6c2-08da-4277-b10b-2565d4ab391b,2026-02-06T07:40:00,12.36291,-1.518018
leaderA-dc3bb5ee-282c-411f-96da-eebb88b52ea0,2026-02-06T07:40:30,12.363093,-1.51786
securityA-43c3c6c2-08da-4277-b10b-2565d4ab391b,2026-02-06T07:40:30,12.363093,-1.51786
leaderA-dc3bb5ee-282c-411f-96da-eebb88b52ea0,2026-02-06T07:41:00,12.363154,-1.517521
securityA-43c3c6c2-08da-4277-b10b-2565d4ab391b,2026-02-06T07:41:00,12.363154,-1.517521
leaderA-dc3bb5ee-282c-411f-96da-eebb88b52ea0,2026-02-06T07:41:30,12.363213,-1.517181
securityA-43c3c6c2-08da-4277-b10b-2565d4ab391b,2026-02-06T07:41:30,12.363213,-1.517181
leaderA-dc3bb5ee-282c-411f-96da-eebb88b52ea0,2026-02-06T07:42:00,12.363281,-1.516843
securityA-43c3c6c2-08da-4277-b10b-2565d4ab391b,2026-02-06T07:42:00,12.363281,-1.516843
leaderA-dc3bb5ee-282c-411f-96da-eebb88b52ea0,2026-02-06T07:42:30,12.363349,-1.516504
securityA-43c3c6c2-08da-4277-b10b-2565d4ab391b,2026-02-06T07:42:30,12.363349,-1.516504
leaderA-dc3bb5ee-282c-411f-96da-eebb88b52ea0,2026-02-06T07:43:00,12.363412,-1.516165
securityA-43c3c6c2-08da-4277-b10b-2565d4ab391b,2026-02-06T07:43:00,12.363412,-1.516165
leaderA-dc3bb5ee-282c-411f-96da-eebb88b52ea0,2026-02-06T07:43:30,12.363487,-1.515829
securityA-43c3c6c2-08da-4277-b10b-2565d4ab391b,2026-02-06T07:43:30,12.363487,-1.515829
securityA-43c3c6c2-08da-4277-b10b-2565d4ab391b,2026-02-06T07:44:00,12.363562,-1.515492
leaderA-dc3bb5ee-282c-411f-96da-eebb88b52ea0,2026-02-06T07:44:00,12.363562,-1.515492
logB-c23e4c99-d72b-4789-9397-006a7d765d4c,2026-02-06T08:00:00,12.362514,-1.513095
leaderB-579ff0e7-77e4-4b16-9220-59c2c36ecc12,2026-02-06T08:00:00,12.364466,-1.521212
securityB-12f2e631-90a7-4ce7-87f7-c377db45e99c,2026-02-06T08:00:00,12.364466,-1.521212
securityB-12f2e631-90a7-4ce7-87f7-c377db45e99c,2026-02-06T08:00:30,12.364527,-1.520872
leaderB-579ff0e7-77e4-4b16-9220-59c2c36ecc12,2026-02-06T08:00:30,12.364527,-1.520872
securityB-12f2e631-90a7-4ce7-87f7-c377db45e99c,2026-02-06T08:01:00,12.364588,-1.520533
leaderB-579ff0e7-77e4-4b16-9220-59c2c36ecc12,2026-02-06T08:01:00,12.364588,-1.520533
securityB-12f2e631-90a7-4ce7-87f7-c377db45e99c,2026-02-06T08:01:30,12.364651,-1.520194
leaderB-579ff0e7-77e4-4b16-9220-59c2c36ecc12,2026-02-06T08:01:30,12.364651,-1.520194
securityB-12f2e631-90a7-4ce7-87f7-c377db45e99c,2026-02-06T08:02:00,12.364714,-1.519855
leaderB-579ff0e7-77e4-4b16-9220-59c2c36ecc12,2026-02-06T08:02:00,12.364714,-1.519855
securityB-12f2e631-90a7-4ce7-87f7-c377db45e99c,2026-02-06T08:02:30,12.364775,-1.519515
leaderB-579ff0e7-77e4-4b16-9220-59c2c36ecc12,2026-02-06T08:02:30,12.364775,-1.519515
securityB-12f2e631-90a7-4ce7-87f7-c377db45e99c,2026-02-06T08:03:00,12.364843,-1.519177
leaderB-579ff0e7-77e4-4b16-9220-59c2c36ecc12,2026-02-06T08:03:00,12.364843,-1.519177
logB-c23e4c99-d72b-4789-9397-006a7d765d4c,2026-02-06T08:03:00,12.362505,-1.51309
securityB-12f2e631-90a7-4ce7-87f7-c377db45e99c,2026-02-06T08:03:30,12.36491,-1.518838
leaderB-579ff0e7-77e4-4b16-9220-59c2c36ecc12,2026-02-06T08:03:30,12.36491,-1.518838
leaderB-579ff0e7-77e4-4b16-9220-59c2c36ecc12,2026-02-06T08:04:00,12.364974,-1.518499
securityB-12f2e631-90a7-4ce7-87f7-c377db45e99c,2026-02-06T08:04:00,12.364974,-1.518499
leaderB-579ff0e7-77e4-4b16-9220-59c2c36ecc12,2026-02-06T08:04:30,12.364673,-1.518418
securityB-12f2e631-90a7-4ce7-87f7-c377db45e99c,2026-02-06T08:04:30,12.364673,-1.518418
securityB-12f2e631-90a7-4ce7-87f7-c377db45e99c,2026-02-06T08:05:00,12.364341,-1.518355
leaderB-579ff0e7-77e4-4b16-9220-59c2c36ecc12,2026-02-06T08:05:00,12.364341,-1.518355
securityB-12f2e631-90a7-4ce7-87f7-c377db45e99c,2026-02-06T08:05:30,12.364009,-1.518294
leaderB-579ff0e7-77e4-4b16-9220-59c2c36ecc12,2026-02-06T08:05:30,12.364009,-1.518294
leaderB-579ff0e7-77e4-4b16-9220-59c2c36ecc12,2026-02-06T08:06:00,12.363677,-1.518233
logB-c23e4c99-d72b-4789-9397-006a7d765d4c,2026-02-06T08:06:00,12.362497,-1.513108
securityB-12f2e631-90a7-4ce7-87f7-c377db45e99c,2026-02-06T08:06:00,12.363677,-1.518233
leaderB-579ff0e7-77e4-4b16-9220-59c2c36ecc12,2026-02-06T08:06:30,12.363345,-1.518172
securityB-12f2e631-90a7-4ce7-87f7-c377db45e99c,2026-02-06T08:06:30,12.363345,-1.518172
leaderB-579ff0e7-77e4-4b16-9220-59c2c36ecc12,2026-02-06T08:07:00,12.363013,-1.518111
securityB-12f2e631-90a7-4ce7-87f7-c377db45e99c,2026-02-06T08:07:00,12.363013,-1.518111
securityB-12f2e631-90a7-4ce7-87f7-c377db45e99c,2026-02-06T08:07:30,12.362682,-1.518049
leaderB-579ff0e7-77e4-4b16-9220-59c2c36ecc12,2026-02-06T08:07:30,12.362682,-1.518049
leaderB-579ff0e7-77e4-4b16-9220-59c2c36ecc12,2026-02-06T08:08:00,12.36235,-1.517985
securityB-12f2e631-90a7-4ce7-87f7-c377db45e99c,2026-02-06T08:08:00,12.36235,-1.517985
securityB-12f2e631-90a7-4ce7-87f7-c377db45e99c,2026-02-06T08:08:30,12.362019,-1.517922
leaderB-579ff0e7-77e4-4b16-9220-59c2c36ecc12,2026-02-06T08:08:30,12.362019,-1.517922
securityB-12f2e631-90a7-4ce7-87f7-c377db45e99c,2026-02-06T08:09:00,12.361686,-1.517864
logB-c23e4c99-d72b-4789-9397-006a7d765d4c,2026-02-06T08:09:00,12.362491,-1.513118
leaderB-579ff0e7-77e4-4b16-9220-59c2c36ecc12,2026-02-06T08:09:00,12.361686,-1.517864
leaderB-579ff0e7-77e4-4b16-9220-59c2c36ecc12,2026-02-06T08:09:30,12.361354,-1.517805
securityB-12f2e631-90a7-4ce7-87f7-c377db45e99c,2026-02-06T08:09:30,12.361354,-1.517805
securityB-12f2e631-90a7-4ce7-87f7-c377db45e99c,2026-02-06T08:10:00,12.361134,-1.517667
leaderB-579ff0e7-77e4-4b16-9220-59c2c36ecc12,2026-02-06T08:10:00,12.361134,-1.517667
leaderB-579ff0e7-77e4-4b16-9220-59c2c36ecc12,2026-02-06T08:10:30,12.361198,-1.517328
securityB-12f2e631-90a7-4ce7-87f7-c377db45e99c,2026-02-06T08:10:30,12.361198,-1.517328
securityB-12f2e631-90a7-4ce7-87f7-c377db45e99c,2026-02-06T08:11:00,12.361263,-1.516989
leaderB-579ff0e7-77e4-4b16-9220-59c2c36ecc12,2026-02-06T08:11:00,12.361263,-1.516989
securityB-12f2e631-90a7-4ce7-87f7-c377db45e99c,2026-02-06T08:11:30,12.361331,-1.516651
leaderB-579ff0e7-77e4-4b16-9220-59c2c36ecc12,2026-02-06T08:11:30,12.361331,-1.516651
leaderB-579ff0e7-77e4-4b16-9220-59c2c36ecc12,2026-02-06T08:12:00,12.361398,-1.516312
logB-c23e4c99-d72b-4789-9397-006a7d765d4c,2026-02-06T08:12:00,12.362519,-1.51311
securityB-12f2e631-90a7-4ce7-87f7-c377db45e99c,2026-02-06T08:12:00,12.361398,-1.516312
securityB-12f2e631-90a7-4ce7-87f7-c377db45e99c,2026-02-06T08:12:30,12.361403,-1.515982
leaderB-579ff0e7-77e4-4b16-9220-59c2c36ecc12,2026-02-06T08:12:30,12.361403,-1.515982
securityB-12f2e631-90a7-4ce7-87f7-c377db45e99c,2026-02-06T08:13:00,12.36147,-1.515644
leaderB-579ff0e7-77e4-4b16-9220-59c2c36ecc12,2026-02-06T08:13:00,12.36147,-1.515644
securityB-12f2e631-90a7-4ce7-87f7-c377db45e99c,2026-02-06T08:13:30,12.361536,-1.515305
leaderB-579ff0e7-77e4-4b16-9220-59c2c36ecc12,2026-02-06T08:13:30,12.361536,-1.515305
leaderB-579ff0e7-77e4-4b16-9220-59c2c36ecc12,2026-02-06T08:14:00,12.36147,-1.515001
securityB-12f2e631-90a7-4ce7-87f7-c377db45e99c,2026-02-06T08:14:00,12.36147,-1.515001
securityB-12f2e631-90a7-4ce7-87f7-c377db45e99c,2026-02-06T08:14:30,12.361625,-1.514735
leaderB-579ff0e7-77e4-4b16-9220-59c2c36ecc12,2026-02-06T08:14:30,12.361625,-1.514735
leaderB-579ff0e7-77e4-4b16-9220-59c2c36ecc12,2026-02-06T08:15:00,12.361721,-1.51443
securityB-12f2e631-90a7-4ce7-87f7-c377db45e99c,2026-02-06T08:15:00,12.361721,-1.51443
securityB-12f2e631-90a7-4ce7-87f7-c377db45e99c,2026-02-06T09:00:00,12.362511,-1.513106
leaderB-579ff0e7-77e4-4b16-9220-59c2c36ecc12,2026-02-06T09:00:00,12.362511,-1.513106
propB-775f6ffc-da47-48c0-82b1-4fe100d5ee88,2026-02-06T09:00:00,12.358998,-1.520902
leaderB-579ff0e7-77e4-4b16-9220-59c2c36ecc12,2026-02-06T09:03:00,12.362491,-1.513095
securityB-12f2e631-90a7-4ce7-87f7-c377db45e99c,2026-02-06T09:03:00,12.362491,-1.513095
propB-775f6ffc-da47-48c0-82b1-4fe100d5ee88,2026-02-06T09:03:00,12.359003,-1.520893
propB-775f6ffc-da47-48c0-82b1-4fe100d5ee88,2026-02-06T09:06:00,12.359008,-1.520905
securityB-12f2e631-90a7-4ce7-87f7-c377db45e99c,2026-02-06T09:06:00,12.362511,-1.513094
leaderB-579ff0e7-77e4-4b16-9220-59c2c36ecc12,2026-02-06T09:06:00,12.362511,-1.513094
leaderB-579ff0e7-77e4-4b16-9220-59c2c36ecc12,2026-02-06T09:09:00,12.362509,-1.513107
securityB-12f2e631-90a7-4ce7-87f7-c377db45e99c,2026-02-06T09:09:00,12.362509,-1.513107
propB-775f6ffc-da47-48c0-82b1-4fe100d5ee88,2026-02-06T09:09:00,12.358998,-1.520897
leaderA-dc3bb5ee-282c-411f-96da-eebb88b52ea0,2026-02-06T09:30:00,12.364001,-1.515403
securityA-43c3c6c2-08da-4277-b10b-2565d4ab391b,2026-02-06T09:30:00,12.364001,-1.515403
securityA-43c3c6c2-08da-4277-b10b-2565d4ab391b,2026-02-06T09:45:00,12.363994,-1.515403
leaderA-dc3bb5ee-282c-411f-96da-eebb88b52ea0,2026-02-06T09:45:00,12.363994,-1.515403
securityA-43c3c6c2-08da-4277-b10b-2565d4ab391b,2026-02-06T10:00:00,12.363997,-1.515398
leaderA-dc3bb5ee-282c-411f-96da-eebb88b52ea0,2026-02-06T10:00:00,12.363997,-1.515398
securityA-43c3c6c2-08da-4277-b10b-2565d4ab391b,2026-02-06T10:15:00,12.364001,-1.5154
leaderA-dc3bb5ee-282c-411f-96da-eebb88b52ea0,2026-02-06T10:15:00,12.364001,-1.5154
securityA-43c3c6c2-08da-4277-b10b-2565d4ab391b,2026-02-06T10:30:00,12.364004,-1.515389
leaderA-dc3bb5ee-282c-411f-96da-eebb88b52ea0,2026-02-06T10:30:00,12.364004,-1.515389
leaderA-dc3bb5ee-282c-411f-96da-eebb88b52ea0,2026-02-06T10:45:00,12.364009,-1.515413
securityA-43c3c6c2-08da-4277-b10b-2565d4ab391b,2026-02-06T10:45:00,12.364009,-1.515413
leaderB-579ff0e7-77e4-4b16-9220-59c2c36ecc12,2026-02-06T11:00:00,12.361831,-1.514451
securityB-12f2e631-90a7-4ce7-87f7-c377db45e99c,2026-02-06T11:00:00,12.361831,-1.514451
leaderB-579ff0e7-77e4-4b16-9220-59c2c36ecc12,2026-02-06T11:00:30,12.361806,-1.514771
securityB-12f2e631-90a7-4ce7-87f7-c377db45e99c,2026-02-06T11:00:30,12.361806,-1.514771
leaderB-579ff0e7-77e4-4b16-9220-59c2c36ecc12,2026-02-06T11:01:00,12.361843,-1.515081
securityB-12f2e631-90a7-4ce7-87f7-c377db45e99c,2026-02-06T11:01:00,12.361843,-1.515081
leaderB-579ff0e7-77e4-4b16-9220-59c2c36ecc12,2026-02-06T11:01:30,12.361661,-1.515329
securityB-12f2e631-90a7-4ce7-87f7-c377db45e99c,2026-02-06T11:01:30,12.361661,-1.515329
securityB-12f2e631-90a7-4ce7-87f7-c377db45e99c,2026-02-06T11:02:00,12.36159,-1.515666
leaderB-579ff0e7-77e4-4b16-9220-59c2c36ecc12,2026-02-06T11:02:00,12.36159,-1.515666
leaderB-579ff0e7-77e4-4b16-9220-59c2c36ecc12,2026-02-06T11:02:30,12.361521,-1.516004
securityB-12f2e631-90a7-4ce7-87f7-c377db45e99c,2026-02-06T11:02:30,12.361521,-1.516004
securityB-12f2e631-90a7-4ce7-87f7-c377db45e99c,2026-02-06T11:03:00,12.361398,-1.516308
leaderB-579ff0e7-77e4-4b16-9220-59c2c36ecc12,2026-02-06T11:03:00,12.361398,-1.516308
leaderB-579ff0e7-77e4-4b16-9220-59c2c36ecc12,2026-02-06T11:03:30,12.361331,-1.516647
securityB-12f2e631-90a7-4ce7-87f7-c377db45e99c,2026-02-06T11:03:30,12.361331,-1.516647
leaderB-579ff0e7-77e4-4b16-9220-59c2c36ecc12,2026-02-06T11:04:00,12.361264,-1.516985
securityB-12f2e631-90a7-4ce7-87f7-c377db45e99c,2026-02-06T11:04:00,12.361264,-1.516985
leaderB-579ff0e7-77e4-4b16-9220-59c2c36ecc12,2026-02-06T11:04:30,12.361199,-1.517324
securityB-12f2e631-90a7-4ce7-87f7-c377db45e99c,2026-02-06T11:04:30,12.361199,-1.517324
leaderB-579ff0e7-77e4-4b16-9220-59c2c36ecc12,2026-02-06T11:05:00,12.361135,-1.517663
securityB-12f2e631-90a7-4ce7-87f7-c377db45e99c,2026-02-06T11:05:00,12.361135,-1.517663
leaderB-579ff0e7-77e4-4b16-9220-59c2c36ecc12,2026-02-06T11:05:30,12.361441,-1.517742
securityB-12f2e631-90a7-4ce7-87f7-c377db45e99c,2026-02-06T11:05:30,12.361441,-1.517742
securityB-12f2e631-90a7-4ce7-87f7-c377db45e99c,2026-02-06T11:06:00,12.361773,-1.517804
leaderB-579ff0e7-77e4-4b16-9220-59c2c36ecc12,2026-02-06T11:06:00,12.361773,-1.517804
leaderB-579ff0e7-77e4-4b16-9220-59c2c36ecc12,2026-02-06T11:06:30,12.362105,-1.517865
securityB-12f2e631-90a7-4ce7-87f7-c377db45e99c,2026-02-06T11:06:30,12.362105,-1.517865
leaderB-579ff0e7-77e4-4b16-9220-59c2c36ecc12,2026-02-06T11:07:00,12.362436,-1.517928
securityB-12f2e631-90a7-4ce7-87f7-c377db45e99c,2026-02-06T11:07:00,12.362436,-1.517928
leaderB-579ff0e7-77e4-4b16-9220-59c2c36ecc12,2026-02-06T11:07:30,12.362768,-1.517991
securityB-12f2e631-90a7-4ce7-87f7-c377db45e99c,2026-02-06T11:07:30,12.362768,-1.517991
securityB-12f2e631-90a7-4ce7-87f7-c377db45e99c,2026-02-06T11:08:00,12.3631,-1.518054
leaderB-579ff0e7-77e4-4b16-9220-59c2c36ecc12,2026-02-06T11:08:00,12.3631,-1.518054
securityB-12f2e631-90a7-4ce7-87f7-c377db45e99c,2026-02-06T11:08:30,12.363431,-1.518117
leaderB-579ff0e7-77e4-4b16-9220-59c2c36ecc12,2026-02-06T11:08:30,12.363431,-1.518117
leaderB-579ff0e7-77e4-4b16-9220-59c2c36ecc12,2026-02-06T11:09:00,12.363763,-1.51818
securityB-12f2e631-90a7-4ce7-87f7-c377db45e99c,2026-02-06T11:09:00,12.363763,-1.51818
leaderB-579ff0e7-77e4-4b16-9220-59c2c36ecc12,2026-02-06T11:09:30,12.364095,-1.518242
securityB-12f2e631-90a7-4ce7-87f7-c377db45e99c,2026-02-06T11:09:30,12.364095,-1.518242
securityB-12f2e631-90a7-4ce7-87f7-c377db45e99c,2026-02-06T11:10:00,12.364427,-1.518301
leaderB-579ff0e7-77e4-4b16-9220-59c2c36ecc12,2026-02-06T11:10:00,12.364427,-1.518301
leaderB-579ff0e7-77e4-4b16-9220-59c2c36ecc12,2026-02-06T11:10:30,12.364759,-1.518362
securityB-12f2e631-90a7-4ce7-87f7-c377db45e99c,2026-02-06T11:10:30,12.364759,-1.518362
securityB-12f2e631-90a7-4ce7-87f7-c377db45e99c,2026-02-06T11:11:00,12.364973,-1.518506
leaderB-579ff0e7-77e4-4b16-9220-59c2c36ecc12,2026-02-06T11:11:00,12.364973,-1.518506
securityB-12f2e631-90a7-4ce7-87f7-c377db45e99c,2026-02-06T11:11:30,12.364908,-1.518845
leaderB-579ff0e7-77e4-4b16-9220-59c2c36ecc12,2026-02-06T11:11:30,12.364908,-1.518845
securityB-12f2e631-90a7-4ce7-87f7-c377db45e99c,2026-02-06T11:12:00,12.364842,-1.519183
leaderB-579ff0e7-77e4-4b16-9220-59c2c36ecc12,2026-02-06T11:12:00,12.364842,-1.519183
leaderB-579ff0e7-77e4-4b16-9220-59c2c36ecc12,2026-02-06T11:12:30,12.364774,-1.519521
securityB-12f2e631-90a7-4ce7-87f7-c377db45e99c,2026-02-06T11:12:30,12.364774,-1.519521
leaderB-579ff0e7-77e4-4b16-9220-59c2c36ecc12,2026-02-06T11:13:00,12.364713,-1.519861
securityB-12f2e631-90a7-4ce7-87f7-c377db45e99c,2026-02-06T11:13:00,12.364713,-1.519861
securityB-12f2e631-90a7-4ce7-87f7-c377db45e99c,2026-02-06T11:13:30,12.36465,-1.5202
leaderB-579ff0e7-77e4-4b16-9220-59c2c36ecc12,2026-02-06T11:13:30,12.36465,-1.5202
leaderB-579ff0e7-77e4-4b16-9220-59c2c36ecc12,2026-02-06T11:14:00,12.364587,-1.520539
securityB-12f2e631-90a7-4ce7-87f7-c377db45e99c,2026-02-06T11:14:00,12.364587,-1.520539
securityB-12f2e631-90a7-4ce7-87f7-c377db45e99c,2026-02-06T11:14:30,12.364526,-1.520879
leaderB-579ff0e7-77e4-4b16-9220-59c2c36ecc12,2026-02-06T11:14:30,12.364526,-1.520879
courierA-5459d08e-e00c-4174-9a21-c4b90ef20a87,2026-02-06T14:00:00,12.359413,-1.51634
leaderA-dc3bb5ee-282c-411f-96da-eebb88b52ea0,2026-02-06T14:00:00,12.363601,-1.515311
securityB-12f2e631-90a7-4ce7-87f7-c377db45e99c,2026-02-06T14:00:00,12.358987,-1.520886
leaderB-579ff0e7-77e4-4b16-9220-59c2c36ecc12,2026-02-06T14:00:00,12.358987,-1.520886
securityA-43c3c6c2-08da-4277-b10b-2565d4ab391b,2026-02-06T14:00:00,12.363601,-1.515311
leaderA-dc3bb5ee-282c-411f-96da-eebb88b52ea0,2026-02-06T14:00:30,12.363477,-1.515566
securityA-43c3c6c2-08da-4277-b10b-2565d4ab391b,2026-02-06T14:00:30,12.363477,-1.515566
courierA-5459d08e-e00c-4174-9a21-c4b90ef20a87,2026-02-06T14:00:30,12.359346,-1.516678
securityA-43c3c6c2-08da-4277-b10b-2565d4ab391b,2026-02-06T14:01:00,12.363149,-1.515489
leaderA-dc3bb5ee-282c-411f-96da-eebb88b52ea0,2026-02-06T14:01:00,12.363149,-1.515489
courierA-5459d08e-e00c-4174-9a21-c4b90ef20a87,2026-02-06T14:01:00,12.359286,-1.517018
leaderA-dc3bb5ee-282c-411f-96da-eebb88b52ea0,2026-02-06T14:01:30,12.36282,-1.515412
securityA-43c3c6c2-08da-4277-b10b-2565d4ab391b,2026-02-06T14:01:30,12.36282,-1.515412
courierA-5459d08e-e00c-4174-9a21-c4b90ef20a87,2026-02-06T14:01:30,12.359261,-1.517335
leaderA-dc3bb5ee-282c-411f-96da-eebb88b52ea0,2026-02-06T14:02:00,12.362491,-1.515335
securityA-43c3c6c2-08da-4277-b10b-2565d4ab391b,2026-02-06T14:02:00,12.362491,-1.515335
courierA-5459d08e-e00c-4174-9a21-c4b90ef20a87,2026-02-06T14:02:00,12.359592,-1.517397
leaderA-dc3bb5ee-282c-411f-96da-eebb88b52ea0,2026-02-06T14:02:30,12.362163,-1.515258
securityA-43c3c6c2-08da-4277-b10b-2565d4ab391b,2026-02-06T14:02:30,12.362163,-1.515258
courierA-5459d08e-e00c-4174-9a21-c4b90ef20a87,2026-02-06T14:02:30,12.359924,-1.517459
leaderA-dc3bb5ee-282c-411f-96da-eebb88b52ea0,2026-02-06T14:03:00,12.361834,-1.515181
securityA-43c3c6c2-08da-4277-b10b-2565d4ab391b,2026-02-06T14:03:00,12.361834,-1.515181
leaderB-579ff0e7-77e4-4b16-9220-59c2c36ecc12,2026-02-06T14:03:00,12.358997,-1.520902
securityB-12f2e631-90a7-4ce7-87f7-c377db45e99c,2026-02-06T14:03:00,12.358997,-1.520902
courierA-5459d08e-e00c-4174-9a21-c4b90ef20a87,2026-02-06T14:03:00,12.360256,-1.517521
securityA-43c3c6c2-08da-4277-b10b-2565d4ab391b,2026-02-06T14:03:30,12.361519,-1.515097
leaderA-dc3bb5ee-282c-411f-96da-eebb88b52ea0,2026-02-06T14:03:30,12.361519,-1.515097
courierA-5459d08e-e00c-4174-9a21-c4b90ef20a87,2026-02-06T14:03:30,12.360588,-1.517583
courierA-5459d08e-e00c-4174-9a21-c4b90ef20a87,2026-02-06T14:04:00,12.360919,-1.517645
securityA-43c3c6c2-08da-4277-b10b-2565d4ab391b,2026-02-06T14:04:00,12.361532,-1.514788
leaderA-dc3bb5ee-282c-411f-96da-eebb88b52ea0,2026-02-06T14:04:00,12.361532,-1.514788
leaderA-dc3bb5ee-282c-411f-96da-eebb88b52ea0,2026-02-06T14:04:30,12.361695,-1.514531
securityA-43c3c6c2-08da-4277-b10b-2565d4ab391b,2026-02-06T14:04:30,12.361695,-1.514531
courierA-5459d08e-e00c-4174-9a21-c4b90ef20a87,2026-02-06T14:04:30,12.361251,-1.517707
courierA-5459d08e-e00c-4174-9a21-c4b90ef20a87,2026-02-06T14:05:00,12.361583,-1.517769
courierA-5459d08e-e00c-4174-9a21-c4b90ef20a87,2026-02-06T14:05:30,12.361915,-1.51783
courierA-5459d08e-e00c-4174-9a21-c4b90ef20a87,2026-02-06T14:06:00,12.362247,-1.517892
securityB-12f2e631-90a7-4ce7-87f7-c377db45e99c,2026-02-06T14:06:00,12.359012,-1.520895
leaderB-579ff0e7-77e4-4b16-9220-59c2c36ecc12,2026-02-06T14:06:00,12.359012,-1.520895
courierA-5459d08e-e00c-4174-9a21-c4b90ef20a87,2026-02-06T14:06:30,12.362578,-1.517955
courierA-5459d08e-e00c-4174-9a21-c4b90ef20a87,2026-02-06T14:07:00,12.36291,-1.518018
courierA-5459d08e-e00c-4174-9a21-c4b90ef20a87,2026-02-06T14:07:30,12.363093,-1.51786
courierA-5459d08e-e00c-4174-9a21-c4b90ef20a87,2026-02-06T14:08:00,12.363154,-1.517521
courierA-5459d08e-e00c-4174-9a21-c4b90ef20a87,2026-02-06T14:08:30,12.363213,-1.517181
leaderB-579ff0e7-77e4-4b16-9220-59c2c36ecc12,2026-02-06T14:09:00,12.359004,-1.520881
securityB-12f2e631-90a7-4ce7-87f7-c377db45e99c,2026-02-06T14:09:00,12.359004,-1.520881
courierA-5459d08e-e00c-4174-9a21-c4b90ef20a87,2026-02-06T14:09:00,12.363281,-1.516843
courierA-5459d08e-e00c-4174-9a21-c4b90ef20a87,2026-02-06T14:09:30,12.363349,-1.516504
courierA-5459d08e-e00c-4174-9a21-c4b90ef20a87,2026-02-06T14:10:00,12.363412,-1.516165
courierA-5459d08e-e00c-4174-9a21-c4b90ef20a87,2026-02-06T14:10:30,12.363487,-1.515829
courierA-5459d08e-e00c-4174-9a21-c4b90ef20a87,2026-02-06T14:11:00,12.363562,-1.515492
securityB-12f2e631-90a7-4ce7-87f7-c377db45e99c,2026-02-06T14:12:00,12.358994,-1.520892
leaderB-579ff0e7-77e4-4b16-9220-59c2c36ecc12,2026-02-06T14:12:00,12.358994,-1.520892
leaderB-579ff0e7-77e4-4b16-9220-59c2c36ecc12,2026-02-06T14:15:00,12.359001,-1.520898
securityB-12f2e631-90a7-4ce7-87f7-c377db45e99c,2026-02-06T14:15:00,12.359001,-1.520898
facA-1420f464-9589-439d-bdab-a216790c256e,2026-02-06T14:30:00,12.364004,-1.515406
facA-1420f464-9589-439d-bdab-a216790c256e,2026-02-06T14:33:00,12.364018,-1.515399
facA-1420f464-9589-439d-bdab-a216790c256e,2026-02-06T14:36:00,12.363997,-1.515398
facA-1420f464-9589-439d-bdab-a216790c256e,2026-02-06T14:39:00,12.363988,-1.515409
civ-005f333e-b004-4479-89c7-4e8eb56d528f,2026-02-06T15:00:00,12.36286,-1.522316
civ-e38c9731-7488-476e-b496-4e4ca11d5e31,2026-02-06T15:00:00,12.362894,-1.522509
civ-f4081adf-c04f-4161-8b7c-1bf8d8a70eca,2026-02-06T15:00:00,12.362848,-1.522634
civ-7220bc7a-3289-4d85-9333-155872d5eb6f,2026-02-06T15:00:00,12.362818,-1.522514
civ-8a0754b2-58ed-40a4-8e7a-a0cd2ecb068a,2026-02-06T15:00:00,12.362906,-1.522394
civ-07c024e8-9cc5-4537-b152-42e1296055e8,2026-02-06T15:00:00,12.36295,-1.522431
civ-899392c3-bad7-4ece-b52e-7f8cddea11eb,2026-02-06T15:00:00,12.362888,-1.522533
civ-8e65278f-044b-4e2c-b2ef-a26b31377f82,2026-02-06T15:00:00,12.362798,-1.522627
civ-f24d8a05-36f2-4bb0-ae81-7fa58bfd9999,2026-02-06T15:00:00,12.362956,-1.52254
civ-c9dea09e-2b7f-45d2-81b2-c00fbc0f8d26,2026-02-06T15:00:00,12.362974,-1.522457
civ-07106e67-61ac-4783-883e-d7fc6d61092c,2026-02-06T15:00:00,12.362859,-1.522487
civ-e1bdbccc-1392-4750-9172-d25975d8422b,2026-02-06T15:00:00,12.363048,-1.522413
civ-8b4cf171-85d7-4943-9229-e0ce83b30887,2026-02-06T15:00:00,12.363011,-1.522356
civ-ae8985cf-433e-4c52-a8e0-0891ea540385,2026-02-06T15:00:00,12.36279,-1.522409
leaderA-dc3bb5ee-282c-411f-96da-eebb88b52ea0,2026-02-06T15:00:00,12.362477,-1.513092
civ-d06ee1c9-1d7c-4160-b70b-f2e4f47a5fcc,2026-02-06T15:00:00,12.362841,-1.5225
civ-34b06d2e-549a-4321-946c-07a522b13608,2026-02-06T15:00:00,12.364066,-1.515458
civ-965e39e2-1480-472d-82ee-93c32fc82292,2026-02-06T15:00:00,12.363927,-1.515396
civ-67d2b8cb-b379-40a9-8214-735f632c2d96,2026-02-06T15:00:00,12.363998,-1.515454
civ-ddee4b78-d3f6-464b-a6ef-22fad6fe9513,2026-02-06T15:00:00,12.36383,-1.515473
civ-d0c661a3-18b5-4dcf-9bcb-e7b4ebf165e8,2026-02-06T15:00:00,12.364031,-1.515335
civ-060d36a3-35f5-45ac-b821-43ae88195eb6,2026-02-06T15:00:00,12.363923,-1.51561
civ-5338fdba-65e6-434c-80ff-dc0b261af045,2026-02-06T15:00:00,12.36394,-1.515394
civ-b2ed67c6-795d-463a-a0c4-13ee3b698ed0,2026-02-06T15:00:00,12.364013,-1.515426
civ-be05237c-3520-42ee-894c-8e205fde9a8d,2026-02-06T15:00:00,12.364031,-1.51535
civ-a718b9e4-02ef-4a76-a957-8482571ab46d,2026-02-06T15:00:00,12.362916,-1.522433
civ-10acaf2f-100a-463c-ba42-da84dab69112,2026-02-06T15:00:00,12.364107,-1.51542
civ-dc7f54fb-2d67-43c6-a9ca-078a0b5dbe5c,2026-02-06T15:00:00,12.364014,-1.515317
civ-d09ab4aa-4ff9-4bcf-9e40-cf20db653b04,2026-02-06T15:00:00,12.363884,-1.515316
civ-95c8c240-fe42-42c8-833c-2db455d61572,2026-02-06T15:00:00,12.364034,-1.515403
civ-b63790fb-4b77-447a-bb37-3d8a86548bda,2026-02-06T15:00:00,12.364021,-1.515498
civ-56ba8bd6-abc1-4a1a-ad9a-a91f2e36a90b,2026-02-06T15:00:00,12.363887,-1.515438
civ-a765512d-b831-4c66-82ac-200071dc1685,2026-02-06T15:00:00,12.364005,-1.515363
civ-25dc5e7d-7f59-4b6c-a6b4-f6be9bf45f18,2026-02-06T15:00:00,12.364053,-1.51542
civ-8fa23523-12d9-4556-bbb1-8907b2d18cc9,2026-02-06T15:00:00,12.363825,-1.515336
civ-fec282b6-616d-4c47-9828-b99a815a703b,2026-02-06T15:00:00,12.363947,-1.515458
civ-410b4433-4cdb-4ec7-a636-0b06d9c5a7f0,2026-02-06T15:00:00,12.363024,-1.522529
civ-1bf30d3f-700c-4063-964f-e544c2a70e6f,2026-02-06T15:00:00,12.364057,-1.51549
civ-e28be2cd-bd3c-4671-84b3-e057267c8770,2026-02-06T15:00:00,12.362836,-1.522531
civ-770833f0-d1f6-47a3-b3a7-b6867f1593ea,2026-02-06T15:00:00,12.362891,-1.52247
civ-d62c1900-763f-4f23-9765-9e0bb1e5f256,2026-02-06T15:00:00,12.362952,-1.522527
courierA-5459d08e-e00c-4174-9a21-c4b90ef20a87,2026-02-06T15:00:00,12.363994,-1.515391
securityA-43c3c6c2-08da-4277-b10b-2565d4ab391b,2026-02-06T15:00:00,12.362477,-1.513092
courierA-5459d08e-e00c-4174-9a21-c4b90ef20a87,2026-02-06T15:03:00,12.363995,-1.515384
courierA-5459d08e-e00c-4174-9a21-c4b90ef20a87,2026-02-06T15:06:00,12.364006,-1.515404
securityA-43c3c6c2-08da-4277-b10b-2565d4ab391b,2026-02-06T15:10:00,12.362488,-1.513102
leaderA-dc3bb5ee-282c-411f-96da-eebb88b52ea0,2026-02-06T15:10:00,12.362488,-1.513102
securityA-43c3c6c2-08da-4277-b10b-2565d4ab391b,2026-02-06T15:20:00,12.362489,-1.513116
leaderA-dc3bb5ee-282c-411f-96da-eebb88b52ea0,2026-02-06T15:20:00,12.362489,-1.513116
leaderA-dc3bb5ee-282c-411f-96da-eebb88b52ea0,2026-02-06T15:30:00,12.362505,-1.513093
securityA-43c3c6c2-08da-4277-b10b-2565d4ab391b,2026-02-06T15:30:00,12.362505,-1.513093
leaderA-dc3bb5ee-282c-411f-96da-eebb88b52ea0,2026-02-06T15:40:00,12.362495,-1.513123
securityA-43c3c6c2-08da-4277-b10b-2565d4ab391b,2026-02-06T15:40:00,12.362495,-1.513123
leaderA-dc3bb5ee-282c-411f-96da-eebb88b52ea0,2026-02-06T15:50:00,12.362495,-1.513096
securityA-43c3c6c2-08da-4277-b10b-2565d4ab391b,2026-02-06T15:50:00,12.362495,-1.513096
securityA-43c3c6c2-08da-4277-b10b-2565d4ab391b,2026-02-06T17:00:00,12.361831,-1.514451
leaderA-dc3bb5ee-282c-411f-96da-eebb88b52ea0,2026-02-06T17:00:00,12.361831,-1.514451
leaderA-dc3bb5ee-282c-411f-96da-eebb88b52ea0,2026-02-06T17:00:30,12.361806,-1.514771
securityA-43c3c6c2-08da-4277-b10b-2565d4ab391b,2026-02-06T17:00:30,12.361806,-1.514771
securityA-43c3c6c2-08da-4277-b10b-2565d4ab391b,2026-02-06T17:01:00,12.361843,-1.515081
leaderA-dc3bb5ee-282c-411f-96da-eebb88b52ea0,2026-02-06T17:01:00,12.361843,-1.515081
securityA-43c3c6c2-08da-4277-b10b-2565d4ab391b,2026-02-06T17:01:30,12.361661,-1.515329
leaderA-dc3bb5ee-282c-411f-96da-eebb88b52ea0,2026-02-06T17:01:30,12.361661,-1.515329
securityA-43c3c6c2-08da-4277-b10b-2565d4ab391b,2026-02-06T17:02:00,12.36159,-1.515666
leaderA-dc3bb5ee-282c-411f-96da-eebb88b52ea0,2026-02-06T17:02:00,12.36159,-1.515666
securityA-43c3c6c2-08da-4277-b10b-2565d4ab391b,2026-02-06T17:02:30,12.361521,-1.516004
leaderA-dc3bb5ee-282c-411f-96da-eebb88b52ea0,2026-02-06T17:02:30,12.361521,-1.516004
securityA-43c3c6c2-08da-4277-b10b-2565d4ab391b,2026-02-06T17:03:00,12.361373,-1.516212
leaderA-dc3bb5ee-282c-411f-96da-eebb88b52ea0,2026-02-06T17:03:00,12.361373,-1.516212
securityA-43c3c6c2-08da-4277-b10b-2565d4ab391b,2026-02-06T17:03:30,12.361043,-1.51614
leaderA-dc3bb5ee-282c-411f-96da-eebb88b52ea0,2026-02-06T17:03:30,12.361043,-1.51614
leaderA-dc3bb5ee-282c-411f-96da-eebb88b52ea0,2026-02-06T17:04:00,12.360713,-1.516069
securityA-43c3c6c2-08da-4277-b10b-2565d4ab391b,2026-02-06T17:04:00,12.360713,-1.516069
leaderA-dc3bb5ee-282c-411f-96da-eebb88b52ea0,2026-02-06T17:04:30,12.360383,-1.515998
securityA-43c3c6c2-08da-4277-b10b-2565d4ab391b,2026-02-06T17:04:30,12.360383,-1.515998
leaderA-dc3bb5ee-282c-411f-96da-eebb88b52ea0,2026-02-06T17:05:00,12.360053,-1.515927
securityA-43c3c6c2-08da-4277-b10b-2565d4ab391b,2026-02-06T17:05:00,12.360053,-1.515927
leaderA-dc3bb5ee-282c-411f-96da-eebb88b52ea0,2026-02-06T17:05:30,12.359723,-1.515855
securityA-43c3c6c2-08da-4277-b10b-2565d4ab391b,2026-02-06T17:05:30,12.359723,-1.515855
leaderA-dc3bb5ee-282c-411f-96da-eebb88b52ea0,2026-02-06T17:06:00,12.359495,-1.515944
securityA-43c3c6c2-08da-4277-b10b-2565d4ab391b,2026-02-06T17:06:00,12.359495,-1.515944
leaderA-dc3bb5ee-282c-411f-96da-eebb88b52ea0,2026-02-06T17:06:30,12.359425,-1.516282
securityA-43c3c6c2-08da-4277-b10b-2565d4ab391b,2026-02-06T17:06:30,12.359425,-1.516282
securityA-43c3c6c2-08da-4277-b10b-2565d4ab391b,2026-02-06T18:00:00,12.359687,-1.516398
leaderA-dc3bb5ee-282c-411f-96da-eebb88b52ea0,2026-02-06T18:00:00,12.359687,-1.516398
securityA-43c3c6c2-08da-4277-b10b-2565d4ab391b,2026-02-06T18:20:00,12.3597,-1.516395
leaderA-dc3bb5ee-282c-411f-96da-eebb88b52ea0,2026-02-06T18:20:00,12.3597,-1.516395
securityA-43c3c6c2-08da-4277-b10b-2565d4ab391b,2026-02-06T18:40:00,12.359701,-1.516409
leaderA-dc3bb5ee-282c-411f-96da-eebb88b52ea0,2026-02-06T18:40:00,12.359701,-1.516409
securityA-43c3c6c2-08da-4277-b10b-2565d4ab391b,2026-02-06T19:00:00,12.359711,-1.516401
leaderA-dc3bb5ee-282c-411f-96da-eebb88b52ea0,2026-02-06T19:00:00,12.359711,-1.516401
securityA-43c3c6c2-08da-4277-b10b-2565d4ab391b,2026-02-06T19:20:00,12.3597,-1.516408
leaderA-dc3bb5ee-282c-411f-96da-eebb88b52ea0,2026-02-06T19:20:00,12.3597,-1.516408
securityA-43c3c6c2-08da-4277-b10b-2565d4ab391b,2026-02-06T19:40:00,12.359696,-1.516408
leaderA-dc3bb5ee-282c-411f-96da-eebb88b52ea0,2026-02-06T19:40:00,12.359696,-1.516408
logB-c23e4c99-d72b-4789-9397-006a7d765d4c,2026-02-07T05:00:00,12.364466,-1.521212
logB-c23e4c99-d72b-4789-9397-006a7d765d4c,2026-02-07T05:00:30,12.364527,-1.520872
logB-c23e4c99-d72b-4789-9397-006a7d765d4c,2026-02-07T05:01:00,12.364588,-1.520533
logB-c23e4c99-d72b-4789-9397-006a7d765d4c,2026-02-07T05:01:30,12.364651,-1.520194
logB-c23e4c99-d72b-4789-9397-006a7d765d4c,2026-02-07T05:02:00,12.364714,-1.519855
logB-c23e4c99-d72b-4789-9397-006a7d765d4c,2026-02-07T05:02:30,12.364775,-1.519515
logB-c23e4c99-d72b-4789-9397-006a7d765d4c,2026-02-07T05:03:00,12.364843,-1.519177
logB-c23e4c99-d72b-4789-9397-006a7d765d4c,2026-02-07T05:03:30,12.36491,-1.518838
logB-c23e4c99-d72b-4789-9397-006a7d765d4c,2026-02-07T05:04:00,12.364974,-1.518499
logB-c23e4c99-d72b-4789-9397-006a7d765d4c,2026-02-07T05:04:30,12.364673,-1.518418
logB-c23e4c99-d72b-4789-9397-006a7d765d4c,2026-02-07T05:05:00,12.364341,-1.518355
logB-c23e4c99-d72b-4789-9397-006a7d765d4c,2026-02-07T05:05:30,12.364009,-1.518294
logB-c23e4c99-d72b-4789-9397-006a7d765d4c,2026-02-07T05:06:00,12.363677,-1.518233
logB-c23e4c99-d72b-4789-9397-006a7d765d4c,2026-02-07T05:06:30,12.363345,-1.518172
logB-c23e4c99-d72b-4789-9397-006a7d765d4c,2026-02-07T05:07:00,12.363013,-1.518111
logB-c23e4c99-d72b-4789-9397-006a7d765d4c,2026-02-07T05:07:30,12.362682,-1.518049
logB-c23e4c99-d72b-4789-9397-006a7d765d4c,2026-02-07T05:08:00,12.36235,-1.517985
logB-c23e4c99-d72b-4789-9397-006a7d765d4c,2026-02-07T05:08:30,12.362019,-1.517922
logB-c23e4c99-d72b-4789-9397-006a7d765d4c,2026-02-07T05:09:00,12.361686,-1.517864
logB-c23e4c99-d72b-4789-9397-006a7d765d4c,2026-02-07T05:09:30,12.361354,-1.517805
logB-c23e4c99-d72b-4789-9397-006a7d765d4c,2026-02-07T05:10:00,12.361134,-1.517667
logB-c23e4c99-d72b-4789-9397-006a7d765d4c,2026-02-07T05:10:30,12.361198,-1.517328
logB-c23e4c99-d72b-4789-9397-006a7d765d4c,2026-02-07T05:11:00,12.361263,-1.516989
logB-c23e4c99-d72b-4789-9397-006a7d765d4c,2026-02-07T05:11:30,12.361331,-1.516651
logB-c23e4c99-d72b-4789-9397-006a7d765d4c,2026-02-07T05:12:00,12.361398,-1.516312
logB-c23e4c99-d72b-4789-9397-006a7d765d4c,2026-02-07T05:12:30,12.361403,-1.515982
logB-c23e4c99-d72b-4789-9397-006a7d765d4c,2026-02-07T05:13:00,12.36147,-1.515644
logB-c23e4c99-d72b-4789-9397-006a7d765d4c,2026-02-07T05:13:30,12.361536,-1.515305
logB-c23e4c99-d72b-4789-9397-006a7d765d4c,2026-02-07T05:14:00,12.36147,-1.515001
logB-c23e4c99-d72b-4789-9397-006a7d765d4c,2026-02-07T05:14:30,12.361625,-1.514735
logB-c23e4c99-d72b-4789-9397-006a7d765d4c,2026-02-07T05:15:00,12.361721,-1.51443
leaderA-dc3bb5ee-282c-411f-96da-eebb88b52ea0,2026-02-07T05:30:00,12.359706,-1.516381
securityA-43c3c6c2-08da-4277-b10b-2565d4ab391b,2026-02-07T05:30:00,12.359706,-1.516381
leaderA-dc3bb5ee-282c-411f-96da-eebb88b52ea0,2026-02-07T05:33:00,12.3597,-1.516407
securityA-43c3c6c2-08da-4277-b10b-2565d4ab391b,2026-02-07T05:33:00,12.3597,-1.516407
leaderA-dc3bb5ee-282c-411f-96da-eebb88b52ea0,2026-02-07T05:36:00,12.359698,-1.516388
securityA-43c3c6c2-08da-4277-b10b-2565d4ab391b,2026-02-07T05:36:00,12.359698,-1.516388
leaderA-dc3bb5ee-282c-411f-96da-eebb88b52ea0,2026-02-07T05:39:00,12.359694,-1.516407
securityA-43c3c6c2-08da-4277-b10b-2565d4ab391b,2026-02-07T05:39:00,12.359694,-1.516407
securityA-43c3c6c2-08da-4277-b10b-2565d4ab391b,2026-02-07T05:42:00,12.359696,-1.516409
leaderA-dc3bb5ee-282c-411f-96da-eebb88b52ea0,2026-02-07T05:42:00,12.359696,-1.516409
courierA-5459d08e-e00c-4174-9a21-c4b90ef20a87,2026-02-07T06:00:00,12.359413,-1.51634
courierA-5459d08e-e00c-4174-9a21-c4b90ef20a87,2026-02-07T06:00:30,12.359483,-1.516002
courierA-5459d08e-e00c-4174-9a21-c4b90ef20a87,2026-02-07T06:01:00,12.359666,-1.515843
courierA-5459d08e-e00c-4174-9a21-c4b90ef20a87,2026-02-07T06:01:30,12.359996,-1.515914
courierA-5459d08e-e00c-4174-9a21-c4b90ef20a87,2026-02-07T06:02:00,12.360326,-1.515986
courierA-5459d08e-e00c-4174-9a21-c4b90ef20a87,2026-02-07T06:02:30,12.360656,-1.516057
courierA-5459d08e-e00c-4174-9a21-c4b90ef20a87,2026-02-07T06:03:00,12.360986,-1.516128
courierA-5459d08e-e00c-4174-9a21-c4b90ef20a87,2026-02-07T06:03:30,12.361316,-1.516199
courierA-5459d08e-e00c-4174-9a21-c4b90ef20a87,2026-02-07T06:04:00,12.361417,-1.515912
courierA-5459d08e-e00c-4174-9a21-c4b90ef20a87,2026-02-07T06:04:30,12.361484,-1.515573
courierA-5459d08e-e00c-4174-9a21-c4b90ef20a87,2026-02-07T06:05:00,12.361549,-1.515235
courierA-5459d08e-e00c-4174-9a21-c4b90ef20a87,2026-02-07T06:05:30,12.361465,-1.51493
courierA-5459d08e-e00c-4174-9a21-c4b90ef20a87,2026-02-07T06:06:00,12.361664,-1.514691
courierA-5459d08e-e00c-4174-9a21-c4b90ef20a87,2026-02-07T06:06:30,12.36179,-1.514443
facA-1420f464-9589-439d-bdab-a216790c256e,2026-02-07T06:30:00,12.362899,-1.522496
facA-1420f464-9589-439d-bdab-a216790c256e,2026-02-07T06:33:00,12.36289,-1.522496
facA-1420f464-9589-439d-bdab-a216790c256e,2026-02-07T06:36:00,12.362898,-1.522491
facA-1420f464-9589-439d-bdab-a216790c256e,2026-02-07T06:39:00,12.362911,-1.522477
securityA-43c3c6c2-08da-4277-b10b-2565d4ab391b,2026-02-07T06:42:00,12.359413,-1.51634
leaderA-dc3bb5ee-282c-411f-96da-eebb88b52ea0,2026-02-07T06:42:00,12.359413,-1.51634
leaderA-dc3bb5ee-282c-411f-96da-eebb88b52ea0,2026-02-07T06:42:30,12.359346,-1.516678
securityA-43c3c6c2-08da-4277-b10b-2565d4ab391b,2026-02-07T06:42:30,12.359346,-1.516678
leaderA-dc3bb5ee-282c-411f-96da-eebb88b52ea0,2026-02-07T06:43:00,12.359286,-1.517018
securityA-43c3c6c2-08da-4277-b10b-2565d4ab391b,2026-02-07T06:43:00,12.359286,-1.517018
securityA-43c3c6c2-08da-4277-b10b-2565d4ab391b,2026-02-07T06:43:30,12.359261,-1.517335
leaderA-dc3bb5ee-282c-411f-96da-eebb88b52ea0,2026-02-07T06:43:30,12.359261,-1.517335
securityA-43c3c6c2-08da-4277-b10b-2565d4ab391b,2026-02-07T06:44:00,12.359592,-1.517397
leaderA-dc3bb5ee-282c-411f-96da-eebb88b52ea0,2026-02-07T06:44:00,12.359592,-1.517397
leaderA-dc3bb5ee-282c-411f-96da-eebb88b52ea0,2026-02-07T06:44:30,12.359924,-1.517459
securityA-43c3c6c2-08da-4277-b10b-2565d4ab391b,2026-02-07T06:44:30,12.359924,-1.517459
securityA-43c3c6c2-08da-4277-b10b-2565d4ab391b,2026-02-07T06:45:00,12.360256,-1.517521
leaderA-dc3bb5ee-282c-411f-96da-eebb88b52ea0,2026-02-07T06:45:00,12.360256,-1.517521
leaderA-dc3bb5ee-282c-411f-96da-eebb88b52ea0,2026-02-07T06:45:30,12.360588,-1.517583
securityA-43c3c6c2-08da-4277-b10b-2565d4ab391b,2026-02-07T06:45:30,12.360588,-1.517583
leaderA-dc3bb5ee-282c-411f-96da-eebb88b52ea0,2026-02-07T06:46:00,12.360919,-1.517645
securityA-43c3c6c2-08da-4277-b10b-2565d4ab391b,2026-02-07T06:46:00,12.360919,-1.517645
leaderA-dc3bb5ee-282c-411f-96da-eebb88b52ea0,2026-02-07T06:46:30,12.361251,-1.517707
securityA-43c3c6c2-08da-4277-b10b-2565d4ab391b,2026-02-07T06:46:30,12.361251,-1.517707
securityA-43c3c6c2-08da-4277-b10b-2565d4ab391b,2026-02-07T06:47:00,12.361583,-1.517769
leaderA-dc3bb5ee-282c-411f-96da-eebb88b52ea0,2026-02-07T06:47:00,12.361583,-1.517769
securityA-43c3c6c2-08da-4277-b10b-2565d4ab391b,2026-02-07T06:47:30,12.361915,-1.51783
leaderA-dc3bb5ee-282c-411f-96da-eebb88b52ea0,2026-02-07T06:47:30,12.361915,-1.51783
securityA-43c3c6c2-08da-4277-b10b-2565d4ab391b,2026-02-07T06:48:00,12.362247,-1.517892
leaderA-dc3bb5ee-282c-411f-96da-eebb88b52ea0,2026-02-07T06:48:00,12.362247,-1.517892
securityA-43c3c6c2-08da-4277-b10b-2565d4ab391b,2026-02-07T06:48:30,12.362578,-1.517955
leaderA-dc3bb5ee-282c-411f-96da-eebb88b52ea0,2026-02-07T06:48:30,12.362578,-1.517955
leaderA-dc3bb5ee-282c-411f-96da-eebb88b52ea0,2026-02-07T06:49:00,12.36291,-1.518018
securityA-43c3c6c2-08da-4277-b10b-2565d4ab391b,2026-02-07T06:49:00,12.36291,-1.518018
securityA-43c3c6c2-08da-4277-b10b-2565d4ab391b,2026-02-07T06:49:30,12.363093,-1.51786
leaderA-dc3bb5ee-282c-411f-96da-eebb88b52ea0,2026-02-07T06:49:30,12.363093,-1.51786
securityA-43c3c6c2-08da-4277-b10b-2565d4ab391b,2026-02-07T06:50:00,12.363154,-1.517521
leaderA-dc3bb5ee-282c-411f-96da-eebb88b52ea0,2026-02-07T06:50:00,12.363154,-1.517521
securityA-43c3c6c2-08da-4277-b10b-2565d4ab391b,2026-02-07T06:50:30,12.363213,-1.517181
leaderA-dc3bb5ee-282c-411f-96da-eebb88b52ea0,2026-02-07T06:50:30,12.363213,-1.517181
leaderA-dc3bb5ee-282c-411f-96da-eebb88b52ea0,2026-02-07T06:51:00,12.363281,-1.516843
securityA-43c3c6c2-08da-4277-b10b-2565d4ab391b,2026-02-07T06:51:00,12.363281,-1.516843
securityA-43c3c6c2-08da-4277-b10b-2565d4ab391b,2026-02-07T06:51:30,12.363349,-1.516504
leaderA-dc3bb5ee-282c-411f-96da-eebb88b52ea0,2026-02-07T06:51:30,12.363349,-1.516504
securityA-43c3c6c2-08da-4277-b10b-2565d4ab391b,2026-02-07T06:52:00,12.363412,-1.516165
leaderA-dc3bb5ee-282c-411f-96da-eebb88b52ea0,2026-02-07T06:52:00,12.363412,-1.516165
securityA-43c3c6c2-08da-4277-b10b-2565d4ab391b,2026-02-07T06:52:30,12.363487,-1.515829
leaderA-dc3bb5ee-282c-411f-96da-eebb88b52ea0,2026-02-07T06:52:30,12.363487,-1.515829
securityA-43c3c6c2-08da-4277-b10b-2565d4ab391b,2026-02-07T06:53:00,12.363562,-1.515492
leaderA-dc3bb5ee-282c-411f-96da-eebb88b52ea0,2026-02-07T06:53:00,12.363562,-1.515492
civ-0b6d88bf-f6d3-4b1c-9b6d-dd5fea6d8d58,2026-02-07T07:00:00,12.363965,-1.515389
civ-a4575011-5d29-4e24-8702-7c6bdf5119f3,2026-02-07T07:00:00,12.363886,-1.515336
civ-9d273786-86fa-48df-8787-d96e5f0ec1b4,2026-02-07T07:00:00,12.363977,-1.515457
civ-e3fd9d5d-9e79-4b29-89d9-819e38859fdd,2026-02-07T07:00:00,12.364019,-1.515363
civ-3b7d5c91-161b-4b71-9dbc-3afcc30a805a,2026-02-07T07:00:00,12.36387,-1.515514
civ-7a8343f4-2b71-484d-875f-97648cdf2397,2026-02-07T07:00:00,12.363949,-1.515509
courierA-5459d08e-e00c-4174-9a21-c4b90ef20a87,2026-02-07T07:00:00,12.362504,-1.513108
civ-b64d5006-c6bf-462d-8875-b03bdc03d99e,2026-02-07T07:00:00,12.364077,-1.515398
civ-bd46391d-91cc-4395-b278-289ec131e63e,2026-02-07T07:00:00,12.364116,-1.515335
civ-6cd852f0-3a93-464d-8464-32bed3ef8ce1,2026-02-07T07:00:00,12.363892,-1.515345
civ-0ecb6346-590c-4238-80a7-3d27032f66e9,2026-02-07T07:00:00,12.364006,-1.515505
civ-3142cb26-91aa-4f09-9025-c5c4afcbb175,2026-02-07T07:00:00,12.363978,-1.515454
civ-81b7752d-5739-41d8-9b06-509a7e6aebec,2026-02-07T07:00:00,12.364023,-1.515303
civ-345187cd-fbab-4458-acc6-1e7ff859b2a4,2026-02-07T07:00:00,12.363865,-1.515392
civ-182cd689-faf3-40f8-9185-e2fcac1cfee5,2026-02-07T07:00:00,12.363988,-1.515352
civ-75cb8fb8-a5bc-48fe-9543-5c90cacb428b,2026-02-07T07:00:00,12.364137,-1.515404
civ-f9f0a785-0e4e-4888-8852-f4a251546e26,2026-02-07T07:00:00,12.363981,-1.515464
civ-2612d4fe-fc33-4a27-95f3-22354e904e0f,2026-02-07T07:00:00,12.364015,-1.515454
civ-ec1fb0e9-5bf5-4a21-95c9-fb90faaa8d06,2026-02-07T07:00:00,12.363985,-1.515471
civ-e9feff00-3dd0-44f6-8443-4c4ed3a7311c,2026-02-07T07:00:00,12.362833,-1.522422
civ-ee20c99c-1308-4a73-a972-1ff470b8f179,2026-02-07T07:00:00,12.363845,-1.515452
civ-6c90f355-724e-471d-b6e9-807b731e22cc,2026-02-07T07:00:00,12.362861,-1.522442
civ-90929ae8-69d8-406e-b8bc-308b605e18d6,2026-02-07T07:00:00,12.362926,-1.522368
civ-c7e512e1-7b26-45d9-b163-1eb3c7b472b1,2026-02-07T07:00:00,12.362884,-1.522525
civ-52e6ae04-016c-4e83-a632-a34556f0d544,2026-02-07T07:00:00,12.362937,-1.522519
civ-49ece5c4-8743-4315-a60c-11d155587b6a,2026-02-07T07:00:00,12.362951,-1.522531
civ-8921908d-acc9-4e70-95f2-6ec882715789,2026-02-07T07:00:00,12.362924,-1.522486
civ-8c419116-9a8f-4094-b404-a05da6fffbe2,2026-02-07T07:00:00,12.362861,-1.522507
civ-107213a6-79f1-44c4-a9ab-ab89fbcd770f,2026-02-07T07:00:00,12.362953,-1.522456
civ-1fd10e26-f9b0-47e8-9369-6e94d38577ff,2026-02-07T07:00:00,12.36298,-1.522509
civ-a6b5a400-af01-497d-9d42-75a4325b8f99,2026-02-07T07:00:00,12.362744,-1.522439
civ-1387dd0f-b246-4c8f-add6-0952d467b405,2026-02-07T07:00:00,12.362948,-1.522363
civ-d001ae39-cd37-4e0a-a631-a232ce0eff57,2026-02-07T07:00:00,12.36293,-1.522517
civ-738d1ccb-fd4e-47aa-817c-4e60fc01035a,2026-02-07T07:00:00,12.362899,-1.522522
civ-0e1432c8-d2ab-4167-9956-42674d3ecc62,2026-02-07T07:00:00,12.362958,-1.522616
civ-b0f2b5c6-accf-4ec5-ae6d-f021f2e8a387,2026-02-07T07:00:00,12.362824,-1.522577
civ-ea0a5cdf-f20d-4f16-aa13-bbd0e63644c4,2026-02-07T07:00:00,12.362968,-1.522377
civ-aeb8200b-b841-4ed6-9ea4-d3a59e126a90,2026-02-07T07:00:00,12.362892,-1.522512
civ-e6baf2f9-881b-4c3f-8cde-92e2dd70069f,2026-02-07T07:00:00,12.362946,-1.52242
civ-bfa45d13-da17-4c7a-8671-4adcbfc62537,2026-02-07T07:00:00,12.363991,-1.515394
civ-8d4849a8-1f55-4fcd-9bc6-dee118d76519,2026-02-07T07:00:00,12.36289,-1.52257
courierA-5459d08e-e00c-4174-9a21-c4b90ef20a87,2026-02-07T07:03:00,12.362494,-1.513091
courierA-5459d08e-e00c-4174-9a21-c4b90ef20a87,2026-02-07T07:06:00,12.362497,-1.513104
leaderB-579ff0e7-77e4-4b16-9220-59c2c36ecc12,2026-02-07T08:00:00,12.364466,-1.521212
logB-c23e4c99-d72b-4789-9397-006a7d765d4c,2026-02-07T08:00:00,12.362509,-1.513104
securityB-12f2e631-90a7-4ce7-87f7-c377db45e99c,2026-02-07T08:00:00,12.364466,-1.521212
leaderB-579ff0e7-77e4-4b16-9220-59c2c36ecc12,2026-02-07T08:00:30,12.364527,-1.520872
securityB-12f2e631-90a7-4ce7-87f7-c377db45e99c,2026-02-07T08:00:30,12.364527,-1.520872
securityB-12f2e631-90a7-4ce7-87f7-c377db45e99c,2026-02-07T08:01:00,12.364588,-1.520533
leaderB-579ff0e7-77e4-4b16-9220-59c2c36ecc12,2026-02-07T08:01:00,12.364588,-1.520533
securityB-12f2e631-90a7-4ce7-87f7-c377db45e99c,2026-02-07T08:01:30,12.364651,-1.520194
leaderB-579ff0e7-77e4-4b16-9220-59c2c36ecc12,2026-02-07T08:01:30,12.364651,-1.520194
securityB-12f2e631-90a7-4ce7-87f7-c377db45e99c,2026-02-07T08:02:00,12.364714,-1.519855
leaderB-579ff0e7-77e4-4b16-9220-59c2c36ecc12,2026-02-07T08:02:00,12.364714,-1.519855
leaderB-579ff0e7-77e4-4b16-9220-59c2c36ecc12,2026-02-07T08:02:30,12.364775,-1.519515
securityB-12f2e631-90a7-4ce7-87f7-c377db45e99c,2026-02-07T08:02:30,12.364775,-1.519515
securityB-12f2e631-90a7-4ce7-87f7-c377db45e99c,2026-02-07T08:03:00,12.364843,-1.519177
leaderB-579ff0e7-77e4-4b16-9220-59c2c36ecc12,2026-02-07T08:03:00,12.364843,-1.519177
logB-c23e4c99-d72b-4789-9397-006a7d765d4c,2026-02-07T08:03:00,12.362504,-1.5131
leaderB-579ff0e7-77e4-4b16-9220-59c2c36ecc12,2026-02-07T08:03:30,12.36491,-1.518838
securityB-12f2e631-90a7-4ce7-87f7-c377db45e99c,2026-02-07T08:03:30,12.36491,-1.518838
securityB-12f2e631-90a7-4ce7-87f7-c377db45e99c,2026-02-07T08:04:00,12.364974,-1.518499
leaderB-579ff0e7-77e4-4b16-9220-59c2c36ecc12,2026-02-07T08:04:00,12.364974,-1.518499
securityB-12f2e631-90a7-4ce7-87f7-c377db45e99c,2026-02-07T08:04:30,12.364673,-1.518418
leaderB-579ff0e7-77e4-4b16-9220-59c2c36ecc12,2026-02-07T08:04:30,12.364673,-1.518418
leaderB-579ff0e7-77e4-4b16-9220-59c2c36ecc12,2026-02-07T08:05:00,12.364341,-1.518355
securityB-12f2e631-90a7-4ce7-87f7-c377db45e99c,2026-02-07T08:05:00,12.364341,-1.518355
leaderB-579ff0e7-77e4-4b16-9220-59c2c36ecc12,2026-02-07T08:05:30,12.364009,-1.518294
securityB-12f2e631-90a7-4ce7-87f7-c377db45e99c,2026-02-07T08:05:30,12.364009,-1.518294
leaderB-579ff0e7-77e4-4b16-9220-59c2c36ecc12,2026-02-07T08:06:00,12.363677,-1.518233
securityB-12f2e631-90a7-4ce7-87f7-c377db45e99c,2026-02-07T08:06:00,12.363677,-1.518233
logB-c23e4c99-d72b-4789-9397-006a7d765d4c,2026-02-07T08:06:00,12.362492,-1.513097
securityB-12f2e631-90a7-4ce7-87f7-c377db45e99c,2026-02-07T08:06:30,12.363345,-1.518172
leaderB-579ff0e7-77e4-4b16-9220-59c2c36ecc12,2026-02-07T08:06:30,12.363345,-1.518172
leaderB-579ff0e7-77e4-4b16-9220-59c2c36ecc12,2026-02-07T08:07:00,12.363013,-1.518111
securityB-12f2e631-90a7-4ce7-87f7-c377db45e99c,2026-02-07T08:07:00,12.363013,-1.518111
leaderB-579ff0e7-77e4-4b16-9220-59c2c36ecc12,2026-02-07T08:07:30,12.362682,-1.518049
securityB-12f2e631-90a7-4ce7-87f7-c377db45e99c,2026-02-07T08:07:30,12.362682,-1.518049
securityB-12f2e631-90a7-4ce7-87f7-c377db45e99c,2026-02-07T08:08:00,12.36235,-1.517985
leaderB-579ff0e7-77e4-4b16-9220-59c2c36ecc12,2026-02-07T08:08:00,12.36235,-1.517985
securityB-12f2e631-90a7-4ce7-87f7-c377db45e99c,2026-02-07T08:08:30,12.362019,-1.517922
leaderB-579ff0e7-77e4-4b16-9220-59c2c36ecc12,2026-02-07T08:08:30,12.362019,-1.517922
logB-c23e4c99-d72b-4789-9397-006a7d765d4c,2026-02-07T08:09:00,12.362489,-1.513089
securityB-12f2e631-90a7-4ce7-87f7-c377db45e99c,2026-02-07T08:09:00,12.361686,-1.517864
leaderB-579ff0e7-77e4-4b16-9220-59c2c36ecc12,2026-02-07T08:09:00,12.361686,-1.517864
leaderB-579ff0e7-77e4-4b16-9220-59c2c36ecc12,2026-02-07T08:09:30,12.361354,-1.517805
securityB-12f2e631-90a7-4ce7-87f7-c377db45e99c,2026-02-07T08:09:30,12.361354,-1.517805
securityB-12f2e631-90a7-4ce7-87f7-c377db45e99c,2026-02-07T08:10:00,12.361134,-1.517667
leaderB-579ff0e7-77e4-4b16-9220-59c2c36ecc12,2026-02-07T08:10:00,12.361134,-1.517667
leaderB-579ff0e7-77e4-4b16-9220-59c2c36ecc12,2026-02-07T08:10:30,12.361198,-1.517328
securityB-12f2e631-90a7-4ce7-87f7-c377db45e99c,2026-02-07T08:10:30,12.361198,-1.517328
leaderB-579ff0e7-77e4-4b16-9220-59c2c36ecc12,2026-02-07T08:11:00,12.361263,-1.516989
securityB-12f2e631-90a7-4ce7-87f7-c377db45e99c,2026-02-07T08:11:00,12.361263,-1.516989
securityB-12f2e631-90a7-4ce7-87f7-c377db45e99c,2026-02-07T08:11:30,12.361331,-1.516651
leaderB-579ff0e7-77e4-4b16-9220-59c2c36ecc12,2026-02-07T08:11:30,12.361331,-1.516651
leaderB-579ff0e7-77e4-4b16-9220-59c2c36ecc12,2026-02-07T08:12:00,12.361398,-1.516312
logB-c23e4c99-d72b-4789-9397-006a7d765d4c,2026-02-07T08:12:00,12.362496,-1.513098
securityB-12f2e631-90a7-4ce7-87f7-c377db45e99c,2026-02-07T08:12:00,12.361398,-1.516312
securityB-12f2e631-90a7-4ce7-87f7-c377db45e99c,2026-02-07T08:12:30,12.361403,-1.515982
leaderB-579ff0e7-77e4-4b16-9220-59c2c36ecc12,2026-02-07T08:12:30,12.361403,-1.515982
securityB-12f2e631-90a7-4ce7-87f7-c377db45e99c,2026-02-07T08:13:00,12.36147,-1.515644
leaderB-579ff0e7-77e4-4b16-9220-59c2c36ecc12,2026-02-07T08:13:00,12.36147,-1.515644
securityB-12f2e631-90a7-4ce7-87f7-c377db45e99c,2026-02-07T08:13:30,12.361536,-1.515305
leaderB-579ff0e7-77e4-4b16-9220-59c2c36ecc12,2026-02-07T08:13:30,12.361536,-1.515305
securityB-12f2e631-90a7-4ce7-87f7-c377db45e99c,2026-02-07T08:14:00,12.36147,-1.515001
leaderB-579ff0e7-77e4-4b16-9220-59c2c36ecc12,2026-02-07T08:14:00,12.36147,-1.515001
securityB-12f2e631-90a7-4ce7-87f7-c377db45e99c,2026-02-07T08:14:30,12.361625,-1.514735
leaderB-579ff0e7-77e4-4b16-9220-59c2c36ecc12,2026-02-07T08:14:30,12.361625,-1.514735
securityB-12f2e631-90a7-4ce7-87f7-c377db45e99c,2026-02-07T08:15:00,12.361721,-1.51443
leaderB-579ff0e7-77e4-4b16-9220-59c2c36ecc12,2026-02-07T08:15:00,12.361721,-1.51443
leaderB-579ff0e7-77e4-4b16-9220-59c2c36ecc12,2026-02-07T09:00:00,12.362491,-1.51309
securityB-12f2e631-90a7-4ce7-87f7-c377db45e99c,2026-02-07T09:00:00,12.362491,-1.51309
propB-775f6ffc-da47-48c0-82b1-4fe100d5ee88,2026-02-07T09:00:00,12.359003,-1.520902
leaderB-579ff0e7-77e4-4b16-9220-59c2c36ecc12,2026-02-07T09:03:00,12.362512,-1.513101
propB-775f6ffc-da47-48c0-82b1-4fe100d5ee88,2026-02-07T09:03:00,12.359005,-1.520904
securityB-12f2e631-90a7-4ce7-87f7-c377db45e99c,2026-02-07T09:03:00,12.362512,-1.513101
propB-775f6ffc-da47-48c0-82b1-4fe100d5ee88,2026-02-07T09:06:00,12.359008,-1.520912
securityB-12f2e631-90a7-4ce7-87f7-c377db45e99c,2026-02-07T09:06:00,12.362481,-1.513105
leaderB-579ff0e7-77e4-4b16-9220-59c2c36ecc12,2026-02-07T09:06:00,12.362481,-1.513105
leaderB-579ff0e7-77e4-4b16-9220-59c2c36ecc12,2026-02-07T09:09:00,12.362512,-1.5131
propB-775f6ffc-da47-48c0-82b1-4fe100d5ee88,2026-02-07T09:09:00,12.359001,-1.520883
securityB-12f2e631-90a7-4ce7-87f7-c377db45e99c,2026-02-07T09:09:00,12.362512,-1.5131
leaderA-dc3bb5ee-282c-411f-96da-eebb88b52ea0,2026-02-07T09:30:00,12.364001,-1.515385
securityA-43c3c6c2-08da-4277-b10b-2565d4ab391b,2026-02-07T09:30:00,12.364001,-1.515385
leaderA-dc3bb5ee-282c-411f-96da-eebb88b52ea0,2026-02-07T09:45:00,12.364003,-1.515402
securityA-43c3c6c2-08da-4277-b10b-2565d4ab391b,2026-02-07T09:45:00,12.364003,-1.515402
securityA-43c3c6c2-08da-4277-b10b-2565d4ab391b,2026-02-07T10:00:00,12.363997,-1.515414
leaderA-dc3bb5ee-282c-411f-96da-eebb88b52ea0,2026-02-07T10:00:00,12.363997,-1.515414
leaderA-dc3bb5ee-282c-411f-96da-eebb88b52ea0,2026-02-07T10:15:00,12.364008,-1.515401
securityA-43c3c6c2-08da-4277-b10b-2565d4ab391b,2026-02-07T10:15:00,12.364008,-1.515401
leaderA-dc3bb5ee-282c-411f-96da-eebb88b52ea0,2026-02-07T10:30:00,12.363998,-1.515371
securityA-43c3c6c2-08da-4277-b10b-2565d4ab391b,2026-02-07T10:30:00,12.363998,-1.515371
leaderA-dc3bb5ee-282c-411f-96da-eebb88b52ea0,2026-02-07T10:45:00,12.364003,-1.515407
securityA-43c3c6c2-08da-4277-b10b-2565d4ab391b,2026-02-07T10:45:00,12.364003,-1.515407
leaderB-579ff0e7-77e4-4b16-9220-59c2c36ecc12,2026-02-07T11:00:00,12.361831,-1.514451
securityB-12f2e631-90a7-4ce7-87f7-c377db45e99c,2026-02-07T11:00:00,12.361831,-1.514451
leaderB-579ff0e7-77e4-4b16-9220-59c2c36ecc12,2026-02-07T11:00:30,12.361806,-1.514771
securityB-12f2e631-90a7-4ce7-87f7-c377db45e99c,2026-02-07T11:00:30,12.361806,-1.514771
leaderB-579ff0e7-77e4-4b16-9220-59c2c36ecc12,2026-02-07T11:01:00,12.361843,-1.515081
securityB-12f2e631-90a7-4ce7-87f7-c377db45e99c,2026-02-07T11:01:00,12.361843,-1.515081
securityB-12f2e631-90a7-4ce7-87f7-c377db45e99c,2026-02-07T11:01:30,12.361661,-1.515329
leaderB-579ff0e7-77e4-4b16-9220-59c2c36ecc12,2026-02-07T11:01:30,12.361661,-1.515329
leaderB-579ff0e7-77e4-4b16-9220-59c2c36ecc12,2026-02-07T11:02:00,12.36159,-1.515666
securityB-12f2e631-90a7-4ce7-87f7-c377db45e99c,2026-02-07T11:02:00,12.36159,-1.515666
leaderB-579ff0e7-77e4-4b16-9220-59c2c36ecc12,2026-02-07T11:02:30,12.361521,-1.516004
securityB-12f2e631-90a7-4ce7-87f7-c377db45e99c,2026-02-07T11:02:30,12.361521,-1.516004
securityB-12f2e631-90a7-4ce7-87f7-c377db45e99c,2026-02-07T11:03:00,12.361398,-1.516308
leaderB-579ff0e7-77e4-4b16-9220-59c2c36ecc12,2026-02-07T11:03:00,12.361398,-1.516308
securityB-12f2e631-90a7-4ce7-87f7-c377db45e99c,2026-02-07T11:03:30,12.361331,-1.516647
leaderB-579ff0e7-77e4-4b16-9220-59c2c36ecc12,2026-02-07T11:03:30,12.361331,-1.516647
leaderB-579ff0e7-77e4-4b16-9220-59c2c36ecc12,2026-02-07T11:04:00,12.361264,-1.516985
securityB-12f2e631-90a7-4ce7-87f7-c377db45e99c,2026-02-07T11:04:00,12.361264,-1.516985
securityB-12f2e631-90a7-4ce7-87f7-c377db45e99c,2026-02-07T11:04:30,12.361199,-1.517324
leaderB-579ff0e7-77e4-4b16-9220-59c2c36ecc12,2026-02-07T11:04:30,12.361199,-1.517324
securityB-12f2e631-90a7-4ce7-87f7-c377db45e99c,2026-02-07T11:05:00,12.361135,-1.517663
leaderB-579ff0e7-77e4-4b16-9220-59c2c36ecc12,2026-02-07T11:05:00,12.361135,-1.517663
securityB-12f2e631-90a7-4ce7-87f7-c377db45e99c,2026-02-07T11:05:30,12.361441,-1.517742
leaderB-579ff0e7-77e4-4b16-9220-59c2c36ecc12,2026-02-07T11:05:30,12.361441,-1.517742
leaderB-579ff0e7-77e4-4b16-9220-59c2c36ecc12,2026-02-07T11:06:00,12.361773,-1.517804
securityB-12f2e631-90a7-4ce7-87f7-c377db45e99c,2026-02-07T11:06:00,12.361773,-1.517804
securityB-12f2e631-90a7-4ce7-87f7-c377db45e99c,2026-02-07T11:06:30,12.362105,-1.517865
leaderB-579ff0e7-77e4-4b16-9220-59c2c36ecc12,2026-02-07T11:06:30,12.362105,-1.517865
securityB-12f2e631-90a7-4ce7-87f7-c377db45e99c,2026-02-07T11:07:00,12.362436,-1.517928
leaderB-579ff0e7-77e4-4b16-9220-59c2c36ecc12,2026-02-07T11:07:00,12.362436,-1.517928
leaderB-579ff0e7-77e4-4b16-9220-59c2c36ecc12,2026-02-07T11:07:30,12.362768,-1.517991
securityB-12f2e631-90a7-4ce7-87f7-c377db45e99c,2026-02-07T11:07:30,12.362768,-1.517991
leaderB-579ff0e7-77e4-4b16-9220-59c2c36ecc12,2026-02-07T11:08:00,12.3631,-1.518054
securityB-12f2e631-90a7-4ce7-87f7-c377db45e99c,2026-02-07T11:08:00,12.3631,-1.518054
leaderB-579ff0e7-77e4-4b16-9220-59c2c36ecc12,2026-02-07T11:08:30,12.363431,-1.518117
securityB-12f2e631-90a7-4ce7-87f7-c377db45e99c,2026-02-07T11:08:30,12.363431,-1.518117
securityB-12f2e631-90a7-4ce7-87f7-c377db45e99c,2026-02-07T11:09:00,12.363763,-1.51818
leaderB-579ff0e7-77e4-4b16-9220-59c2c36ecc12,2026-02-07T11:09:00,12.363763,-1.51818
securityB-12f2e631-90a7-4ce7-87f7-c377db45e99c,2026-02-07T11:09:30,12.364095,-1.518242
leaderB-579ff0e7-77e4-4b16-9220-59c2c36ecc12,2026-02-07T11:09:30,12.364095,-1.518242
securityB-12f2e631-90a7-4ce7-87f7-c377db45e99c,2026-02-07T11:10:00,12.364427,-1.518301
leaderB-579ff0e7-77e4-4b16-9220-59c2c36ecc12,2026-02-07T11:10:00,12.364427,-1.518301
leaderB-579ff0e7-77e4-4b16-9220-59c2c36ecc12,2026-02-07T11:10:30,12.364759,-1.518362
securityB-12f2e631-90a7-4ce7-87f7-c377db45e99c,2026-02-07T11:10:30,12.364759,-1.518362
leaderB-579ff0e7-77e4-4b16-9220-59c2c36ecc12,2026-02-07T11:11:00,12.364973,-1.518506
securityB-12f2e631-90a7-4ce7-87f7-c377db45e99c,2026-02-07T11:11:00,12.364973,-1.518506
securityB-12f2e631-90a7-4ce7-87f7-c377db45e99c,2026-02-07T11:11:30,12.364908,-1.518845
leaderB-579ff0e7-77e4-4b16-9220-59c2c36ecc12,2026-02-07T11:11:30,12.364908,-1.518845
securityB-12f2e631-90a7-4ce7-87f7-c377db45e99c,2026-02-07T11:12:00,12.364842,-1.519183
leaderB-579ff0e7-77e4-4b16-9220-59c2c36ecc12,2026-02-07T11:12:00,12.364842,-1.519183
leaderB-579ff0e7-77e4-4b16-9220-59c2c36ecc12,2026-02-07T11:12:30,12.364774,-1.519521
securityB-12f2e631-90a7-4ce7-87f7-c377db45e99c,2026-02-07T11:12:30,12.364774,-1.519521
securityB-12f2e631-90a7-4ce7-87f7-c377db45e99c,2026-02-07T11:13:00,12.364713,-1.519861
leaderB-579ff0e7-77e4-4b16-9220-59c2c36ecc12,2026-02-07T11:13:00,12.364713,-1.519861
securityB-12f2e631-90a7-4ce7-87f7-c377db45e99c,2026-02-07T11:13:30,12.36465,-1.5202
leaderB-579ff0e7-77e4-4b16-9220-59c2c36ecc12,2026-02-07T11:13:30,12.36465,-1.5202
leaderB-579ff0e7-77e4-4b16-9220-59c2c36ecc12,2026-02-07T11:14:00,12.364587,-1.520539
securityB-12f2e631-90a7-4ce7-87f7-c377db45e99c,2026-02-07T11:14:00,12.364587,-1.520539
securityB-12f2e631-90a7-4ce7-87f7-c377db45e99c,2026-02-07T11:14:30,12.364526,-1.520879
leaderB-579ff0e7-77e4-4b16-9220-59c2c36ecc12,2026-02-07T11:14:30,12.364526,-1.520879
leaderB-579ff0e7-77e4-4b16-9220-59c2c36ecc12,2026-02-07T14:00:00,12.358991,-1.520905
propB-775f6ffc-da47-48c0-82b1-4fe100d5ee88,2026-02-07T14:00:00,12.362891,-1.522506
courierA-5459d08e-e00c-4174-9a21-c4b90ef20a87,2026-02-07T14:00:00,12.359413,-1.51634
securityB-12f2e631-90a7-4ce7-87f7-c377db45e99c,2026-02-07T14:00:00,12.358991,-1.520905
courierA-5459d08e-e00c-4174-9a21-c4b90ef20a87,2026-02-07T14:00:30,12.359346,-1.516678
courierA-5459d08e-e00c-4174-9a21-c4b90ef20a87,2026-02-07T14:01:00,12.359286,-1.517018
courierA-5459d08e-e00c-4174-9a21-c4b90ef20a87,2026-02-07T14:01:30,12.359261,-1.517335
courierA-5459d08e-e00c-4174-9a21-c4b90ef20a87,2026-02-07T14:02:00,12.359592,-1.517397
courierA-5459d08e-e00c-4174-9a21-c4b90ef20a87,2026-02-07T14:02:30,12.359924,-1.517459
courierA-5459d08e-e00c-4174-9a21-c4b90ef20a87,2026-02-07T14:03:00,12.360256,-1.517521
leaderB-579ff0e7-77e4-4b16-9220-59c2c36ecc12,2026-02-07T14:03:00,12.359008,-1.520895
securityB-12f2e631-90a7-4ce7-87f7-c377db45e99c,2026-02-07T14:03:00,12.359008,-1.520895
propB-775f6ffc-da47-48c0-82b1-4fe100d5ee88,2026-02-07T14:03:00,12.362905,-1.522498
courierA-5459d08e-e00c-4174-9a21-c4b90ef20a87,2026-02-07T14:03:30,12.360588,-1.517583
courierA-5459d08e-e00c-4174-9a21-c4b90ef20a87,2026-02-07T14:04:00,12.360919,-1.517645
courierA-5459d08e-e00c-4174-9a21-c4b90ef20a87,2026-02-07T14:04:30,12.361251,-1.517707
courierA-5459d08e-e00c-4174-9a21-c4b90ef20a87,2026-02-07T14:05:00,12.361583,-1.517769
courierA-5459d08e-e00c-4174-9a21-c4b90ef20a87,2026-02-07T14:05:30,12.361915,-1.51783
propB-775f6ffc-da47-48c0-82b1-4fe100d5ee88,2026-02-07T14:06:00,12.362903,-1.522496
courierA-5459d08e-e00c-4174-9a21-c4b90ef20a87,2026-02-07T14:06:00,12.362247,-1.517892
leaderB-579ff0e7-77e4-4b16-9220-59c2c36ecc12,2026-02-07T14:06:00,12.358998,-1.520903
securityB-12f2e631-90a7-4ce7-87f7-c377db45e99c,2026-02-07T14:06:00,12.358998,-1.520903
courierA-5459d08e-e00c-4174-9a21-c4b90ef20a87,2026-02-07T14:06:30,12.362578,-1.517955
courierA-5459d08e-e00c-4174-9a21-c4b90ef20a87,2026-02-07T14:07:00,12.36291,-1.518018
courierA-5459d08e-e00c-4174-9a21-c4b90ef20a87,2026-02-07T14:07:30,12.363093,-1.51786
courierA-5459d08e-e00c-4174-9a21-c4b90ef20a87,2026-02-07T14:08:00,12.363154,-1.517521
courierA-5459d08e-e00c-4174-9a21-c4b90ef20a87,2026-02-07T14:08:30,12.363213,-1.517181
securityB-12f2e631-90a7-4ce7-87f7-c377db45e99c,2026-02-07T14:09:00,12.358996,-1.520908
leaderB-579ff0e7-77e4-4b16-9220-59c2c36ecc12,2026-02-07T14:09:00,12.358996,-1.520908
courierA-5459d08e-e00c-4174-9a21-c4b90ef20a87,2026-02-07T14:09:00,12.363281,-1.516843
courierA-5459d08e-e00c-4174-9a21-c4b90ef20a87,2026-02-07T14:09:30,12.363349,-1.516504
courierA-5459d08e-e00c-4174-9a21-c4b90ef20a87,2026-02-07T14:10:00,12.363412,-1.516165
courierA-5459d08e-e00c-4174-9a21-c4b90ef20a87,2026-02-07T14:10:30,12.363487,-1.515829
courierA-5459d08e-e00c-4174-9a21-c4b90ef20a87,2026-02-07T14:11:00,12.363562,-1.515492
leaderB-579ff0e7-77e4-4b16-9220-59c2c36ecc12,2026-02-07T14:12:00,12.359015,-1.520903
securityB-12f2e631-90a7-4ce7-87f7-c377db45e99c,2026-02-07T14:12:00,12.359015,-1.520903
leaderB-579ff0e7-77e4-4b16-9220-59c2c36ecc12,2026-02-07T14:15:00,12.359011,-1.520886
securityB-12f2e631-90a7-4ce7-87f7-c377db45e99c,2026-02-07T14:15:00,12.359011,-1.520886
facA-1420f464-9589-439d-bdab-a216790c256e,2026-02-07T14:30:00,12.364005,-1.515397
facA-1420f464-9589-439d-bdab-a216790c256e,2026-02-07T14:33:00,12.364002,-1.515403
facA-1420f464-9589-439d-bdab-a216790c256e,2026-02-07T14:36:00,12.364003,-1.515403
facA-1420f464-9589-439d-bdab-a216790c256e,2026-02-07T14:39:00,12.364002,-1.515388
civ-b9a2eee7-a676-40e6-943d-a880a298ae57,2026-02-07T15:00:00,12.363921,-1.515298
civ-30e54da4-f4a8-4d09-8e35-03a2fe405bff,2026-02-07T15:00:00,12.363993,-1.515399
civ-6caac0a3-a73d-4853-99f5-54f6b65fcdaf,2026-02-07T15:00:00,12.364051,-1.515383
civ-e5746c91-5755-4a62-a1cb-2c3415186f26,2026-02-07T15:00:00,12.364069,-1.515379
civ-e646501d-74f0-4015-9b8c-f282fad3a1b7,2026-02-07T15:00:00,12.363956,-1.515374
civ-4329b6f7-8754-49de-9af4-be06a31b2bd5,2026-02-07T15:00:00,12.363918,-1.515392
civ-786b8ca8-30d3-432f-afed-16434247d038,2026-02-07T15:00:00,12.363998,-1.515415
civ-3885eb9b-675b-4b87-9b96-ae8d61d54081,2026-02-07T15:00:00,12.36396,-1.515393
civ-cda6fe39-3c95-4051-b8c4-69d4a559e672,2026-02-07T15:00:00,12.364012,-1.515474
civ-89347fb1-4159-4ca8-a2e0-2c3d7d8123ac,2026-02-07T15:00:00,12.364091,-1.515462
civ-be8959f2-1143-43af-90ee-13bc3d323557,2026-02-07T15:00:00,12.36407,-1.515369
civ-fa4a5866-c7c7-4921-9520-ef087fd01e90,2026-02-07T15:00:00,12.363953,-1.515272
civ-38c8be2d-3e98-452e-a118-0a5b9fd00a4a,2026-02-07T15:00:00,12.363914,-1.515334
civ-ce11e4be-e51e-4f7d-a7b9-088edf9e6ac1,2026-02-07T15:00:00,12.364072,-1.515448
civ-b835ec44-9ffa-4e52-a5a3-bb695c5ac8b2,2026-02-07T15:00:00,12.3641,-1.515418
civ-f594738b-d71f-4628-ba1f-0d5bcbc40e78,2026-02-07T15:00:00,12.364021,-1.515381
civ-36307db6-ee56-45af-b27b-765d9dc1136e,2026-02-07T15:00:00,12.36399,-1.515342
civ-cc863f7c-ea8f-4f2e-9d76-f80ff7eac049,2026-02-07T15:00:00,12.362905,-1.522416
civ-55f7d48b-b98b-46ca-a337-e390ef7d27ec,2026-02-07T15:00:00,12.362833,-1.522483
civ-54260af6-5645-4708-a140-d0db177a5730,2026-02-07T15:00:00,12.363991,-1.515535
civ-d4e344e2-dad9-46d6-97a8-f0bbc2108585,2026-02-07T15:00:00,12.364012,-1.515368
civ-f8ad26e4-a9ee-4819-81f1-30095da45692,2026-02-07T15:00:00,12.363016,-1.522405
civ-3b28a14d-cb5e-4dda-b4df-f3e706645d1a,2026-02-07T15:00:00,12.36297,-1.522464
civ-91a11373-0274-40f8-bcfc-ffe774f5ca1b,2026-02-07T15:00:00,12.36289,-1.522431
civ-f792dd91-2fdc-4973-9a7e-1ded5269419c,2026-02-07T15:00:00,12.362937,-1.522401
civ-2dcfaee9-a0b7-4d08-8c35-2b1a1b99f96e,2026-02-07T15:00:00,12.362853,-1.522632
civ-f8213584-89a1-4bac-a596-d71fa7029f04,2026-02-07T15:00:00,12.362705,-1.522451
civ-94010e46-fddf-4bae-95f1-5f71e4cb949a,2026-02-07T15:00:00,12.362905,-1.522615
civ-511f4410-4ce2-40dd-bd85-347cb87e1cd6,2026-02-07T15:00:00,12.362882,-1.522561
civ-8465a63b-f33a-49d1-badb-02eb2ab09baf,2026-02-07T15:00:00,12.363056,-1.522513
civ-4cbdaecd-fb40-4027-97c2-545fd15b1658,2026-02-07T15:00:00,12.363984,-1.515447
civ-ebb5dc7a-39f4-40ff-bc69-dcf438e45ac5,2026-02-07T15:00:00,12.362903,-1.522378
civ-c0ea9307-d6d6-4bb5-9844-fe95d0c28e70,2026-02-07T15:00:00,12.362909,-1.52246
civ-25f8cda3-e0fa-4aaa-8476-8df23b9b1487,2026-02-07T15:00:00,12.362847,-1.522595
civ-03643bce-f1dc-4fff-8fd3-7f89d857d326,2026-02-07T15:00:00,12.362856,-1.522503
civ-93d411ab-c631-41d4-9bf8-103e06543db3,2026-02-07T15:00:00,12.362869,-1.52255
civ-d9d1b46b-036d-40e6-8bda-cc34e304fa8a,2026-02-07T15:00:00,12.362799,-1.522506
courierA-5459d08e-e00c-4174-9a21-c4b90ef20a87,2026-02-07T15:00:00,12.363991,-1.515396
civ-a29118c1-3402-40f1-9bae-62f04dd1a395,2026-02-07T15:00:00,12.363018,-1.522447
civ-a3443e29-f062-4ff4-9e77-8a02fb665660,2026-02-07T15:00:00,12.362855,-1.522486
civ-e5c6fd6a-c159-404c-b27b-f07ad238e931,2026-02-07T15:00:00,12.362914,-1.522428
courierA-5459d08e-e00c-4174-9a21-c4b90ef20a87,2026-02-07T15:03:00,12.364019,-1.51541
courierA-5459d08e-e00c-4174-9a21-c4b90ef20a87,2026-02-07T15:06:00,12.364,-1.515387
securityA-43c3c6c2-08da-4277-b10b-2565d4ab391b,2026-02-07T17:00:00,12.363601,-1.515311
leaderA-dc3bb5ee-282c-411f-96da-eebb88b52ea0,2026-02-07T17:00:00,12.363601,-1.515311
securityA-43c3c6c2-08da-4277-b10b-2565d4ab391b,2026-02-07T17:00:30,12.363528,-1.515648
leaderA-dc3bb5ee-282c-411f-96da-eebb88b52ea0,2026-02-07T17:00:30,12.363528,-1.515648
leaderA-dc3bb5ee-282c-411f-96da-eebb88b52ea0,2026-02-07T17:01:00,12.363452,-1.515984
securityA-43c3c6c2-08da-4277-b10b-2565d4ab391b,2026-02-07T17:01:00,12.363452,-1.515984
securityA-43c3c6c2-08da-4277-b10b-2565d4ab391b,2026-02-07T17:01:30,12.363383,-1.516322
leaderA-dc3bb5ee-282c-411f-96da-eebb88b52ea0,2026-02-07T17:01:30,12.363383,-1.516322
leaderA-dc3bb5ee-282c-411f-96da-eebb88b52ea0,2026-02-07T17:02:00,12.36332,-1.516662
securityA-43c3c6c2-08da-4277-b10b-2565d4ab391b,2026-02-07T17:02:00,12.36332,-1.516662
securityA-43c3c6c2-08da-4277-b10b-2565d4ab391b,2026-02-07T17:02:30,12.363247,-1.516999
leaderA-dc3bb5ee-282c-411f-96da-eebb88b52ea0,2026-02-07T17:02:30,12.363247,-1.516999
leaderA-dc3bb5ee-282c-411f-96da-eebb88b52ea0,2026-02-07T17:03:00,12.363186,-1.517338
securityA-43c3c6c2-08da-4277-b10b-2565d4ab391b,2026-02-07T17:03:00,12.363186,-1.517338
leaderA-dc3bb5ee-282c-411f-96da-eebb88b52ea0,2026-02-07T17:03:30,12.363126,-1.517678
securityA-43c3c6c2-08da-4277-b10b-2565d4ab391b,2026-02-07T17:03:30,12.363126,-1.517678
leaderA-dc3bb5ee-282c-411f-96da-eebb88b52ea0,2026-02-07T17:04:00,12.363065,-1.518017
securityA-43c3c6c2-08da-4277-b10b-2565d4ab391b,2026-02-07T17:04:00,12.363065,-1.518017
leaderA-dc3bb5ee-282c-411f-96da-eebb88b52ea0,2026-02-07T17:04:30,12.362813,-1.518074
securityA-43c3c6c2-08da-4277-b10b-2565d4ab391b,2026-02-07T17:04:30,12.362813,-1.518074
securityA-43c3c6c2-08da-4277-b10b-2565d4ab391b,2026-02-07T17:05:00,12.362481,-1.518011
leaderA-dc3bb5ee-282c-411f-96da-eebb88b52ea0,2026-02-07T17:05:00,12.362481,-1.518011
leaderA-dc3bb5ee-282c-411f-96da-eebb88b52ea0,2026-02-07T17:05:30,12.36215,-1.517947
securityA-43c3c6c2-08da-4277-b10b-2565d4ab391b,2026-02-07T17:05:30,12.36215,-1.517947
securityA-43c3c6c2-08da-4277-b10b-2565d4ab391b,2026-02-07T17:06:00,12.361817,-1.517887
leaderA-dc3bb5ee-282c-411f-96da-eebb88b52ea0,2026-02-07T17:06:00,12.361817,-1.517887
leaderA-dc3bb5ee-282c-411f-96da-eebb88b52ea0,2026-02-07T17:06:30,12.361485,-1.517828
securityA-43c3c6c2-08da-4277-b10b-2565d4ab391b,2026-02-07T17:06:30,12.361485,-1.517828
leaderA-dc3bb5ee-282c-411f-96da-eebb88b52ea0,2026-02-07T17:07:00,12.361153,-1.517769
securityA-43c3c6c2-08da-4277-b10b-2565d4ab391b,2026-02-07T17:07:00,12.361153,-1.517769
leaderA-dc3bb5ee-282c-411f-96da-eebb88b52ea0,2026-02-07T17:07:30,12.360821,-1.517709
securityA-43c3c6c2-08da-4277-b10b-2565d4ab391b,2026-02-07T17:07:30,12.360821,-1.517709
securityA-43c3c6c2-08da-4277-b10b-2565d4ab391b,2026-02-07T17:08:00,12.360489,-1.517649
leaderA-dc3bb5ee-282c-411f-96da-eebb88b52ea0,2026-02-07T17:08:00,12.360489,-1.517649
securityA-43c3c6c2-08da-4277-b10b-2565d4ab391b,2026-02-07T17:08:30,12.360157,-1.517588
leaderA-dc3bb5ee-282c-411f-96da-eebb88b52ea0,2026-02-07T17:08:30,12.360157,-1.517588
securityA-43c3c6c2-08da-4277-b10b-2565d4ab391b,2026-02-07T17:09:00,12.359825,-1.517527
leaderA-dc3bb5ee-282c-411f-96da-eebb88b52ea0,2026-02-07T17:09:00,12.359825,-1.517527
leaderA-dc3bb5ee-282c-411f-96da-eebb88b52ea0,2026-02-07T17:09:30,12.359493,-1.517467
securityA-43c3c6c2-08da-4277-b10b-2565d4ab391b,2026-02-07T17:09:30,12.359493,-1.517467
securityA-43c3c6c2-08da-4277-b10b-2565d4ab391b,2026-02-07T17:10:00,12.359229,-1.517357
leaderA-dc3bb5ee-282c-411f-96da-eebb88b52ea0,2026-02-07T17:10:00,12.359229,-1.517357
leaderA-dc3bb5ee-282c-411f-96da-eebb88b52ea0,2026-02-07T17:10:30,12.359286,-1.517017
securityA-43c3c6c2-08da-4277-b10b-2565d4ab391b,2026-02-07T17:10:30,12.359286,-1.517017
leaderA-dc3bb5ee-282c-411f-96da-eebb88b52ea0,2026-02-07T17:11:00,12.359346,-1.516677
securityA-43c3c6c2-08da-4277-b10b-2565d4ab391b,2026-02-07T17:11:00,12.359346,-1.516677
leaderA-dc3bb5ee-282c-411f-96da-eebb88b52ea0,2026-02-07T18:00:00,12.359696,-1.51639
securityA-43c3c6c2-08da-4277-b10b-2565d4ab391b,2026-02-07T18:00:00,12.359696,-1.51639
leaderA-dc3bb5ee-282c-411f-96da-eebb88b52ea0,2026-02-07T18:20:00,12.359701,-1.516413
securityA-43c3c6c2-08da-4277-b10b-2565d4ab391b,2026-02-07T18:20:00,12.359701,-1.516413
securityA-43c3c6c2-08da-4277-b10b-2565d4ab391b,2026-02-07T18:40:00,12.359708,-1.516406
leaderA-dc3bb5ee-282c-411f-96da-eebb88b52ea0,2026-02-07T18:40:00,12.359708,-1.516406
leaderA-dc3bb5ee-282c-411f-96da-eebb88b52ea0,2026-02-07T19:00:00,12.359717,-1.51639
securityA-43c3c6c2-08da-4277-b10b-2565d4ab391b,2026-02-07T19:00:00,12.359717,-1.51639
leaderA-dc3bb5ee-282c-411f-96da-eebb88b52ea0,2026-02-07T19:20:00,12.359696,-1.516388
securityA-43c3c6c2-08da-4277-b10b-2565d4ab391b,2026-02-07T19:20:00,12.359696,-1.516388
securityA-43c3c6c2-08da-4277-b10b-2565d4ab391b,2026-02-07T19:40:00,12.359701,-1.516392
leaderA-dc3bb5ee-282c-411f-96da-eebb88b52ea0,2026-02-07T19:40:00,12.359701,-1.516392
logB-c23e4c99-d72b-4789-9397-006a7d765d4c,2026-02-08T05:00:00,12.364466,-1.521212
logB-c23e4c99-d72b-4789-9397-006a7d765d4c,2026-02-08T05:00:30,12.364527,-1.520872
logB-c23e4c99-d72b-4789-9397-006a7d765d4c,2026-02-08T05:01:00,12.364588,-1.520533
logB-c23e4c99-d72b-4789-9397-006a7d765d4c,2026-02-08T05:01:30,12.364651,-1.520194
logB-c23e4c99-d72b-4789-9397-006a7d765d4c,2026-02-08T05:02:00,12.364714,-1.519855
logB-c23e4c99-d72b-4789-9397-006a7d765d4c,2026-02-08T05:02:30,12.364775,-1.519515
logB-c23e4c99-d72b-4789-9397-006a7d765d4c,2026-02-08T05:03:00,12.364843,-1.519177
logB-c23e4c99-d72b-4789-9397-006a7d765d4c,2026-02-08T05:03:30,12.36491,-1.518838
logB-c23e4c99-d72b-4789-9397-006a7d765d4c,2026-02-08T05:04:00,12.364974,-1.518499
logB-c23e4c99-d72b-4789-9397-006a7d765d4c,2026-02-08T05:04:30,12.364673,-1.518418
logB-c23e4c99-d72b-4789-9397-006a7d765d4c,2026-02-08T05:05:00,12.364341,-1.518355
logB-c23e4c99-d72b-4789-9397-006a7d765d4c,2026-02-08T05:05:30,12.364009,-1.518294
logB-c23e4c99-d72b-4789-9397-006a7d765d4c,2026-02-08T05:06:00,12.363677,-1.518233
logB-c23e4c99-d72b-4789-9397-006a7d765d4c,2026-02-08T05:06:30,12.363345,-1.518172
logB-c23e4c99-d72b-4789-9397-006a7d765d4c,2026-02-08T05:07:00,12.363013,-1.518111
logB-c23e4c99-d72b-4789-9397-006a7d765d4c,2026-02-08T05:07:30,12.362682,-1.518049
logB-c23e4c99-d72b-4789-9397-006a7d765d4c,2026-02-08T05:08:00,12.36235,-1.517985
logB-c23e4c99-d72b-4789-9397-006a7d765d4c,2026-02-08T05:08:30,12.362019,-1.517922
logB-c23e4c99-d72b-4789-9397-006a7d765d4c,2026-02-08T05:09:00,12.361686,-1.517864
logB-c23e4c99-d72b-4789-9397-006a7d765d4c,2026-02-08T05:09:30,12.361354,-1.517805
logB-c23e4c99-d72b-4789-9397-006a7d765d4c,2026-02-08T05:10:00,12.361134,-1.517667
logB-c23e4c99-d72b-4789-9397-006a7d765d4c,2026-02-08T05:10:30,12.361198,-1.517328
logB-c23e4c99-d72b-4789-9397-006a7d765d4c,2026-02-08T05:11:00,12.361263,-1.516989
logB-c23e4c99-d72b-4789-9397-006a7d765d4c,2026-02-08T05:11:30,12.361331,-1.516651
logB-c23e4c99-d72b-4789-9397-006a7d765d4c,2026-02-08T05:12:00,12.361398,-1.516312
logB-c23e4c99-d72b-4789-9397-006a7d765d4c,2026-02-08T05:12:30,12.361403,-1.515982
logB-c23e4c99-d72b-4789-9397-006a7d765d4c,2026-02-08T05:13:00,12.36147,-1.515644
logB-c23e4c99-d72b-4789-9397-006a7d765d4c,2026-02-08T05:13:30,12.361536,-1.515305
logB-c23e4c99-d72b-4789-9397-006a7d765d4c,2026-02-08T05:14:00,12.36147,-1.515001
logB-c23e4c99-d72b-4789-9397-006a7d765d4c,2026-02-08T05:14:30,12.361625,-1.514735
logB-c23e4c99-d72b-4789-9397-006a7d765d4c,2026-02-08T05:15:00,12.361721,-1.51443
securityA-43c3c6c2-08da-4277-b10b-2565d4ab391b,2026-02-08T05:30:00,12.359707,-1.516416
leaderA-dc3bb5ee-282c-411f-96da-eebb88b52ea0,2026-02-08T05:30:00,12.359707,-1.516416
leaderA-dc3bb5ee-282c-411f-96da-eebb88b52ea0,2026-02-08T05:33:00,12.359712,-1.516415
securityA-43c3c6c2-08da-4277-b10b-2565d4ab391b,2026-02-08T05:33:00,12.359712,-1.516415
securityA-43c3c6c2-08da-4277-b10b-2565d4ab391b,2026-02-08T05:36:00,12.359709,-1.51639
leaderA-dc3bb5ee-282c-411f-96da-eebb88b52ea0,2026-02-08T05:36:00,12.359709,-1.51639
securityA-43c3c6c2-08da-4277-b10b-2565d4ab391b,2026-02-08T05:39:00,12.35969,-1.516404
leaderA-dc3bb5ee-282c-411f-96da-eebb88b52ea0,2026-02-08T05:39:00,12.35969,-1.516404
securityA-43c3c6c2-08da-4277-b10b-2565d4ab391b,2026-02-08T05:42:00,12.35969,-1.516402
leaderA-dc3bb5ee-282c-411f-96da-eebb88b52ea0,2026-02-08T05:42:00,12.35969,-1.516402
courierA-5459d08e-e00c-4174-9a21-c4b90ef20a87,2026-02-08T06:00:00,12.359413,-1.51634
courierA-5459d08e-e00c-4174-9a21-c4b90ef20a87,2026-02-08T06:00:30,12.359483,-1.516002
courierA-5459d08e-e00c-4174-9a21-c4b90ef20a87,2026-02-08T06:01:00,12.359666,-1.515843
courierA-5459d08e-e00c-4174-9a21-c4b90ef20a87,2026-02-08T06:01:30,12.359996,-1.515914
courierA-5459d08e-e00c-4174-9a21-c4b90ef20a87,2026-02-08T06:02:00,12.360326,-1.515986
courierA-5459d08e-e00c-4174-9a21-c4b90ef20a87,2026-02-08T06:02:30,12.360656,-1.516057
courierA-5459d08e-e00c-4174-9a21-c4b90ef20a87,2026-02-08T06:03:00,12.360986,-1.516128
courierA-5459d08e-e00c-4174-9a21-c4b90ef20a87,2026-02-08T06:03:30,12.361316,-1.516199
courierA-5459d08e-e00c-4174-9a21-c4b90ef20a87,2026-02-08T06:04:00,12.361417,-1.515912
courierA-5459d08e-e00c-4174-9a21-c4b90ef20a87,2026-02-08T06:04:30,12.361484,-1.515573
courierA-5459d08e-e00c-4174-9a21-c4b90ef20a87,2026-02-08T06:05:00,12.361549,-1.515235
courierA-5459d08e-e00c-4174-9a21-c4b90ef20a87,2026-02-08T06:05:30,12.361465,-1.51493
courierA-5459d08e-e00c-4174-9a21-c4b90ef20a87,2026-02-08T06:06:00,12.361664,-1.514691
courierA-5459d08e-e00c-4174-9a21-c4b90ef20a87,2026-02-08T06:06:30,12.36179,-1.514443
facA-1420f464-9589-439d-bdab-a216790c256e,2026-02-08T06:30:00,12.362889,-1.522499
facA-1420f464-9589-439d-bdab-a216790c256e,2026-02-08T06:33:00,12.362916,-1.52248
facA-1420f464-9589-439d-bdab-a216790c256e,2026-02-08T06:36:00,12.362906,-1.522495
facA-1420f464-9589-439d-bdab-a216790c256e,2026-02-08T06:39:00,12.362884,-1.522505
leaderA-dc3bb5ee-282c-411f-96da-eebb88b52ea0,2026-02-08T06:41:00,12.359413,-1.51634
securityA-43c3c6c2-08da-4277-b10b-2565d4ab391b,2026-02-08T06:41:00,12.359413,-1.51634
leaderA-dc3bb5ee-282c-411f-96da-eebb88b52ea0,2026-02-08T06:41:30,12.359346,-1.516678
securityA-43c3c6c2-08da-4277-b10b-2565d4ab391b,2026-02-08T06:41:30,12.359346,-1.516678
leaderA-dc3bb5ee-282c-411f-96da-eebb88b52ea0,2026-02-08T06:42:00,12.359286,-1.517018
securityA-43c3c6c2-08da-4277-b10b-2565d4ab391b,2026-02-08T06:42:00,12.359286,-1.517018
leaderA-dc3bb5ee-282c-411f-96da-eebb88b52ea0,2026-02-08T06:42:30,12.359261,-1.517335
securityA-43c3c6c2-08da-4277-b10b-2565d4ab391b,2026-02-08T06:42:30,12.359261,-1.517335
securityA-43c3c6c2-08da-4277-b10b-2565d4ab391b,2026-02-08T06:43:00,12.359592,-1.517397
leaderA-dc3bb5ee-282c-411f-96da-eebb88b52ea0,2026-02-08T06:43:00,12.359592,-1.517397
securityA-43c3c6c2-08da-4277-b10b-2565d4ab391b,2026-02-08T06:43:30,12.359924,-1.517459
leaderA-dc3bb5ee-282c-411f-96da-eebb88b52ea0,2026-02-08T06:43:30,12.359924,-1.517459
leaderA-dc3bb5ee-282c-411f-96da-eebb88b52ea0,2026-02-08T06:44:00,12.360256,-1.517521
securityA-43c3c6c2-08da-4277-b10b-2565d4ab391b,2026-02-08T06:44:00,12.360256,-1.517521
leaderA-dc3bb5ee-282c-411f-96da-eebb88b52ea0,2026-02-08T06:44:30,12.360588,-1.517583
securityA-43c3c6c2-08da-4277-b10b-2565d4ab391b,2026-02-08T06:44:30,12.360588,-1.517583
securityA-43c3c6c2-08da-4277-b10b-2565d4ab391b,2026-02-08T06:45:00,12.360919,-1.517645
leaderA-dc3bb5ee-282c-411f-96da-eebb88b52ea0,2026-02-08T06:45:00,12.360919,-1.517645
securityA-43c3c6c2-08da-4277-b10b-2565d4ab391b,2026-02-08T06:45:30,12.361251,-1.517707
leaderA-dc3bb5ee-282c-411f-96da-eebb88b52ea0,2026-02-08T06:45:30,12.361251,-1.517707
securityA-43c3c6c2-08da-4277-b10b-2565d4ab391b,2026-02-08T06:46:00,12.361583,-1.517769
leaderA-dc3bb5ee-282c-411f-96da-eebb88b52ea0,2026-02-08T06:46:00,12.361583,-1.517769
securityA-43c3c6c2-08da-4277-b10b-2565d4ab391b,2026-02-08T06:46:30,12.361915,-1.51783
leaderA-dc3bb5ee-282c-411f-96da-eebb88b52ea0,2026-02-08T06:46:30,12.361915,-1.51783
securityA-43c3c6c2-08da-4277-b10b-2565d4ab391b,2026-02-08T06:47:00,12.362247,-1.517892
leaderA-dc3bb5ee-282c-411f-96da-eebb88b52ea0,2026-02-08T06:47:00,12.362247,-1.517892
leaderA-dc3bb5ee-282c-411f-96da-eebb88b52ea0,2026-02-08T06:47:30,12.362578,-1.517955
securityA-43c3c6c2-08da-4277-b10b-2565d4ab391b,2026-02-08T06:47:30,12.362578,-1.517955
securityA-43c3c6c2-08da-4277-b10b-2565d4ab391b,2026-02-08T06:48:00,12.36291,-1.518018
leaderA-dc3bb5ee-282c-411f-96da-eebb88b52ea0,2026-02-08T06:48:00,12.36291,-1.518018
leaderA-dc3bb5ee-282c-411f-96da-eebb88b52ea0,2026-02-08T06:48:30,12.363093,-1.51786
securityA-43c3c6c2-08da-4277-b10b-2565d4ab391b,2026-02-08T06:48:30,12.363093,-1.51786
securityA-43c3c6c2-08da-4277-b10b-2565d4ab391b,2026-02-08T06:49:00,12.363154,-1.517521
leaderA-dc3bb5ee-282c-411f-96da-eebb88b52ea0,2026-02-08T06:49:00,12.363154,-1.517521
securityA-43c3c6c2-08da-4277-b10b-2565d4ab391b,2026-02-08T06:49:30,12.363213,-1.517181
leaderA-dc3bb5ee-282c-411f-96da-eebb88b52ea0,2026-02-08T06:49:30,12.363213,-1.517181
securityA-43c3c6c2-08da-4277-b10b-2565d4ab391b,2026-02-08T06:50:00,12.363281,-1.516843
leaderA-dc3bb5ee-282c-411f-96da-eebb88b52ea0,2026-02-08T06:50:00,12.363281,-1.516843
securityA-43c3c6c2-08da-4277-b10b-2565d4ab391b,2026-02-08T06:50:30,12.363349,-1.516504
leaderA-dc3bb5ee-282c-411f-96da-eebb88b52ea0,2026-02-08T06:50:30,12.363349,-1.516504
securityA-43c3c6c2-08da-4277-b10b-2565d4ab391b,2026-02-08T06:51:00,12.363412,-1.516165
leaderA-dc3bb5ee-282c-411f-96da-eebb88b52ea0,2026-02-08T06:51:00,12.363412,-1.516165
securityA-43c3c6c2-08da-4277-b10b-2565d4ab391b,2026-02-08T06:51:30,12.363487,-1.515829
leaderA-dc3bb5ee-282c-411f-96da-eebb88b52ea0,2026-02-08T06:51:30,12.363487,-1.515829
leaderA-dc3bb5ee-282c-411f-96da-eebb88b52ea0,2026-02-08T06:52:00,12.363562,-1.515492
securityA-43c3c6c2-08da-4277-b10b-2565d4ab391b,2026-02-08T06:52:00,12.363562,-1.515492
civ-1aef857a-60d7-4cc2-8c90-851d058f7655,2026-02-08T07:00:00,12.364,-1.515357
civ-34160803-6f13-42ad-bf9d-20b641fe2abf,2026-02-08T07:00:00,12.363896,-1.515565
civ-dc375bac-5a9f-443f-81a3-9bb810dc7f3c,2026-02-08T07:00:00,12.362854,-1.522469
civ-b75951cd-5bf6-4f98-8176-3ac66a20a6e4,2026-02-08T07:00:00,12.36399,-1.515432
civ-d1562b2f-5cb1-4f22-ace3-b7d4c1a2d70c,2026-02-08T07:00:00,12.36396,-1.515488
civ-68530ab9-efd8-4b47-8f4a-33d7d1ea5c8c,2026-02-08T07:00:00,12.364044,-1.515313
civ-25a6cfde-3f0e-4d16-a77f-3e0942b57b40,2026-02-08T07:00:00,12.364059,-1.515462
civ-874d1576-3f4e-4527-a8dc-5153e83ea808,2026-02-08T07:00:00,12.364006,-1.515386
civ-61d31cab-0acb-4db8-8fe8-e6462dab30e9,2026-02-08T07:00:00,12.362952,-1.522463
civ-3fb1a389-9cbe-4529-853b-021c3e834658,2026-02-08T07:00:00,12.362969,-1.522463
civ-55fb689a-e7ab-47d7-bbee-9808f81f8779,2026-02-08T07:00:00,12.362855,-1.522438
civ-81425f9f-a113-4b2d-8761-b95fe917f6c4,2026-02-08T07:00:00,12.36283,-1.522599
civ-13f95d6f-f0cb-45f0-ab81-0b09ad55ebf6,2026-02-08T07:00:00,12.362844,-1.522471
civ-34eec297-fb0e-4f2f-a8f0-80e976694f74,2026-02-08T07:00:00,12.362981,-1.522432
civ-2206a75f-cf01-4565-8e07-1f60c1a2e016,2026-02-08T07:00:00,12.362986,-1.522449
civ-8243b929-b097-403a-b192-f14063a29304,2026-02-08T07:00:00,12.363963,-1.515411
civ-2deabb7e-2f4e-4518-a014-f52617500c3c,2026-02-08T07:00:00,12.362898,-1.522563
civ-2316a306-677d-4247-85c1-65e24c681e70,2026-02-08T07:00:00,12.362888,-1.522554
civ-c17f7844-f1ee-4c3e-a30e-7ba1711cb472,2026-02-08T07:00:00,12.362851,-1.52251
civ-eca41cc1-7ef5-4f6c-87e3-f3d31dde68b4,2026-02-08T07:00:00,12.362899,-1.522528
civ-63c3a4f2-b372-4546-8916-4f3a35c48957,2026-02-08T07:00:00,12.362947,-1.522486
civ-15851762-074e-4055-8121-954bc455d8b6,2026-02-08T07:00:00,12.362943,-1.522712
civ-d9f28e74-e40a-4201-9782-3a4f803ef976,2026-02-08T07:00:00,12.362886,-1.522418
civ-023385a9-0fe0-4f18-b4b0-89a7391a871c,2026-02-08T07:00:00,12.362843,-1.522522
civ-5a1f1b46-670a-4bb6-a4ee-71503e5f0cfe,2026-02-08T07:00:00,12.362764,-1.522485
civ-bc8d3ae0-f6b4-4147-b98a-c79d3c2d1b5c,2026-02-08T07:00:00,12.3629,-1.522559
civ-3a121631-424b-4e14-8eaa-22da15134950,2026-02-08T07:00:00,12.363976,-1.515389
civ-a3959245-aa17-474d-95d7-504039c7279b,2026-02-08T07:00:00,12.362958,-1.522446
civ-155c5e05-70be-4f4f-a42f-60665cd2c8ab,2026-02-08T07:00:00,12.363903,-1.515459
civ-ec4979b4-9208-4119-8c1f-c1ca62b0d5c3,2026-02-08T07:00:00,12.363966,-1.515337
civ-a8be5798-2096-434a-8dce-f03cfe893c54,2026-02-08T07:00:00,12.364019,-1.515386
civ-9c329269-d488-4208-af6b-ce8387574817,2026-02-08T07:00:00,12.364061,-1.51541
civ-a94cc01e-ac5b-4596-9a83-2f65304db1f3,2026-02-08T07:00:00,12.364028,-1.515407
civ-e2bde6f3-fc2b-4c76-ab7c-144b4a5a5c94,2026-02-08T07:00:00,12.364019,-1.515442
civ-edff0b50-e8a6-4bfe-8f87-95968121c6ff,2026-02-08T07:00:00,12.363824,-1.51541
civ-a3c0f3d4-e6b1-49c6-aea3-3ae7d9f84b68,2026-02-08T07:00:00,12.364102,-1.515333
civ-97973a5c-7125-4099-8d58-b2240898c98e,2026-02-08T07:00:00,12.36407,-1.515311
civ-02f43c7d-9aa8-4e7a-82a0-2cd396e8027b,2026-02-08T07:00:00,12.363956,-1.515423
civ-5a20c5b7-6eb8-4c82-995c-79435509a1c3,2026-02-08T07:00:00,12.363953,-1.515422
civ-a509b504-7835-4c77-a0e8-8b72cb0de2bc,2026-02-08T07:00:00,12.362925,-1.522423
courierA-5459d08e-e00c-4174-9a21-c4b90ef20a87,2026-02-08T07:00:00,12.362498,-1.513086
courierA-5459d08e-e00c-4174-9a21-c4b90ef20a87,2026-02-08T07:03:00,12.362505,-1.513103
courierA-5459d08e-e00c-4174-9a21-c4b90ef20a87,2026-02-08T07:06:00,12.362506,-1.513103
securityB-12f2e631-90a7-4ce7-87f7-c377db45e99c,2026-02-08T08:00:00,12.364466,-1.521212
leaderB-579ff0e7-77e4-4b16-9220-59c2c36ecc12,2026-02-08T08:00:00,12.364466,-1.521212
logB-c23e4c99-d72b-4789-9397-006a7d765d4c,2026-02-08T08:00:00,12.362506,-1.513103
leaderB-579ff0e7-77e4-4b16-9220-59c2c36ecc12,2026-02-08T08:00:30,12.364527,-1.520872
securityB-12f2e631-90a7-4ce7-87f7-c377db45e99c,2026-02-08T08:00:30,12.364527,-1.520872
leaderB-579ff0e7-77e4-4b16-9220-59c2c36ecc12,2026-02-08T08:01:00,12.364588,-1.520533
securityB-12f2e631-90a7-4ce7-87f7-c377db45e99c,2026-02-08T08:01:00,12.364588,-1.520533
leaderB-579ff0e7-77e4-4b16-9220-59c2c36ecc12,2026-02-08T08:01:30,12.364651,-1.520194
securityB-12f2e631-90a7-4ce7-87f7-c377db45e99c,2026-02-08T08:01:30,12.364651,-1.520194
leaderB-579ff0e7-77e4-4b16-9220-59c2c36ecc12,2026-02-08T08:02:00,12.364714,-1.519855
securityB-12f2e631-90a7-4ce7-87f7-c377db45e99c,2026-02-08T08:02:00,12.364714,-1.519855
securityB-12f2e631-90a7-4ce7-87f7-c377db45e99c,2026-02-08T08:02:30,12.364775,-1.519515
leaderB-579ff0e7-77e4-4b16-9220-59c2c36ecc12,2026-02-08T08:02:30,12.364775,-1.519515
leaderB-579ff0e7-77e4-4b16-9220-59c2c36ecc12,2026-02-08T08:03:00,12.364843,-1.519177
logB-c23e4c99-d72b-4789-9397-006a7d765d4c,2026-02-08T08:03:00,12.362503,-1.5131
securityB-12f2e631-90a7-4ce7-87f7-c377db45e99c,2026-02-08T08:03:00,12.364843,-1.519177
securityB-12f2e631-90a7-4ce7-87f7-c377db45e99c,2026-02-08T08:03:30,12.36491,-1.518838
leaderB-579ff0e7-77e4-4b16-9220-59c2c36ecc12,2026-02-08T08:03:30,12.36491,-1.518838
leaderB-579ff0e7-77e4-4b16-9220-59c2c36ecc12,2026-02-08T08:04:00,12.364974,-1.518499
securityB-12f2e631-90a7-4ce7-87f7-c377db45e99c,2026-02-08T08:04:00,12.364974,-1.518499
securityB-12f2e631-90a7-4ce7-87f7-c377db45e99c,2026-02-08T08:04:30,12.364673,-1.518418
leaderB-579ff0e7-77e4-4b16-9220-59c2c36ecc12,2026-02-08T08:04:30,12.364673,-1.518418
securityB-12f2e631-90a7-4ce7-87f7-c377db45e99c,2026-02-08T08:05:00,12.364341,-1.518355
leaderB-579ff0e7-77e4-4b16-9220-59c2c36ecc12,2026-02-08T08:05:00,12.364341,-1.518355
leaderB-579ff0e7-77e4-4b16-9220-59c2c36ecc12,2026-02-08T08:05:30,12.364009,-1.518294
securityB-12f2e631-90a7-4ce7-87f7-c377db45e99c,2026-02-08T08:05:30,12.364009,-1.518294
leaderB-579ff0e7-77e4-4b16-9220-59c2c36ecc12,2026-02-08T08:06:00,12.363677,-1.518233
logB-c23e4c99-d72b-4789-9397-006a7d765d4c,2026-02-08T08:06:00,12.36251,-1.5131
securityB-12f2e631-90a7-4ce7-87f7-c377db45e99c,2026-02-08T08:06:00,12.363677,-1.518233
leaderB-579ff0e7-77e4-4b16-9220-59c2c36ecc12,2026-02-08T08:06:30,12.363345,-1.518172
securityB-12f2e631-90a7-4ce7-87f7-c377db45e99c,2026-02-08T08:06:30,12.363345,-1.518172
leaderB-579ff0e7-77e4-4b16-9220-59c2c36ecc12,2026-02-08T08:07:00,12.363013,-1.518111
securityB-12f2e631-90a7-4ce7-87f7-c377db45e99c,2026-02-08T08:07:00,12.363013,-1.518111
leaderB-579ff0e7-77e4-4b16-9220-59c2c36ecc12,2026-02-08T08:07:30,12.362682,-1.518049
securityB-12f2e631-90a7-4ce7-87f7-c377db45e99c,2026-02-08T08:07:30,12.362682,-1.518049
leaderB-579ff0e7-77e4-4b16-9220-59c2c36ecc12,2026-02-08T08:08:00,12.36235,-1.517985
securityB-12f2e631-90a7-4ce7-87f7-c377db45e99c,2026-02-08T08:08:00,12.36235,-1.517985
securityB-12f2e631-90a7-4ce7-87f7-c377db45e99c,2026-02-08T08:08:30,12.362019,-1.517922
leaderB-579ff0e7-77e4-4b16-9220-59c2c36ecc12,2026-02-08T08:08:30,12.362019,-1.517922
securityB-12f2e631-90a7-4ce7-87f7-c377db45e99c,2026-02-08T08:09:00,12.361686,-1.517864
logB-c23e4c99-d72b-4789-9397-006a7d765d4c,2026-02-08T08:09:00,12.362484,-1.513089
leaderB-579ff0e7-77e4-4b16-9220-59c2c36ecc12,2026-02-08T08:09:00,12.361686,-1.517864
leaderB-579ff0e7-77e4-4b16-9220-59c2c36ecc12,2026-02-08T08:09:30,12.361354,-1.517805
securityB-12f2e631-90a7-4ce7-87f7-c377db45e99c,2026-02-08T08:09:30,12.361354,-1.517805
leaderB-579ff0e7-77e4-4b16-9220-59c2c36ecc12,2026-02-08T08:10:00,12.361134,-1.517667
securityB-12f2e631-90a7-4ce7-87f7-c377db45e99c,2026-02-08T08:10:00,12.361134,-1.517667
leaderB-579ff0e7-77e4-4b16-9220-59c2c36ecc12,2026-02-08T08:10:30,12.361198,-1.517328
securityB-12f2e631-90a7-4ce7-87f7-c377db45e99c,2026-02-08T08:10:30,12.361198,-1.517328
leaderB-579ff0e7-77e4-4b16-9220-59c2c36ecc12,2026-02-08T08:11:00,12.361263,-1.516989
securityB-12f2e631-90a7-4ce7-87f7-c377db45e99c,2026-02-08T08:11:00,12.361263,-1.516989
leaderB-579ff0e7-77e4-4b16-9220-59c2c36ecc12,2026-02-08T08:11:30,12.361331,-1.516651
securityB-12f2e631-90a7-4ce7-87f7-c377db45e99c,2026-02-08T08:11:30,12.361331,-1.516651
securityB-12f2e631-90a7-4ce7-87f7-c377db45e99c,2026-02-08T08:12:00,12.361398,-1.516312
leaderB-579ff0e7-77e4-4b16-9220-59c2c36ecc12,2026-02-08T08:12:00,12.361398,-1.516312
logB-c23e4c99-d72b-4789-9397-006a7d765d4c,2026-02-08T08:12:00,12.362492,-1.513106
securityB-12f2e631-90a7-4ce7-87f7-c377db45e99c,2026-02-08T08:12:30,12.361403,-1.515982
leaderB-579ff0e7-77e4-4b16-9220-59c2c36ecc12,2026-02-08T08:12:30,12.361403,-1.515982
securityB-12f2e631-90a7-4ce7-87f7-c377db45e99c,2026-02-08T08:13:00,12.36147,-1.515644
leaderB-579ff0e7-77e4-4b16-9220-59c2c36ecc12,2026-02-08T08:13:00,12.36147,-1.515644
securityB-12f2e631-90a7-4ce7-87f7-c377db45e99c,2026-02-08T08:13:30,12.361536,-1.515305
leaderB-579ff0e7-77e4-4b16-9220-59c2c36ecc12,2026-02-08T08:13:30,12.361536,-1.515305
securityB-12f2e631-90a7-4ce7-87f7-c377db45e99c,2026-02-08T08:14:00,12.36147,-1.515001
leaderB-579ff0e7-77e4-4b16-9220-59c2c36ecc12,2026-02-08T08:14:00,12.36147,-1.515001
securityB-12f2e631-90a7-4ce7-87f7-c377db45e99c,2026-02-08T08:14:30,12.361625,-1.514735
leaderB-579ff0e7-77e4-4b16-9220-59c2c36ecc12,2026-02-08T08:14:30,12.361625,-1.514735
securityB-12f2e631-90a7-4ce7-87f7-c377db45e99c,2026-02-08T08:15:00,12.361721,-1.51443
leaderB-579ff0e7-77e4-4b16-9220-59c2c36ecc12,2026-02-08T08:15:00,12.361721,-1.51443
securityB-12f2e631-90a7-4ce7-87f7-c377db45e99c,2026-02-08T09:00:00,12.362519,-1.513108
propB-775f6ffc-da47-48c0-82b1-4fe100d5ee88,2026-02-08T09:00:00,12.358995,-1.520888
leaderB-579ff0e7-77e4-4b16-9220-59c2c36ecc12,2026-02-08T09:00:00,12.362519,-1.513108
leaderB-579ff0e7-77e4-4b16-9220-59c2c36ecc12,2026-02-08T09:03:00,12.362477,-1.513103
securityB-12f2e631-90a7-4ce7-87f7-c377db45e99c,2026-02-08T09:03:00,12.362477,-1.513103
propB-775f6ffc-da47-48c0-82b1-4fe100d5ee88,2026-02-08T09:03:00,12.358981,-1.520872
securityB-12f2e631-90a7-4ce7-87f7-c377db45e99c,2026-02-08T09:06:00,12.36251,-1.513082
propB-775f6ffc-da47-48c0-82b1-4fe100d5ee88,2026-02-08T09:06:00,12.35901,-1.520898
leaderB-579ff0e7-77e4-4b16-9220-59c2c36ecc12,2026-02-08T09:06:00,12.36251,-1.513082
propB-775f6ffc-da47-48c0-82b1-4fe100d5ee88,2026-02-08T09:09:00,12.359,-1.520897
securityB-12f2e631-90a7-4ce7-87f7-c377db45e99c,2026-02-08T09:09:00,12.362489,-1.513096
leaderB-579ff0e7-77e4-4b16-9220-59c2c36ecc12,2026-02-08T09:09:00,12.362489,-1.513096
leaderA-dc3bb5ee-282c-411f-96da-eebb88b52ea0,2026-02-08T09:30:00,12.363997,-1.515393
securityA-43c3c6c2-08da-4277-b10b-2565d4ab391b,2026-02-08T09:30:00,12.363997,-1.515393
leaderA-dc3bb5ee-282c-411f-96da-eebb88b52ea0,2026-02-08T09:45:00,12.364012,-1.515387
securityA-43c3c6c2-08da-4277-b10b-2565d4ab391b,2026-02-08T09:45:00,12.364012,-1.515387
securityA-43c3c6c2-08da-4277-b10b-2565d4ab391b,2026-02-08T10:00:00,12.363995,-1.515402
leaderA-dc3bb5ee-282c-411f-96da-eebb88b52ea0,2026-02-08T10:00:00,12.363995,-1.515402
leaderA-dc3bb5ee-282c-411f-96da-eebb88b52ea0,2026-02-08T10:15:00,12.363985,-1.515407
securityA-43c3c6c2-08da-4277-b10b-2565d4ab391b,2026-02-08T10:15:00,12.363985,-1.515407
securityA-43c3c6c2-08da-4277-b10b-2565d4ab391b,2026-02-08T10:30:00,12.364009,-1.515385
leaderA-dc3bb5ee-282c-411f-96da-eebb88b52ea0,2026-02-08T10:30:00,12.364009,-1.515385
leaderA-dc3bb5ee-282c-411f-96da-eebb88b52ea0,2026-02-08T10:45:00,12.363989,-1.515405
securityA-43c3c6c2-08da-4277-b10b-2565d4ab391b,2026-02-08T10:45:00,12.363989,-1.515405
securityB-12f2e631-90a7-4ce7-87f7-c377db45e99c,2026-02-08T11:00:00,12.361831,-1.514451
leaderB-579ff0e7-77e4-4b16-9220-59c2c36ecc12,2026-02-08T11:00:00,12.361831,-1.514451
securityB-12f2e631-90a7-4ce7-87f7-c377db45e99c,2026-02-08T11:00:30,12.361806,-1.514771
leaderB-579ff0e7-77e4-4b16-9220-59c2c36ecc12,2026-02-08T11:00:30,12.361806,-1.514771
securityB-12f2e631-90a7-4ce7-87f7-c377db45e99c,2026-02-08T11:01:00,12.361843,-1.515081
leaderB-579ff0e7-77e4-4b16-9220-59c2c36ecc12,2026-02-08T11:01:00,12.361843,-1.515081
securityB-12f2e631-90a7-4ce7-87f7-c377db45e99c,2026-02-08T11:01:30,12.361661,-1.515329
leaderB-579ff0e7-77e4-4b16-9220-59c2c36ecc12,2026-02-08T11:01:30,12.361661,-1.515329
securityB-12f2e631-90a7-4ce7-87f7-c377db45e99c,2026-02-08T11:02:00,12.36159,-1.515666
leaderB-579ff0e7-77e4-4b16-9220-59c2c36ecc12,2026-02-08T11:02:00,12.36159,-1.515666
securityB-12f2e631-90a7-4ce7-87f7-c377db45e99c,2026-02-08T11:02:30,12.361521,-1.516004
leaderB-579ff0e7-77e4-4b16-9220-59c2c36ecc12,2026-02-08T11:02:30,12.361521,-1.516004
leaderB-579ff0e7-77e4-4b16-9220-59c2c36ecc12,2026-02-08T11:03:00,12.361398,-1.516308
securityB-12f2e631-90a7-4ce7-87f7-c377db45e99c,2026-02-08T11:03:00,12.361398,-1.516308
leaderB-579ff0e7-77e4-4b16-9220-59c2c36ecc12,2026-02-08T11:03:30,12.361331,-1.516647
securityB-12f2e631-90a7-4ce7-87f7-c377db45e99c,2026-02-08T11:03:30,12.361331,-1.516647
leaderB-579ff0e7-77e4-4b16-9220-59c2c36ecc12,2026-02-08T11:04:00,12.361264,-1.516985
securityB-12f2e631-90a7-4ce7-87f7-c377db45e99c,2026-02-08T11:04:00,12.361264,-1.516985
leaderB-579ff0e7-77e4-4b16-9220-59c2c36ecc12,2026-02-08T11:04:30,12.361199,-1.517324
securityB-12f2e631-90a7-4ce7-87f7-c377db45e99c,2026-02-08T11:04:30,12.361199,-1.517324
leaderB-579ff0e7-77e4-4b16-9220-59c2c36ecc12,2026-02-08T11:05:00,12.361135,-1.517663
securityB-12f2e631-90a7-4ce7-87f7-c377db45e99c,2026-02-08T11:05:00,12.361135,-1.517663
leaderB-579ff0e7-77e4-4b16-9220-59c2c36ecc12,2026-02-08T11:05:30,12.361441,-1.517742
securityB-12f2e631-90a7-4ce7-87f7-c377db45e99c,2026-02-08T11:05:30,12.361441,-1.517742
securityB-12f2e631-90a7-4ce7-87f7-c377db45e99c,2026-02-08T11:06:00,12.361773,-1.517804
leaderB-579ff0e7-77e4-4b16-9220-59c2c36ecc12,2026-02-08T11:06:00,12.361773,-1.517804
securityB-12f2e631-90a7-4ce7-87f7-c377db45e99c,2026-02-08T11:06:30,12.362105,-1.517865
leaderB-579ff0e7-77e4-4b16-9220-59c2c36ecc12,2026-02-08T11:06:30,12.362105,-1.517865
securityB-12f2e631-90a7-4ce7-87f7-c377db45e99c,2026-02-08T11:07:00,12.362436,-1.517928
leaderB-579ff0e7-77e4-4b16-9220-59c2c36ecc12,2026-02-08T11:07:00,12.362436,-1.517928
securityB-12f2e631-90a7-4ce7-87f7-c377db45e99c,2026-02-08T11:07:30,12.362768,-1.517991
leaderB-579ff0e7-77e4-4b16-9220-59c2c36ecc12,2026-02-08T11:07:30,12.362768,-1.517991
leaderB-579ff0e7-77e4-4b16-9220-59c2c36ecc12,2026-02-08T11:08:00,12.3631,-1.518054
securityB-12f2e631-90a7-4ce7-87f7-c377db45e99c,2026-02-08T11:08:00,12.3631,-1.518054
securityB-12f2e631-90a7-4ce7-87f7-c377db45e99c,2026-02-08T11:08:30,12.363431,-1.518117
leaderB-579ff0e7-77e4-4b16-9220-59c2c36ecc12,2026-02-08T11:08:30,12.363431,-1.518117
securityB-12f2e631-90a7-4ce7-87f7-c377db45e99c,2026-02-08T11:09:00,12.363763,-1.51818
leaderB-579ff0e7-77e4-4b16-9220-59c2c36ecc12,2026-02-08T11:09:00,12.363763,-1.51818
securityB-12f2e631-90a7-4ce7-87f7-c377db45e99c,2026-02-08T11:09:30,12.364095,-1.518242
leaderB-579ff0e7-77e4-4b16-9220-59c2c36ecc12,2026-02-08T11:09:30,12.364095,-1.518242
leaderB-579ff0e7-77e4-4b16-9220-59c2c36ecc12,2026-02-08T11:10:00,12.364427,-1.518301
securityB-12f2e631-90a7-4ce7-87f7-c377db45e99c,2026-02-08T11:10:00,12.364427,-1.518301
securityB-12f2e631-90a7-4ce7-87f7-c377db45e99c,2026-02-08T11:10:30,12.364759,-1.518362
leaderB-579ff0e7-77e4-4b16-9220-59c2c36ecc12,2026-02-08T11:10:30,12.364759,-1.518362
leaderB-579ff0e7-77e4-4b16-9220-59c2c36ecc12,2026-02-08T11:11:00,12.364973,-1.518506
securityB-12f2e631-90a7-4ce7-87f7-c377db45e99c,2026-02-08T11:11:00,12.364973,-1.518506
securityB-12f2e631-90a7-4ce7-87f7-c377db45e99c,2026-02-08T11:11:30,12.364908,-1.518845
leaderB-579ff0e7-77e4-4b16-9220-59c2c36ecc12,2026-02-08T11:11:30,12.364908,-1.518845
leaderB-579ff0e7-77e4-4b16-9220-59c2c36ecc12,2026-02-08T11:12:00,12.364842,-1.519183
securityB-12f2e631-90a7-4ce7-87f7-c377db45e99c,2026-02-08T11:12:00,12.364842,-1.519183
leaderB-579ff0e7-77e4-4b16-9220-59c2c36ecc12,2026-02-08T11:12:30,12.364774,-1.519521
securityB-12f2e631-90a7-4ce7-87f7-c377db45e99c,2026-02-08T11:12:30,12.364774,-1.519521
leaderB-579ff0e7-77e4-4b16-9220-59c2c36ecc12,2026-02-08T11:13:00,12.364713,-1.519861
securityB-12f2e631-90a7-4ce7-87f7-c377db45e99c,2026-02-08T11:13:00,12.364713,-1.519861
leaderB-579ff0e7-77e4-4b16-9220-59c2c36ecc12,2026-02-08T11:13:30,12.36465,-1.5202
securityB-12f2e631-90a7-4ce7-87f7-c377db45e99c,2026-02-08T11:13:30,12.36465,-1.5202
leaderB-579ff0e7-77e4-4b16-9220-59c2c36ecc12,2026-02-08T11:14:00,12.364587,-1.520539
securityB-12f2e631-90a7-4ce7-87f7-c377db45e99c,2026-02-08T11:14:00,12.364587,-1.520539
securityB-12f2e631-90a7-4ce7-87f7-c377db45e99c,2026-02-08T11:14:30,12.364526,-1.520879
leaderB-579ff0e7-77e4-4b16-9220-59c2c36ecc12,2026-02-08T11:14:30,12.364526,-1.520879
securityB-12f2e631-90a7-4ce7-87f7-c377db45e99c,2026-02-08T14:00:00,12.358996,-1.520901
propB-775f6ffc-da47-48c0-82b1-4fe100d5ee88,2026-02-08T14:00:00,12.362905,-1.522494
courierA-5459d08e-e00c-4174-9a21-c4b90ef20a87,2026-02-08T14:00:00,12.359413,-1.51634
leaderB-579ff0e7-77e4-4b16-9220-59c2c36ecc12,2026-02-08T14:00:00,12.358996,-1.520901
courierA-5459d08e-e00c-4174-9a21-c4b90ef20a87,2026-02-08T14:00:30,12.359346,-1.516678
courierA-5459d08e-e00c-4174-9a21-c4b90ef20a87,2026-02-08T14:01:00,12.359286,-1.517018
courierA-5459d08e-e00c-4174-9a21-c4b90ef20a87,2026-02-08T14:01:30,12.359261,-1.517335
courierA-5459d08e-e00c-4174-9a21-c4b90ef20a87,2026-02-08T14:02:00,12.359592,-1.517397
courierA-5459d08e-e00c-4174-9a21-c4b90ef20a87,2026-02-08T14:02:30,12.359924,-1.517459
securityB-12f2e631-90a7-4ce7-87f7-c377db45e99c,2026-02-08T14:03:00,12.359024,-1.520914
propB-775f6ffc-da47-48c0-82b1-4fe100d5ee88,2026-02-08T14:03:00,12.362905,-1.522499
courierA-5459d08e-e00c-4174-9a21-c4b90ef20a87,2026-02-08T14:03:00,12.360256,-1.517521
leaderB-579ff0e7-77e4-4b16-9220-59c2c36ecc12,2026-02-08T14:03:00,12.359024,-1.520914
courierA-5459d08e-e00c-4174-9a21-c4b90ef20a87,2026-02-08T14:03:30,12.360588,-1.517583
courierA-5459d08e-e00c-4174-9a21-c4b90ef20a87,2026-02-08T14:04:00,12.360919,-1.517645
courierA-5459d08e-e00c-4174-9a21-c4b90ef20a87,2026-02-08T14:04:30,12.361251,-1.517707
courierA-5459d08e-e00c-4174-9a21-c4b90ef20a87,2026-02-08T14:05:00,12.361583,-1.517769
courierA-5459d08e-e00c-4174-9a21-c4b90ef20a87,2026-02-08T14:05:30,12.361915,-1.51783
securityB-12f2e631-90a7-4ce7-87f7-c377db45e99c,2026-02-08T14:06:00,12.359002,-1.520896
courierA-5459d08e-e00c-4174-9a21-c4b90ef20a87,2026-02-08T14:06:00,12.362247,-1.517892
propB-775f6ffc-da47-48c0-82b1-4fe100d5ee88,2026-02-08T14:06:00,12.362898,-1.522501
leaderB-579ff0e7-77e4-4b16-9220-59c2c36ecc12,2026-02-08T14:06:00,12.359002,-1.520896
courierA-5459d08e-e00c-4174-9a21-c4b90ef20a87,2026-02-08T14:06:30,12.362578,-1.517955
courierA-5459d08e-e00c-4174-9a21-c4b90ef20a87,2026-02-08T14:07:00,12.36291,-1.518018
courierA-5459d08e-e00c-4174-9a21-c4b90ef20a87,2026-02-08T14:07:30,12.363093,-1.51786
courierA-5459d08e-e00c-4174-9a21-c4b90ef20a87,2026-02-08T14:08:00,12.363154,-1.517521
courierA-5459d08e-e00c-4174-9a21-c4b90ef20a87,2026-02-08T14:08:30,12.363213,-1.517181
securityB-12f2e631-90a7-4ce7-87f7-c377db45e99c,2026-02-08T14:09:00,12.35901,-1.520899
leaderB-579ff0e7-77e4-4b16-9220-59c2c36ecc12,2026-02-08T14:09:00,12.35901,-1.520899
courierA-5459d08e-e00c-4174-9a21-c4b90ef20a87,2026-02-08T14:09:00,12.363281,-1.516843
courierA-5459d08e-e00c-4174-9a21-c4b90ef20a87,2026-02-08T14:09:30,12.363349,-1.516504
courierA-5459d08e-e00c-4174-9a21-c4b90ef20a87,2026-02-08T14:10:00,12.363412,-1.516165
courierA-5459d08e-e00c-4174-9a21-c4b90ef20a87,2026-02-08T14:10:30,12.363487,-1.515829
courierA-5459d08e-e00c-4174-9a21-c4b90ef20a87,2026-02-08T14:11:00,12.363562,-1.515492
securityB-12f2e631-90a7-4ce7-87f7-c377db45e99c,2026-02-08T14:12:00,12.359003,-1.520904
leaderB-579ff0e7-77e4-4b16-9220-59c2c36ecc12,2026-02-08T14:12:00,12.359003,-1.520904
leaderB-579ff0e7-77e4-4b16-9220-59c2c36ecc12,2026-02-08T14:15:00,12.359002,-1.520903
securityB-12f2e631-90a7-4ce7-87f7-c377db45e99c,2026-02-08T14:15:00,12.359002,-1.520903
facA-1420f464-9589-439d-bdab-a216790c256e,2026-02-08T14:30:00,12.363993,-1.515406
facA-1420f464-9589-439d-bdab-a216790c256e,2026-02-08T14:33:00,12.363998,-1.515404
facA-1420f464-9589-439d-bdab-a216790c256e,2026-02-08T14:36:00,12.363982,-1.515393
facA-1420f464-9589-439d-bdab-a216790c256e,2026-02-08T14:39:00,12.36399,-1.515398
civ-bf1713e2-0aa4-450b-9eca-3f226feb772d,2026-02-08T15:00:00,12.364075,-1.515405
civ-a9dc2cf7-cb1d-41f8-9f10-1f413fe7a2db,2026-02-08T15:00:00,12.3629,-1.522501
civ-4c6e2377-db0c-4ace-92d0-e0c8e2941ea6,2026-02-08T15:00:00,12.362841,-1.522419
civ-2ad92efb-35bc-4861-91d2-a0eb36e71881,2026-02-08T15:00:00,12.362862,-1.522489
civ-50528709-e36e-4a66-b3f3-af659f0b7bde,2026-02-08T15:00:00,12.36285,-1.522529
civ-6cc4daad-1dd8-4519-b98d-863a904f30cf,2026-02-08T15:00:00,12.362898,-1.522627
civ-9af38f54-8730-491e-af34-7c79c7dcbbef,2026-02-08T15:00:00,12.362928,-1.522537
civ-0aa92739-2555-4963-85bd-598a356e8a5f,2026-02-08T15:00:00,12.362976,-1.522301
civ-50680173-97fe-4472-b55a-e36cb2d89b3e,2026-02-08T15:00:00,12.362947,-1.522432
civ-438edf09-bb46-45cd-8388-3b80553cbf84,2026-02-08T15:00:00,12.362784,-1.522555
civ-f93aba47-ef2b-4f8f-a283-4e6cb6469541,2026-02-08T15:00:00,12.362845,-1.522568
civ-9c48147e-72f4-4a3a-93d9-dd6c612a24ff,2026-02-08T15:00:00,12.36296,-1.522514
civ-3176bdf4-1d2e-411d-8e2b-1d3e0e2496e4,2026-02-08T15:00:00,12.362881,-1.522644
civ-3db650e3-6231-460b-a87f-c713d8b00cc3,2026-02-08T15:00:00,12.362946,-1.522589
civ-6be98476-3713-44f9-94ed-89567b6b5f31,2026-02-08T15:00:00,12.362904,-1.52248
civ-b2a56f4e-457e-4f66-9e22-28c49c4fb109,2026-02-08T15:00:00,12.362998,-1.522594
civ-85a9a1f1-6324-409d-8225-46123f7d4cb2,2026-02-08T15:00:00,12.362683,-1.522487
civ-785c3fc2-b8c2-4ae1-955c-93a05b1d16a4,2026-02-08T15:00:00,12.36303,-1.522411
civ-725dd6c4-4d08-4876-a9af-448bbc83fe92,2026-02-08T15:00:00,12.362915,-1.522535
civ-1c3cdbb9-ae63-4680-8f7c-77e0f10a3ad0,2026-02-08T15:00:00,12.363915,-1.51532
civ-45b22f26-aa59-415e-9d1c-fb31f05d57db,2026-02-08T15:00:00,12.364002,-1.515361
civ-18c51021-92f1-4850-b638-875b27d23071,2026-02-08T15:00:00,12.364045,-1.515482
civ-ecd837e3-9613-4c05-9b15-c8dee103a4ec,2026-02-08T15:00:00,12.364174,-1.515344
civ-fd1007bd-f1d3-4c06-91e8-b6de786032f3,2026-02-08T15:00:00,12.364024,-1.515378
civ-c214aa8a-f438-407d-b127-5b38a9e43652,2026-02-08T15:00:00,12.363967,-1.515295
courierA-5459d08e-e00c-4174-9a21-c4b90ef20a87,2026-02-08T15:00:00,12.364011,-1.515397
civ-a00a2845-f43b-45d9-99d2-436f6d01deee,2026-02-08T15:00:00,12.364048,-1.515477
civ-285cb0c6-5c9c-453c-afb2-ef80c3832e6c,2026-02-08T15:00:00,12.363888,-1.515341
civ-479211ba-7a11-4724-adde-60e329a8b616,2026-02-08T15:00:00,12.362958,-1.52257
civ-ba03cb46-eb8c-4d9f-9366-4371ac263b8c,2026-02-08T15:00:00,12.364027,-1.515465
civ-8aa97426-d7b1-4d41-a68c-d1b9947f3d72,2026-02-08T15:00:00,12.363999,-1.515419
civ-764cc7ba-a2e0-4ad5-ab7b-6e004034755a,2026-02-08T15:00:00,12.363914,-1.515282
civ-284805b2-6173-4507-b3cc-e3d3d07b4695,2026-02-08T15:00:00,12.363935,-1.515354
civ-0bf89eec-fc7a-4fd7-bb9a-bc58341a824b,2026-02-08T15:00:00,12.363976,-1.515357
civ-e4c2ce3b-373e-4eae-9a6f-cc0b018f3a25,2026-02-08T15:00:00,12.363937,-1.515319
civ-f9346486-10e3-4804-b488-0e3c389d7977,2026-02-08T15:00:00,12.362934,-1.522464
civ-a208e14f-c350-46b6-9e61-d75542c22fb1,2026-02-08T15:00:00,12.363816,-1.515414
civ-f56bac12-bb3d-4e31-8e30-890ee6a30941,2026-02-08T15:00:00,12.363961,-1.515412
civ-c74133cd-201b-41b4-b013-4ee7c5ebce88,2026-02-08T15:00:00,12.363984,-1.515472
civ-aa744665-9363-4247-af0c-af24946684a0,2026-02-08T15:00:00,12.364003,-1.515472
civ-6807bb80-886d-46ac-a7c2-824bd5ecc728,2026-02-08T15:00:00,12.364053,-1.515437
courierA-5459d08e-e00c-4174-9a21-c4b90ef20a87,2026-02-08T15:03:00,12.363999,-1.515396
courierA-5459d08e-e00c-4174-9a21-c4b90ef20a87,2026-02-08T15:06:00,12.363986,-1.51541
leaderA-dc3bb5ee-282c-411f-96da-eebb88b52ea0,2026-02-08T17:00:00,12.363601,-1.515311
securityA-43c3c6c2-08da-4277-b10b-2565d4ab391b,2026-02-08T17:00:00,12.363601,-1.515311
leaderA-dc3bb5ee-282c-411f-96da-eebb88b52ea0,2026-02-08T17:00:30,12.363528,-1.515648
securityA-43c3c6c2-08da-4277-b10b-2565d4ab391b,2026-02-08T17:00:30,12.363528,-1.515648
leaderA-dc3bb5ee-282c-411f-96da-eebb88b52ea0,2026-02-08T17:01:00,12.363452,-1.515984
securityA-43c3c6c2-08da-4277-b10b-2565d4ab391b,2026-02-08T17:01:00,12.363452,-1.515984
securityA-43c3c6c2-08da-4277-b10b-2565d4ab391b,2026-02-08T17:01:30,12.363383,-1.516322
leaderA-dc3bb5ee-282c-411f-96da-eebb88b52ea0,2026-02-08T17:01:30,12.363383,-1.516322
securityA-43c3c6c2-08da-4277-b10b-2565d4ab391b,2026-02-08T17:02:00,12.36332,-1.516662
leaderA-dc3bb5ee-282c-411f-96da-eebb88b52ea0,2026-02-08T17:02:00,12.36332,-1.516662
leaderA-dc3bb5ee-282c-411f-96da-eebb88b52ea0,2026-02-08T17:02:30,12.363247,-1.516999
securityA-43c3c6c2-08da-4277-b10b-2565d4ab391b,2026-02-08T17:02:30,12.363247,-1.516999
securityA-43c3c6c2-08da-4277-b10b-2565d4ab391b,2026-02-08T17:03:00,12.363186,-1.517338
leaderA-dc3bb5ee-282c-411f-96da-eebb88b52ea0,2026-02-08T17:03:00,12.363186,-1.517338
leaderA-dc3bb5ee-282c-411f-96da-eebb88b52ea0,2026-02-08T17:03:30,12.363126,-1.517678
securityA-43c3c6c2-08da-4277-b10b-2565d4ab391b,2026-02-08T17:03:30,12.363126,-1.517678
securityA-43c3c6c2-08da-4277-b10b-2565d4ab391b,2026-02-08T17:04:00,12.363065,-1.518017
leaderA-dc3bb5ee-282c-411f-96da-eebb88b52ea0,2026-02-08T17:04:00,12.363065,-1.518017
securityA-43c3c6c2-08da-4277-b10b-2565d4ab391b,2026-02-08T17:04:30,12.362813,-1.518074
leaderA-dc3bb5ee-282c-411f-96da-eebb88b52ea0,2026-02-08T17:04:30,12.362813,-1.518074
leaderA-dc3bb5ee-282c-411f-96da-eebb88b52ea0,2026-02-08T17:05:00,12.362481,-1.518011
securityA-43c3c6c2-08da-4277-b10b-2565d4ab391b,2026-02-08T17:05:00,12.362481,-1.518011
securityA-43c3c6c2-08da-4277-b10b-2565d4ab391b,2026-02-08T17:05:30,12.36215,-1.517947
leaderA-dc3bb5ee-282c-411f-96da-eebb88b52ea0,2026-02-08T17:05:30,12.36215,-1.517947
leaderA-dc3bb5ee-282c-411f-96da-eebb88b52ea0,2026-02-08T17:06:00,12.361817,-1.517887
securityA-43c3c6c2-08da-4277-b10b-2565d4ab391b,2026-02-08T17:06:00,12.361817,-1.517887
securityA-43c3c6c2-08da-4277-b10b-2565d4ab391b,2026-02-08T17:06:30,12.361485,-1.517828
leaderA-dc3bb5ee-282c-411f-96da-eebb88b52ea0,2026-02-08T17:06:30,12.361485,-1.517828
securityA-43c3c6c2-08da-4277-b10b-2565d4ab391b,2026-02-08T17:07:00,12.361153,-1.517769
leaderA-dc3bb5ee-282c-411f-96da-eebb88b52ea0,2026-02-08T17:07:00,12.361153,-1.517769
securityA-43c3c6c2-08da-4277-b10b-2565d4ab391b,2026-02-08T17:07:30,12.360821,-1.517709
leaderA-dc3bb5ee-282c-411f-96da-eebb88b52ea0,2026-02-08T17:07:30,12.360821,-1.517709
securityA-43c3c6c2-08da-4277-b10b-2565d4ab391b,2026-02-08T17:08:00,12.360489,-1.517649
leaderA-dc3bb5ee-282c-411f-96da-eebb88b52ea0,2026-02-08T17:08:00,12.360489,-1.517649
securityA-43c3c6c2-08da-4277-b10b-2565d4ab391b,2026-02-08T17:08:30,12.360157,-1.517588
leaderA-dc3bb5ee-282c-411f-96da-eebb88b52ea0,2026-02-08T17:08:30,12.360157,-1.517588
leaderA-dc3bb5ee-282c-411f-96da-eebb88b52ea0,2026-02-08T17:09:00,12.359825,-1.517527
securityA-43c3c6c2-08da-4277-b10b-2565d4ab391b,2026-02-08T17:09:00,12.359825,-1.517527
securityA-43c3c6c2-08da-4277-b10b-2565d4ab391b,2026-02-08T17:09:30,12.359493,-1.517467
leaderA-dc3bb5ee-282c-411f-96da-eebb88b52ea0,2026-02-08T17:09:30,12.359493,-1.517467
securityA-43c3c6c2-08da-4277-b10b-2565d4ab391b,2026-02-08T17:10:00,12.359229,-1.517357
leaderA-dc3bb5ee-282c-411f-96da-eebb88b52ea0,2026-02-08T17:10:00,12.359229,-1.517357
securityA-43c3c6c2-08da-4277-b10b-2565d4ab391b,2026-02-08T17:10:30,12.359286,-1.517017
leaderA-dc3bb5ee-282c-411f-96da-eebb88b52ea0,2026-02-08T17:10:30,12.359286,-1.517017
securityA-43c3c6c2-08da-4277-b10b-2565d4ab391b,2026-02-08T17:11:00,12.359346,-1.516677
leaderA-dc3bb5ee-282c-411f-96da-eebb88b52ea0,2026-02-08T17:11:00,12.359346,-1.516677
leaderA-dc3bb5ee-282c-411f-96da-eebb88b52ea0,2026-02-08T18:00:00,12.3597,-1.516397
securityA-43c3c6c2-08da-4277-b10b-2565d4ab391b,2026-02-08T18:00:00,12.3597,-1.516397
securityA-43c3c6c2-08da-4277-b10b-2565d4ab391b,2026-02-08T18:20:00,12.359693,-1.516396
leaderA-dc3bb5ee-282c-411f-96da-eebb88b52ea0,2026-02-08T18:20:00,12.359693,-1.516396
securityA-43c3c6c2-08da-4277-b10b-2565d4ab391b,2026-02-08T18:40:00,12.359696,-1.5164
leaderA-dc3bb5ee-282c-411f-96da-eebb88b52ea0,2026-02-08T18:40:00,12.359696,-1.5164
securityA-43c3c6c2-08da-4277-b10b-2565d4ab391b,2026-02-08T19:00:00,12.359705,-1.5164
leaderA-dc3bb5ee-282c-411f-96da-eebb88b52ea0,2026-02-08T19:00:00,12.359705,-1.5164
leaderA-dc3bb5ee-282c-411f-96da-eebb88b52ea0,2026-02-08T19:20:00,12.359696,-1.516401
securityA-43c3c6c2-08da-4277-b10b-2565d4ab391b,2026-02-08T19:20:00,12.359696,-1.516401
leaderA-dc3bb5ee-282c-411f-96da-eebb88b52ea0,2026-02-08T19:40:00,12.359699,-1.516403
securityA-43c3c6c2-08da-4277-b10b-2565d4ab391b,2026-02-08T19:40:00,12.359699,-1.516403
logB-c23e4c99-d72b-4789-9397-006a7d765d4c,2026-02-09T05:00:00,12.364466,-1.521212
logB-c23e4c99-d72b-4789-9397-006a7d765d4c,2026-02-09T05:00:30,12.364527,-1.520872
logB-c23e4c99-d72b-4789-9397-006a7d765d4c,2026-02-09T05:01:00,12.364588,-1.520533
logB-c23e4c99-d72b-4789-9397-006a7d765d4c,2026-02-09T05:01:30,12.364651,-1.520194
logB-c23e4c99-d72b-4789-9397-006a7d765d4c,2026-02-09T05:02:00,12.364714,-1.519855
logB-c23e4c99-d72b-4789-9397-006a7d765d4c,2026-02-09T05:02:30,12.364775,-1.519515
logB-c23e4c99-d72b-4789-9397-006a7d765d4c,2026-02-09T05:03:00,12.364843,-1.519177
logB-c23e4c99-d72b-4789-9397-006a7d765d4c,2026-02-09T05:03:30,12.36491,-1.518838
logB-c23e4c99-d72b-4789-9397-006a7d765d4c,2026-02-09T05:04:00,12.364974,-1.518499
logB-c23e4c99-d72b-4789-9397-006a7d765d4c,2026-02-09T05:04:30,12.364673,-1.518418
logB-c23e4c99-d72b-4789-9397-006a7d765d4c,2026-02-09T05:05:00,12.364341,-1.518355
logB-c23e4c99-d72b-4789-9397-006a7d765d4c,2026-02-09T05:05:30,12.364009,-1.518294
logB-c23e4c99-d72b-4789-9397-006a7d765d4c,2026-02-09T05:06:00,12.363677,-1.518233
logB-c23e4c99-d72b-4789-9397-006a7d765d4c,2026-02-09T05:06:30,12.363345,-1.518172
logB-c23e4c99-d72b-4789-9397-006a7d765d4c,2026-02-09T05:07:00,12.363013,-1.518111
logB-c23e4c99-d72b-4789-9397-006a7d765d4c,2026-02-09T05:07:30,12.362682,-1.518049
logB-c23e4c99-d72b-4789-9397-006a7d765d4c,2026-02-09T05:08:00,12.36235,-1.517985
logB-c23e4c99-d72b-4789-9397-006a7d765d4c,2026-02-09T05:08:30,12.362019,-1.517922
logB-c23e4c99-d72b-4789-9397-006a7d765d4c,2026-02-09T05:09:00,12.361686,-1.517864
logB-c23e4c99-d72b-4789-9397-006a7d765d4c,2026-02-09T05:09:30,12.361354,-1.517805
logB-c23e4c99-d72b-4789-9397-006a7d765d4c,2026-02-09T05:10:00,12.361134,-1.517667
logB-c23e4c99-d72b-4789-9397-006a7d765d4c,2026-02-09T05:10:30,12.361198,-1.517328
logB-c23e4c99-d72b-4789-9397-006a7d765d4c,2026-02-09T05:11:00,12.361263,-1.516989
logB-c23e4c99-d72b-4789-9397-006a7d765d4c,2026-02-09T05:11:30,12.361331,-1.516651
logB-c23e4c99-d72b-4789-9397-006a7d765d4c,2026-02-09T05:12:00,12.361398,-1.516312
logB-c23e4c99-d72b-4789-9397-006a7d765d4c,2026-02-09T05:12:30,12.361403,-1.515982
logB-c23e4c99-d72b-4789-9397-006a7d765d4c,2026-02-09T05:13:00,12.36147,-1.515644
logB-c23e4c99-d72b-4789-9397-006a7d765d4c,2026-02-09T05:13:30,12.361536,-1.515305
logB-c23e4c99-d72b-4789-9397-006a7d765d4c,2026-02-09T05:14:00,12.36147,-1.515001
logB-c23e4c99-d72b-4789-9397-006a7d765d4c,2026-02-09T05:14:30,12.361625,-1.514735
logB-c23e4c99-d72b-4789-9397-006a7d765d4c,2026-02-09T05:15:00,12.361721,-1.51443
leaderA-dc3bb5ee-282c-411f-96da-eebb88b52ea0,2026-02-09T05:30:00,12.359706,-1.516394
securityA-43c3c6c2-08da-4277-b10b-2565d4ab391b,2026-02-09T05:30:00,12.359706,-1.516394
leaderA-dc3bb5ee-282c-411f-96da-eebb88b52ea0,2026-02-09T05:33:00,12.359704,-1.5164
securityA-43c3c6c2-08da-4277-b10b-2565d4ab391b,2026-02-09T05:33:00,12.359704,-1.5164
leaderA-dc3bb5ee-282c-411f-96da-eebb88b52ea0,2026-02-09T05:36:00,12.359706,-1.516395
securityA-43c3c6c2-08da-4277-b10b-2565d4ab391b,2026-02-09T05:36:00,12.359706,-1.516395
leaderA-dc3bb5ee-282c-411f-96da-eebb88b52ea0,2026-02-09T05:39:00,12.359697,-1.516405
securityA-43c3c6c2-08da-4277-b10b-2565d4ab391b,2026-02-09T05:39:00,12.359697,-1.516405
leaderA-dc3bb5ee-282c-411f-96da-eebb88b52ea0,2026-02-09T05:42:00,12.359701,-1.516386
securityA-43c3c6c2-08da-4277-b10b-2565d4ab391b,2026-02-09T05:42:00,12.359701,-1.516386
courierA-5459d08e-e00c-4174-9a21-c4b90ef20a87,2026-02-09T06:00:00,12.359413,-1.51634
courierA-5459d08e-e00c-4174-9a21-c4b90ef20a87,2026-02-09T06:00:30,12.359483,-1.516002
courierA-5459d08e-e00c-4174-9a21-c4b90ef20a87,2026-02-09T06:01:00,12.359666,-1.515843
courierA-5459d08e-e00c-4174-9a21-c4b90ef20a87,2026-02-09T06:01:30,12.359996,-1.515914
courierA-5459d08e-e00c-4174-9a21-c4b90ef20a87,2026-02-09T06:02:00,12.360326,-1.515986
courierA-5459d08e-e00c-4174-9a21-c4b90ef20a87,2026-02-09T06:02:30,12.360656,-1.516057
courierA-5459d08e-e00c-4174-9a21-c4b90ef20a87,2026-02-09T06:03:00,12.360986,-1.516128
courierA-5459d08e-e00c-4174-9a21-c4b90ef20a87,2026-02-09T06:03:30,12.361316,-1.516199
courierA-5459d08e-e00c-4174-9a21-c4b90ef20a87,2026-02-09T06:04:00,12.361417,-1.515912
courierA-5459d08e-e00c-4174-9a21-c4b90ef20a87,2026-02-09T06:04:30,12.361484,-1.515573
courierA-5459d08e-e00c-4174-9a21-c4b90ef20a87,2026-02-09T06:05:00,12.361549,-1.515235
courierA-5459d08e-e00c-4174-9a21-c4b90ef20a87,2026-02-09T06:05:30,12.361465,-1.51493
courierA-5459d08e-e00c-4174-9a21-c4b90ef20a87,2026-02-09T06:06:00,12.361664,-1.514691
courierA-5459d08e-e00c-4174-9a21-c4b90ef20a87,2026-02-09T06:06:30,12.36179,-1.514443
facA-1420f464-9589-439d-bdab-a216790c256e,2026-02-09T06:30:00,12.362887,-1.522502
facA-1420f464-9589-439d-bdab-a216790c256e,2026-02-09T06:33:00,12.362896,-1.522495
facA-1420f464-9589-439d-bdab-a216790c256e,2026-02-09T06:36:00,12.362886,-1.522496
facA-1420f464-9589-439d-bdab-a216790c256e,2026-02-09T06:39:00,12.362918,-1.522512
civ-7bbe5425-3bd1-4444-b193-f6cf70a647d7,2026-02-09T07:00:00,12.363966,-1.515462
civ-0698b2ae-86b6-46c1-9d84-33b8dd4c9bb6,2026-02-09T07:00:00,12.363042,-1.522613
civ-7323bd82-39ed-4baa-9ba5-9a2130495f80,2026-02-09T07:00:00,12.36405,-1.515428
civ-63deeed3-e764-46a1-bd10-32b374a3274f,2026-02-09T07:00:00,12.363845,-1.515321
civ-82bc167b-2a2a-4aef-83b1-791dc7acc175,2026-02-09T07:00:00,12.364076,-1.515356
courierA-5459d08e-e00c-4174-9a21-c4b90ef20a87,2026-02-09T07:00:00,12.362492,-1.513081
civ-0906adac-2f9d-4b8a-9f03-d3faedcfcc2c,2026-02-09T07:00:00,12.364087,-1.515381
civ-d92e8f08-b59c-4852-98bf-fc5c2a84b14a,2026-02-09T07:00:00,12.363973,-1.51539
civ-adb6c213-9b93-409a-87eb-6b575e3ac4b5,2026-02-09T07:00:00,12.364035,-1.515438
civ-230bdc6c-5603-4064-afc6-e4e1b5da49b5,2026-02-09T07:00:00,12.364049,-1.515498
civ-d2d32304-36c9-4606-a227-e7aab35134db,2026-02-09T07:00:00,12.363016,-1.522492
civ-b7506109-65e0-4bfc-9841-c853a14ffb48,2026-02-09T07:00:00,12.36405,-1.51537
civ-2c1c83e1-f410-4329-b0b9-d5189cf76291,2026-02-09T07:00:00,12.364036,-1.515396
civ-f01d1ca4-4d91-4f82-a24b-7a13938fdedd,2026-02-09T07:00:00,12.362908,-1.522458
civ-e1b30984-e13b-4f92-8004-8a1e0961ae12,2026-02-09T07:00:00,12.362835,-1.522596
civ-2c18145a-d340-4f55-b26a-c4f5b347e878,2026-02-09T07:00:00,12.362886,-1.522434
civ-64637dd1-d497-416a-a57e-5405e6fbb359,2026-02-09T07:00:00,12.362891,-1.522391
civ-12372bd2-1c43-4196-9c9a-9c45773e4da0,2026-02-09T07:00:00,12.362796,-1.522501
civ-2083ec10-45da-4de4-afc7-3cb550048ab8,2026-02-09T07:00:00,12.36281,-1.522474
civ-2f27f821-4725-492d-8641-4a1a68745ba8,2026-02-09T07:00:00,12.362964,-1.52253
civ-e8be0002-e6ef-48fa-b111-ec35c17cbd18,2026-02-09T07:00:00,12.362712,-1.522486
civ-2d0d3f83-5daf-4a5e-93da-99d93a9da862,2026-02-09T07:00:00,12.362931,-1.522471
civ-da031db3-fcf8-4ef5-82c9-7397b67b11f4,2026-02-09T07:00:00,12.362989,-1.522577
civ-69761477-7c7d-4e46-9549-c65a54a72443,2026-02-09T07:00:00,12.362949,-1.522414
civ-9a54042d-5424-41a7-b672-350c9004d8b2,2026-02-09T07:00:00,12.362772,-1.522477
civ-cb3ae350-c9df-48f8-9f3f-13919c02a25a,2026-02-09T07:00:00,12.362864,-1.522506
civ-8bd4d706-149d-40c9-a154-ca9ade8a6c59,2026-02-09T07:00:00,12.362925,-1.522535
civ-1bff4bdc-e385-45c5-a336-876563e49a86,2026-02-09T07:00:00,12.362851,-1.522498
civ-ad35241c-b84d-43da-b1e4-785a6690ea30,2026-02-09T07:00:00,12.362949,-1.522583
civ-4a2fbd69-889b-425e-8b28-e7577b69a30e,2026-02-09T07:00:00,12.362948,-1.522467
civ-164c8fce-13a4-43b2-a3c8-665505a920d2,2026-02-09T07:00:00,12.364032,-1.515344
civ-d744a878-cdb7-4da1-8fda-84c7be5f2535,2026-02-09T07:00:00,12.364033,-1.515279
civ-b7d274a3-77a9-4f95-b8a1-7e0ec83b5768,2026-02-09T07:00:00,12.364,-1.515352
civ-d891bd9c-8b0a-4ffb-93fd-8023622b645f,2026-02-09T07:00:00,12.363921,-1.515428
civ-80425b4e-1594-44d9-8769-82fddfbb9489,2026-02-09T07:00:00,12.36405,-1.515339
civ-21dcbbd0-270d-4024-b702-c97eed55c8ab,2026-02-09T07:00:00,12.363979,-1.515405
civ-bc1d11fc-62a3-4e69-9b55-f88c95bc306d,2026-02-09T07:00:00,12.363891,-1.515426
civ-a4e7f0df-8422-463d-9766-b05e193c7e96,2026-02-09T07:00:00,12.364064,-1.515359
civ-e0db461c-7ef8-4c98-b04e-6c3657a04bc9,2026-02-09T07:00:00,12.364001,-1.515448
civ-eaf7c779-fd14-4594-9d59-7237dd2c74af,2026-02-09T07:00:00,12.362822,-1.522578
civ-f780647e-3534-4a51-a59f-cfa5a6e361e5,2026-02-09T07:00:00,12.363872,-1.515371
courierA-5459d08e-e00c-4174-9a21-c4b90ef20a87,2026-02-09T07:03:00,12.362486,-1.513098
courierA-5459d08e-e00c-4174-9a21-c4b90ef20a87,2026-02-09T07:06:00,12.362518,-1.5131
leaderA-dc3bb5ee-282c-411f-96da-eebb88b52ea0,2026-02-09T07:49:00,12.359413,-1.51634
securityA-43c3c6c2-08da-4277-b10b-2565d4ab391b,2026-02-09T07:49:00,12.359413,-1.51634
leaderA-dc3bb5ee-282c-411f-96da-eebb88b52ea0,2026-02-09T07:49:30,12.359346,-1.516678
securityA-43c3c6c2-08da-4277-b10b-2565d4ab391b,2026-02-09T07:49:30,12.359346,-1.516678
securityA-43c3c6c2-08da-4277-b10b-2565d4ab391b,2026-02-09T07:50:00,12.359286,-1.517018
leaderA-dc3bb5ee-282c-411f-96da-eebb88b52ea0,2026-02-09T07:50:00,12.359286,-1.517018
leaderA-dc3bb5ee-282c-411f-96da-eebb88b52ea0,2026-02-09T07:50:30,12.359261,-1.517335
securityA-43c3c6c2-08da-4277-b10b-2565d4ab391b,2026-02-09T07:50:30,12.359261,-1.517335
leaderA-dc3bb5ee-282c-411f-96da-eebb88b52ea0,2026-02-09T07:51:00,12.359592,-1.517397
securityA-43c3c6c2-08da-4277-b10b-2565d4ab391b,2026-02-09T07:51:00,12.359592,-1.517397
leaderA-dc3bb5ee-282c-411f-96da-eebb88b52ea0,2026-02-09T07:51:30,12.359924,-1.517459
securityA-43c3c6c2-08da-4277-b10b-2565d4ab391b,2026-02-09T07:51:30,12.359924,-1.517459
leaderA-dc3bb5ee-282c-411f-96da-eebb88b52ea0,2026-02-09T07:52:00,12.360256,-1.517521
securityA-43c3c6c2-08da-4277-b10b-2565d4ab391b,2026-02-09T07:52:00,12.360256,-1.517521
leaderA-dc3bb5ee-282c-411f-96da-eebb88b52ea0,2026-02-09T07:52:30,12.360588,-1.517583
securityA-43c3c6c2-08da-4277-b10b-2565d4ab391b,2026-02-09T07:52:30,12.360588,-1.517583
securityA-43c3c6c2-08da-4277-b10b-2565d4ab391b,2026-02-09T07:53:00,12.360919,-1.517645
leaderA-dc3bb5ee-282c-411f-96da-eebb88b52ea0,2026-02-09T07:53:00,12.360919,-1.517645
leaderA-dc3bb5ee-282c-411f-96da-eebb88b52ea0,2026-02-09T07:53:30,12.361251,-1.517707
securityA-43c3c6c2-08da-4277-b10b-2565d4ab391b,2026-02-09T07:53:30,12.361251,-1.517707
leaderA-dc3bb5ee-282c-411f-96da-eebb88b52ea0,2026-02-09T07:54:00,12.361583,-1.517769
securityA-43c3c6c2-08da-4277-b10b-2565d4ab391b,2026-02-09T07:54:00,12.361583,-1.517769
securityA-43c3c6c2-08da-4277-b10b-2565d4ab391b,2026-02-09T07:54:30,12.361915,-1.51783
leaderA-dc3bb5ee-282c-411f-96da-eebb88b52ea0,2026-02-09T07:54:30,12.361915,-1.51783
leaderA-dc3bb5ee-282c-411f-96da-eebb88b52ea0,2026-02-09T07:55:00,12.362247,-1.517892
securityA-43c3c6c2-08da-4277-b10b-2565d4ab391b,2026-02-09T07:55:00,12.362247,-1.517892
securityA-43c3c6c2-08da-4277-b10b-2565d4ab391b,2026-02-09T07:55:30,12.362578,-1.517955
leaderA-dc3bb5ee-282c-411f-96da-eebb88b52ea0,2026-02-09T07:55:30,12.362578,-1.517955
securityA-43c3c6c2-08da-4277-b10b-2565d4ab391b,2026-02-09T07:56:00,12.36291,-1.518018
leaderA-dc3bb5ee-282c-411f-96da-eebb88b52ea0,2026-02-09T07:56:00,12.36291,-1.518018
leaderA-dc3bb5ee-282c-411f-96da-eebb88b52ea0,2026-02-09T07:56:30,12.363093,-1.51786
securityA-43c3c6c2-08da-4277-b10b-2565d4ab391b,2026-02-09T07:56:30,12.363093,-1.51786
leaderA-dc3bb5ee-282c-411f-96da-eebb88b52ea0,2026-02-09T07:57:00,12.363154,-1.517521
securityA-43c3c6c2-08da-4277-b10b-2565d4ab391b,2026-02-09T07:57:00,12.363154,-1.517521
securityA-43c3c6c2-08da-4277-b10b-2565d4ab391b,2026-02-09T07:57:30,12.363213,-1.517181
leaderA-dc3bb5ee-282c-411f-96da-eebb88b52ea0,2026-02-09T07:57:30,12.363213,-1.517181
securityA-43c3c6c2-08da-4277-b10b-2565d4ab391b,2026-02-09T07:58:00,12.363281,-1.516843
leaderA-dc3bb5ee-282c-411f-96da-eebb88b52ea0,2026-02-09T07:58:00,12.363281,-1.516843
leaderA-dc3bb5ee-282c-411f-96da-eebb88b52ea0,2026-02-09T07:58:30,12.363349,-1.516504
securityA-43c3c6c2-08da-4277-b10b-2565d4ab391b,2026-02-09T07:58:30,12.363349,-1.516504
leaderA-dc3bb5ee-282c-411f-96da-eebb88b52ea0,2026-02-09T07:59:00,12.363412,-1.516165
securityA-43c3c6c2-08da-4277-b10b-2565d4ab391b,2026-02-09T07:59:00,12.363412,-1.516165
leaderA-dc3bb5ee-282c-411f-96da-eebb88b52ea0,2026-02-09T07:59:30,12.363487,-1.515829
securityA-43c3c6c2-08da-4277-b10b-2565d4ab391b,2026-02-09T07:59:30,12.363487,-1.515829
leaderB-579ff0e7-77e4-4b16-9220-59c2c36ecc12,2026-02-09T08:00:00,12.364466,-1.521212
securityB-12f2e631-90a7-4ce7-87f7-c377db45e99c,2026-02-09T08:00:00,12.364466,-1.521212
leaderA-dc3bb5ee-282c-411f-96da-eebb88b52ea0,2026-02-09T08:00:00,12.363562,-1.515492
logB-c23e4c99-d72b-4789-9397-006a7d765d4c,2026-02-09T08:00:00,12.362507,-1.513102
securityA-43c3c6c2-08da-4277-b10b-2565d4ab391b,2026-02-09T08:00:00,12.363562,-1.515492
leaderB-579ff0e7-77e4-4b16-9220-59c2c36ecc12,2026-02-09T08:00:30,12.364527,-1.520872
securityB-12f2e631-90a7-4ce7-87f7-c377db45e99c,2026-02-09T08:00:30,12.364527,-1.520872
securityB-12f2e631-90a7-4ce7-87f7-c377db45e99c,2026-02-09T08:01:00,12.364588,-1.520533
leaderB-579ff0e7-77e4-4b16-9220-59c2c36ecc12,2026-02-09T08:01:00,12.364588,-1.520533
leaderB-579ff0e7-77e4-4b16-9220-59c2c36ecc12,2026-02-09T08:01:30,12.364651,-1.520194
securityB-12f2e631-90a7-4ce7-87f7-c377db45e99c,2026-02-09T08:01:30,12.364651,-1.520194
securityB-12f2e631-90a7-4ce7-87f7-c377db45e99c,2026-02-09T08:02:00,12.364714,-1.519855
leaderB-579ff0e7-77e4-4b16-9220-59c2c36ecc12,2026-02-09T08:02:00,12.364714,-1.519855
securityB-12f2e631-90a7-4ce7-87f7-c377db45e99c,2026-02-09T08:02:30,12.364775,-1.519515
leaderB-579ff0e7-77e4-4b16-9220-59c2c36ecc12,2026-02-09T08:02:30,12.364775,-1.519515
leaderB-579ff0e7-77e4-4b16-9220-59c2c36ecc12,2026-02-09T08:03:00,12.364843,-1.519177
logB-c23e4c99-d72b-4789-9397-006a7d765d4c,2026-02-09T08:03:00,12.362494,-1.513088
securityB-12f2e631-90a7-4ce7-87f7-c377db45e99c,2026-02-09T08:03:00,12.364843,-1.519177
securityB-12f2e631-90a7-4ce7-87f7-c377db45e99c,2026-02-09T08:03:30,12.36491,-1.518838
leaderB-579ff0e7-77e4-4b16-9220-59c2c36ecc12,2026-02-09T08:03:30,12.36491,-1.518838
securityB-12f2e631-90a7-4ce7-87f7-c377db45e99c,2026-02-09T08:04:00,12.364974,-1.518499
leaderB-579ff0e7-77e4-4b16-9220-59c2c36ecc12,2026-02-09T08:04:00,12.364974,-1.518499
securityB-12f2e631-90a7-4ce7-87f7-c377db45e99c,2026-02-09T08:04:30,12.364673,-1.518418
leaderB-579ff0e7-77e4-4b16-9220-59c2c36ecc12,2026-02-09T08:04:30,12.364673,-1.518418
leaderB-579ff0e7-77e4-4b16-9220-59c2c36ecc12,2026-02-09T08:05:00,12.364341,-1.518355
securityB-12f2e631-90a7-4ce7-87f7-c377db45e99c,2026-02-09T08:05:00,12.364341,-1.518355
leaderB-579ff0e7-77e4-4b16-9220-59c2c36ecc12,2026-02-09T08:05:30,12.364009,-1.518294
securityB-12f2e631-90a7-4ce7-87f7-c377db45e99c,2026-02-09T08:05:30,12.364009,-1.518294
leaderB-579ff0e7-77e4-4b16-9220-59c2c36ecc12,2026-02-09T08:06:00,12.363677,-1.518233
logB-c23e4c99-d72b-4789-9397-006a7d765d4c,2026-02-09T08:06:00,12.362513,-1.513105
securityB-12f2e631-90a7-4ce7-87f7-c377db45e99c,2026-02-09T08:06:00,12.363677,-1.518233
leaderB-579ff0e7-77e4-4b16-9220-59c2c36ecc12,2026-02-09T08:06:30,12.363345,-1.518172
securityB-12f2e631-90a7-4ce7-87f7-c377db45e99c,2026-02-09T08:06:30,12.363345,-1.518172
securityB-12f2e631-90a7-4ce7-87f7-c377db45e99c,2026-02-09T08:07:00,12.363013,-1.518111
leaderB-579ff0e7-77e4-4b16-9220-59c2c36ecc12,2026-02-09T08:07:00,12.363013,-1.518111
leaderB-579ff0e7-77e4-4b16-9220-59c2c36ecc12,2026-02-09T08:07:30,12.362682,-1.518049
securityB-12f2e631-90a7-4ce7-87f7-c377db45e99c,2026-02-09T08:07:30,12.362682,-1.518049
leaderB-579ff0e7-77e4-4b16-9220-59c2c36ecc12,2026-02-09T08:08:00,12.36235,-1.517985
securityB-12f2e631-90a7-4ce7-87f7-c377db45e99c,2026-02-09T08:08:00,12.36235,-1.517985
leaderB-579ff0e7-77e4-4b16-9220-59c2c36ecc12,2026-02-09T08:08:30,12.362019,-1.517922
securityB-12f2e631-90a7-4ce7-87f7-c377db45e99c,2026-02-09T08:08:30,12.362019,-1.517922
leaderB-579ff0e7-77e4-4b16-9220-59c2c36ecc12,2026-02-09T08:09:00,12.361686,-1.517864
securityB-12f2e631-90a7-4ce7-87f7-c377db45e99c,2026-02-09T08:09:00,12.361686,-1.517864
logB-c23e4c99-d72b-4789-9397-006a7d765d4c,2026-02-09T08:09:00,12.362483,-1.513091
leaderB-579ff0e7-77e4-4b16-9220-59c2c36ecc12,2026-02-09T08:09:30,12.361354,-1.517805
securityB-12f2e631-90a7-4ce7-87f7-c377db45e99c,2026-02-09T08:09:30,12.361354,-1.517805
leaderB-579ff0e7-77e4-4b16-9220-59c2c36ecc12,2026-02-09T08:10:00,12.361134,-1.517667
securityB-12f2e631-90a7-4ce7-87f7-c377db45e99c,2026-02-09T08:10:00,12.361134,-1.517667
leaderB-579ff0e7-77e4-4b16-9220-59c2c36ecc12,2026-02-09T08:10:30,12.361198,-1.517328
securityB-12f2e631-90a7-4ce7-87f7-c377db45e99c,2026-02-09T08:10:30,12.361198,-1.517328
leaderB-579ff0e7-77e4-4b16-9220-59c2c36ecc12,2026-02-09T08:11:00,12.361263,-1.516989
securityB-12f2e631-90a7-4ce7-87f7-c377db45e99c,2026-02-09T08:11:00,12.361263,-1.516989
leaderB-579ff0e7-77e4-4b16-9220-59c2c36ecc12,2026-02-09T08:11:30,12.361331,-1.516651
securityB-12f2e631-90a7-4ce7-87f7-c377db45e99c,2026-02-09T08:11:30,12.361331,-1.516651
leaderB-579ff0e7-77e4-4b16-9220-59c2c36ecc12,2026-02-09T08:12:00,12.361398,-1.516312
logB-c23e4c99-d72b-4789-9397-006a7d765d4c,2026-02-09T08:12:00,12.362494,-1.513093
securityB-12f2e631-90a7-4ce7-87f7-c377db45e99c,2026-02-09T08:12:00,12.361398,-1.516312
leaderB-579ff0e7-77e4-4b16-9220-59c2c36ecc12,2026-02-09T08:12:30,12.361403,-1.515982
securityB-12f2e631-90a7-4ce7-87f7-c377db45e99c,2026-02-09T08:12:30,12.361403,-1.515982
leaderB-579ff0e7-77e4-4b16-9220-59c2c36ecc12,2026-02-09T08:13:00,12.36147,-1.515644
securityB-12f2e631-90a7-4ce7-87f7-c377db45e99c,2026-02-09T08:13:00,12.36147,-1.515644
leaderB-579ff0e7-77e4-4b16-9220-59c2c36ecc12,2026-02-09T08:13:30,12.361536,-1.515305
securityB-12f2e631-90a7-4ce7-87f7-c377db45e99c,2026-02-09T08:13:30,12.361536,-1.515305
leaderB-579ff0e7-77e4-4b16-9220-59c2c36ecc12,2026-02-09T08:14:00,12.36147,-1.515001
securityB-12f2e631-90a7-4ce7-87f7-c377db45e99c,2026-02-09T08:14:00,12.36147,-1.515001
securityB-12f2e631-90a7-4ce7-87f7-c377db45e99c,2026-02-09T08:14:30,12.361625,-1.514735
leaderB-579ff0e7-77e4-4b16-9220-59c2c36ecc12,2026-02-09T08:14:30,12.361625,-1.514735
securityB-12f2e631-90a7-4ce7-87f7-c377db45e99c,2026-02-09T08:15:00,12.361721,-1.51443
leaderB-579ff0e7-77e4-4b16-9220-59c2c36ecc12,2026-02-09T08:15:00,12.361721,-1.51443
propB-775f6ffc-da47-48c0-82b1-4fe100d5ee88,2026-02-09T09:00:00,12.358982,-1.520892
securityB-12f2e631-90a7-4ce7-87f7-c377db45e99c,2026-02-09T09:00:00,12.362506,-1.513112
leaderB-579ff0e7-77e4-4b16-9220-59c2c36ecc12,2026-02-09T09:00:00,12.362506,-1.513112
leaderB-579ff0e7-77e4-4b16-9220-59c2c36ecc12,2026-02-09T09:03:00,12.362491,-1.513096
propB-775f6ffc-da47-48c0-82b1-4fe100d5ee88,2026-02-09T09:03:00,12.358989,-1.520893
securityB-12f2e631-90a7-4ce7-87f7-c377db45e99c,2026-02-09T09:03:00,12.362491,-1.513096
propB-775f6ffc-da47-48c0-82b1-4fe100d5ee88,2026-02-09T09:06:00,12.359,-1.520909
securityB-12f2e631-90a7-4ce7-87f7-c377db45e99c,2026-02-09T09:06:00,12.362513,-1.513097
leaderB-579ff0e7-77e4-4b16-9220-59c2c36ecc12,2026-02-09T09:06:00,12.362513,-1.513097
securityB-12f2e631-90a7-4ce7-87f7-c377db45e99c,2026-02-09T09:09:00,12.362497,-1.5131
leaderB-579ff0e7-77e4-4b16-9220-59c2c36ecc12,2026-02-09T09:09:00,12.362497,-1.5131
propB-775f6ffc-da47-48c0-82b1-4fe100d5ee88,2026-02-09T09:09:00,12.358996,-1.520894
leaderA-dc3bb5ee-282c-411f-96da-eebb88b52ea0,2026-02-09T09:30:00,12.363989,-1.515413
securityA-43c3c6c2-08da-4277-b10b-2565d4ab391b,2026-02-09T09:30:00,12.363989,-1.515413
leaderA-dc3bb5ee-282c-411f-96da-eebb88b52ea0,2026-02-09T09:45:00,12.364001,-1.5154
securityA-43c3c6c2-08da-4277-b10b-2565d4ab391b,2026-02-09T09:45:00,12.364001,-1.5154
leaderA-dc3bb5ee-282c-411f-96da-eebb88b52ea0,2026-02-09T10:00:00,12.364002,-1.515398
securityA-43c3c6c2-08da-4277-b10b-2565d4ab391b,2026-02-09T10:00:00,12.364002,-1.515398
securityA-43c3c6c2-08da-4277-b10b-2565d4ab391b,2026-02-09T10:15:00,12.363998,-1.515387
leaderA-dc3bb5ee-282c-411f-96da-eebb88b52ea0,2026-02-09T10:15:00,12.363998,-1.515387
leaderA-dc3bb5ee-282c-411f-96da-eebb88b52ea0,2026-02-09T10:30:00,12.363986,-1.515407
securityA-43c3c6c2-08da-4277-b10b-2565d4ab391b,2026-02-09T10:30:00,12.363986,-1.515407
securityA-43c3c6c2-08da-4277-b10b-2565d4ab391b,2026-02-09T10:45:00,12.363999,-1.515415
leaderA-dc3bb5ee-282c-411f-96da-eebb88b52ea0,2026-02-09T10:45:00,12.363999,-1.515415
securityB-12f2e631-90a7-4ce7-87f7-c377db45e99c,2026-02-09T11:00:00,12.361831,-1.514451
leaderB-579ff0e7-77e4-4b16-9220-59c2c36ecc12,2026-02-09T11:00:00,12.361831,-1.514451
leaderB-579ff0e7-77e4-4b16-9220-59c2c36ecc12,2026-02-09T11:00:30,12.361806,-1.514771
securityB-12f2e631-90a7-4ce7-87f7-c377db45e99c,2026-02-09T11:00:30,12.361806,-1.514771
leaderB-579ff0e7-77e4-4b16-9220-59c2c36ecc12,2026-02-09T11:01:00,12.361843,-1.515081
securityB-12f2e631-90a7-4ce7-87f7-c377db45e99c,2026-02-09T11:01:00,12.361843,-1.515081
securityB-12f2e631-90a7-4ce7-87f7-c377db45e99c,2026-02-09T11:01:30,12.361661,-1.515329
leaderB-579ff0e7-77e4-4b16-9220-59c2c36ecc12,2026-02-09T11:01:30,12.361661,-1.515329
securityB-12f2e631-90a7-4ce7-87f7-c377db45e99c,2026-02-09T11:02:00,12.36159,-1.515666
leaderB-579ff0e7-77e4-4b16-9220-59c2c36ecc12,2026-02-09T11:02:00,12.36159,-1.515666
leaderB-579ff0e7-77e4-4b16-9220-59c2c36ecc12,2026-02-09T11:02:30,12.361521,-1.516004
securityB-12f2e631-90a7-4ce7-87f7-c377db45e99c,2026-02-09T11:02:30,12.361521,-1.516004
securityB-12f2e631-90a7-4ce7-87f7-c377db45e99c,2026-02-09T11:03:00,12.361398,-1.516308
leaderB-579ff0e7-77e4-4b16-9220-59c2c36ecc12,2026-02-09T11:03:00,12.361398,-1.516308
securityB-12f2e631-90a7-4ce7-87f7-c377db45e99c,2026-02-09T11:03:30,12.361331,-1.516647
leaderB-579ff0e7-77e4-4b16-9220-59c2c36ecc12,2026-02-09T11:03:30,12.361331,-1.516647
securityB-12f2e631-90a7-4ce7-87f7-c377db45e99c,2026-02-09T11:04:00,12.361264,-1.516985
leaderB-579ff0e7-77e4-4b16-9220-59c2c36ecc12,2026-02-09T11:04:00,12.361264,-1.516985
securityB-12f2e631-90a7-4ce7-87f7-c377db45e99c,2026-02-09T11:04:30,12.361199,-1.517324
leaderB-579ff0e7-77e4-4b16-9220-59c2c36ecc12,2026-02-09T11:04:30,12.361199,-1.517324
leaderB-579ff0e7-77e4-4b16-9220-59c2c36ecc12,2026-02-09T11:05:00,12.361135,-1.517663
securityB-12f2e631-90a7-4ce7-87f7-c377db45e99c,2026-02-09T11:05:00,12.361135,-1.517663
securityB-12f2e631-90a7-4ce7-87f7-c377db45e99c,2026-02-09T11:05:30,12.361441,-1.517742
leaderB-579ff0e7-77e4-4b16-9220-59c2c36ecc12,2026-02-09T11:05:30,12.361441,-1.517742
securityB-12f2e631-90a7-4ce7-87f7-c377db45e99c,2026-02-09T11:06:00,12.361773,-1.517804
leaderB-579ff0e7-77e4-4b16-9220-59c2c36ecc12,2026-02-09T11:06:00,12.361773,-1.517804
leaderB-579ff0e7-77e4-4b16-9220-59c2c36ecc12,2026-02-09T11:06:30,12.362105,-1.517865
securityB-12f2e631-90a7-4ce7-87f7-c377db45e99c,2026-02-09T11:06:30,12.362105,-1.517865
securityB-12f2e631-90a7-4ce7-87f7-c377db45e99c,2026-02-09T11:07:00,12.362436,-1.517928
leaderB-579ff0e7-77e4-4b16-9220-59c2c36ecc12,2026-02-09T11:07:00,12.362436,-1.517928
securityB-12f2e631-90a7-4ce7-87f7-c377db45e99c,2026-02-09T11:07:30,12.362768,-1.517991
leaderB-579ff0e7-77e4-4b16-9220-59c2c36ecc12,2026-02-09T11:07:30,12.362768,-1.517991
securityB-12f2e631-90a7-4ce7-87f7-c377db45e99c,2026-02-09T11:08:00,12.3631,-1.518054
leaderB-579ff0e7-77e4-4b16-9220-59c2c36ecc12,2026-02-09T11:08:00,12.3631,-1.518054
leaderB-579ff0e7-77e4-4b16-9220-59c2c36ecc12,2026-02-09T11:08:30,12.363431,-1.518117
securityB-12f2e631-90a7-4ce7-87f7-c377db45e99c,2026-02-09T11:08:30,12.363431,-1.518117
leaderB-579ff0e7-77e4-4b16-9220-59c2c36ecc12,2026-02-09T11:09:00,12.363763,-1.51818
securityB-12f2e631-90a7-4ce7-87f7-c377db45e99c,2026-02-09T11:09:00,12.363763,-1.51818
leaderB-579ff0e7-77e4-4b16-9220-59c2c36ecc12,2026-02-09T11:09:30,12.364095,-1.518242
securityB-12f2e631-90a7-4ce7-87f7-c377db45e99c,2026-02-09T11:09:30,12.364095,-1.518242
securityB-12f2e631-90a7-4ce7-87f7-c377db45e99c,2026-02-09T11:10:00,12.364427,-1.518301
leaderB-579ff0e7-77e4-4b16-9220-59c2c36ecc12,2026-02-09T11:10:00,12.364427,-1.518301
leaderB-579ff0e7-77e4-4b16-9220-59c2c36ecc12,2026-02-09T11:10:30,12.364759,-1.518362
securityB-12f2e631-90a7-4ce7-87f7-c377db45e99c,2026-02-09T11:10:30,12.364759,-1.518362
leaderB-579ff0e7-77e4-4b16-9220-59c2c36ecc12,2026-02-09T11:11:00,12.364973,-1.518506
securityB-12f2e631-90a7-4ce7-87f7-c377db45e99c,2026-02-09T11:11:00,12.364973,-1.518506
leaderB-579ff0e7-77e4-4b16-9220-59c2c36ecc12,2026-02-09T11:11:30,12.364908,-1.518845
securityB-12f2e631-90a7-4ce7-87f7-c377db45e99c,2026-02-09T11:11:30,12.364908,-1.518845
leaderB-579ff0e7-77e4-4b16-9220-59c2c36ecc12,2026-02-09T11:12:00,12.364842,-1.519183
securityB-12f2e631-90a7-4ce7-87f7-c377db45e99c,2026-02-09T11:12:00,12.364842,-1.519183
leaderB-579ff0e7-77e4-4b16-9220-59c2c36ecc12,2026-02-09T11:12:30,12.364774,-1.519521
securityB-12f2e631-90a7-4ce7-87f7-c377db45e99c,2026-02-09T11:12:30,12.364774,-1.519521
securityB-12f2e631-90a7-4ce7-87f7-c377db45e99c,2026-02-09T11:13:00,12.364713,-1.519861
leaderB-579ff0e7-77e4-4b16-9220-59c2c36ecc12,2026-02-09T11:13:00,12.364713,-1.519861
leaderB-579ff0e7-77e4-4b16-9220-59c2c36ecc12,2026-02-09T11:13:30,12.36465,-1.5202
securityB-12f2e631-90a7-4ce7-87f7-c377db45e99c,2026-02-09T11:13:30,12.36465,-1.5202
leaderB-579ff0e7-77e4-4b16-9220-59c2c36ecc12,2026-02-09T11:14:00,12.364587,-1.520539
securityB-12f2e631-90a7-4ce7-87f7-c377db45e99c,2026-02-09T11:14:00,12.364587,-1.520539
leaderB-579ff0e7-77e4-4b16-9220-59c2c36ecc12,2026-02-09T11:14:30,12.364526,-1.520879
securityB-12f2e631-90a7-4ce7-87f7-c377db45e99c,2026-02-09T11:14:30,12.364526,-1.520879
leaderB-579ff0e7-77e4-4b16-9220-59c2c36ecc12,2026-02-09T14:00:00,12.358989,-1.520895
leaderA-dc3bb5ee-282c-411f-96da-eebb88b52ea0,2026-02-09T14:00:00,12.363601,-1.515311
securityA-43c3c6c2-08da-4277-b10b-2565d4ab391b,2026-02-09T14:00:00,12.363601,-1.515311
securityB-12f2e631-90a7-4ce7-87f7-c377db45e99c,2026-02-09T14:00:00,12.358989,-1.520895
courierA-5459d08e-e00c-4174-9a21-c4b90ef20a87,2026-02-09T14:00:00,12.359413,-1.51634
leaderA-dc3bb5ee-282c-411f-96da-eebb88b52ea0,2026-02-09T14:00:30,12.363477,-1.515566
courierA-5459d08e-e00c-4174-9a21-c4b90ef20a87,2026-02-09T14:00:30,12.359346,-1.516678
securityA-43c3c6c2-08da-4277-b10b-2565d4ab391b,2026-02-09T14:00:30,12.363477,-1.515566
securityA-43c3c6c2-08da-4277-b10b-2565d4ab391b,2026-02-09T14:01:00,12.363149,-1.515489
leaderA-dc3bb5ee-282c-411f-96da-eebb88b52ea0,2026-02-09T14:01:00,12.363149,-1.515489
courierA-5459d08e-e00c-4174-9a21-c4b90ef20a87,2026-02-09T14:01:00,12.359286,-1.517018
leaderA-dc3bb5ee-282c-411f-96da-eebb88b52ea0,2026-02-09T14:01:30,12.36282,-1.515412
securityA-43c3c6c2-08da-4277-b10b-2565d4ab391b,2026-02-09T14:01:30,12.36282,-1.515412
courierA-5459d08e-e00c-4174-9a21-c4b90ef20a87,2026-02-09T14:01:30,12.359261,-1.517335
securityA-43c3c6c2-08da-4277-b10b-2565d4ab391b,2026-02-09T14:02:00,12.362491,-1.515335
leaderA-dc3bb5ee-282c-411f-96da-eebb88b52ea0,2026-02-09T14:02:00,12.362491,-1.515335
courierA-5459d08e-e00c-4174-9a21-c4b90ef20a87,2026-02-09T14:02:00,12.359592,-1.517397
leaderA-dc3bb5ee-282c-411f-96da-eebb88b52ea0,2026-02-09T14:02:30,12.362163,-1.515258
courierA-5459d08e-e00c-4174-9a21-c4b90ef20a87,2026-02-09T14:02:30,12.359924,-1.517459
securityA-43c3c6c2-08da-4277-b10b-2565d4ab391b,2026-02-09T14:02:30,12.362163,-1.515258
securityB-12f2e631-90a7-4ce7-87f7-c377db45e99c,2026-02-09T14:03:00,12.359008,-1.520904
leaderA-dc3bb5ee-282c-411f-96da-eebb88b52ea0,2026-02-09T14:03:00,12.361834,-1.515181
securityA-43c3c6c2-08da-4277-b10b-2565d4ab391b,2026-02-09T14:03:00,12.361834,-1.515181
courierA-5459d08e-e00c-4174-9a21-c4b90ef20a87,2026-02-09T14:03:00,12.360256,-1.517521
leaderB-579ff0e7-77e4-4b16-9220-59c2c36ecc12,2026-02-09T14:03:00,12.359008,-1.520904
leaderA-dc3bb5ee-282c-411f-96da-eebb88b52ea0,2026-02-09T14:03:30,12.361519,-1.515097
securityA-43c3c6c2-08da-4277-b10b-2565d4ab391b,2026-02-09T14:03:30,12.361519,-1.515097
courierA-5459d08e-e00c-4174-9a21-c4b90ef20a87,2026-02-09T14:03:30,12.360588,-1.517583
securityA-43c3c6c2-08da-4277-b10b-2565d4ab391b,2026-02-09T14:04:00,12.361532,-1.514788
leaderA-dc3bb5ee-282c-411f-96da-eebb88b52ea0,2026-02-09T14:04:00,12.361532,-1.514788
courierA-5459d08e-e00c-4174-9a21-c4b90ef20a87,2026-02-09T14:04:00,12.360919,-1.517645
securityA-43c3c6c2-08da-4277-b10b-2565d4ab391b,2026-02-09T14:04:30,12.361695,-1.514531
leaderA-dc3bb5ee-282c-411f-96da-eebb88b52ea0,2026-02-09T14:04:30,12.361695,-1.514531
courierA-5459d08e-e00c-4174-9a21-c4b90ef20a87,2026-02-09T14:04:30,12.361251,-1.517707
courierA-5459d08e-e00c-4174-9a21-c4b90ef20a87,2026-02-09T14:05:00,12.361583,-1.517769
courierA-5459d08e-e00c-4174-9a21-c4b90ef20a87,2026-02-09T14:05:30,12.361915,-1.51783
leaderB-579ff0e7-77e4-4b16-9220-59c2c36ecc12,2026-02-09T14:06:00,12.358996,-1.520898
courierA-5459d08e-e00c-4174-9a21-c4b90ef20a87,2026-02-09T14:06:00,12.362247,-1.517892
securityB-12f2e631-90a7-4ce7-87f7-c377db45e99c,2026-02-09T14:06:00,12.358996,-1.520898
courierA-5459d08e-e00c-4174-9a21-c4b90ef20a87,2026-02-09T14:06:30,12.362578,-1.517955
courierA-5459d08e-e00c-4174-9a21-c4b90ef20a87,2026-02-09T14:07:00,12.36291,-1.518018
courierA-5459d08e-e00c-4174-9a21-c4b90ef20a87,2026-02-09T14:07:30,12.363093,-1.51786
courierA-5459d08e-e00c-4174-9a21-c4b90ef20a87,2026-02-09T14:08:00,12.363154,-1.517521
courierA-5459d08e-e00c-4174-9a21-c4b90ef20a87,2026-02-09T14:08:30,12.363213,-1.517181
securityB-12f2e631-90a7-4ce7-87f7-c377db45e99c,2026-02-09T14:09:00,12.358996,-1.520901
courierA-5459d08e-e00c-4174-9a21-c4b90ef20a87,2026-02-09T14:09:00,12.363281,-1.516843
leaderB-579ff0e7-77e4-4b16-9220-59c2c36ecc12,2026-02-09T14:09:00,12.358996,-1.520901
courierA-5459d08e-e00c-4174-9a21-c4b90ef20a87,2026-02-09T14:09:30,12.363349,-1.516504
courierA-5459d08e-e00c-4174-9a21-c4b90ef20a87,2026-02-09T14:10:00,12.363412,-1.516165
courierA-5459d08e-e00c-4174-9a21-c4b90ef20a87,2026-02-09T14:10:30,12.363487,-1.515829
courierA-5459d08e-e00c-4174-9a21-c4b90ef20a87,2026-02-09T14:11:00,12.363562,-1.515492
securityB-12f2e631-90a7-4ce7-87f7-c377db45e99c,2026-02-09T14:12:00,12.359019,-1.520902
leaderB-579ff0e7-77e4-4b16-9220-59c2c36ecc12,2026-02-09T14:12:00,12.359019,-1.520902
securityB-12f2e631-90a7-4ce7-87f7-c377db45e99c,2026-02-09T14:15:00,12.358997,-1.520906
leaderB-579ff0e7-77e4-4b16-9220-59c2c36ecc12,2026-02-09T14:15:00,12.358997,-1.520906
facA-1420f464-9589-439d-bdab-a216790c256e,2026-02-09T14:30:00,12.364002,-1.515406
facA-1420f464-9589-439d-bdab-a216790c256e,2026-02-09T14:33:00,12.364004,-1.5154
facA-1420f464-9589-439d-bdab-a216790c256e,2026-02-09T14:36:00,12.363994,-1.515396
facA-1420f464-9589-439d-bdab-a216790c256e,2026-02-09T14:39:00,12.364016,-1.515402
civ-db7ec5a7-2ad4-4824-a934-0e0713d082c9,2026-02-09T15:00:00,12.36293,-1.522399
civ-e715a874-6431-4652-8e00-427ab7b49f53,2026-02-09T15:00:00,12.363044,-1.522276
civ-8ad79501-ca58-48ec-a67e-6cbbc8a38229,2026-02-09T15:00:00,12.36284,-1.522462
civ-15e28019-4a6c-4832-908b-142246f6a546,2026-02-09T15:00:00,12.362906,-1.522558
civ-670fab35-6987-49e2-88af-3860a561aabb,2026-02-09T15:00:00,12.363025,-1.52243
civ-4a341a65-c41a-4e80-99f9-7926d5fff198,2026-02-09T15:00:00,12.362857,-1.522398
civ-2a5d62ad-9d3e-42e8-bdca-816e8a722933,2026-02-09T15:00:00,12.362976,-1.522572
civ-eb376a10-c84e-44df-8131-601d874d7166,2026-02-09T15:00:00,12.362872,-1.522482
civ-0cb0f0de-594d-4120-b935-03e72a69ce16,2026-02-09T15:00:00,12.362947,-1.522608
civ-29abea8a-5ee8-4dff-abf2-772880be01dc,2026-02-09T15:00:00,12.362944,-1.522513
civ-9145a13e-6132-4360-9a9e-f8dd1ab47bd2,2026-02-09T15:00:00,12.363867,-1.515467
civ-c270a4d0-00f2-46fc-8d45-51f29c6880f6,2026-02-09T15:00:00,12.362877,-1.522371
civ-2505cf74-2601-465d-929b-2c76243358d2,2026-02-09T15:00:00,12.364064,-1.515325
civ-3149dee6-c7ec-427e-aca1-c7017e3efa13,2026-02-09T15:00:00,12.363983,-1.515467
civ-6cf45834-6cdc-49ea-b068-4b1ac13923d0,2026-02-09T15:00:00,12.364002,-1.515455
civ-664035d8-b2ad-4186-b07f-d495ea0c8855,2026-02-09T15:00:00,12.362956,-1.522518
civ-8c34d58d-9b44-47c2-b18f-709028019a1a,2026-02-09T15:00:00,12.364025,-1.515404
civ-43e39c0f-15d6-43c6-8da2-fc86519d1bf0,2026-02-09T15:00:00,12.363931,-1.515469
civ-cb619e1e-59a1-4067-a053-9676f822d796,2026-02-09T15:00:00,12.36397,-1.515381
civ-d3d0168d-354c-4225-8dc6-eb2dd76d7735,2026-02-09T15:00:00,12.363974,-1.515495
civ-6ec2e6be-abde-4ad2-bf13-e65c87666ce2,2026-02-09T15:00:00,12.36408,-1.515296
civ-2a3cb4e7-8dc4-4c9c-9578-31430b9ba712,2026-02-09T15:00:00,12.364012,-1.515364
civ-bcb861e9-e9ea-4616-b4ee-cc493b8266b8,2026-02-09T15:00:00,12.362938,-1.522436
civ-9bd42475-2565-406f-80f0-b445b97e9ff1,2026-02-09T15:00:00,12.363989,-1.515439
civ-b045466a-e209-45a2-a28f-d340cb40efee,2026-02-09T15:00:00,12.363961,-1.515523
civ-c8d804b7-6007-444a-b77a-a28c7fb75740,2026-02-09T15:00:00,12.363955,-1.51529
civ-a55fdd2c-2a97-4f41-a406-fbcc451e8ebd,2026-02-09T15:00:00,12.36389,-1.51532
civ-fac2bc31-4f43-4201-a4f6-80ec3cd45835,2026-02-09T15:00:00,12.363926,-1.515497
civ-b70b22e4-1740-4f6d-853c-35b3e55334b9,2026-02-09T15:00:00,12.363934,-1.515472
securityA-43c3c6c2-08da-4277-b10b-2565d4ab391b,2026-02-09T15:00:00,12.362498,-1.513085
civ-fe982023-8876-434a-8a0d-3f02e879860b,2026-02-09T15:00:00,12.36286,-1.522579
civ-7d22b9a0-489c-4559-bd0c-202ab5b0840a,2026-02-09T15:00:00,12.36296,-1.522544
civ-1c002ec9-d7cc-41d1-958e-59ee22ba19df,2026-02-09T15:00:00,12.362948,-1.52247
civ-3815f88f-2f5e-4019-8d89-2d1afb315d27,2026-02-09T15:00:00,12.362917,-1.522464
civ-b0af21de-9c72-4220-8df0-6da1d906a510,2026-02-09T15:00:00,12.36392,-1.515311
civ-a1fda53a-c8a2-4fbc-ba6b-2763227547a1,2026-02-09T15:00:00,12.362867,-1.522467
civ-67334246-60e8-4b9b-a976-5ef80b865a76,2026-02-09T15:00:00,12.363994,-1.515504
civ-2d4793b9-61fd-4825-a285-4590611b55dd,2026-02-09T15:00:00,12.362776,-1.522549
civ-c62a9c4a-d1f6-42ed-8730-b69d0616ea69,2026-02-09T15:00:00,12.362986,-1.522571
civ-04bf7c5d-8bf8-4428-8bea-db29cf0a7855,2026-02-09T15:00:00,12.364015,-1.515395
civ-7fd2a668-9663-4794-bc34-ccae38a5e980,2026-02-09T15:00:00,12.363892,-1.515447
leaderA-dc3bb5ee-282c-411f-96da-eebb88b52ea0,2026-02-09T15:00:00,12.362498,-1.513085
courierA-5459d08e-e00c-4174-9a21-c4b90ef20a87,2026-02-09T15:00:00,12.363998,-1.515403
courierA-5459d08e-e00c-4174-9a21-c4b90ef20a87,2026-02-09T15:03:00,12.363998,-1.515388
courierA-5459d08e-e00c-4174-9a21-c4b90ef20a87,2026-02-09T15:06:00,12.36398,-1.515386
leaderA-dc3bb5ee-282c-411f-96da-eebb88b52ea0,2026-02-09T15:10:00,12.3625,-1.513098
securityA-43c3c6c2-08da-4277-b10b-2565d4ab391b,2026-02-09T15:10:00,12.3625,-1.513098
leaderA-dc3bb5ee-282c-411f-96da-eebb88b52ea0,2026-02-09T15:20:00,12.362489,-1.513106
securityA-43c3c6c2-08da-4277-b10b-2565d4ab391b,2026-02-09T15:20:00,12.362489,-1.513106
securityA-43c3c6c2-08da-4277-b10b-2565d4ab391b,2026-02-09T15:30:00,12.362497,-1.513103
leaderA-dc3bb5ee-282c-411f-96da-eebb88b52ea0,2026-02-09T15:30:00,12.362497,-1.513103
leaderA-dc3bb5ee-282c-411f-96da-eebb88b52ea0,2026-02-09T15:40:00,12.362512,-1.513095
securityA-43c3c6c2-08da-4277-b10b-2565d4ab391b,2026-02-09T15:40:00,12.362512,-1.513095
securityA-43c3c6c2-08da-4277-b10b-2565d4ab391b,2026-02-09T15:50:00,12.36249,-1.513098
leaderA-dc3bb5ee-282c-411f-96da-eebb88b52ea0,2026-02-09T15:50:00,12.36249,-1.513098
securityA-43c3c6c2-08da-4277-b10b-2565d4ab391b,2026-02-09T17:00:00,12.361831,-1.514451
leaderA-dc3bb5ee-282c-411f-96da-eebb88b52ea0,2026-02-09T17:00:00,12.361831,-1.514451
securityA-43c3c6c2-08da-4277-b10b-2565d4ab391b,2026-02-09T17:00:30,12.361806,-1.514771
leaderA-dc3bb5ee-282c-411f-96da-eebb88b52ea0,2026-02-09T17:00:30,12.361806,-1.514771
securityA-43c3c6c2-08da-4277-b10b-2565d4ab391b,2026-02-09T17:01:00,12.361843,-1.515081
leaderA-dc3bb5ee-282c-411f-96da-eebb88b52ea0,2026-02-09T17:01:00,12.361843,-1.515081
leaderA-dc3bb5ee-282c-411f-96da-eebb88b52ea0,2026-02-09T17:01:30,12.361661,-1.515329
securityA-43c3c6c2-08da-4277-b10b-2565d4ab391b,2026-02-09T17:01:30,12.361661,-1.515329
leaderA-dc3bb5ee-282c-411f-96da-eebb88b52ea0,2026-02-09T17:02:00,12.36159,-1.515666
securityA-43c3c6c2-08da-4277-b10b-2565d4ab391b,2026-02-09T17:02:00,12.36159,-1.515666
securityA-43c3c6c2-08da-4277-b10b-2565d4ab391b,2026-02-09T17:02:30,12.361521,-1.516004
leaderA-dc3bb5ee-282c-411f-96da-eebb88b52ea0,2026-02-09T17:02:30,12.361521,-1.516004
securityA-43c3c6c2-08da-4277-b10b-2565d4ab391b,2026-02-09T17:03:00,12.361373,-1.516212
leaderA-dc3bb5ee-282c-411f-96da-eebb88b52ea0,2026-02-09T17:03:00,12.361373,-1.516212
securityA-43c3c6c2-08da-4277-b10b-2565d4ab391b,2026-02-09T17:03:30,12.361043,-1.51614
leaderA-dc3bb5ee-282c-411f-96da-eebb88b52ea0,2026-02-09T17:03:30,12.361043,-1.51614
leaderA-dc3bb5ee-282c-411f-96da-eebb88b52ea0,2026-02-09T17:04:00,12.360713,-1.516069
securityA-43c3c6c2-08da-4277-b10b-2565d4ab391b,2026-02-09T17:04:00,12.360713,-1.516069
securityA-43c3c6c2-08da-4277-b10b-2565d4ab391b,2026-02-09T17:04:30,12.360383,-1.515998
leaderA-dc3bb5ee-282c-411f-96da-eebb88b52ea0,2026-02-09T17:04:30,12.360383,-1.515998
leaderA-dc3bb5ee-282c-411f-96da-eebb88b52ea0,2026-02-09T17:05:00,12.360053,-1.515927
securityA-43c3c6c2-08da-4277-b10b-2565d4ab391b,2026-02-09T17:05:00,12.360053,-1.515927
leaderA-dc3bb5ee-282c-411f-96da-eebb88b52ea0,2026-02-09T17:05:30,12.359723,-1.515855
securityA-43c3c6c2-08da-4277-b10b-2565d4ab391b,2026-02-09T17:05:30,12.359723,-1.515855
leaderA-dc3bb5ee-282c-411f-96da-eebb88b52ea0,2026-02-09T17:06:00,12.359495,-1.515944
securityA-43c3c6c2-08da-4277-b10b-2565d4ab391b,2026-02-09T17:06:00,12.359495,-1.515944
leaderA-dc3bb5ee-282c-411f-96da-eebb88b52ea0,2026-02-09T17:06:30,12.359425,-1.516282
securityA-43c3c6c2-08da-4277-b10b-2565d4ab391b,2026-02-09T17:06:30,12.359425,-1.516282
securityA-43c3c6c2-08da-4277-b10b-2565d4ab391b,2026-02-09T18:00:00,12.359704,-1.51639
leaderA-dc3bb5ee-282c-411f-96da-eebb88b52ea0,2026-02-09T18:00:00,12.359704,-1.51639
leaderA-dc3bb5ee-282c-411f-96da-eebb88b52ea0,2026-02-09T18:20:00,12.359714,-1.516409
securityA-43c3c6c2-08da-4277-b10b-2565d4ab391b,2026-02-09T18:20:00,12.359714,-1.516409
securityA-43c3c6c2-08da-4277-b10b-2565d4ab391b,2026-02-09T18:40:00,12.359693,-1.516411
leaderA-dc3bb5ee-282c-411f-96da-eebb88b52ea0,2026-02-09T18:40:00,12.359693,-1.516411
securityA-43c3c6c2-08da-4277-b10b-2565d4ab391b,2026-02-09T19:00:00,12.359698,-1.516396
leaderA-dc3bb5ee-282c-411f-96da-eebb88b52ea0,2026-02-09T19:00:00,12.359698,-1.516396
securityA-43c3c6c2-08da-4277-b10b-2565d4ab391b,2026-02-09T19:20:00,12.359709,-1.516401
leaderA-dc3bb5ee-282c-411f-96da-eebb88b52ea0,2026-02-09T19:20:00,12.359709,-1.516401
leaderA-dc3bb5ee-282c-411f-96da-eebb88b52ea0,2026-02-09T19:40:00,12.359697,-1.516399
securityA-43c3c6c2-08da-4277-b10b-2565d4ab391b,2026-02-09T19:40:00,12.359697,-1.516399
logB-c23e4c99-d72b-4789-9397-006a7d765d4c,2026-02-10T05:00:00,12.364466,-1.521212
logB-c23e4c99-d72b-4789-9397-006a7d765d4c,2026-02-10T05:00:30,12.364527,-1.520872
logB-c23e4c99-d72b-4789-9397-006a7d765d4c,2026-02-10T05:01:00,12.364588,-1.520533
logB-c23e4c99-d72b-4789-9397-006a7d765d4c,2026-02-10T05:01:30,12.364651,-1.520194
logB-c23e4c99-d72b-4789-9397-006a7d765d4c,2026-02-10T05:02:00,12.364714,-1.519855
logB-c23e4c99-d72b-4789-9397-006a7d765d4c,2026-02-10T05:02:30,12.364775,-1.519515
logB-c23e4c99-d72b-4789-9397-006a7d765d4c,2026-02-10T05:03:00,12.364843,-1.519177
logB-c23e4c99-d72b-4789-9397-006a7d765d4c,2026-02-10T05:03:30,12.36491,-1.518838
logB-c23e4c99-d72b-4789-9397-006a7d765d4c,2026-02-10T05:04:00,12.364974,-1.518499
logB-c23e4c99-d72b-4789-9397-006a7d765d4c,2026-02-10T05:04:30,12.364673,-1.518418
logB-c23e4c99-d72b-4789-9397-006a7d765d4c,2026-02-10T05:05:00,12.364341,-1.518355
logB-c23e4c99-d72b-4789-9397-006a7d765d4c,2026-02-10T05:05:30,12.364009,-1.518294
logB-c23e4c99-d72b-4789-9397-006a7d765d4c,2026-02-10T05:06:00,12.363677,-1.518233
logB-c23e4c99-d72b-4789-9397-006a7d765d4c,2026-02-10T05:06:30,12.363345,-1.518172
logB-c23e4c99-d72b-4789-9397-006a7d765d4c,2026-02-10T05:07:00,12.363013,-1.518111
logB-c23e4c99-d72b-4789-9397-006a7d765d4c,2026-02-10T05:07:30,12.362682,-1.518049
logB-c23e4c99-d72b-4789-9397-006a7d765d4c,2026-02-10T05:08:00,12.36235,-1.517985
logB-c23e4c99-d72b-4789-9397-006a7d765d4c,2026-02-10T05:08:30,12.362019,-1.517922
logB-c23e4c99-d72b-4789-9397-006a7d765d4c,2026-02-10T05:09:00,12.361686,-1.517864
logB-c23e4c99-d72b-4789-9397-006a7d765d4c,2026-02-10T05:09:30,12.361354,-1.517805
logB-c23e4c99-d72b-4789-9397-006a7d765d4c,2026-02-10T05:10:00,12.361134,-1.517667
logB-c23e4c99-d72b-4789-9397-006a7d765d4c,2026-02-10T05:10:30,12.361198,-1.517328
logB-c23e4c99-d72b-4789-9397-006a7d765d4c,2026-02-10T05:11:00,12.361263,-1.516989
logB-c23e4c99-d72b-4789-9397-006a7d765d4c,2026-02-10T05:11:30,12.361331,-1.516651
logB-c23e4c99-d72b-4789-9397-006a7d765d4c,2026-02-10T05:12:00,12.361398,-1.516312
logB-c23e4c99-d72b-4789-9397-006a7d765d4c,2026-02-10T05:12:30,12.361403,-1.515982
logB-c23e4c99-d72b-4789-9397-006a7d765d4c,2026-02-10T05:13:00,12.36147,-1.515644
logB-c23e4c99-d72b-4789-9397-006a7d765d4c,2026-02-10T05:13:30,12.361536,-1.515305
logB-c23e4c99-d72b-4789-9397-006a7d765d4c,2026-02-10T05:14:00,12.36147,-1.515001
logB-c23e4c99-d72b-4789-9397-006a7d765d4c,2026-02-10T05:14:30,12.361625,-1.514735
logB-c23e4c99-d72b-4789-9397-006a7d765d4c,2026-02-10T05:15:00,12.361721,-1.51443
securityA-43c3c6c2-08da-4277-b10b-2565d4ab391b,2026-02-10T05:30:00,12.359694,-1.516398
leaderA-dc3bb5ee-282c-411f-96da-eebb88b52ea0,2026-02-10T05:30:00,12.359694,-1.516398
leaderA-dc3bb5ee-282c-411f-96da-eebb88b52ea0,2026-02-10T05:33:00,12.359695,-1.516402
securityA-43c3c6c2-08da-4277-b10b-2565d4ab391b,2026-02-10T05:33:00,12.359695,-1.516402
leaderA-dc3bb5ee-282c-411f-96da-eebb88b52ea0,2026-02-10T05:36:00,12.359715,-1.516388
securityA-43c3c6c2-08da-4277-b10b-2565d4ab391b,2026-02-10T05:36:00,12.359715,-1.516388
leaderA-dc3bb5ee-282c-411f-96da-eebb88b52ea0,2026-02-10T05:39:00,12.359688,-1.516393
securityA-43c3c6c2-08da-4277-b10b-2565d4ab391b,2026-02-10T05:39:00,12.359688,-1.516393
leaderA-dc3bb5ee-282c-411f-96da-eebb88b52ea0,2026-02-10T05:42:00,12.359707,-1.51641
securityA-43c3c6c2-08da-4277-b10b-2565d4ab391b,2026-02-10T05:42:00,12.359707,-1.51641
courierA-5459d08e-e00c-4174-9a21-c4b90ef20a87,2026-02-10T06:00:00,12.359413,-1.51634
courierA-5459d08e-e00c-4174-9a21-c4b90ef20a87,2026-02-10T06:00:30,12.359483,-1.516002
courierA-5459d08e-e00c-4174-9a21-c4b90ef20a87,2026-02-10T06:01:00,12.359666,-1.515843
courierA-5459d08e-e00c-4174-9a21-c4b90ef20a87,2026-02-10T06:01:30,12.359996,-1.515914
courierA-5459d08e-e00c-4174-9a21-c4b90ef20a87,2026-02-10T06:02:00,12.360326,-1.515986
courierA-5459d08e-e00c-4174-9a21-c4b90ef20a87,2026-02-10T06:02:30,12.360656,-1.516057
courierA-5459d08e-e00c-4174-9a21-c4b90ef20a87,2026-02-10T06:03:00,12.360986,-1.516128
courierA-5459d08e-e00c-4174-9a21-c4b90ef20a87,2026-02-10T06:03:30,12.361316,-1.516199
courierA-5459d08e-e00c-4174-9a21-c4b90ef20a87,2026-02-10T06:04:00,12.361417,-1.515912
courierA-5459d08e-e00c-4174-9a21-c4b90ef20a87,2026-02-10T06:04:30,12.361484,-1.515573
courierA-5459d08e-e00c-4174-9a21-c4b90ef20a87,2026-02-10T06:05:00,12.361549,-1.515235
courierA-5459d08e-e00c-4174-9a21-c4b90ef20a87,2026-02-10T06:05:30,12.361465,-1.51493
courierA-5459d08e-e00c-4174-9a21-c4b90ef20a87,2026-02-10T06:06:00,12.361664,-1.514691
courierA-5459d08e-e00c-4174-9a21-c4b90ef20a87,2026-02-10T06:06:30,12.36179,-1.514443
facA-1420f464-9589-439d-bdab-a216790c256e,2026-02-10T06:30:00,12.362903,-1.522502
facA-1420f464-9589-439d-bdab-a216790c256e,2026-02-10T06:33:00,12.362893,-1.522506
facA-1420f464-9589-439d-bdab-a216790c256e,2026-02-10T06:36:00,12.362892,-1.522507
facA-1420f464-9589-439d-bdab-a216790c256e,2026-02-10T06:39:00,12.362899,-1.522506
civ-51e7474f-285f-430b-8880-408f8e9ed522,2026-02-10T07:00:00,12.363997,-1.515396
civ-dc43918e-637c-42b8-917e-32c922f40065,2026-02-10T07:00:00,12.364061,-1.515562
civ-a80fa891-8b99-4790-9cc2-276e9c597c5a,2026-02-10T07:00:00,12.363956,-1.515385
civ-8a0e39c4-ce40-418b-9f04-24ec09da415d,2026-02-10T07:00:00,12.362966,-1.522465
civ-456dac92-9f6f-432a-adff-d5c8517ff464,2026-02-10T07:00:00,12.363865,-1.515355
civ-f3f5259f-45df-43ed-af35-7a47c982cbfc,2026-02-10T07:00:00,12.363954,-1.515486
civ-e51c7810-e99b-4469-9487-206422d3ee5c,2026-02-10T07:00:00,12.363955,-1.515413
civ-7c8f7b6a-fb3e-4980-9c57-52ed6b12e96b,2026-02-10T07:00:00,12.363956,-1.515559
civ-62b5cd05-27b3-4561-8ffc-183e29b686d8,2026-02-10T07:00:00,12.364065,-1.515308
civ-e5929090-641d-4dbe-b9c8-64db3ffeff7e,2026-02-10T07:00:00,12.364047,-1.515482
civ-390b8a4d-7b2c-418c-bc36-c1e8fa5a35bb,2026-02-10T07:00:00,12.363985,-1.5154
civ-827a0340-4cb0-4bf5-b00e-bc5d549be17f,2026-02-10T07:00:00,12.364043,-1.515352
civ-c034bf9d-2062-4c85-a863-9b38d1b52cb0,2026-02-10T07:00:00,12.363947,-1.515394
courierA-5459d08e-e00c-4174-9a21-c4b90ef20a87,2026-02-10T07:00:00,12.362502,-1.513103
civ-27663013-da23-4460-a6ea-6f4d88ad0b9a,2026-02-10T07:00:00,12.364089,-1.515433
civ-763f1574-1249-4b26-9039-329cab4b9844,2026-02-10T07:00:00,12.362926,-1.522523
civ-37681ea4-ddf6-4294-9ae2-103d787e99c5,2026-02-10T07:00:00,12.364086,-1.515435
civ-649df030-0b7c-4994-af46-d727c321e183,2026-02-10T07:00:00,12.36287,-1.522521
civ-054a59b0-b096-4210-88a6-1f21becb2288,2026-02-10T07:00:00,12.363048,-1.522581
civ-652ee8eb-c413-4c2e-8728-f3087fb50c29,2026-02-10T07:00:00,12.36293,-1.522456
civ-2e0fce01-bacc-4995-ac96-5967379d3145,2026-02-10T07:00:00,12.362941,-1.52243
civ-dc7a47a8-ae96-4123-b9e6-30e9dd813a32,2026-02-10T07:00:00,12.362876,-1.522544
civ-75ac2df9-4623-4997-92d0-a30727c1b641,2026-02-10T07:00:00,12.362822,-1.522559
civ-d3022f18-c772-4cfd-886a-2705803ec16d,2026-02-10T07:00:00,12.363112,-1.52241
civ-e12790ab-f657-4e58-9af9-356116139bf0,2026-02-10T07:00:00,12.362803,-1.522595
civ-73191a35-40a0-484e-a832-3632b47a5cf8,2026-02-10T07:00:00,12.36297,-1.522434
civ-70034e48-9747-40d7-850d-8133364e3665,2026-02-10T07:00:00,12.36294,-1.522566
civ-8a2722fe-40c0-401e-854a-fed1542637de,2026-02-10T07:00:00,12.36281,-1.522496
civ-d57e933d-939a-4bdc-b3c8-3d163cba1fae,2026-02-10T07:00:00,12.364027,-1.515372
civ-128e6b76-638d-446a-a113-e6bf0df729b7,2026-02-10T07:00:00,12.364033,-1.515295
civ-c9e7fc43-ae96-46ac-9e2b-e153d47546ac,2026-02-10T07:00:00,12.364079,-1.515445
civ-485cb225-2b9c-46db-ac3f-9646c844959f,2026-02-10T07:00:00,12.362913,-1.522285
civ-fe13da0d-e3cd-4843-afb2-2401b048786a,2026-02-10T07:00:00,12.362883,-1.522561
civ-cd5998ec-0fa5-469c-a40a-98caeb84c7f7,2026-02-10T07:00:00,12.363996,-1.515312
civ-72d8f93a-ef90-4189-9211-cca91237c660,2026-02-10T07:00:00,12.362891,-1.522476
civ-e73c443b-e751-417b-8507-6e1608567a06,2026-02-10T07:00:00,12.36294,-1.522518
civ-cbc1f2d7-6379-4da1-b076-94a7adc61297,2026-02-10T07:00:00,12.362906,-1.52266
civ-04bde1b8-8da4-4efa-9030-9e50595d72f3,2026-02-10T07:00:00,12.363942,-1.515405
civ-4143429c-69a9-48cc-98cd-0d30efb38d44,2026-02-10T07:00:00,12.363905,-1.515415
civ-def8db12-25d6-4b36-8357-977b0feef81f,2026-02-10T07:00:00,12.362935,-1.522461
civ-46d55285-3ec2-4961-9d01-937ed5359a16,2026-02-10T07:00:00,12.362934,-1.522567
courierA-5459d08e-e00c-4174-9a21-c4b90ef20a87,2026-02-10T07:03:00,12.362499,-1.513093
courierA-5459d08e-e00c-4174-9a21-c4b90ef20a87,2026-02-10T07:06:00,12.362496,-1.513114
securityA-43c3c6c2-08da-4277-b10b-2565d4ab391b,2026-02-10T07:55:00,12.359413,-1.51634
leaderA-dc3bb5ee-282c-411f-96da-eebb88b52ea0,2026-02-10T07:55:00,12.359413,-1.51634
securityA-43c3c6c2-08da-4277-b10b-2565d4ab391b,2026-02-10T07:55:30,12.359346,-1.516678
leaderA-dc3bb5ee-282c-411f-96da-eebb88b52ea0,2026-02-10T07:55:30,12.359346,-1.516678
leaderA-dc3bb5ee-282c-411f-96da-eebb88b52ea0,2026-02-10T07:56:00,12.359286,-1.517018
securityA-43c3c6c2-08da-4277-b10b-2565d4ab391b,2026-02-10T07:56:00,12.359286,-1.517018
leaderA-dc3bb5ee-282c-411f-96da-eebb88b52ea0,2026-02-10T07:56:30,12.359261,-1.517335
securityA-43c3c6c2-08da-4277-b10b-2565d4ab391b,2026-02-10T07:56:30,12.359261,-1.517335
leaderA-dc3bb5ee-282c-411f-96da-eebb88b52ea0,2026-02-10T07:57:00,12.359592,-1.517397
securityA-43c3c6c2-08da-4277-b10b-2565d4ab391b,2026-02-10T07:57:00,12.359592,-1.517397
securityA-43c3c6c2-08da-4277-b10b-2565d4ab391b,2026-02-10T07:57:30,12.359924,-1.517459
leaderA-dc3bb5ee-282c-411f-96da-eebb88b52ea0,2026-02-10T07:57:30,12.359924,-1.517459
securityA-43c3c6c2-08da-4277-b10b-2565d4ab391b,2026-02-10T07:58:00,12.360256,-1.517521
leaderA-dc3bb5ee-282c-411f-96da-eebb88b52ea0,2026-02-10T07:58:00,12.360256,-1.517521
securityA-43c3c6c2-08da-4277-b10b-2565d4ab391b,2026-02-10T07:58:30,12.360588,-1.517583
leaderA-dc3bb5ee-282c-411f-96da-eebb88b52ea0,2026-02-10T07:58:30,12.360588,-1.517583
leaderA-dc3bb5ee-282c-411f-96da-eebb88b52ea0,2026-02-10T07:59:00,12.360919,-1.517645
securityA-43c3c6c2-08da-4277-b10b-2565d4ab391b,2026-02-10T07:59:00,12.360919,-1.517645
securityA-43c3c6c2-08da-4277-b10b-2565d4ab391b,2026-02-10T07:59:30,12.361251,-1.517707
leaderA-dc3bb5ee-282c-411f-96da-eebb88b52ea0,2026-02-10T07:59:30,12.361251,-1.517707
logB-c23e4c99-d72b-4789-9397-006a7d765d4c,2026-02-10T08:00:00,12.362518,-1.513107
securityB-12f2e631-90a7-4ce7-87f7-c377db45e99c,2026-02-10T08:00:00,12.364466,-1.521212
leaderB-579ff0e7-77e4-4b16-9220-59c2c36ecc12,2026-02-10T08:00:00,12.364466,-1.521212
leaderA-dc3bb5ee-282c-411f-96da-eebb88b52ea0,2026-02-10T08:00:00,12.361583,-1.517769
securityA-43c3c6c2-08da-4277-b10b-2565d4ab391b,2026-02-10T08:00:00,12.361583,-1.517769
leaderA-dc3bb5ee-282c-411f-96da-eebb88b52ea0,2026-02-10T08:00:30,12.361915,-1.51783
leaderB-579ff0e7-77e4-4b16-9220-59c2c36ecc12,2026-02-10T08:00:30,12.364527,-1.520872
securityA-43c3c6c2-08da-4277-b10b-2565d4ab391b,2026-02-10T08:00:30,12.361915,-1.51783
securityB-12f2e631-90a7-4ce7-87f7-c377db45e99c,2026-02-10T08:00:30,12.364527,-1.520872
leaderB-579ff0e7-77e4-4b16-9220-59c2c36ecc12,2026-02-10T08:01:00,12.364588,-1.520533
securityA-43c3c6c2-08da-4277-b10b-2565d4ab391b,2026-02-10T08:01:00,12.362247,-1.517892
securityB-12f2e631-90a7-4ce7-87f7-c377db45e99c,2026-02-10T08:01:00,12.364588,-1.520533
leaderA-dc3bb5ee-282c-411f-96da-eebb88b52ea0,2026-02-10T08:01:00,12.362247,-1.517892
leaderB-579ff0e7-77e4-4b16-9220-59c2c36ecc12,2026-02-10T08:01:30,12.364651,-1.520194
leaderA-dc3bb5ee-282c-411f-96da-eebb88b52ea0,2026-02-10T08:01:30,12.362578,-1.517955
securityB-12f2e631-90a7-4ce7-87f7-c377db45e99c,2026-02-10T08:01:30,12.364651,-1.520194
securityA-43c3c6c2-08da-4277-b10b-2565d4ab391b,2026-02-10T08:01:30,12.362578,-1.517955
leaderA-dc3bb5ee-282c-411f-96da-eebb88b52ea0,2026-02-10T08:02:00,12.36291,-1.518018
securityB-12f2e631-90a7-4ce7-87f7-c377db45e99c,2026-02-10T08:02:00,12.364714,-1.519855
leaderB-579ff0e7-77e4-4b16-9220-59c2c36ecc12,2026-02-10T08:02:00,12.364714,-1.519855
securityA-43c3c6c2-08da-4277-b10b-2565d4ab391b,2026-02-10T08:02:00,12.36291,-1.518018
securityA-43c3c6c2-08da-4277-b10b-2565d4ab391b,2026-02-10T08:02:30,12.363093,-1.51786
leaderB-579ff0e7-77e4-4b16-9220-59c2c36ecc12,2026-02-10T08:02:30,12.364775,-1.519515
leaderA-dc3bb5ee-282c-411f-96da-eebb88b52ea0,2026-02-10T08:02:30,12.363093,-1.51786
securityB-12f2e631-90a7-4ce7-87f7-c377db45e99c,2026-02-10T08:02:30,12.364775,-1.519515
leaderB-579ff0e7-77e4-4b16-9220-59c2c36ecc12,2026-02-10T08:03:00,12.364843,-1.519177
securityA-43c3c6c2-08da-4277-b10b-2565d4ab391b,2026-02-10T08:03:00,12.363154,-1.517521
leaderA-dc3bb5ee-282c-411f-96da-eebb88b52ea0,2026-02-10T08:03:00,12.363154,-1.517521
securityB-12f2e631-90a7-4ce7-87f7-c377db45e99c,2026-02-10T08:03:00,12.364843,-1.519177
logB-c23e4c99-d72b-4789-9397-006a7d765d4c,2026-02-10T08:03:00,12.362495,-1.513092
securityA-43c3c6c2-08da-4277-b10b-2565d4ab391b,2026-02-10T08:03:30,12.363213,-1.517181
securityB-12f2e631-90a7-4ce7-87f7-c377db45e99c,2026-02-10T08:03:30,12.36491,-1.518838
leaderB-579ff0e7-77e4-4b16-9220-59c2c36ecc12,2026-02-10T08:03:30,12.36491,-1.518838
leaderA-dc3bb5ee-282c-411f-96da-eebb88b52ea0,2026-02-10T08:03:30,12.363213,-1.517181
securityA-43c3c6c2-08da-4277-b10b-2565d4ab391b,2026-02-10T08:04:00,12.363281,-1.516843
leaderB-579ff0e7-77e4-4b16-9220-59c2c36ecc12,2026-02-10T08:04:00,12.364974,-1.518499
securityB-12f2e631-90a7-4ce7-87f7-c377db45e99c,2026-02-10T08:04:00,12.364974,-1.518499
leaderA-dc3bb5ee-282c-411f-96da-eebb88b52ea0,2026-02-10T08:04:00,12.363281,-1.516843
securityB-12f2e631-90a7-4ce7-87f7-c377db45e99c,2026-02-10T08:04:30,12.364673,-1.518418
securityA-43c3c6c2-08da-4277-b10b-2565d4ab391b,2026-02-10T08:04:30,12.363349,-1.516504
leaderB-579ff0e7-77e4-4b16-9220-59c2c36ecc12,2026-02-10T08:04:30,12.364673,-1.518418
leaderA-dc3bb5ee-282c-411f-96da-eebb88b52ea0,2026-02-10T08:04:30,12.363349,-1.516504
leaderB-579ff0e7-77e4-4b16-9220-59c2c36ecc12,2026-02-10T08:05:00,12.364341,-1.518355
leaderA-dc3bb5ee-282c-411f-96da-eebb88b52ea0,2026-02-10T08:05:00,12.363412,-1.516165
securityA-43c3c6c2-08da-4277-b10b-2565d4ab391b,2026-02-10T08:05:00,12.363412,-1.516165
securityB-12f2e631-90a7-4ce7-87f7-c377db45e99c,2026-02-10T08:05:00,12.364341,-1.518355
securityB-12f2e631-90a7-4ce7-87f7-c377db45e99c,2026-02-10T08:05:30,12.364009,-1.518294
leaderB-579ff0e7-77e4-4b16-9220-59c2c36ecc12,2026-02-10T08:05:30,12.364009,-1.518294
securityA-43c3c6c2-08da-4277-b10b-2565d4ab391b,2026-02-10T08:05:30,12.363487,-1.515829
leaderA-dc3bb5ee-282c-411f-96da-eebb88b52ea0,2026-02-10T08:05:30,12.363487,-1.515829
leaderA-dc3bb5ee-282c-411f-96da-eebb88b52ea0,2026-02-10T08:06:00,12.363562,-1.515492
leaderB-579ff0e7-77e4-4b16-9220-59c2c36ecc12,2026-02-10T08:06:00,12.363677,-1.518233
securityB-12f2e631-90a7-4ce7-87f7-c377db45e99c,2026-02-10T08:06:00,12.363677,-1.518233
securityA-43c3c6c2-08da-4277-b10b-2565d4ab391b,2026-02-10T08:06:00,12.363562,-1.515492
logB-c23e4c99-d72b-4789-9397-006a7d765d4c,2026-02-10T08:06:00,12.362497,-1.5131
leaderB-579ff0e7-77e4-4b16-9220-59c2c36ecc12,2026-02-10T08:06:30,12.363345,-1.518172
securityB-12f2e631-90a7-4ce7-87f7-c377db45e99c,2026-02-10T08:06:30,12.363345,-1.518172
leaderB-579ff0e7-77e4-4b16-9220-59c2c36ecc12,2026-02-10T08:07:00,12.363013,-1.518111
securityB-12f2e631-90a7-4ce7-87f7-c377db45e99c,2026-02-10T08:07:00,12.363013,-1.518111
securityB-12f2e631-90a7-4ce7-87f7-c377db45e99c,2026-02-10T08:07:30,12.362682,-1.518049
leaderB-579ff0e7-77e4-4b16-9220-59c2c36ecc12,2026-02-10T08:07:30,12.362682,-1.518049
securityB-12f2e631-90a7-4ce7-87f7-c377db45e99c,2026-02-10T08:08:00,12.36235,-1.517985
leaderB-579ff0e7-77e4-4b16-9220-59c2c36ecc12,2026-02-10T08:08:00,12.36235,-1.517985
leaderB-579ff0e7-77e4-4b16-9220-59c2c36ecc12,2026-02-10T08:08:30,12.362019,-1.517922
securityB-12f2e631-90a7-4ce7-87f7-c377db45e99c,2026-02-10T08:08:30,12.362019,-1.517922
logB-c23e4c99-d72b-4789-9397-006a7d765d4c,2026-02-10T08:09:00,12.3625,-1.513117
securityB-12f2e631-90a7-4ce7-87f7-c377db45e99c,2026-02-10T08:09:00,12.361686,-1.517864
leaderB-579ff0e7-77e4-4b16-9220-59c2c36ecc12,2026-02-10T08:09:00,12.361686,-1.517864
securityB-12f2e631-90a7-4ce7-87f7-c377db45e99c,2026-02-10T08:09:30,12.361354,-1.517805
leaderB-579ff0e7-77e4-4b16-9220-59c2c36ecc12,2026-02-10T08:09:30,12.361354,-1.517805
securityB-12f2e631-90a7-4ce7-87f7-c377db45e99c,2026-02-10T08:10:00,12.361134,-1.517667
leaderB-579ff0e7-77e4-4b16-9220-59c2c36ecc12,2026-02-10T08:10:00,12.361134,-1.517667
securityB-12f2e631-90a7-4ce7-87f7-c377db45e99c,2026-02-10T08:10:30,12.361198,-1.517328
leaderB-579ff0e7-77e4-4b16-9220-59c2c36ecc12,2026-02-10T08:10:30,12.361198,-1.517328
leaderB-579ff0e7-77e4-4b16-9220-59c2c36ecc12,2026-02-10T08:11:00,12.361263,-1.516989
securityB-12f2e631-90a7-4ce7-87f7-c377db45e99c,2026-02-10T08:11:00,12.361263,-1.516989
leaderB-579ff0e7-77e4-4b16-9220-59c2c36ecc12,2026-02-10T08:11:30,12.361331,-1.516651
securityB-12f2e631-90a7-4ce7-87f7-c377db45e99c,2026-02-10T08:11:30,12.361331,-1.516651
leaderB-579ff0e7-77e4-4b16-9220-59c2c36ecc12,2026-02-10T08:12:00,12.361398,-1.516312
logB-c23e4c99-d72b-4789-9397-006a7d765d4c,2026-02-10T08:12:00,12.3625,-1.513106
securityB-12f2e631-90a7-4ce7-87f7-c377db45e99c,2026-02-10T08:12:00,12.361398,-1.516312
leaderB-579ff0e7-77e4-4b16-9220-59c2c36ecc12,2026-02-10T08:12:30,12.361403,-1.515982
securityB-12f2e631-90a7-4ce7-87f7-c377db45e99c,2026-02-10T08:12:30,12.361403,-1.515982
securityB-12f2e631-90a7-4ce7-87f7-c377db45e99c,2026-02-10T08:13:00,12.36147,-1.515644
leaderB-579ff0e7-77e4-4b16-9220-59c2c36ecc12,2026-02-10T08:13:00,12.36147,-1.515644
securityB-12f2e631-90a7-4ce7-87f7-c377db45e99c,2026-02-10T08:13:30,12.361536,-1.515305
leaderB-579ff0e7-77e4-4b16-9220-59c2c36ecc12,2026-02-10T08:13:30,12.361536,-1.515305
leaderB-579ff0e7-77e4-4b16-9220-59c2c36ecc12,2026-02-10T08:14:00,12.36147,-1.515001
securityB-12f2e631-90a7-4ce7-87f7-c377db45e99c,2026-02-10T08:14:00,12.36147,-1.515001
leaderB-579ff0e7-77e4-4b16-9220-59c2c36ecc12,2026-02-10T08:14:30,12.361625,-1.514735
securityB-12f2e631-90a7-4ce7-87f7-c377db45e99c,2026-02-10T08:14:30,12.361625,-1.514735
leaderB-579ff0e7-77e4-4b16-9220-59c2c36ecc12,2026-02-10T08:15:00,12.361721,-1.51443
securityB-12f2e631-90a7-4ce7-87f7-c377db45e99c,2026-02-10T08:15:00,12.361721,-1.51443
leaderB-579ff0e7-77e4-4b16-9220-59c2c36ecc12,2026-02-10T09:00:00,12.362504,-1.513111
securityB-12f2e631-90a7-4ce7-87f7-c377db45e99c,2026-02-10T09:00:00,12.362504,-1.513111
propB-775f6ffc-da47-48c0-82b1-4fe100d5ee88,2026-02-10T09:00:00,12.358996,-1.520887
propB-775f6ffc-da47-48c0-82b1-4fe100d5ee88,2026-02-10T09:03:00,12.358989,-1.520893
securityB-12f2e631-90a7-4ce7-87f7-c377db45e99c,2026-02-10T09:03:00,12.362508,-1.513092
leaderB-579ff0e7-77e4-4b16-9220-59c2c36ecc12,2026-02-10T09:03:00,12.362508,-1.513092
securityB-12f2e631-90a7-4ce7-87f7-c377db45e99c,2026-02-10T09:06:00,12.362493,-1.5131
leaderB-579ff0e7-77e4-4b16-9220-59c2c36ecc12,2026-02-10T09:06:00,12.362493,-1.5131
propB-775f6ffc-da47-48c0-82b1-4fe100d5ee88,2026-02-10T09:06:00,12.358997,-1.520903
leaderB-579ff0e7-77e4-4b16-9220-59c2c36ecc12,2026-02-10T09:09:00,12.362506,-1.513102
securityB-12f2e631-90a7-4ce7-87f7-c377db45e99c,2026-02-10T09:09:00,12.362506,-1.513102
propB-775f6ffc-da47-48c0-82b1-4fe100d5ee88,2026-02-10T09:09:00,12.359007,-1.520897
securityA-43c3c6c2-08da-4277-b10b-2565d4ab391b,2026-02-10T09:30:00,12.364007,-1.515386
leaderA-dc3bb5ee-282c-411f-96da-eebb88b52ea0,2026-02-10T09:30:00,12.364007,-1.515386
securityA-43c3c6c2-08da-4277-b10b-2565d4ab391b,2026-02-10T09:45:00,12.36399,-1.515408
leaderA-dc3bb5ee-282c-411f-96da-eebb88b52ea0,2026-02-10T09:45:00,12.36399,-1.515408
securityA-43c3c6c2-08da-4277-b10b-2565d4ab391b,2026-02-10T10:00:00,12.364009,-1.515398
leaderA-dc3bb5ee-282c-411f-96da-eebb88b52ea0,2026-02-10T10:00:00,12.364009,-1.515398
leaderA-dc3bb5ee-282c-411f-96da-eebb88b52ea0,2026-02-10T10:15:00,12.364005,-1.515397
securityA-43c3c6c2-08da-4277-b10b-2565d4ab391b,2026-02-10T10:15:00,12.364005,-1.515397
leaderA-dc3bb5ee-282c-411f-96da-eebb88b52ea0,2026-02-10T10:30:00,12.364004,-1.515412
securityA-43c3c6c2-08da-4277-b10b-2565d4ab391b,2026-02-10T10:30:00,12.364004,-1.515412
securityA-43c3c6c2-08da-4277-b10b-2565d4ab391b,2026-02-10T10:45:00,12.364009,-1.515389
leaderA-dc3bb5ee-282c-411f-96da-eebb88b52ea0,2026-02-10T10:45:00,12.364009,-1.515389
securityB-12f2e631-90a7-4ce7-87f7-c377db45e99c,2026-02-10T11:00:00,12.361831,-1.514451
leaderB-579ff0e7-77e4-4b16-9220-59c2c36ecc12,2026-02-10T11:00:00,12.361831,-1.514451
securityB-12f2e631-90a7-4ce7-87f7-c377db45e99c,2026-02-10T11:00:30,12.361806,-1.514771
leaderB-579ff0e7-77e4-4b16-9220-59c2c36ecc12,2026-02-10T11:00:30,12.361806,-1.514771
securityB-12f2e631-90a7-4ce7-87f7-c377db45e99c,2026-02-10T11:01:00,12.361843,-1.515081
leaderB-579ff0e7-77e4-4b16-9220-59c2c36ecc12,2026-02-10T11:01:00,12.361843,-1.515081
leaderB-579ff0e7-77e4-4b16-9220-59c2c36ecc12,2026-02-10T11:01:30,12.361661,-1.515329
securityB-12f2e631-90a7-4ce7-87f7-c377db45e99c,2026-02-10T11:01:30,12.361661,-1.515329
securityB-12f2e631-90a7-4ce7-87f7-c377db45e99c,2026-02-10T11:02:00,12.36159,-1.515666
leaderB-579ff0e7-77e4-4b16-9220-59c2c36ecc12,2026-02-10T11:02:00,12.36159,-1.515666
securityB-12f2e631-90a7-4ce7-87f7-c377db45e99c,2026-02-10T11:02:30,12.361521,-1.516004
leaderB-579ff0e7-77e4-4b16-9220-59c2c36ecc12,2026-02-10T11:02:30,12.361521,-1.516004
leaderB-579ff0e7-77e4-4b16-9220-59c2c36ecc12,2026-02-10T11:03:00,12.361398,-1.516308
securityB-12f2e631-90a7-4ce7-87f7-c377db45e99c,2026-02-10T11:03:00,12.361398,-1.516308
securityB-12f2e631-90a7-4ce7-87f7-c377db45e99c,2026-02-10T11:03:30,12.361331,-1.516647
leaderB-579ff0e7-77e4-4b16-9220-59c2c36ecc12,2026-02-10T11:03:30,12.361331,-1.516647
securityB-12f2e631-90a7-4ce7-87f7-c377db45e99c,2026-02-10T11:04:00,12.361264,-1.516985
leaderB-579ff0e7-77e4-4b16-9220-59c2c36ecc12,2026-02-10T11:04:00,12.361264,-1.516985
securityB-12f2e631-90a7-4ce7-87f7-c377db45e99c,2026-02-10T11:04:30,12.361199,-1.517324
leaderB-579ff0e7-77e4-4b16-9220-59c2c36ecc12,2026-02-10T11:04:30,12.361199,-1.517324
securityB-12f2e631-90a7-4ce7-87f7-c377db45e99c,2026-02-10T11:05:00,12.361135,-1.517663
leaderB-579ff0e7-77e4-4b16-9220-59c2c36ecc12,2026-02-10T11:05:00,12.361135,-1.517663
securityB-12f2e631-90a7-4ce7-87f7-c377db45e99c,2026-02-10T11:05:30,12.361441,-1.517742
leaderB-579ff0e7-77e4-4b16-9220-59c2c36ecc12,2026-02-10T11:05:30,12.361441,-1.517742
securityB-12f2e631-90a7-4ce7-87f7-c377db45e99c,2026-02-10T11:06:00,12.361773,-1.517804
leaderB-579ff0e7-77e4-4b16-9220-59c2c36ecc12,2026-02-10T11:06:00,12.361773,-1.517804
securityB-12f2e631-90a7-4ce7-87f7-c377db45e99c,2026-02-10T11:06:30,12.362105,-1.517865
leaderB-579ff0e7-77e4-4b16-9220-59c2c36ecc12,2026-02-10T11:06:30,12.362105,-1.517865
leaderB-579ff0e7-77e4-4b16-9220-59c2c36ecc12,2026-02-10T11:07:00,12.362436,-1.517928
securityB-12f2e631-90a7-4ce7-87f7-c377db45e99c,2026-02-10T11:07:00,12.362436,-1.517928
leaderB-579ff0e7-77e4-4b16-9220-59c2c36ecc12,2026-02-10T11:07:30,12.362768,-1.517991
securityB-12f2e631-90a7-4ce7-87f7-c377db45e99c,2026-02-10T11:07:30,12.362768,-1.517991
leaderB-579ff0e7-77e4-4b16-9220-59c2c36ecc12,2026-02-10T11:08:00,12.3631,-1.518054
securityB-12f2e631-90a7-4ce7-87f7-c377db45e99c,2026-02-10T11:08:00,12.3631,-1.518054
leaderB-579ff0e7-77e4-4b16-9220-59c2c36ecc12,2026-02-10T11:08:30,12.363431,-1.518117
securityB-12f2e631-90a7-4ce7-87f7-c377db45e99c,2026-02-10T11:08:30,12.363431,-1.518117
leaderB-579ff0e7-77e4-4b16-9220-59c2c36ecc12,2026-02-10T11:09:00,12.363763,-1.51818
securityB-12f2e631-90a7-4ce7-87f7-c377db45e99c,2026-02-10T11:09:00,12.363763,-1.51818
securityB-12f2e631-90a7-4ce7-87f7-c377db45e99c,2026-02-10T11:09:30,12.364095,-1.518242
leaderB-579ff0e7-77e4-4b16-9220-59c2c36ecc12,2026-02-10T11:09:30,12.364095,-1.518242
securityB-12f2e631-90a7-4ce7-87f7-c377db45e99c,2026-02-10T11:10:00,12.364427,-1.518301
leaderB-579ff0e7-77e4-4b16-9220-59c2c36ecc12,2026-02-10T11:10:00,12.364427,-1.518301
securityB-12f2e631-90a7-4ce7-87f7-c377db45e99c,2026-02-10T11:10:30,12.364759,-1.518362
leaderB-579ff0e7-77e4-4b16-9220-59c2c36ecc12,2026-02-10T11:10:30,12.364759,-1.518362
securityB-12f2e631-90a7-4ce7-87f7-c377db45e99c,2026-02-10T11:11:00,12.364973,-1.518506
leaderB-579ff0e7-77e4-4b16-9220-59c2c36ecc12,2026-02-10T11:11:00,12.364973,-1.518506
leaderB-579ff0e7-77e4-4b16-9220-59c2c36ecc12,2026-02-10T11:11:30,12.364908,-1.518845
securityB-12f2e631-90a7-4ce7-87f7-c377db45e99c,2026-02-10T11:11:30,12.364908,-1.518845
leaderB-579ff0e7-77e4-4b16-9220-59c2c36ecc12,2026-02-10T11:12:00,12.364842,-1.519183
securityB-12f2e631-90a7-4ce7-87f7-c377db45e99c,2026-02-10T11:12:00,12.364842,-1.519183
leaderB-579ff0e7-77e4-4b16-9220-59c2c36ecc12,2026-02-10T11:12:30,12.364774,-1.519521
securityB-12f2e631-90a7-4ce7-87f7-c377db45e99c,2026-02-10T11:12:30,12.364774,-1.519521
securityB-12f2e631-90a7-4ce7-87f7-c377db45e99c,2026-02-10T11:13:00,12.364713,-1.519861
leaderB-579ff0e7-77e4-4b16-9220-59c2c36ecc12,2026-02-10T11:13:00,12.364713,-1.519861
leaderB-579ff0e7-77e4-4b16-9220-59c2c36ecc12,2026-02-10T11:13:30,12.36465,-1.5202
securityB-12f2e631-90a7-4ce7-87f7-c377db45e99c,2026-02-10T11:13:30,12.36465,-1.5202
leaderB-579ff0e7-77e4-4b16-9220-59c2c36ecc12,2026-02-10T11:14:00,12.364587,-1.520539
securityB-12f2e631-90a7-4ce7-87f7-c377db45e99c,2026-02-10T11:14:00,12.364587,-1.520539
leaderB-579ff0e7-77e4-4b16-9220-59c2c36ecc12,2026-02-10T11:14:30,12.364526,-1.520879
securityB-12f2e631-90a7-4ce7-87f7-c377db45e99c,2026-02-10T11:14:30,12.364526,-1.520879
leaderB-579ff0e7-77e4-4b16-9220-59c2c36ecc12,2026-02-10T14:00:00,12.35901,-1.520879
courierA-5459d08e-e00c-4174-9a21-c4b90ef20a87,2026-02-10T14:00:00,12.359413,-1.51634
securityB-12f2e631-90a7-4ce7-87f7-c377db45e99c,2026-02-10T14:00:00,12.35901,-1.520879
courierA-5459d08e-e00c-4174-9a21-c4b90ef20a87,2026-02-10T14:00:30,12.359346,-1.516678
courierA-5459d08e-e00c-4174-9a21-c4b90ef20a87,2026-02-10T14:01:00,12.359286,-1.517018
courierA-5459d08e-e00c-4174-9a21-c4b90ef20a87,2026-02-10T14:01:30,12.359261,-1.517335
courierA-5459d08e-e00c-4174-9a21-c4b90ef20a87,2026-02-10T14:02:00,12.359592,-1.517397
courierA-5459d08e-e00c-4174-9a21-c4b90ef20a87,2026-02-10T14:02:30,12.359924,-1.517459
leaderB-579ff0e7-77e4-4b16-9220-59c2c36ecc12,2026-02-10T14:03:00,12.358993,-1.520912
courierA-5459d08e-e00c-4174-9a21-c4b90ef20a87,2026-02-10T14:03:00,12.360256,-1.517521
securityB-12f2e631-90a7-4ce7-87f7-c377db45e99c,2026-02-10T14:03:00,12.358993,-1.520912
courierA-5459d08e-e00c-4174-9a21-c4b90ef20a87,2026-02-10T14:03:30,12.360588,-1.517583
courierA-5459d08e-e00c-4174-9a21-c4b90ef20a87,2026-02-10T14:04:00,12.360919,-1.517645
courierA-5459d08e-e00c-4174-9a21-c4b90ef20a87,2026-02-10T14:04:30,12.361251,-1.517707
courierA-5459d08e-e00c-4174-9a21-c4b90ef20a87,2026-02-10T14:05:00,12.361583,-1.517769
courierA-5459d08e-e00c-4174-9a21-c4b90ef20a87,2026-02-10T14:05:30,12.361915,-1.51783
leaderB-579ff0e7-77e4-4b16-9220-59c2c36ecc12,2026-02-10T14:06:00,12.359003,-1.520894
courierA-5459d08e-e00c-4174-9a21-c4b90ef20a87,2026-02-10T14:06:00,12.362247,-1.517892
securityB-12f2e631-90a7-4ce7-87f7-c377db45e99c,2026-02-10T14:06:00,12.359003,-1.520894
courierA-5459d08e-e00c-4174-9a21-c4b90ef20a87,2026-02-10T14:06:30,12.362578,-1.517955
courierA-5459d08e-e00c-4174-9a21-c4b90ef20a87,2026-02-10T14:07:00,12.36291,-1.518018
courierA-5459d08e-e00c-4174-9a21-c4b90ef20a87,2026-02-10T14:07:30,12.363093,-1.51786
courierA-5459d08e-e00c-4174-9a21-c4b90ef20a87,2026-02-10T14:08:00,12.363154,-1.517521
courierA-5459d08e-e00c-4174-9a21-c4b90ef20a87,2026-02-10T14:08:30,12.363213,-1.517181
leaderB-579ff0e7-77e4-4b16-9220-59c2c36ecc12,2026-02-10T14:09:00,12.358998,-1.520887
securityB-12f2e631-90a7-4ce7-87f7-c377db45e99c,2026-02-10T14:09:00,12.358998,-1.520887
courierA-5459d08e-e00c-4174-9a21-c4b90ef20a87,2026-02-10T14:09:00,12.363281,-1.516843
courierA-5459d08e-e00c-4174-9a21-c4b90ef20a87,2026-02-10T14:09:30,12.363349,-1.516504
courierA-5459d08e-e00c-4174-9a21-c4b90ef20a87,2026-02-10T14:10:00,12.363412,-1.516165
courierA-5459d08e-e00c-4174-9a21-c4b90ef20a87,2026-02-10T14:10:30,12.363487,-1.515829
courierA-5459d08e-e00c-4174-9a21-c4b90ef20a87,2026-02-10T14:11:00,12.363562,-1.515492
leaderB-579ff0e7-77e4-4b16-9220-59c2c36ecc12,2026-02-10T14:12:00,12.358988,-1.520894
securityB-12f2e631-90a7-4ce7-87f7-c377db45e99c,2026-02-10T14:12:00,12.358988,-1.520894
leaderB-579ff0e7-77e4-4b16-9220-59c2c36ecc12,2026-02-10T14:15:00,12.358995,-1.520885
securityB-12f2e631-90a7-4ce7-87f7-c377db45e99c,2026-02-10T14:15:00,12.358995,-1.520885
facA-1420f464-9589-439d-bdab-a216790c256e,2026-02-10T14:30:00,12.364006,-1.515387
facA-1420f464-9589-439d-bdab-a216790c256e,2026-02-10T14:33:00,12.363995,-1.515398
facA-1420f464-9589-439d-bdab-a216790c256e,2026-02-10T14:36:00,12.364004,-1.515396
facA-1420f464-9589-439d-bdab-a216790c256e,2026-02-10T14:39:00,12.364001,-1.515393
civ-024387c9-1b95-4481-984b-fd0b6505b00b,2026-02-10T15:00:00,12.363968,-1.515435
civ-1cbd69a0-0422-4643-9a69-2a67dff155f9,2026-02-10T15:00:00,12.363935,-1.515291
civ-58cb0f0f-0c82-460c-829e-62771f4c7eef,2026-02-10T15:00:00,12.362903,-1.522604
civ-0574397a-f51b-41e2-bcd7-66eedb804442,2026-02-10T15:00:00,12.362962,-1.522517
civ-2ae94b27-2ee6-4fc5-9672-112e3ad119ba,2026-02-10T15:00:00,12.362828,-1.522453
civ-ef7aa6ec-12fe-467a-8c3c-48f970191d99,2026-02-10T15:00:00,12.362836,-1.522529
civ-9c8ac1a8-866a-45c3-bd07-20347152847f,2026-02-10T15:00:00,12.362827,-1.522494
civ-827cb19f-f9af-48ce-8b39-1701bba73ba0,2026-02-10T15:00:00,12.362924,-1.522433
civ-f2ba3bc3-a174-4b0a-9ab6-cb7ebf275fe1,2026-02-10T15:00:00,12.36271,-1.5225
civ-b04fadb4-93fd-4cfb-97d8-d126bf4dbb80,2026-02-10T15:00:00,12.362837,-1.522462
civ-1609fb37-a269-4c56-a04c-d1038db96eaf,2026-02-10T15:00:00,12.363035,-1.522472
civ-24d2c524-1fbf-44dd-9f69-796caebb00db,2026-02-10T15:00:00,12.362786,-1.522635
civ-42b78424-1f01-455a-a1f2-ea262025b9f6,2026-02-10T15:00:00,12.362974,-1.52235
civ-3a9cb029-28f0-4e8b-8786-b2e8952585af,2026-02-10T15:00:00,12.362801,-1.522541
civ-fb3a6d8d-edb6-4a21-ba2c-f584e4a94cc7,2026-02-10T15:00:00,12.363075,-1.522469
civ-35c57048-23ea-4175-a2bd-a4938e116446,2026-02-10T15:00:00,12.362833,-1.522482
civ-052d2d71-e641-42ce-b36b-033181098656,2026-02-10T15:00:00,12.362878,-1.522504
civ-c4c77d1e-47aa-4b5d-9675-bd451e6462c7,2026-02-10T15:00:00,12.36292,-1.522373
civ-4c3925fe-5955-4fe4-8714-36b1c8529ab4,2026-02-10T15:00:00,12.363005,-1.522428
civ-b6286c53-a904-4fc3-afc3-28dbf1073f58,2026-02-10T15:00:00,12.364021,-1.515367
civ-4dd60c55-938e-4e60-b8ca-4a18787a7f6c,2026-02-10T15:00:00,12.364014,-1.515378
civ-501b68c8-6dbb-4d1e-8141-3e1dbfc0bce6,2026-02-10T15:00:00,12.362884,-1.522522
civ-3ed36c27-7fa2-48d0-8383-1812f223874c,2026-02-10T15:00:00,12.364122,-1.515323
civ-a372b7f3-2b68-40b9-bf83-86e3950b824f,2026-02-10T15:00:00,12.364014,-1.515332
civ-8212295f-e251-485e-a8a5-3aecf4d66ded,2026-02-10T15:00:00,12.363926,-1.515371
civ-bd9ae96c-9a21-4867-9c9e-8aa9946ebb73,2026-02-10T15:00:00,12.36413,-1.515416
civ-e68bd8c3-c6d3-454e-a92e-56a2bba06962,2026-02-10T15:00:00,12.363089,-1.52258
civ-4ddda178-1f26-46ad-a39b-02881f5e98cf,2026-02-10T15:00:00,12.36403,-1.515462
civ-6657bf36-3534-4054-b125-2c7cb639f34c,2026-02-10T15:00:00,12.364051,-1.515343
civ-6a4e544c-e205-4ab8-8e0c-3a2608d8fed7,2026-02-10T15:00:00,12.363921,-1.515336
civ-88fdb659-9a33-495a-93b9-8cebd396cf0d,2026-02-10T15:00:00,12.363939,-1.515447
civ-37f4ab1c-de9b-4d11-b727-82f574babd89,2026-02-10T15:00:00,12.363922,-1.515457
civ-1be479e9-7060-465e-adef-cc5e22a42194,2026-02-10T15:00:00,12.363973,-1.515501
civ-ca4edcba-e8b3-4fd1-9659-74cda522f3f2,2026-02-10T15:00:00,12.364001,-1.515335
civ-ceeef376-f517-4404-8be8-e7ec18ede254,2026-02-10T15:00:00,12.364101,-1.51535
civ-c47c673f-6fe1-4114-bd57-4c7bfe85d4e3,2026-02-10T15:00:00,12.364006,-1.515298
civ-9a7e7451-d895-4a6d-bbaa-4a8dc23519a0,2026-02-10T15:00:00,12.362849,-1.522591
civ-86ab7ad7-1e4b-4c6f-964d-c3aba66ed305,2026-02-10T15:00:00,12.363953,-1.515338
civ-9b6f2998-4825-4b47-aa59-ac569ddbaab4,2026-02-10T15:00:00,12.364012,-1.51536
civ-816fb142-bd16-437a-b694-1deba129caf8,2026-02-10T15:00:00,12.364037,-1.515326
courierA-5459d08e-e00c-4174-9a21-c4b90ef20a87,2026-02-10T15:00:00,12.364016,-1.515388
courierA-5459d08e-e00c-4174-9a21-c4b90ef20a87,2026-02-10T15:03:00,12.363988,-1.515394
courierA-5459d08e-e00c-4174-9a21-c4b90ef20a87,2026-02-10T15:06:00,12.363995,-1.515398
leaderA-dc3bb5ee-282c-411f-96da-eebb88b52ea0,2026-02-10T17:00:00,12.363601,-1.515311
securityA-43c3c6c2-08da-4277-b10b-2565d4ab391b,2026-02-10T17:00:00,12.363601,-1.515311
leaderA-dc3bb5ee-282c-411f-96da-eebb88b52ea0,2026-02-10T17:00:30,12.363528,-1.515648
securityA-43c3c6c2-08da-4277-b10b-2565d4ab391b,2026-02-10T17:00:30,12.363528,-1.515648
securityA-43c3c6c2-08da-4277-b10b-2565d4ab391b,2026-02-10T17:01:00,12.363452,-1.515984
leaderA-dc3bb5ee-282c-411f-96da-eebb88b52ea0,2026-02-10T17:01:00,12.363452,-1.515984
securityA-43c3c6c2-08da-4277-b10b-2565d4ab391b,2026-02-10T17:01:30,12.363383,-1.516322
leaderA-dc3bb5ee-282c-411f-96da-eebb88b52ea0,2026-02-10T17:01:30,12.363383,-1.516322
leaderA-dc3bb5ee-282c-411f-96da-eebb88b52ea0,2026-02-10T17:02:00,12.36332,-1.516662
securityA-43c3c6c2-08da-4277-b10b-2565d4ab391b,2026-02-10T17:02:00,12.36332,-1.516662
leaderA-dc3bb5ee-282c-411f-96da-eebb88b52ea0,2026-02-10T17:02:30,12.363247,-1.516999
securityA-43c3c6c2-08da-4277-b10b-2565d4ab391b,2026-02-10T17:02:30,12.363247,-1.516999
securityA-43c3c6c2-08da-4277-b10b-2565d4ab391b,2026-02-10T17:03:00,12.363186,-1.517338
leaderA-dc3bb5ee-282c-411f-96da-eebb88b52ea0,2026-02-10T17:03:00,12.363186,-1.517338
securityA-43c3c6c2-08da-4277-b10b-2565d4ab391b,2026-02-10T17:03:30,12.363126,-1.517678
leaderA-dc3bb5ee-282c-411f-96da-eebb88b52ea0,2026-02-10T17:03:30,12.363126,-1.517678
securityA-43c3c6c2-08da-4277-b10b-2565d4ab391b,2026-02-10T17:04:00,12.363065,-1.518017
leaderA-dc3bb5ee-282c-411f-96da-eebb88b52ea0,2026-02-10T17:04:00,12.363065,-1.518017
leaderA-dc3bb5ee-282c-411f-96da-eebb88b52ea0,2026-02-10T17:04:30,12.362813,-1.518074
securityA-43c3c6c2-08da-4277-b10b-2565d4ab391b,2026-02-10T17:04:30,12.362813,-1.518074
securityA-43c3c6c2-08da-4277-b10b-2565d4ab391b,2026-02-10T17:05:00,12.362481,-1.518011
leaderA-dc3bb5ee-282c-411f-96da-eebb88b52ea0,2026-02-10T17:05:00,12.362481,-1.518011
securityA-43c3c6c2-08da-4277-b10b-2565d4ab391b,2026-02-10T17:05:30,12.36215,-1.517947
leaderA-dc3bb5ee-282c-411f-96da-eebb88b52ea0,2026-02-10T17:05:30,12.36215,-1.517947
securityA-43c3c6c2-08da-4277-b10b-2565d4ab391b,2026-02-10T17:06:00,12.361817,-1.517887
leaderA-dc3bb5ee-282c-411f-96da-eebb88b52ea0,2026-02-10T17:06:00,12.361817,-1.517887
securityA-43c3c6c2-08da-4277-b10b-2565d4ab391b,2026-02-10T17:06:30,12.361485,-1.517828
leaderA-dc3bb5ee-282c-411f-96da-eebb88b52ea0,2026-02-10T17:06:30,12.361485,-1.517828
securityA-43c3c6c2-08da-4277-b10b-2565d4ab391b,2026-02-10T17:07:00,12.361153,-1.517769
leaderA-dc3bb5ee-282c-411f-96da-eebb88b52ea0,2026-02-10T17:07:00,12.361153,-1.517769
securityA-43c3c6c2-08da-4277-b10b-2565d4ab391b,2026-02-10T17:07:30,12.360821,-1.517709
leaderA-dc3bb5ee-282c-411f-96da-eebb88b52ea0,2026-02-10T17:07:30,12.360821,-1.517709
securityA-43c3c6c2-08da-4277-b10b-2565d4ab391b,2026-02-10T17:08:00,12.360489,-1.517649
leaderA-dc3bb5ee-282c-411f-96da-eebb88b52ea0,2026-02-10T17:08:00,12.360489,-1.517649
leaderA-dc3bb5ee-282c-411f-96da-eebb88b52ea0,2026-02-10T17:08:30,12.360157,-1.517588
securityA-43c3c6c2-08da-4277-b10b-2565d4ab391b,2026-02-10T17:08:30,12.360157,-1.517588
securityA-43c3c6c2-08da-4277-b10b-2565d4ab391b,2026-02-10T17:09:00,12.359825,-1.517527
leaderA-dc3bb5ee-282c-411f-96da-eebb88b52ea0,2026-02-10T17:09:00,12.359825,-1.517527
leaderA-dc3bb5ee-282c-411f-96da-eebb88b52ea0,2026-02-10T17:09:30,12.359493,-1.517467
securityA-43c3c6c2-08da-4277-b10b-2565d4ab391b,2026-02-10T17:09:30,12.359493,-1.517467
leaderA-dc3bb5ee-282c-411f-96da-eebb88b52ea0,2026-02-10T17:10:00,12.359229,-1.517357
securityA-43c3c6c2-08da-4277-b10b-2565d4ab391b,2026-02-10T17:10:00,12.359229,-1.517357
leaderA-dc3bb5ee-282c-411f-96da-eebb88b52ea0,2026-02-10T17:10:30,12.359286,-1.517017
securityA-43c3c6c2-08da-4277-b10b-2565d4ab391b,2026-02-10T17:10:30,12.359286,-1.517017
securityA-43c3c6c2-08da-4277-b10b-2565d4ab391b,2026-02-10T17:11:00,12.359346,-1.516677
leaderA-dc3bb5ee-282c-411f-96da-eebb88b52ea0,2026-02-10T17:11:00,12.359346,-1.516677
securityA-43c3c6c2-08da-4277-b10b-2565d4ab391b,2026-02-10T18:00:00,12.359698,-1.5164
leaderA-dc3bb5ee-282c-411f-96da-eebb88b52ea0,2026-02-10T18:00:00,12.359698,-1.5164
securityA-43c3c6c2-08da-4277-b10b-2565d4ab391b,2026-02-10T18:20:00,12.359686,-1.516395
leaderA-dc3bb5ee-282c-411f-96da-eebb88b52ea0,2026-02-10T18:20:00,12.359686,-1.516395
leaderA-dc3bb5ee-282c-411f-96da-eebb88b52ea0,2026-02-10T18:40:00,12.359705,-1.516401
securityA-43c3c6c2-08da-4277-b10b-2565d4ab391b,2026-02-10T18:40:00,12.359705,-1.516401
leaderA-dc3bb5ee-282c-411f-96da-eebb88b52ea0,2026-02-10T19:00:00,12.35971,-1.516403
securityA-43c3c6c2-08da-4277-b10b-2565d4ab391b,2026-02-10T19:00:00,12.35971,-1.516403
securityA-43c3c6c2-08da-4277-b10b-2565d4ab391b,2026-02-10T19:20:00,12.359705,-1.516409
leaderA-dc3bb5ee-282c-411f-96da-eebb88b52ea0,2026-02-10T19:20:00,12.359705,-1.516409
securityA-43c3c6c2-08da-4277-b10b-2565d4ab391b,2026-02-10T19:40:00,12.3597,-1.516402
leaderA-dc3bb5ee-282c-411f-96da-eebb88b52ea0,2026-02-10T19:40:00,12.3597,-1.516402
logB-c23e4c99-d72b-4789-9397-006a7d765d4c,2026-02-11T05:00:00,12.364466,-1.521212
logB-c23e4c99-d72b-4789-9397-006a7d765d4c,2026-02-11T05:00:30,12.364527,-1.520872
logB-c23e4c99-d72b-4789-9397-006a7d765d4c,2026-02-11T05:01:00,12.364588,-1.520533
logB-c23e4c99-d72b-4789-9397-006a7d765d4c,2026-02-11T05:01:30,12.364651,-1.520194
logB-c23e4c99-d72b-4789-9397-006a7d765d4c,2026-02-11T05:02:00,12.364714,-1.519855
logB-c23e4c99-d72b-4789-9397-006a7d765d4c,2026-02-11T05:02:30,12.364775,-1.519515
logB-c23e4c99-d72b-4789-9397-006a7d765d4c,2026-02-11T05:03:00,12.364843,-1.519177
logB-c23e4c99-d72b-4789-9397-006a7d765d4c,2026-02-11T05:03:30,12.36491,-1.518838
logB-c23e4c99-d72b-4789-9397-006a7d765d4c,2026-02-11T05:04:00,12.364974,-1.518499
logB-c23e4c99-d72b-4789-9397-006a7d765d4c,2026-02-11T05:04:30,12.364673,-1.518418
logB-c23e4c99-d72b-4789-9397-006a7d765d4c,2026-02-11T05:05:00,12.364341,-1.518355
logB-c23e4c99-d72b-4789-9397-006a7d765d4c,2026-02-11T05:05:30,12.364009,-1.518294
logB-c23e4c99-d72b-4789-9397-006a7d765d4c,2026-02-11T05:06:00,12.363677,-1.518233
logB-c23e4c99-d72b-4789-9397-006a7d765d4c,2026-02-11T05:06:30,12.363345,-1.518172
logB-c23e4c99-d72b-4789-9397-006a7d765d4c,2026-02-11T05:07:00,12.363013,-1.518111
logB-c23e4c99-d72b-4789-9397-006a7d765d4c,2026-02-11T05:07:30,12.362682,-1.518049
logB-c23e4c99-d72b-4789-9397-006a7d765d4c,2026-02-11T05:08:00,12.36235,-1.517985
logB-c23e4c99-d72b-4789-9397-006a7d765d4c,2026-02-11T05:08:30,12.362019,-1.517922
logB-c23e4c99-d72b-4789-9397-006a7d765d4c,2026-02-11T05:09:00,12.361686,-1.517864
logB-c23e4c99-d72b-4789-9397-006a7d765d4c,2026-02-11T05:09:30,12.361354,-1.517805
logB-c23e4c99-d72b-4789-9397-006a7d765d4c,2026-02-11T05:10:00,12.361134,-1.517667
logB-c23e4c99-d72b-4789-9397-006a7d765d4c,2026-02-11T05:10:30,12.361198,-1.517328
logB-c23e4c99-d72b-4789-9397-006a7d765d4c,2026-02-11T05:11:00,12.361263,-1.516989
logB-c23e4c99-d72b-4789-9397-006a7d765d4c,2026-02-11T05:11:30,12.361331,-1.516651
logB-c23e4c99-d72b-4789-9397-006a7d765d4c,2026-02-11T05:12:00,12.361398,-1.516312
logB-c23e4c99-d72b-4789-9397-006a7d765d4c,2026-02-11T05:12:30,12.361403,-1.515982
logB-c23e4c99-d72b-4789-9397-006a7d765d4c,2026-02-11T05:13:00,12.36147,-1.515644
logB-c23e4c99-d72b-4789-9397-006a7d765d4c,2026-02-11T05:13:30,12.361536,-1.515305
logB-c23e4c99-d72b-4789-9397-006a7d765d4c,2026-02-11T05:14:00,12.36147,-1.515001
logB-c23e4c99-d72b-4789-9397-006a7d765d4c,2026-02-11T05:14:30,12.361625,-1.514735
logB-c23e4c99-d72b-4789-9397-006a7d765d4c,2026-02-11T05:15:00,12.361721,-1.51443
securityA-43c3c6c2-08da-4277-b10b-2565d4ab391b,2026-02-11T05:30:00,12.359689,-1.516408
leaderA-dc3bb5ee-282c-411f-96da-eebb88b52ea0,2026-02-11T05:30:00,12.359689,-1.516408
securityA-43c3c6c2-08da-4277-b10b-2565d4ab391b,2026-02-11T05:33:00,12.359705,-1.516409
leaderA-dc3bb5ee-282c-411f-96da-eebb88b52ea0,2026-02-11T05:33:00,12.359705,-1.516409
leaderA-dc3bb5ee-282c-411f-96da-eebb88b52ea0,2026-02-11T05:36:00,12.359704,-1.516412
securityA-43c3c6c2-08da-4277-b10b-2565d4ab391b,2026-02-11T05:36:00,12.359704,-1.516412
securityA-43c3c6c2-08da-4277-b10b-2565d4ab391b,2026-02-11T05:39:00,12.359708,-1.516411
leaderA-dc3bb5ee-282c-411f-96da-eebb88b52ea0,2026-02-11T05:39:00,12.359708,-1.516411
leaderA-dc3bb5ee-282c-411f-96da-eebb88b52ea0,2026-02-11T05:42:00,12.359705,-1.516394
securityA-43c3c6c2-08da-4277-b10b-2565d4ab391b,2026-02-11T05:42:00,12.359705,-1.516394
courierA-5459d08e-e00c-4174-9a21-c4b90ef20a87,2026-02-11T06:00:00,12.359413,-1.51634
courierA-5459d08e-e00c-4174-9a21-c4b90ef20a87,2026-02-11T06:00:30,12.359483,-1.516002
courierA-5459d08e-e00c-4174-9a21-c4b90ef20a87,2026-02-11T06:01:00,12.359666,-1.515843
courierA-5459d08e-e00c-4174-9a21-c4b90ef20a87,2026-02-11T06:01:30,12.359996,-1.515914
courierA-5459d08e-e00c-4174-9a21-c4b90ef20a87,2026-02-11T06:02:00,12.360326,-1.515986
courierA-5459d08e-e00c-4174-9a21-c4b90ef20a87,2026-02-11T06:02:30,12.360656,-1.516057
courierA-5459d08e-e00c-4174-9a21-c4b90ef20a87,2026-02-11T06:03:00,12.360986,-1.516128
courierA-5459d08e-e00c-4174-9a21-c4b90ef20a87,2026-02-11T06:03:30,12.361316,-1.516199
courierA-5459d08e-e00c-4174-9a21-c4b90ef20a87,2026-02-11T06:04:00,12.361417,-1.515912
courierA-5459d08e-e00c-4174-9a21-c4b90ef20a87,2026-02-11T06:04:30,12.361484,-1.515573
courierA-5459d08e-e00c-4174-9a21-c4b90ef20a87,2026-02-11T06:05:00,12.361549,-1.515235
courierA-5459d08e-e00c-4174-9a21-c4b90ef20a87,2026-02-11T06:05:30,12.361465,-1.51493
courierA-5459d08e-e00c-4174-9a21-c4b90ef20a87,2026-02-11T06:06:00,12.361664,-1.514691
courierA-5459d08e-e00c-4174-9a21-c4b90ef20a87,2026-02-11T06:06:30,12.36179,-1.514443
facA-1420f464-9589-439d-bdab-a216790c256e,2026-02-11T06:30:00,12.362901,-1.5225
facA-1420f464-9589-439d-bdab-a216790c256e,2026-02-11T06:33:00,12.362897,-1.522486
facA-1420f464-9589-439d-bdab-a216790c256e,2026-02-11T06:36:00,12.362893,-1.522486
facA-1420f464-9589-439d-bdab-a216790c256e,2026-02-11T06:39:00,12.362904,-1.522513
leaderA-dc3bb5ee-282c-411f-96da-eebb88b52ea0,2026-02-11T06:53:00,12.359413,-1.51634
securityA-43c3c6c2-08da-4277-b10b-2565d4ab391b,2026-02-11T06:53:00,12.359413,-1.51634
leaderA-dc3bb5ee-282c-411f-96da-eebb88b52ea0,2026-02-11T06:53:30,12.359346,-1.516678
securityA-43c3c6c2-08da-4277-b10b-2565d4ab391b,2026-02-11T06:53:30,12.359346,-1.516678
securityA-43c3c6c2-08da-4277-b10b-2565d4ab391b,2026-02-11T06:54:00,12.359286,-1.517018
leaderA-dc3bb5ee-282c-411f-96da-eebb88b52ea0,2026-02-11T06:54:00,12.359286,-1.517018
leaderA-dc3bb5ee-282c-411f-96da-eebb88b52ea0,2026-02-11T06:54:30,12.359261,-1.517335
securityA-43c3c6c2-08da-4277-b10b-2565d4ab391b,2026-02-11T06:54:30,12.359261,-1.517335
securityA-43c3c6c2-08da-4277-b10b-2565d4ab391b,2026-02-11T06:55:00,12.359592,-1.517397
leaderA-dc3bb5ee-282c-411f-96da-eebb88b52ea0,2026-02-11T06:55:00,12.359592,-1.517397
securityA-43c3c6c2-08da-4277-b10b-2565d4ab391b,2026-02-11T06:55:30,12.359924,-1.517459
leaderA-dc3bb5ee-282c-411f-96da-eebb88b52ea0,2026-02-11T06:55:30,12.359924,-1.517459
securityA-43c3c6c2-08da-4277-b10b-2565d4ab391b,2026-02-11T06:56:00,12.360256,-1.517521
leaderA-dc3bb5ee-282c-411f-96da-eebb88b52ea0,2026-02-11T06:56:00,12.360256,-1.517521
securityA-43c3c6c2-08da-4277-b10b-2565d4ab391b,2026-02-11T06:56:30,12.360588,-1.517583
leaderA-dc3bb5ee-282c-411f-96da-eebb88b52ea0,2026-02-11T06:56:30,12.360588,-1.517583
securityA-43c3c6c2-08da-4277-b10b-2565d4ab391b,2026-02-11T06:57:00,12.360919,-1.517645
leaderA-dc3bb5ee-282c-411f-96da-eebb88b52ea0,2026-02-11T06:57:00,12.360919,-1.517645
securityA-43c3c6c2-08da-4277-b10b-2565d4ab391b,2026-02-11T06:57:30,12.361251,-1.517707
leaderA-dc3bb5ee-282c-411f-96da-eebb88b52ea0,2026-02-11T06:57:30,12.361251,-1.517707
securityA-43c3c6c2-08da-4277-b10b-2565d4ab391b,2026-02-11T06:58:00,12.361583,-1.517769
leaderA-dc3bb5ee-282c-411f-96da-eebb88b52ea0,2026-02-11T06:58:00,12.361583,-1.517769
leaderA-dc3bb5ee-282c-411f-96da-eebb88b52ea0,2026-02-11T06:58:30,12.361915,-1.51783
securityA-43c3c6c2-08da-4277-b10b-2565d4ab391b,2026-02-11T06:58:30,12.361915,-1.51783
securityA-43c3c6c2-08da-4277-b10b-2565d4ab391b,2026-02-11T06:59:00,12.362247,-1.517892
leaderA-dc3bb5ee-282c-411f-96da-eebb88b52ea0,2026-02-11T06:59:00,12.362247,-1.517892
securityA-43c3c6c2-08da-4277-b10b-2565d4ab391b,2026-02-11T06:59:30,12.362578,-1.517955
leaderA-dc3bb5ee-282c-411f-96da-eebb88b52ea0,2026-02-11T06:59:30,12.362578,-1.517955
civ-728dc565-3b56-46b7-b3fa-bf10c9a93c3a,2026-02-11T07:00:00,12.364029,-1.515422
civ-009c86a1-459e-449d-88b4-da7476930484,2026-02-11T07:00:00,12.363921,-1.515351
civ-ff36f485-eeba-44bf-ae22-47f69cb6f1a5,2026-02-11T07:00:00,12.363962,-1.515365
civ-154b070a-1833-4bda-9176-b3299e973b18,2026-02-11T07:00:00,12.362918,-1.522441
civ-332a0599-44a3-48ae-9a78-ac75e9575809,2026-02-11T07:00:00,12.362945,-1.522558
civ-a823d9c7-dead-4a16-bf07-88c92d43e982,2026-02-11T07:00:00,12.362964,-1.522545
civ-d22730a5-9b9d-4763-a0ba-6d231cbfc221,2026-02-11T07:00:00,12.36394,-1.515464
civ-5b6d0f49-30bb-4d89-ae9e-3185617c6865,2026-02-11T07:00:00,12.364039,-1.515312
civ-c439beb7-0e10-4125-90c8-7485a08b55f3,2026-02-11T07:00:00,12.363956,-1.515439
civ-616b213c-a5c9-49d9-ad94-0801604dbc95,2026-02-11T07:00:00,12.36385,-1.515442
civ-657a5b75-94e5-4367-9ffe-c907ccd65e03,2026-02-11T07:00:00,12.363998,-1.515465
civ-b461ebd1-6d44-4181-b0b0-324f8f1e1bca,2026-02-11T07:00:00,12.363933,-1.515448
civ-4aaef1fb-6ae7-4c21-ac98-3121ba7223aa,2026-02-11T07:00:00,12.364021,-1.515413
courierA-5459d08e-e00c-4174-9a21-c4b90ef20a87,2026-02-11T07:00:00,12.362503,-1.513087
leaderA-dc3bb5ee-282c-411f-96da-eebb88b52ea0,2026-02-11T07:00:00,12.36291,-1.518018
civ-fc494bbe-9bb8-4727-8e3b-3bbde4a94ebc,2026-02-11T07:00:00,12.363954,-1.515367
civ-caae9fd5-9be3-44dc-b7a0-05e5267c30c7,2026-02-11T07:00:00,12.362898,-1.522467
civ-5c5ad588-aa48-4e82-9610-453d6a3b9fca,2026-02-11T07:00:00,12.363958,-1.51546
civ-900a54e5-1aba-4b56-93da-e0ed4962f5eb,2026-02-11T07:00:00,12.362885,-1.522554
securityA-43c3c6c2-08da-4277-b10b-2565d4ab391b,2026-02-11T07:00:00,12.36291,-1.518018
civ-2e723915-7504-4f7c-bffc-48ea20aadfde,2026-02-11T07:00:00,12.364085,-1.515386
civ-d50b54d7-5134-42da-8be5-874e4aff5542,2026-02-11T07:00:00,12.363948,-1.515417
civ-252d5f30-0505-4c43-bf49-05bb1bbfd732,2026-02-11T07:00:00,12.364088,-1.515437
civ-1f286951-0af7-41fb-9803-0119afa8a7f6,2026-02-11T07:00:00,12.36392,-1.515384
civ-0e0172d7-1d1f-44fc-b59c-e4d1f4119250,2026-02-11T07:00:00,12.363961,-1.51534
civ-c0a79a0f-6fd9-416c-be4e-3e6240e90080,2026-02-11T07:00:00,12.362813,-1.522575
civ-1dacdd5e-ccb0-4523-b285-888e9f65a84a,2026-02-11T07:00:00,12.362874,-1.522478
civ-c7f3173a-3996-41b3-9a71-1f2f051eaea9,2026-02-11T07:00:00,12.362865,-1.522525
civ-087543e9-1eab-450b-9337-ebd3c87f7ed8,2026-02-11T07:00:00,12.362867,-1.522487
civ-269e5e44-1665-4dcc-ba19-6ed6dd0ce979,2026-02-11T07:00:00,12.362943,-1.52254
civ-720d547f-661e-4c50-b481-650d697f8732,2026-02-11T07:00:00,12.36287,-1.522567
civ-5e98e1e5-49a5-4260-83b2-b82fbb7e1641,2026-02-11T07:00:00,12.362898,-1.522561
civ-67fa0133-78d7-4f10-8282-925e590d29e2,2026-02-11T07:00:00,12.362941,-1.522629
civ-41c831aa-19e9-4787-93fd-c3f646e190b8,2026-02-11T07:00:00,12.364016,-1.515479
civ-bfe4b1be-c077-4aab-9b1a-9a7fd3ac2289,2026-02-11T07:00:00,12.364106,-1.515484
civ-0c15b8e8-065d-4d99-86fd-d71ddd2373d6,2026-02-11T07:00:00,12.362845,-1.522593
civ-ee88149a-75a0-49a0-91d6-7cc96c35c7d0,2026-02-11T07:00:00,12.362863,-1.522514
civ-20d2be6e-3446-471e-9fec-c7219365e402,2026-02-11T07:00:00,12.364021,-1.515509
civ-1a6c5cab-468a-4d27-b721-2ca7f91b18dc,2026-02-11T07:00:00,12.362887,-1.522612
civ-c0aad7ec-5c74-40da-950e-636a04ef3af5,2026-02-11T07:00:00,12.362865,-1.522521
civ-8e261111-cbe1-45b7-9b25-c5819a7bd1fa,2026-02-11T07:00:00,12.362882,-1.522517
civ-8af61db9-6ed1-49bf-be7b-e344213699a2,2026-02-11T07:00:00,12.362896,-1.522465
civ-916f4e9b-422e-469d-b742-1571614652d9,2026-02-11T07:00:00,12.362963,-1.522547
securityA-43c3c6c2-08da-4277-b10b-2565d4ab391b,2026-02-11T07:00:30,12.363093,-1.51786
leaderA-dc3bb5ee-282c-411f-96da-eebb88b52ea0,2026-02-11T07:00:30,12.363093,-1.51786
leaderA-dc3bb5ee-282c-411f-96da-eebb88b52ea0,2026-02-11T07:01:00,12.363154,-1.517521
securityA-43c3c6c2-08da-4277-b10b-2565d4ab391b,2026-02-11T07:01:00,12.363154,-1.517521
leaderA-dc3bb5ee-282c-411f-96da-eebb88b52ea0,2026-02-11T07:01:30,12.363213,-1.517181
securityA-43c3c6c2-08da-4277-b10b-2565d4ab391b,2026-02-11T07:01:30,12.363213,-1.517181
leaderA-dc3bb5ee-282c-411f-96da-eebb88b52ea0,2026-02-11T07:02:00,12.363281,-1.516843
securityA-43c3c6c2-08da-4277-b10b-2565d4ab391b,2026-02-11T07:02:00,12.363281,-1.516843
leaderA-dc3bb5ee-282c-411f-96da-eebb88b52ea0,2026-02-11T07:02:30,12.363349,-1.516504
securityA-43c3c6c2-08da-4277-b10b-2565d4ab391b,2026-02-11T07:02:30,12.363349,-1.516504
securityA-43c3c6c2-08da-4277-b10b-2565d4ab391b,2026-02-11T07:03:00,12.363412,-1.516165
courierA-5459d08e-e00c-4174-9a21-c4b90ef20a87,2026-02-11T07:03:00,12.36251,-1.513112
leaderA-dc3bb5ee-282c-411f-96da-eebb88b52ea0,2026-02-11T07:03:00,12.363412,-1.516165
leaderA-dc3bb5ee-282c-411f-96da-eebb88b52ea0,2026-02-11T07:03:30,12.363487,-1.515829
securityA-43c3c6c2-08da-4277-b10b-2565d4ab391b,2026-02-11T07:03:30,12.363487,-1.515829
securityA-43c3c6c2-08da-4277-b10b-2565d4ab391b,2026-02-11T07:04:00,12.363562,-1.515492
leaderA-dc3bb5ee-282c-411f-96da-eebb88b52ea0,2026-02-11T07:04:00,12.363562,-1.515492
courierA-5459d08e-e00c-4174-9a21-c4b90ef20a87,2026-02-11T07:06:00,12.362506,-1.513088
securityB-12f2e631-90a7-4ce7-87f7-c377db45e99c,2026-02-11T08:00:00,12.364466,-1.521212
logB-c23e4c99-d72b-4789-9397-006a7d765d4c,2026-02-11T08:00:00,12.3625,-1.513095
leaderB-579ff0e7-77e4-4b16-9220-59c2c36ecc12,2026-02-11T08:00:00,12.364466,-1.521212
securityB-12f2e631-90a7-4ce7-87f7-c377db45e99c,2026-02-11T08:00:30,12.364527,-1.520872
leaderB-579ff0e7-77e4-4b16-9220-59c2c36ecc12,2026-02-11T08:00:30,12.364527,-1.520872
leaderB-579ff0e7-77e4-4b16-9220-59c2c36ecc12,2026-02-11T08:01:00,12.364588,-1.520533
securityB-12f2e631-90a7-4ce7-87f7-c377db45e99c,2026-02-11T08:01:00,12.364588,-1.520533
leaderB-579ff0e7-77e4-4b16-9220-59c2c36ecc12,2026-02-11T08:01:30,12.364651,-1.520194
securityB-12f2e631-90a7-4ce7-87f7-c377db45e99c,2026-02-11T08:01:30,12.364651,-1.520194
leaderB-579ff0e7-77e4-4b16-9220-59c2c36ecc12,2026-02-11T08:02:00,12.364714,-1.519855
securityB-12f2e631-90a7-4ce7-87f7-c377db45e99c,2026-02-11T08:02:00,12.364714,-1.519855
leaderB-579ff0e7-77e4-4b16-9220-59c2c36ecc12,2026-02-11T08:02:30,12.364775,-1.519515
securityB-12f2e631-90a7-4ce7-87f7-c377db45e99c,2026-02-11T08:02:30,12.364775,-1.519515
leaderB-579ff0e7-77e4-4b16-9220-59c2c36ecc12,2026-02-11T08:03:00,12.364843,-1.519177
logB-c23e4c99-d72b-4789-9397-006a7d765d4c,2026-02-11T08:03:00,12.362477,-1.513103
securityB-12f2e631-90a7-4ce7-87f7-c377db45e99c,2026-02-11T08:03:00,12.364843,-1.519177
leaderB-579ff0e7-77e4-4b16-9220-59c2c36ecc12,2026-02-11T08:03:30,12.36491,-1.518838
securityB-12f2e631-90a7-4ce7-87f7-c377db45e99c,2026-02-11T08:03:30,12.36491,-1.518838
securityB-12f2e631-90a7-4ce7-87f7-c377db45e99c,2026-02-11T08:04:00,12.364974,-1.518499
leaderB-579ff0e7-77e4-4b16-9220-59c2c36ecc12,2026-02-11T08:04:00,12.364974,-1.518499
securityB-12f2e631-90a7-4ce7-87f7-c377db45e99c,2026-02-11T08:04:30,12.364673,-1.518418
leaderB-579ff0e7-77e4-4b16-9220-59c2c36ecc12,2026-02-11T08:04:30,12.364673,-1.518418
securityB-12f2e631-90a7-4ce7-87f7-c377db45e99c,2026-02-11T08:05:00,12.364341,-1.518355
leaderB-579ff0e7-77e4-4b16-9220-59c2c36ecc12,2026-02-11T08:05:00,12.364341,-1.518355
leaderB-579ff0e7-77e4-4b16-9220-59c2c36ecc12,2026-02-11T08:05:30,12.364009,-1.518294
securityB-12f2e631-90a7-4ce7-87f7-c377db45e99c,2026-02-11T08:05:30,12.364009,-1.518294
leaderB-579ff0e7-77e4-4b16-9220-59c2c36ecc12,2026-02-11T08:06:00,12.363677,-1.518233
logB-c23e4c99-d72b-4789-9397-006a7d765d4c,2026-02-11T08:06:00,12.362502,-1.51311
securityB-12f2e631-90a7-4ce7-87f7-c377db45e99c,2026-02-11T08:06:00,12.363677,-1.518233
securityB-12f2e631-90a7-4ce7-87f7-c377db45e99c,2026-02-11T08:06:30,12.363345,-1.518172
leaderB-579ff0e7-77e4-4b16-9220-59c2c36ecc12,2026-02-11T08:06:30,12.363345,-1.518172
leaderB-579ff0e7-77e4-4b16-9220-59c2c36ecc12,2026-02-11T08:07:00,12.363013,-1.518111
securityB-12f2e631-90a7-4ce7-87f7-c377db45e99c,2026-02-11T08:07:00,12.363013,-1.518111
leaderB-579ff0e7-77e4-4b16-9220-59c2c36ecc12,2026-02-11T08:07:30,12.362682,-1.518049
securityB-12f2e631-90a7-4ce7-87f7-c377db45e99c,2026-02-11T08:07:30,12.362682,-1.518049
securityB-12f2e631-90a7-4ce7-87f7-c377db45e99c,2026-02-11T08:08:00,12.36235,-1.517985
leaderB-579ff0e7-77e4-4b16-9220-59c2c36ecc12,2026-02-11T08:08:00,12.36235,-1.517985
leaderB-579ff0e7-77e4-4b16-9220-59c2c36ecc12,2026-02-11T08:08:30,12.362019,-1.517922
securityB-12f2e631-90a7-4ce7-87f7-c377db45e99c,2026-02-11T08:08:30,12.362019,-1.517922
leaderB-579ff0e7-77e4-4b16-9220-59c2c36ecc12,2026-02-11T08:09:00,12.361686,-1.517864
logB-c23e4c99-d72b-4789-9397-006a7d765d4c,2026-02-11T08:09:00,12.362503,-1.513102
securityB-12f2e631-90a7-4ce7-87f7-c377db45e99c,2026-02-11T08:09:00,12.361686,-1.517864
securityB-12f2e631-90a7-4ce7-87f7-c377db45e99c,2026-02-11T08:09:30,12.361354,-1.517805
leaderB-579ff0e7-77e4-4b16-9220-59c2c36ecc12,2026-02-11T08:09:30,12.361354,-1.517805
securityB-12f2e631-90a7-4ce7-87f7-c377db45e99c,2026-02-11T08:10:00,12.361134,-1.517667
leaderB-579ff0e7-77e4-4b16-9220-59c2c36ecc12,2026-02-11T08:10:00,12.361134,-1.517667
leaderB-579ff0e7-77e4-4b16-9220-59c2c36ecc12,2026-02-11T08:10:30,12.361198,-1.517328
securityB-12f2e631-90a7-4ce7-87f7-c377db45e99c,2026-02-11T08:10:30,12.361198,-1.517328
securityB-12f2e631-90a7-4ce7-87f7-c377db45e99c,2026-02-11T08:11:00,12.361263,-1.516989
leaderB-579ff0e7-77e4-4b16-9220-59c2c36ecc12,2026-02-11T08:11:00,12.361263,-1.516989
securityB-12f2e631-90a7-4ce7-87f7-c377db45e99c,2026-02-11T08:11:30,12.361331,-1.516651
leaderB-579ff0e7-77e4-4b16-9220-59c2c36ecc12,2026-02-11T08:11:30,12.361331,-1.516651
securityB-12f2e631-90a7-4ce7-87f7-c377db45e99c,2026-02-11T08:12:00,12.361398,-1.516312
logB-c23e4c99-d72b-4789-9397-006a7d765d4c,2026-02-11T08:12:00,12.362516,-1.513086
leaderB-579ff0e7-77e4-4b16-9220-59c2c36ecc12,2026-02-11T08:12:00,12.361398,-1.516312
leaderB-579ff0e7-77e4-4b16-9220-59c2c36ecc12,2026-02-11T08:12:30,12.361403,-1.515982
securityB-12f2e631-90a7-4ce7-87f7-c377db45e99c,2026-02-11T08:12:30,12.361403,-1.515982
leaderB-579ff0e7-77e4-4b16-9220-59c2c36ecc12,2026-02-11T08:13:00,12.36147,-1.515644
securityB-12f2e631-90a7-4ce7-87f7-c377db45e99c,2026-02-11T08:13:00,12.36147,-1.515644
leaderB-579ff0e7-77e4-4b16-9220-59c2c36ecc12,2026-02-11T08:13:30,12.361536,-1.515305
securityB-12f2e631-90a7-4ce7-87f7-c377db45e99c,2026-02-11T08:13:30,12.361536,-1.515305
leaderB-579ff0e7-77e4-4b16-9220-59c2c36ecc12,2026-02-11T08:14:00,12.36147,-1.515001
securityB-12f2e631-90a7-4ce7-87f7-c377db45e99c,2026-02-11T08:14:00,12.36147,-1.515001
securityB-12f2e631-90a7-4ce7-87f7-c377db45e99c,2026-02-11T08:14:30,12.361625,-1.514735
leaderB-579ff0e7-77e4-4b16-9220-59c2c36ecc12,2026-02-11T08:14:30,12.361625,-1.514735
leaderB-579ff0e7-77e4-4b16-9220-59c2c36ecc12,2026-02-11T08:15:00,12.361721,-1.51443
securityB-12f2e631-90a7-4ce7-87f7-c377db45e99c,2026-02-11T08:15:00,12.361721,-1.51443
propB-775f6ffc-da47-48c0-82b1-4fe100d5ee88,2026-02-11T09:00:00,12.358996,-1.520901
securityB-12f2e631-90a7-4ce7-87f7-c377db45e99c,2026-02-11T09:00:00,12.36249,-1.513087
leaderB-579ff0e7-77e4-4b16-9220-59c2c36ecc12,2026-02-11T09:00:00,12.36249,-1.513087
securityB-12f2e631-90a7-4ce7-87f7-c377db45e99c,2026-02-11T09:03:00,12.362518,-1.5131
leaderB-579ff0e7-77e4-4b16-9220-59c2c36ecc12,2026-02-11T09:03:00,12.362518,-1.5131
propB-775f6ffc-da47-48c0-82b1-4fe100d5ee88,2026-02-11T09:03:00,12.358999,-1.520904
leaderB-579ff0e7-77e4-4b16-9220-59c2c36ecc12,2026-02-11T09:06:00,12.362509,-1.513088
propB-775f6ffc-da47-48c0-82b1-4fe100d5ee88,2026-02-11T09:06:00,12.359002,-1.520907
securityB-12f2e631-90a7-4ce7-87f7-c377db45e99c,2026-02-11T09:06:00,12.362509,-1.513088
propB-775f6ffc-da47-48c0-82b1-4fe100d5ee88,2026-02-11T09:09:00,12.35899,-1.520894
securityB-12f2e631-90a7-4ce7-87f7-c377db45e99c,2026-02-11T09:09:00,12.362493,-1.513104
leaderB-579ff0e7-77e4-4b16-9220-59c2c36ecc12,2026-02-11T09:09:00,12.362493,-1.513104
securityA-43c3c6c2-08da-4277-b10b-2565d4ab391b,2026-02-11T09:30:00,12.363994,-1.515395
leaderA-dc3bb5ee-282c-411f-96da-eebb88b52ea0,2026-02-11T09:30:00,12.363994,-1.515395
leaderA-dc3bb5ee-282c-411f-96da-eebb88b52ea0,2026-02-11T09:45:00,12.364002,-1.515405
securityA-43c3c6c2-08da-4277-b10b-2565d4ab391b,2026-02-11T09:45:00,12.364002,-1.515405
leaderA-dc3bb5ee-282c-411f-96da-eebb88b52ea0,2026-02-11T10:00:00,12.363991,-1.515418
securityA-43c3c6c2-08da-4277-b10b-2565d4ab391b,2026-02-11T10:00:00,12.363991,-1.515418
leaderA-dc3bb5ee-282c-411f-96da-eebb88b52ea0,2026-02-11T10:15:00,12.364003,-1.515414
securityA-43c3c6c2-08da-4277-b10b-2565d4ab391b,2026-02-11T10:15:00,12.364003,-1.515414
securityA-43c3c6c2-08da-4277-b10b-2565d4ab391b,2026-02-11T10:30:00,12.364001,-1.515402
leaderA-dc3bb5ee-282c-411f-96da-eebb88b52ea0,2026-02-11T10:30:00,12.364001,-1.515402
leaderA-dc3bb5ee-282c-411f-96da-eebb88b52ea0,2026-02-11T10:45:00,12.364006,-1.515403
securityA-43c3c6c2-08da-4277-b10b-2565d4ab391b,2026-02-11T10:45:00,12.364006,-1.515403
securityB-12f2e631-90a7-4ce7-87f7-c377db45e99c,2026-02-11T11:00:00,12.361831,-1.514451
leaderB-579ff0e7-77e4-4b16-9220-59c2c36ecc12,2026-02-11T11:00:00,12.361831,-1.514451
leaderB-579ff0e7-77e4-4b16-9220-59c2c36ecc12,2026-02-11T11:00:30,12.361806,-1.514771
securityB-12f2e631-90a7-4ce7-87f7-c377db45e99c,2026-02-11T11:00:30,12.361806,-1.514771
securityB-12f2e631-90a7-4ce7-87f7-c377db45e99c,2026-02-11T11:01:00,12.361843,-1.515081
leaderB-579ff0e7-77e4-4b16-9220-59c2c36ecc12,2026-02-11T11:01:00,12.361843,-1.515081
securityB-12f2e631-90a7-4ce7-87f7-c377db45e99c,2026-02-11T11:01:30,12.361661,-1.515329
leaderB-579ff0e7-77e4-4b16-9220-59c2c36ecc12,2026-02-11T11:01:30,12.361661,-1.515329
securityB-12f2e631-90a7-4ce7-87f7-c377db45e99c,2026-02-11T11:02:00,12.36159,-1.515666
leaderB-579ff0e7-77e4-4b16-9220-59c2c36ecc12,2026-02-11T11:02:00,12.36159,-1.515666
securityB-12f2e631-90a7-4ce7-87f7-c377db45e99c,2026-02-11T11:02:30,12.361521,-1.516004
leaderB-579ff0e7-77e4-4b16-9220-59c2c36ecc12,2026-02-11T11:02:30,12.361521,-1.516004
leaderB-579ff0e7-77e4-4b16-9220-59c2c36ecc12,2026-02-11T11:03:00,12.361398,-1.516308
securityB-12f2e631-90a7-4ce7-87f7-c377db45e99c,2026-02-11T11:03:00,12.361398,-1.516308
securityB-12f2e631-90a7-4ce7-87f7-c377db45e99c,2026-02-11T11:03:30,12.361331,-1.516647
leaderB-579ff0e7-77e4-4b16-9220-59c2c36ecc12,2026-02-11T11:03:30,12.361331,-1.516647
leaderB-579ff0e7-77e4-4b16-9220-59c2c36ecc12,2026-02-11T11:04:00,12.361264,-1.516985
securityB-12f2e631-90a7-4ce7-87f7-c377db45e99c,2026-02-11T11:04:00,12.361264,-1.516985
leaderB-579ff0e7-77e4-4b16-9220-59c2c36ecc12,2026-02-11T11:04:30,12.361199,-1.517324
securityB-12f2e631-90a7-4ce7-87f7-c377db45e99c,2026-02-11T11:04:30,12.361199,-1.517324
leaderB-579ff0e7-77e4-4b16-9220-59c2c36ecc12,2026-02-11T11:05:00,12.361135,-1.517663
securityB-12f2e631-90a7-4ce7-87f7-c377db45e99c,2026-02-11T11:05:00,12.361135,-1.517663
leaderB-579ff0e7-77e4-4b16-9220-59c2c36ecc12,2026-02-11T11:05:30,12.361441,-1.517742
securityB-12f2e631-90a7-4ce7-87f7-c377db45e99c,2026-02-11T11:05:30,12.361441,-1.517742
leaderB-579ff0e7-77e4-4b16-9220-59c2c36ecc12,2026-02-11T11:06:00,12.361773,-1.517804
securityB-12f2e631-90a7-4ce7-87f7-c377db45e99c,2026-02-11T11:06:00,12.361773,-1.517804
leaderB-579ff0e7-77e4-4b16-9220-59c2c36ecc12,2026-02-11T11:06:30,12.362105,-1.517865
securityB-12f2e631-90a7-4ce7-87f7-c377db45e99c,2026-02-11T11:06:30,12.362105,-1.517865
securityB-12f2e631-90a7-4ce7-87f7-c377db45e99c,2026-02-11T11:07:00,12.362436,-1.517928
leaderB-579ff0e7-77e4-4b16-9220-59c2c36ecc12,2026-02-11T11:07:00,12.362436,-1.517928
securityB-12f2e631-90a7-4ce7-87f7-c377db45e99c,2026-02-11T11:07:30,12.362768,-1.517991
leaderB-579ff0e7-77e4-4b16-9220-59c2c36ecc12,2026-02-11T11:07:30,12.362768,-1.517991
securityB-12f2e631-90a7-4ce7-87f7-c377db45e99c,2026-02-11T11:08:00,12.3631,-1.518054
leaderB-579ff0e7-77e4-4b16-9220-59c2c36ecc12,2026-02-11T11:08:00,12.3631,-1.518054
leaderB-579ff0e7-77e4-4b16-9220-59c2c36ecc12,2026-02-11T11:08:30,12.363431,-1.518117
securityB-12f2e631-90a7-4ce7-87f7-c377db45e99c,2026-02-11T11:08:30,12.363431,-1.518117
leaderB-579ff0e7-77e4-4b16-9220-59c2c36ecc12,2026-02-11T11:09:00,12.363763,-1.51818
securityB-12f2e631-90a7-4ce7-87f7-c377db45e99c,2026-02-11T11:09:00,12.363763,-1.51818
leaderB-579ff0e7-77e4-4b16-9220-59c2c36ecc12,2026-02-11T11:09:30,12.364095,-1.518242
securityB-12f2e631-90a7-4ce7-87f7-c377db45e99c,2026-02-11T11:09:30,12.364095,-1.518242
securityB-12f2e631-90a7-4ce7-87f7-c377db45e99c,2026-02-11T11:10:00,12.364427,-1.518301
leaderB-579ff0e7-77e4-4b16-9220-59c2c36ecc12,2026-02-11T11:10:00,12.364427,-1.518301
securityB-12f2e631-90a7-4ce7-87f7-c377db45e99c,2026-02-11T11:10:30,12.364759,-1.518362
leaderB-579ff0e7-77e4-4b16-9220-59c2c36ecc12,2026-02-11T11:10:30,12.364759,-1.518362
leaderB-579ff0e7-77e4-4b16-9220-59c2c36ecc12,2026-02-11T11:11:00,12.364973,-1.518506
securityB-12f2e631-90a7-4ce7-87f7-c377db45e99c,2026-02-11T11:11:00,12.364973,-1.518506
securityB-12f2e631-90a7-4ce7-87f7-c377db45e99c,2026-02-11T11:11:30,12.364908,-1.518845
leaderB-579ff0e7-77e4-4b16-9220-59c2c36ecc12,2026-02-11T11:11:30,12.364908,-1.518845
leaderB-579ff0e7-77e4-4b16-9220-59c2c36ecc12,2026-02-11T11:12:00,12.364842,-1.519183
securityB-12f2e631-90a7-4ce7-87f7-c377db45e99c,2026-02-11T11:12:00,12.364842,-1.519183
leaderB-579ff0e7-77e4-4b16-9220-59c2c36ecc12,2026-02-11T11:12:30,12.364774,-1.519521
securityB-12f2e631-90a7-4ce7-87f7-c377db45e99c,2026-02-11T11:12:30,12.364774,-1.519521
securityB-12f2e631-90a7-4ce7-87f7-c377db45e99c,2026-02-11T11:13:00,12.364713,-1.519861
leaderB-579ff0e7-77e4-4b16-9220-59c2c36ecc12,2026-02-11T11:13:00,12.364713,-1.519861
securityB-12f2e631-90a7-4ce7-87f7-c377db45e99c,2026-02-11T11:13:30,12.36465,-1.5202
leaderB-579ff0e7-77e4-4b16-9220-59c2c36ecc12,2026-02-11T11:13:30,12.36465,-1.5202
securityB-12f2e631-90a7-4ce7-87f7-c377db45e99c,2026-02-11T11:14:00,12.364587,-1.520539
leaderB-579ff0e7-77e4-4b16-9220-59c2c36ecc12,2026-02-11T11:14:00,12.364587,-1.520539
securityB-12f2e631-90a7-4ce7-87f7-c377db45e99c,2026-02-11T11:14:30,12.364526,-1.520879
leaderB-579ff0e7-77e4-4b16-9220-59c2c36ecc12,2026-02-11T11:14:30,12.364526,-1.520879
securityB-12f2e631-90a7-4ce7-87f7-c377db45e99c,2026-02-11T14:00:00,12.359011,-1.520885
courierA-5459d08e-e00c-4174-9a21-c4b90ef20a87,2026-02-11T14:00:00,12.359413,-1.51634
leaderB-579ff0e7-77e4-4b16-9220-59c2c36ecc12,2026-02-11T14:00:00,12.359011,-1.520885
courierA-5459d08e-e00c-4174-9a21-c4b90ef20a87,2026-02-11T14:00:30,12.359346,-1.516678
courierA-5459d08e-e00c-4174-9a21-c4b90ef20a87,2026-02-11T14:01:00,12.359286,-1.517018
courierA-5459d08e-e00c-4174-9a21-c4b90ef20a87,2026-02-11T14:01:30,12.359261,-1.517335
courierA-5459d08e-e00c-4174-9a21-c4b90ef20a87,2026-02-11T14:02:00,12.359592,-1.517397
courierA-5459d08e-e00c-4174-9a21-c4b90ef20a87,2026-02-11T14:02:30,12.359924,-1.517459
securityB-12f2e631-90a7-4ce7-87f7-c377db45e99c,2026-02-11T14:03:00,12.359005,-1.520908
courierA-5459d08e-e00c-4174-9a21-c4b90ef20a87,2026-02-11T14:03:00,12.360256,-1.517521
leaderB-579ff0e7-77e4-4b16-9220-59c2c36ecc12,2026-02-11T14:03:00,12.359005,-1.520908
courierA-5459d08e-e00c-4174-9a21-c4b90ef20a87,2026-02-11T14:03:30,12.360588,-1.517583
courierA-5459d08e-e00c-4174-9a21-c4b90ef20a87,2026-02-11T14:04:00,12.360919,-1.517645
courierA-5459d08e-e00c-4174-9a21-c4b90ef20a87,2026-02-11T14:04:30,12.361251,-1.517707
courierA-5459d08e-e00c-4174-9a21-c4b90ef20a87,2026-02-11T14:05:00,12.361583,-1.517769
courierA-5459d08e-e00c-4174-9a21-c4b90ef20a87,2026-02-11T14:05:30,12.361915,-1.51783
securityB-12f2e631-90a7-4ce7-87f7-c377db45e99c,2026-02-11T14:06:00,12.359018,-1.520905
leaderB-579ff0e7-77e4-4b16-9220-59c2c36ecc12,2026-02-11T14:06:00,12.359018,-1.520905
courierA-5459d08e-e00c-4174-9a21-c4b90ef20a87,2026-02-11T14:06:00,12.362247,-1.517892
courierA-5459d08e-e00c-4174-9a21-c4b90ef20a87,2026-02-11T14:06:30,12.362578,-1.517955
courierA-5459d08e-e00c-4174-9a21-c4b90ef20a87,2026-02-11T14:07:00,12.36291,-1.518018
courierA-5459d08e-e00c-4174-9a21-c4b90ef20a87,2026-02-11T14:07:30,12.363093,-1.51786
courierA-5459d08e-e00c-4174-9a21-c4b90ef20a87,2026-02-11T14:08:00,12.363154,-1.517521
courierA-5459d08e-e00c-4174-9a21-c4b90ef20a87,2026-02-11T14:08:30,12.363213,-1.517181
securityB-12f2e631-90a7-4ce7-87f7-c377db45e99c,2026-02-11T14:09:00,12.358997,-1.520897
courierA-5459d08e-e00c-4174-9a21-c4b90ef20a87,2026-02-11T14:09:00,12.363281,-1.516843
leaderB-579ff0e7-77e4-4b16-9220-59c2c36ecc12,2026-02-11T14:09:00,12.358997,-1.520897
courierA-5459d08e-e00c-4174-9a21-c4b90ef20a87,2026-02-11T14:09:30,12.363349,-1.516504
courierA-5459d08e-e00c-4174-9a21-c4b90ef20a87,2026-02-11T14:10:00,12.363412,-1.516165
courierA-5459d08e-e00c-4174-9a21-c4b90ef20a87,2026-02-11T14:10:30,12.363487,-1.515829
courierA-5459d08e-e00c-4174-9a21-c4b90ef20a87,2026-02-11T14:11:00,12.363562,-1.515492
leaderB-579ff0e7-77e4-4b16-9220-59c2c36ecc12,2026-02-11T14:12:00,12.359014,-1.520892
securityB-12f2e631-90a7-4ce7-87f7-c377db45e99c,2026-02-11T14:12:00,12.359014,-1.520892
securityB-12f2e631-90a7-4ce7-87f7-c377db45e99c,2026-02-11T14:15:00,12.359004,-1.520896
leaderB-579ff0e7-77e4-4b16-9220-59c2c36ecc12,2026-02-11T14:15:00,12.359004,-1.520896
facA-1420f464-9589-439d-bdab-a216790c256e,2026-02-11T14:30:00,12.364003,-1.515419
facA-1420f464-9589-439d-bdab-a216790c256e,2026-02-11T14:33:00,12.364006,-1.515392
facA-1420f464-9589-439d-bdab-a216790c256e,2026-02-11T14:36:00,12.363995,-1.515399
facA-1420f464-9589-439d-bdab-a216790c256e,2026-02-11T14:39:00,12.364018,-1.515405
civ-b8c72f60-aef6-4783-8929-815813ece61c,2026-02-11T15:00:00,12.362882,-1.522522
civ-42bd2b0c-667b-4689-b798-bb638b8da358,2026-02-11T15:00:00,12.363013,-1.52252
civ-e0d250e5-6234-4c7c-9394-0a1aa3cb5a23,2026-02-11T15:00:00,12.362777,-1.522567
civ-60f5396e-c40a-4986-9fed-08abaed35214,2026-02-11T15:00:00,12.362969,-1.522526
civ-c724373a-e27a-43fb-a3f8-b925d131b469,2026-02-11T15:00:00,12.36299,-1.522504
civ-5a368516-d385-4e64-8262-961d2b225650,2026-02-11T15:00:00,12.362896,-1.522377
civ-e1d0b99e-d31c-4b12-944b-c10a325dd473,2026-02-11T15:00:00,12.362896,-1.522601
civ-132866c9-8f2e-40b8-ae9c-a28c1c035461,2026-02-11T15:00:00,12.36288,-1.522439
civ-b05e705b-8ed9-4948-ae1c-c28f59806a77,2026-02-11T15:00:00,12.363032,-1.522441
civ-91a7d8b9-4727-4217-aeb3-25f59534812f,2026-02-11T15:00:00,12.362935,-1.522473
civ-62b59b42-81a9-4e0c-ae0f-34c9e1f1d6df,2026-02-11T15:00:00,12.363037,-1.522383
civ-9038b98c-2f2e-47b6-b557-ae3136e89f12,2026-02-11T15:00:00,12.363025,-1.522523
civ-84966c2e-a0ee-4f22-be4b-471c68654588,2026-02-11T15:00:00,12.362892,-1.522546
civ-15eb5693-f16a-4f29-86be-32fdfbfe5d7a,2026-02-11T15:00:00,12.362966,-1.52254
civ-1a91a405-c16f-4c91-afa0-5469f1ea9d11,2026-02-11T15:00:00,12.362894,-1.52256
civ-a3a85a0b-a8eb-4cad-b9d9-66dce01ec4c3,2026-02-11T15:00:00,12.362893,-1.522628
civ-2ad398f2-f5da-44b7-8460-07124df157b7,2026-02-11T15:00:00,12.362928,-1.522639
civ-799fc6aa-161e-4815-9cd0-61d480615274,2026-02-11T15:00:00,12.363839,-1.515553
civ-7a1e8fcd-ba9a-4a37-a4cc-9b60fabe0c28,2026-02-11T15:00:00,12.363972,-1.515372
civ-ff6fd041-99c6-41d7-b963-04728e1e00aa,2026-02-11T15:00:00,12.363802,-1.515436
civ-a0dd7c2e-ea51-47e1-bb60-25f868166cd3,2026-02-11T15:00:00,12.364049,-1.515267
civ-06ae3097-9ac8-4f60-9d50-7ee25464d276,2026-02-11T15:00:00,12.363987,-1.515352
civ-e9b0aef2-8d71-4437-a358-dd1715a388ab,2026-02-11T15:00:00,12.364007,-1.515307
civ-b7ee9980-cf97-4b5e-b34f-e9f49d1d9201,2026-02-11T15:00:00,12.363947,-1.515345
civ-ae603f14-67f9-42d6-8237-505e05578b17,2026-02-11T15:00:00,12.363961,-1.515374
civ-51d06d53-ee98-4f72-b616-17959147949d,2026-02-11T15:00:00,12.363968,-1.515309
civ-8c56dd52-100f-417c-893c-547c5b11e4b6,2026-02-11T15:00:00,12.36397,-1.515481
civ-71a279dd-d294-4f07-9d70-89a45cd435ef,2026-02-11T15:00:00,12.363891,-1.515346
civ-edf6b6ce-79ef-4f0b-b84a-cb3ddaf65ea2,2026-02-11T15:00:00,12.363959,-1.515376
civ-50832421-cd39-4c8d-a22f-c38e3548eebf,2026-02-11T15:00:00,12.363997,-1.515431
civ-30b68ecb-88f5-4a20-a35e-ec96d5e4dcc1,2026-02-11T15:00:00,12.363979,-1.515379
civ-cfb4249c-6d72-4695-b661-249c4d574b03,2026-02-11T15:00:00,12.36385,-1.515276
civ-d7378c4d-7e17-4e5a-81cc-ad5c37228721,2026-02-11T15:00:00,12.364037,-1.515117
civ-b83c4f7f-c15b-492b-9454-623293051be1,2026-02-11T15:00:00,12.364055,-1.515384
civ-ff11de27-8fa8-4f53-82cf-85cf34592914,2026-02-11T15:00:00,12.36401,-1.515553
civ-714fb663-960d-4c21-bc8c-b06ad900e5bb,2026-02-11T15:00:00,12.362925,-1.522572
civ-43b2888b-9d8d-4350-96dc-76568d5e26bc,2026-02-11T15:00:00,12.363962,-1.5153
civ-88b5e725-9c82-4a2c-8d6b-43ebf1202aa3,2026-02-11T15:00:00,12.363956,-1.515367
civ-88932e98-83e2-452d-b5f2-83f655d3f224,2026-02-11T15:00:00,12.362913,-1.522306
civ-c7be8404-9be0-4e76-8a97-bb9c2efa0dc2,2026-02-11T15:00:00,12.36306,-1.522511
courierA-5459d08e-e00c-4174-9a21-c4b90ef20a87,2026-02-11T15:00:00,12.364003,-1.51539
courierA-5459d08e-e00c-4174-9a21-c4b90ef20a87,2026-02-11T15:03:00,12.364018,-1.515391
courierA-5459d08e-e00c-4174-9a21-c4b90ef20a87,2026-02-11T15:06:00,12.364002,-1.515391
leaderA-dc3bb5ee-282c-411f-96da-eebb88b52ea0,2026-02-11T17:00:00,12.363601,-1.515311
securityA-43c3c6c2-08da-4277-b10b-2565d4ab391b,2026-02-11T17:00:00,12.363601,-1.515311
leaderA-dc3bb5ee-282c-411f-96da-eebb88b52ea0,2026-02-11T17:00:30,12.363528,-1.515648
securityA-43c3c6c2-08da-4277-b10b-2565d4ab391b,2026-02-11T17:00:30,12.363528,-1.515648
leaderA-dc3bb5ee-282c-411f-96da-eebb88b52ea0,2026-02-11T17:01:00,12.363452,-1.515984
securityA-43c3c6c2-08da-4277-b10b-2565d4ab391b,2026-02-11T17:01:00,12.363452,-1.515984
leaderA-dc3bb5ee-282c-411f-96da-eebb88b52ea0,2026-02-11T17:01:30,12.363383,-1.516322
securityA-43c3c6c2-08da-4277-b10b-2565d4ab391b,2026-02-11T17:01:30,12.363383,-1.516322
securityA-43c3c6c2-08da-4277-b10b-2565d4ab391b,2026-02-11T17:02:00,12.36332,-1.516662
leaderA-dc3bb5ee-282c-411f-96da-eebb88b52ea0,2026-02-11T17:02:00,12.36332,-1.516662
securityA-43c3c6c2-08da-4277-b10b-2565d4ab391b,2026-02-11T17:02:30,12.363247,-1.516999
leaderA-dc3bb5ee-282c-411f-96da-eebb88b52ea0,2026-02-11T17:02:30,12.363247,-1.516999
securityA-43c3c6c2-08da-4277-b10b-2565d4ab391b,2026-02-11T17:03:00,12.363186,-1.517338
leaderA-dc3bb5ee-282c-411f-96da-eebb88b52ea0,2026-02-11T17:03:00,12.363186,-1.517338
securityA-43c3c6c2-08da-4277-b10b-2565d4ab391b,2026-02-11T17:03:30,12.363126,-1.517678
leaderA-dc3bb5ee-282c-411f-96da-eebb88b52ea0,2026-02-11T17:03:30,12.363126,-1.517678
securityA-43c3c6c2-08da-4277-b10b-2565d4ab391b,2026-02-11T17:04:00,12.363065,-1.518017
leaderA-dc3bb5ee-282c-411f-96da-eebb88b52ea0,2026-02-11T17:04:00,12.363065,-1.518017
securityA-43c3c6c2-08da-4277-b10b-2565d4ab391b,2026-02-11T17:04:30,12.362813,-1.518074
leaderA-dc3bb5ee-282c-411f-96da-eebb88b52ea0,2026-02-11T17:04:30,12.362813,-1.518074
leaderA-dc3bb5ee-282c-411f-96da-eebb88b52ea0,2026-02-11T17:05:00,12.362481,-1.518011
securityA-43c3c6c2-08da-4277-b10b-2565d4ab391b,2026-02-11T17:05:00,12.362481,-1.518011
leaderA-dc3bb5ee-282c-411f-96da-eebb88b52ea0,2026-02-11T17:05:30,12.36215,-1.517947
securityA-43c3c6c2-08da-4277-b10b-2565d4ab391b,2026-02-11T17:05:30,12.36215,-1.517947
leaderA-dc3bb5ee-282c-411f-96da-eebb88b52ea0,2026-02-11T17:06:00,12.361817,-1.517887
securityA-43c3c6c2-08da-4277-b10b-2565d4ab391b,2026-02-11T17:06:00,12.361817,-1.517887
leaderA-dc3bb5ee-282c-411f-96da-eebb88b52ea0,2026-02-11T17:06:30,12.361485,-1.517828
securityA-43c3c6c2-08da-4277-b10b-2565d4ab391b,2026-02-11T17:06:30,12.361485,-1.517828
leaderA-dc3bb5ee-282c-411f-96da-eebb88b52ea0,2026-02-11T17:07:00,12.361153,-1.517769
securityA-43c3c6c2-08da-4277-b10b-2565d4ab391b,2026-02-11T17:07:00,12.361153,-1.517769
leaderA-dc3bb5ee-282c-411f-96da-eebb88b52ea0,2026-02-11T17:07:30,12.360821,-1.517709
securityA-43c3c6c2-08da-4277-b10b-2565d4ab391b,2026-02-11T17:07:30,12.360821,-1.517709
leaderA-dc3bb5ee-282c-411f-96da-eebb88b52ea0,2026-02-11T17:08:00,12.360489,-1.517649
securityA-43c3c6c2-08da-4277-b10b-2565d4ab391b,2026-02-11T17:08:00,12.360489,-1.517649
leaderA-dc3bb5ee-282c-411f-96da-eebb88b52ea0,2026-02-11T17:08:30,12.360157,-1.517588
securityA-43c3c6c2-08da-4277-b10b-2565d4ab391b,2026-02-11T17:08:30,12.360157,-1.517588
securityA-43c3c6c2-08da-4277-b10b-2565d4ab391b,2026-02-11T17:09:00,12.359825,-1.517527
leaderA-dc3bb5ee-282c-411f-96da-eebb88b52ea0,2026-02-11T17:09:00,12.359825,-1.517527
securityA-43c3c6c2-08da-4277-b10b-2565d4ab391b,2026-02-11T17:09:30,12.359493,-1.517467
leaderA-dc3bb5ee-282c-411f-96da-eebb88b52ea0,2026-02-11T17:09:30,12.359493,-1.517467
securityA-43c3c6c2-08da-4277-b10b-2565d4ab391b,2026-02-11T17:10:00,12.359229,-1.517357
leaderA-dc3bb5ee-282c-411f-96da-eebb88b52ea0,2026-02-11T17:10:00,12.359229,-1.517357
leaderA-dc3bb5ee-282c-411f-96da-eebb88b52ea0,2026-02-11T17:10:30,12.359286,-1.517017
securityA-43c3c6c2-08da-4277-b10b-2565d4ab391b,2026-02-11T17:10:30,12.359286,-1.517017
securityA-43c3c6c2-08da-4277-b10b-2565d4ab391b,2026-02-11T17:11:00,12.359346,-1.516677
leaderA-dc3bb5ee-282c-411f-96da-eebb88b52ea0,2026-02-11T17:11:00,12.359346,-1.516677
securityA-43c3c6c2-08da-4277-b10b-2565d4ab391b,2026-02-11T18:00:00,12.359697,-1.516393
leaderA-dc3bb5ee-282c-411f-96da-eebb88b52ea0,2026-02-11T18:00:00,12.359697,-1.516393
securityA-43c3c6c2-08da-4277-b10b-2565d4ab391b,2026-02-11T18:20:00,12.359703,-1.516397
leaderA-dc3bb5ee-282c-411f-96da-eebb88b52ea0,2026-02-11T18:20:00,12.359703,-1.516397
leaderA-dc3bb5ee-282c-411f-96da-eebb88b52ea0,2026-02-11T18:40:00,12.359704,-1.516414
securityA-43c3c6c2-08da-4277-b10b-2565d4ab391b,2026-02-11T18:40:00,12.359704,-1.516414
securityA-43c3c6c2-08da-4277-b10b-2565d4ab391b,2026-02-11T19:00:00,12.359707,-1.516394
leaderA-dc3bb5ee-282c-411f-96da-eebb88b52ea0,2026-02-11T19:00:00,12.359707,-1.516394
leaderA-dc3bb5ee-282c-411f-96da-eebb88b52ea0,2026-02-11T19:20:00,12.359691,-1.516402
securityA-43c3c6c2-08da-4277-b10b-2565d4ab391b,2026-02-11T19:20:00,12.359691,-1.516402
leaderA-dc3bb5ee-282c-411f-96da-eebb88b52ea0,2026-02-11T19:40:00,12.3597,-1.516401
securityA-43c3c6c2-08da-4277-b10b-2565d4ab391b,2026-02-11T19:40:00,12.3597,-1.516401
logB-c23e4c99-d72b-4789-9397-006a7d765d4c,2026-02-12T05:00:00,12.364466,-1.521212
logB-c23e4c99-d72b-4789-9397-006a7d765d4c,2026-02-12T05:00:30,12.364527,-1.520872
logB-c23e4c99-d72b-4789-9397-006a7d765d4c,2026-02-12T05:01:00,12.364588,-1.520533
logB-c23e4c99-d72b-4789-9397-006a7d765d4c,2026-02-12T05:01:30,12.364651,-1.520194
logB-c23e4c99-d72b-4789-9397-006a7d765d4c,2026-02-12T05:02:00,12.364714,-1.519855
logB-c23e4c99-d72b-4789-9397-006a7d765d4c,2026-02-12T05:02:30,12.364775,-1.519515
logB-c23e4c99-d72b-4789-9397-006a7d765d4c,2026-02-12T05:03:00,12.364843,-1.519177
logB-c23e4c99-d72b-4789-9397-006a7d765d4c,2026-02-12T05:03:30,12.36491,-1.518838
logB-c23e4c99-d72b-4789-9397-006a7d765d4c,2026-02-12T05:04:00,12.364974,-1.518499
logB-c23e4c99-d72b-4789-9397-006a7d765d4c,2026-02-12T05:04:30,12.364673,-1.518418
logB-c23e4c99-d72b-4789-9397-006a7d765d4c,2026-02-12T05:05:00,12.364341,-1.518355
logB-c23e4c99-d72b-4789-9397-006a7d765d4c,2026-02-12T05:05:30,12.364009,-1.518294
logB-c23e4c99-d72b-4789-9397-006a7d765d4c,2026-02-12T05:06:00,12.363677,-1.518233
logB-c23e4c99-d72b-4789-9397-006a7d765d4c,2026-02-12T05:06:30,12.363345,-1.518172
logB-c23e4c99-d72b-4789-9397-006a7d765d4c,2026-02-12T05:07:00,12.363013,-1.518111
logB-c23e4c99-d72b-4789-9397-006a7d765d4c,2026-02-12T05:07:30,12.362682,-1.518049
logB-c23e4c99-d72b-4789-9397-006a7d765d4c,2026-02-12T05:08:00,12.36235,-1.517985
logB-c23e4c99-d72b-4789-9397-006a7d765d4c,2026-02-12T05:08:30,12.362019,-1.517922
logB-c23e4c99-d72b-4789-9397-006a7d765d4c,2026-02-12T05:09:00,12.361686,-1.517864
logB-c23e4c99-d72b-4789-9397-006a7d765d4c,2026-02-12T05:09:30,12.361354,-1.517805
logB-c23e4c99-d72b-4789-9397-006a7d765d4c,2026-02-12T05:10:00,12.361134,-1.517667
logB-c23e4c99-d72b-4789-9397-006a7d765d4c,2026-02-12T05:10:30,12.361198,-1.517328
logB-c23e4c99-d72b-4789-9397-006a7d765d4c,2026-02-12T05:11:00,12.361263,-1.516989
logB-c23e4c99-d72b-4789-9397-006a7d765d4c,2026-02-12T05:11:30,12.361331,-1.516651
logB-c23e4c99-d72b-4789-9397-006a7d765d4c,2026-02-12T05:12:00,12.361398,-1.516312
logB-c23e4c99-d72b-4789-9397-006a7d765d4c,2026-02-12T05:12:30,12.361403,-1.515982
logB-c23e4c99-d72b-4789-9397-006a7d765d4c,2026-02-12T05:13:00,12.36147,-1.515644
logB-c23e4c99-d72b-4789-9397-006a7d765d4c,2026-02-12T05:13:30,12.361536,-1.515305
logB-c23e4c99-d72b-4789-9397-006a7d765d4c,2026-02-12T05:14:00,12.36147,-1.515001
logB-c23e4c99-d72b-4789-9397-006a7d765d4c,2026-02-12T05:14:30,12.361625,-1.514735
logB-c23e4c99-d72b-4789-9397-006a7d765d4c,2026-02-12T05:15:00,12.361721,-1.51443
leaderA-dc3bb5ee-282c-411f-96da-eebb88b52ea0,2026-02-12T05:30:00,12.359694,-1.516393
securityA-43c3c6c2-08da-4277-b10b-2565d4ab391b,2026-02-12T05:30:00,12.359694,-1.516393
securityA-43c3c6c2-08da-4277-b10b-2565d4ab391b,2026-02-12T05:33:00,12.359698,-1.516401
leaderA-dc3bb5ee-282c-411f-96da-eebb88b52ea0,2026-02-12T05:33:00,12.359698,-1.516401
leaderA-dc3bb5ee-282c-411f-96da-eebb88b52ea0,2026-02-12T05:36:00,12.359701,-1.516398
securityA-43c3c6c2-08da-4277-b10b-2565d4ab391b,2026-02-12T05:36:00,12.359701,-1.516398
leaderA-dc3bb5ee-282c-411f-96da-eebb88b52ea0,2026-02-12T05:39:00,12.359699,-1.516398
securityA-43c3c6c2-08da-4277-b10b-2565d4ab391b,2026-02-12T05:39:00,12.359699,-1.516398
securityA-43c3c6c2-08da-4277-b10b-2565d4ab391b,2026-02-12T05:42:00,12.359714,-1.516391
leaderA-dc3bb5ee-282c-411f-96da-eebb88b52ea0,2026-02-12T05:42:00,12.359714,-1.516391
courierA-5459d08e-e00c-4174-9a21-c4b90ef20a87,2026-02-12T06:00:00,12.359413,-1.51634
courierA-5459d08e-e00c-4174-9a21-c4b90ef20a87,2026-02-12T06:00:30,12.359483,-1.516002
courierA-5459d08e-e00c-4174-9a21-c4b90ef20a87,2026-02-12T06:01:00,12.359666,-1.515843
courierA-5459d08e-e00c-4174-9a21-c4b90ef20a87,2026-02-12T06:01:30,12.359996,-1.515914
courierA-5459d08e-e00c-4174-9a21-c4b90ef20a87,2026-02-12T06:02:00,12.360326,-1.515986
courierA-5459d08e-e00c-4174-9a21-c4b90ef20a87,2026-02-12T06:02:30,12.360656,-1.516057
courierA-5459d08e-e00c-4174-9a21-c4b90ef20a87,2026-02-12T06:03:00,12.360986,-1.516128
courierA-5459d08e-e00c-4174-9a21-c4b90ef20a87,2026-02-12T06:03:30,12.361316,-1.516199
courierA-5459d08e-e00c-4174-9a21-c4b90ef20a87,2026-02-12T06:04:00,12.361417,-1.515912
courierA-5459d08e-e00c-4174-9a21-c4b90ef20a87,2026-02-12T06:04:30,12.361484,-1.515573
courierA-5459d08e-e00c-4174-9a21-c4b90ef20a87,2026-02-12T06:05:00,12.361549,-1.515235
courierA-5459d08e-e00c-4174-9a21-c4b90ef20a87,2026-02-12T06:05:30,12.361465,-1.51493
courierA-5459d08e-e00c-4174-9a21-c4b90ef20a87,2026-02-12T06:06:00,12.361664,-1.514691
courierA-5459d08e-e00c-4174-9a21-c4b90ef20a87,2026-02-12T06:06:30,12.36179,-1.514443
facA-1420f464-9589-439d-bdab-a216790c256e,2026-02-12T06:30:00,12.362903,-1.522505
facA-1420f464-9589-439d-bdab-a216790c256e,2026-02-12T06:33:00,12.362884,-1.522498
facA-1420f464-9589-439d-bdab-a216790c256e,2026-02-12T06:36:00,12.362883,-1.522501
facA-1420f464-9589-439d-bdab-a216790c256e,2026-02-12T06:39:00,12.362888,-1.522482
civ-c0adec69-03a0-45ad-9b56-25a23180cea1,2026-02-12T07:00:00,12.364028,-1.515382
civ-25274855-f78c-408d-b663-5d0f2845b1eb,2026-02-12T07:00:00,12.363916,-1.51542
civ-73608ee1-76f7-4f71-a99f-38b6fbcda0a1,2026-02-12T07:00:00,12.363978,-1.515487
civ-e883e94f-0026-415e-864b-92236d386b2c,2026-02-12T07:00:00,12.364076,-1.515281
civ-cc613b1e-f845-48b9-9091-481b01d26e83,2026-02-12T07:00:00,12.363907,-1.515359
civ-44ea22d4-4f5f-4cb0-8c29-cdfcfab36b4e,2026-02-12T07:00:00,12.363965,-1.515444
civ-d4e6fd51-5102-48c8-a254-9845105d6da6,2026-02-12T07:00:00,12.362813,-1.522528
civ-84dbe44f-43a8-4728-813f-1863342a8b26,2026-02-12T07:00:00,12.363986,-1.515454
civ-531e53eb-7bb1-4db0-a024-8acc4071fdde,2026-02-12T07:00:00,12.362944,-1.522489
civ-bd0fb39d-8713-464d-9dfa-8af5f6ed6575,2026-02-12T07:00:00,12.362791,-1.522477
civ-ca7651ee-1b70-48c2-9ca3-5fc2fd89e13f,2026-02-12T07:00:00,12.364035,-1.515426
civ-85037207-271e-4d69-85bb-23052d380895,2026-02-12T07:00:00,12.36286,-1.522485
civ-a532cc33-9083-4dd5-a0a7-1be474b24b5e,2026-02-12T07:00:00,12.363025,-1.522562
civ-26e4b157-6019-4e26-95c4-07c4e73c2419,2026-02-12T07:00:00,12.362879,-1.522556
civ-b6ac8513-4357-48bf-a561-c43292570706,2026-02-12T07:00:00,12.362801,-1.522551
civ-303159eb-d9d0-41be-9cc3-2256ce3a7e0f,2026-02-12T07:00:00,12.362931,-1.522414
civ-6a022942-f0db-4c22-bb71-34db1bfcf1ce,2026-02-12T07:00:00,12.362983,-1.522524
civ-ec60421d-f2e4-46ff-827b-01c671bfb93e,2026-02-12T07:00:00,12.362951,-1.522648
civ-3fab125c-c86b-4b81-9ee2-a89f7e4ba56f,2026-02-12T07:00:00,12.362858,-1.522484
civ-3388d781-14ae-4249-96d0-c3152187b389,2026-02-12T07:00:00,12.362831,-1.522515
civ-1d126938-7f9d-42a4-ba2f-8569a23c1144,2026-02-12T07:00:00,12.362875,-1.522488
civ-5503fa3f-aaeb-44b3-9107-78c1ffd16bd8,2026-02-12T07:00:00,12.362904,-1.522468
civ-03979f78-7316-4e98-8988-142d2c1b8c9e,2026-02-12T07:00:00,12.362933,-1.522571
civ-3239a3d6-17d5-493e-8953-a8c684079194,2026-02-12T07:00:00,12.362721,-1.522547
civ-dcba881c-2cac-4d14-9889-75b5b800f359,2026-02-12T07:00:00,12.362863,-1.522498
civ-b2dadf1a-9dc0-4d3e-bed8-bc230623ad3c,2026-02-12T07:00:00,12.362914,-1.522468
civ-2ca1e4b6-874c-47e7-bcf1-7006abce0195,2026-02-12T07:00:00,12.362893,-1.522538
courierA-5459d08e-e00c-4174-9a21-c4b90ef20a87,2026-02-12T07:00:00,12.362491,-1.513084
civ-c8f664d6-49f4-4b7e-84c7-044177bf5823,2026-02-12T07:00:00,12.36399,-1.515347
civ-ce383c13-8686-485e-8f73-2ded0954a6fa,2026-02-12T07:00:00,12.364032,-1.515535
civ-e217ade3-f5a4-433d-a669-621dcd38cfbd,2026-02-12T07:00:00,12.362923,-1.522524
civ-b6c9f1ca-27b3-4ea8-9980-525754fd0be4,2026-02-12T07:00:00,12.364003,-1.515368
civ-77055de5-9dc1-4186-beea-46b4d2b1520b,2026-02-12T07:00:00,12.363875,-1.515292
civ-48e283ac-9aca-44d8-ba72-415fff12b5cc,2026-02-12T07:00:00,12.363994,-1.515403
civ-eb1a6f53-f34b-4616-b59d-7167427e9806,2026-02-12T07:00:00,12.364005,-1.51543
civ-21e1ef1f-0867-4033-b64c-8bf7480713af,2026-02-12T07:00:00,12.363863,-1.515305
civ-bd41acd4-48ad-4d3d-9dab-1e2cab7148c1,2026-02-12T07:00:00,12.364061,-1.515553
civ-0ad742a5-6cc9-4979-8d78-e2329c0d79f1,2026-02-12T07:00:00,12.363993,-1.515443
civ-793622be-0279-4ddb-ad13-e5382cbf1940,2026-02-12T07:00:00,12.364031,-1.515366
civ-e9091dec-f357-4bba-8d9c-bc237b21319a,2026-02-12T07:00:00,12.364034,-1.515419
civ-11200979-2e34-498f-879f-b67bba31bb81,2026-02-12T07:00:00,12.364069,-1.515474
courierA-5459d08e-e00c-4174-9a21-c4b90ef20a87,2026-02-12T07:03:00,12.362508,-1.513102
courierA-5459d08e-e00c-4174-9a21-c4b90ef20a87,2026-02-12T07:06:00,12.36251,-1.51311
securityA-43c3c6c2-08da-4277-b10b-2565d4ab391b,2026-02-12T07:47:00,12.359413,-1.51634
leaderA-dc3bb5ee-282c-411f-96da-eebb88b52ea0,2026-02-12T07:47:00,12.359413,-1.51634
leaderA-dc3bb5ee-282c-411f-96da-eebb88b52ea0,2026-02-12T07:47:30,12.359346,-1.516678
securityA-43c3c6c2-08da-4277-b10b-2565d4ab391b,2026-02-12T07:47:30,12.359346,-1.516678
leaderA-dc3bb5ee-282c-411f-96da-eebb88b52ea0,2026-02-12T07:48:00,12.359286,-1.517018
securityA-43c3c6c2-08da-4277-b10b-2565d4ab391b,2026-02-12T07:48:00,12.359286,-1.517018
securityA-43c3c6c2-08da-4277-b10b-2565d4ab391b,2026-02-12T07:48:30,12.359261,-1.517335
leaderA-dc3bb5ee-282c-411f-96da-eebb88b52ea0,2026-02-12T07:48:30,12.359261,-1.517335
securityA-43c3c6c2-08da-4277-b10b-2565d4ab391b,2026-02-12T07:49:00,12.359592,-1.517397
leaderA-dc3bb5ee-282c-411f-96da-eebb88b52ea0,2026-02-12T07:49:00,12.359592,-1.517397
securityA-43c3c6c2-08da-4277-b10b-2565d4ab391b,2026-02-12T07:49:30,12.359924,-1.517459
leaderA-dc3bb5ee-282c-411f-96da-eebb88b52ea0,2026-02-12T07:49:30,12.359924,-1.517459
securityA-43c3c6c2-08da-4277-b10b-2565d4ab391b,2026-02-12T07:50:00,12.360256,-1.517521
leaderA-dc3bb5ee-282c-411f-96da-eebb88b52ea0,2026-02-12T07:50:00,12.360256,-1.517521
leaderA-dc3bb5ee-282c-411f-96da-eebb88b52ea0,2026-02-12T07:50:30,12.360588,-1.517583
securityA-43c3c6c2-08da-4277-b10b-2565d4ab391b,2026-02-12T07:50:30,12.360588,-1.517583
leaderA-dc3bb5ee-282c-411f-96da-eebb88b52ea0,2026-02-12T07:51:00,12.360919,-1.517645
securityA-43c3c6c2-08da-4277-b10b-2565d4ab391b,2026-02-12T07:51:00,12.360919,-1.517645
leaderA-dc3bb5ee-282c-411f-96da-eebb88b52ea0,2026-02-12T07:51:30,12.361251,-1.517707
securityA-43c3c6c2-08da-4277-b10b-2565d4ab391b,2026-02-12T07:51:30,12.361251,-1.517707
securityA-43c3c6c2-08da-4277-b10b-2565d4ab391b,2026-02-12T07:52:00,12.361583,-1.517769
leaderA-dc3bb5ee-282c-411f-96da-eebb88b52ea0,2026-02-12T07:52:00,12.361583,-1.517769
leaderA-dc3bb5ee-282c-411f-96da-eebb88b52ea0,2026-02-12T07:52:30,12.361915,-1.51783
securityA-43c3c6c2-08da-4277-b10b-2565d4ab391b,2026-02-12T07:52:30,12.361915,-1.51783
securityA-43c3c6c2-08da-4277-b10b-2565d4ab391b,2026-02-12T07:53:00,12.362247,-1.517892
leaderA-dc3bb5ee-282c-411f-96da-eebb88b52ea0,2026-02-12T07:53:00,12.362247,-1.517892
securityA-43c3c6c2-08da-4277-b10b-2565d4ab391b,2026-02-12T07:53:30,12.362578,-1.517955
leaderA-dc3bb5ee-282c-411f-96da-eebb88b52ea0,2026-02-12T07:53:30,12.362578,-1.517955
securityA-43c3c6c2-08da-4277-b10b-2565d4ab391b,2026-02-12T07:54:00,12.36291,-1.518018
leaderA-dc3bb5ee-282c-411f-96da-eebb88b52ea0,2026-02-12T07:54:00,12.36291,-1.518018
securityA-43c3c6c2-08da-4277-b10b-2565d4ab391b,2026-02-12T07:54:30,12.363093,-1.51786
leaderA-dc3bb5ee-282c-411f-96da-eebb88b52ea0,2026-02-12T07:54:30,12.363093,-1.51786
securityA-43c3c6c2-08da-4277-b10b-2565d4ab391b,2026-02-12T07:55:00,12.363154,-1.517521
leaderA-dc3bb5ee-282c-411f-96da-eebb88b52ea0,2026-02-12T07:55:00,12.363154,-1.517521
securityA-43c3c6c2-08da-4277-b10b-2565d4ab391b,2026-02-12T07:55:30,12.363213,-1.517181
leaderA-dc3bb5ee-282c-411f-96da-eebb88b52ea0,2026-02-12T07:55:30,12.363213,-1.517181
leaderA-dc3bb5ee-282c-411f-96da-eebb88b52ea0,2026-02-12T07:56:00,12.363281,-1.516843
securityA-43c3c6c2-08da-4277-b10b-2565d4ab391b,2026-02-12T07:56:00,12.363281,-1.516843
leaderA-dc3bb5ee-282c-411f-96da-eebb88b52ea0,2026-02-12T07:56:30,12.363349,-1.516504
securityA-43c3c6c2-08da-4277-b10b-2565d4ab391b,2026-02-12T07:56:30,12.363349,-1.516504
leaderA-dc3bb5ee-282c-411f-96da-eebb88b52ea0,2026-02-12T07:57:00,12.363412,-1.516165
securityA-43c3c6c2-08da-4277-b10b-2565d4ab391b,2026-02-12T07:57:00,12.363412,-1.516165
leaderA-dc3bb5ee-282c-411f-96da-eebb88b52ea0,2026-02-12T07:57:30,12.363487,-1.515829
securityA-43c3c6c2-08da-4277-b10b-2565d4ab391b,2026-02-12T07:57:30,12.363487,-1.515829
securityA-43c3c6c2-08da-4277-b10b-2565d4ab391b,2026-02-12T07:58:00,12.363562,-1.515492
leaderA-dc3bb5ee-282c-411f-96da-eebb88b52ea0,2026-02-12T07:58:00,12.363562,-1.515492
securityB-12f2e631-90a7-4ce7-87f7-c377db45e99c,2026-02-12T08:00:00,12.364466,-1.521212
leaderB-579ff0e7-77e4-4b16-9220-59c2c36ecc12,2026-02-12T08:00:00,12.364466,-1.521212
logB-c23e4c99-d72b-4789-9397-006a7d765d4c,2026-02-12T08:00:00,12.362496,-1.513083
securityB-12f2e631-90a7-4ce7-87f7-c377db45e99c,2026-02-12T08:00:30,12.364527,-1.520872
leaderB-579ff0e7-77e4-4b16-9220-59c2c36ecc12,2026-02-12T08:00:30,12.364527,-1.520872
leaderB-579ff0e7-77e4-4b16-9220-59c2c36ecc12,2026-02-12T08:01:00,12.364588,-1.520533
securityB-12f2e631-90a7-4ce7-87f7-c377db45e99c,2026-02-12T08:01:00,12.364588,-1.520533
leaderB-579ff0e7-77e4-4b16-9220-59c2c36ecc12,2026-02-12T08:01:30,12.364651,-1.520194
securityB-12f2e631-90a7-4ce7-87f7-c377db45e99c,2026-02-12T08:01:30,12.364651,-1.520194
leaderB-579ff0e7-77e4-4b16-9220-59c2c36ecc12,2026-02-12T08:02:00,12.364714,-1.519855
securityB-12f2e631-90a7-4ce7-87f7-c377db45e99c,2026-02-12T08:02:00,12.364714,-1.519855
leaderB-579ff0e7-77e4-4b16-9220-59c2c36ecc12,2026-02-12T08:02:30,12.364775,-1.519515
securityB-12f2e631-90a7-4ce7-87f7-c377db45e99c,2026-02-12T08:02:30,12.364775,-1.519515
logB-c23e4c99-d72b-4789-9397-006a7d765d4c,2026-02-12T08:03:00,12.362505,-1.513112
securityB-12f2e631-90a7-4ce7-87f7-c377db45e99c,2026-02-12T08:03:00,12.364843,-1.519177
leaderB-579ff0e7-77e4-4b16-9220-59c2c36ecc12,2026-02-12T08:03:00,12.364843,-1.519177
securityB-12f2e631-90a7-4ce7-87f7-c377db45e99c,2026-02-12T08:03:30,12.36491,-1.518838
leaderB-579ff0e7-77e4-4b16-9220-59c2c36ecc12,2026-02-12T08:03:30,12.36491,-1.518838
securityB-12f2e631-90a7-4ce7-87f7-c377db45e99c,2026-02-12T08:04:00,12.364974,-1.518499
leaderB-579ff0e7-77e4-4b16-9220-59c2c36ecc12,2026-02-12T08:04:00,12.364974,-1.518499
securityB-12f2e631-90a7-4ce7-87f7-c377db45e99c,2026-02-12T08:04:30,12.364673,-1.518418
leaderB-579ff0e7-77e4-4b16-9220-59c2c36ecc12,2026-02-12T08:04:30,12.364673,-1.518418
securityB-12f2e631-90a7-4ce7-87f7-c377db45e99c,2026-02-12T08:05:00,12.364341,-1.518355
leaderB-579ff0e7-77e4-4b16-9220-59c2c36ecc12,2026-02-12T08:05:00,12.364341,-1.518355
leaderB-579ff0e7-77e4-4b16-9220-59c2c36ecc12,2026-02-12T08:05:30,12.364009,-1.518294
securityB-12f2e631-90a7-4ce7-87f7-c377db45e99c,2026-02-12T08:05:30,12.364009,-1.518294
logB-c23e4c99-d72b-4789-9397-006a7d765d4c,2026-02-12T08:06:00,12.362504,-1.513114
leaderB-579ff0e7-77e4-4b16-9220-59c2c36ecc12,2026-02-12T08:06:00,12.363677,-1.518233
securityB-12f2e631-90a7-4ce7-87f7-c377db45e99c,2026-02-12T08:06:00,12.363677,-1.518233
leaderB-579ff0e7-77e4-4b16-9220-59c2c36ecc12,2026-02-12T08:06:30,12.363345,-1.518172
securityB-12f2e631-90a7-4ce7-87f7-c377db45e99c,2026-02-12T08:06:30,12.363345,-1.518172
leaderB-579ff0e7-77e4-4b16-9220-59c2c36ecc12,2026-02-12T08:07:00,12.363013,-1.518111
securityB-12f2e631-90a7-4ce7-87f7-c377db45e99c,2026-02-12T08:07:00,12.363013,-1.518111
leaderB-579ff0e7-77e4-4b16-9220-59c2c36ecc12,2026-02-12T08:07:30,12.362682,-1.518049
securityB-12f2e631-90a7-4ce7-87f7-c377db45e99c,2026-02-12T08:07:30,12.362682,-1.518049
leaderB-579ff0e7-77e4-4b16-9220-59c2c36ecc12,2026-02-12T08:08:00,12.36235,-1.517985
securityB-12f2e631-90a7-4ce7-87f7-c377db45e99c,2026-02-12T08:08:00,12.36235,-1.517985
securityB-12f2e631-90a7-4ce7-87f7-c377db45e99c,2026-02-12T08:08:30,12.362019,-1.517922
leaderB-579ff0e7-77e4-4b16-9220-59c2c36ecc12,2026-02-12T08:08:30,12.362019,-1.517922
securityB-12f2e631-90a7-4ce7-87f7-c377db45e99c,2026-02-12T08:09:00,12.361686,-1.517864
logB-c23e4c99-d72b-4789-9397-006a7d765d4c,2026-02-12T08:09:00,12.36251,-1.513104
leaderB-579ff0e7-77e4-4b16-9220-59c2c36ecc12,2026-02-12T08:09:00,12.361686,-1.517864
securityB-12f2e631-90a7-4ce7-87f7-c377db45e99c,2026-02-12T08:09:30,12.361354,-1.517805
leaderB-579ff0e7-77e4-4b16-9220-59c2c36ecc12,2026-02-12T08:09:30,12.361354,-1.517805
leaderB-579ff0e7-77e4-4b16-9220-59c2c36ecc12,2026-02-12T08:10:00,12.361134,-1.517667
securityB-12f2e631-90a7-4ce7-87f7-c377db45e99c,2026-02-12T08:10:00,12.361134,-1.517667
securityB-12f2e631-90a7-4ce7-87f7-c377db45e99c,2026-02-12T08:10:30,12.361198,-1.517328
leaderB-579ff0e7-77e4-4b16-9220-59c2c36ecc12,2026-02-12T08:10:30,12.361198,-1.517328
securityB-12f2e631-90a7-4ce7-87f7-c377db45e99c,2026-02-12T08:11:00,12.361263,-1.516989
leaderB-579ff0e7-77e4-4b16-9220-59c2c36ecc12,2026-02-12T08:11:00,12.361263,-1.516989
leaderB-579ff0e7-77e4-4b16-9220-59c2c36ecc12,2026-02-12T08:11:30,12.361331,-1.516651
securityB-12f2e631-90a7-4ce7-87f7-c377db45e99c,2026-02-12T08:11:30,12.361331,-1.516651
logB-c23e4c99-d72b-4789-9397-006a7d765d4c,2026-02-12T08:12:00,12.362499,-1.513088
leaderB-579ff0e7-77e4-4b16-9220-59c2c36ecc12,2026-02-12T08:12:00,12.361398,-1.516312
securityB-12f2e631-90a7-4ce7-87f7-c377db45e99c,2026-02-12T08:12:00,12.361398,-1.516312
leaderB-579ff0e7-77e4-4b16-9220-59c2c36ecc12,2026-02-12T08:12:30,12.361403,-1.515982
securityB-12f2e631-90a7-4ce7-87f7-c377db45e99c,2026-02-12T08:12:30,12.361403,-1.515982
securityB-12f2e631-90a7-4ce7-87f7-c377db45e99c,2026-02-12T08:13:00,12.36147,-1.515644
leaderB-579ff0e7-77e4-4b16-9220-59c2c36ecc12,2026-02-12T08:13:00,12.36147,-1.515644
leaderB-579ff0e7-77e4-4b16-9220-59c2c36ecc12,2026-02-12T08:13:30,12.361536,-1.515305
securityB-12f2e631-90a7-4ce7-87f7-c377db45e99c,2026-02-12T08:13:30,12.361536,-1.515305
securityB-12f2e631-90a7-4ce7-87f7-c377db45e99c,2026-02-12T08:14:00,12.36147,-1.515001
leaderB-579ff0e7-77e4-4b16-9220-59c2c36ecc12,2026-02-12T08:14:00,12.36147,-1.515001
leaderB-579ff0e7-77e4-4b16-9220-59c2c36ecc12,2026-02-12T08:14:30,12.361625,-1.514735
securityB-12f2e631-90a7-4ce7-87f7-c377db45e99c,2026-02-12T08:14:30,12.361625,-1.514735
leaderB-579ff0e7-77e4-4b16-9220-59c2c36ecc12,2026-02-12T08:15:00,12.361721,-1.51443
securityB-12f2e631-90a7-4ce7-87f7-c377db45e99c,2026-02-12T08:15:00,12.361721,-1.51443
securityB-12f2e631-90a7-4ce7-87f7-c377db45e99c,2026-02-12T09:00:00,12.362507,-1.513097
propB-775f6ffc-da47-48c0-82b1-4fe100d5ee88,2026-02-12T09:00:00,12.358988,-1.520913
leaderB-579ff0e7-77e4-4b16-9220-59c2c36ecc12,2026-02-12T09:00:00,12.362507,-1.513097
propB-775f6ffc-da47-48c0-82b1-4fe100d5ee88,2026-02-12T09:03:00,12.358995,-1.520891
securityB-12f2e631-90a7-4ce7-87f7-c377db45e99c,2026-02-12T09:03:00,12.362485,-1.513109
leaderB-579ff0e7-77e4-4b16-9220-59c2c36ecc12,2026-02-12T09:03:00,12.362485,-1.513109
propB-775f6ffc-da47-48c0-82b1-4fe100d5ee88,2026-02-12T09:06:00,12.358986,-1.520925
leaderB-579ff0e7-77e4-4b16-9220-59c2c36ecc12,2026-02-12T09:06:00,12.362499,-1.513099
securityB-12f2e631-90a7-4ce7-87f7-c377db45e99c,2026-02-12T09:06:00,12.362499,-1.513099
securityB-12f2e631-90a7-4ce7-87f7-c377db45e99c,2026-02-12T09:09:00,12.36249,-1.513078
leaderB-579ff0e7-77e4-4b16-9220-59c2c36ecc12,2026-02-12T09:09:00,12.36249,-1.513078
propB-775f6ffc-da47-48c0-82b1-4fe100d5ee88,2026-02-12T09:09:00,12.358996,-1.520895
leaderA-dc3bb5ee-282c-411f-96da-eebb88b52ea0,2026-02-12T09:30:00,12.364008,-1.515404
securityA-43c3c6c2-08da-4277-b10b-2565d4ab391b,2026-02-12T09:30:00,12.364008,-1.515404
leaderA-dc3bb5ee-282c-411f-96da-eebb88b52ea0,2026-02-12T09:45:00,12.363992,-1.515391
securityA-43c3c6c2-08da-4277-b10b-2565d4ab391b,2026-02-12T09:45:00,12.363992,-1.515391
leaderA-dc3bb5ee-282c-411f-96da-eebb88b52ea0,2026-02-12T10:00:00,12.364008,-1.515387
securityA-43c3c6c2-08da-4277-b10b-2565d4ab391b,2026-02-12T10:00:00,12.364008,-1.515387
leaderA-dc3bb5ee-282c-411f-96da-eebb88b52ea0,2026-02-12T10:15:00,12.363995,-1.515402
securityA-43c3c6c2-08da-4277-b10b-2565d4ab391b,2026-02-12T10:15:00,12.363995,-1.515402
leaderA-dc3bb5ee-282c-411f-96da-eebb88b52ea0,2026-02-12T10:30:00,12.363985,-1.515404
securityA-43c3c6c2-08da-4277-b10b-2565d4ab391b,2026-02-12T10:30:00,12.363985,-1.515404
securityA-43c3c6c2-08da-4277-b10b-2565d4ab391b,2026-02-12T10:45:00,12.364009,-1.515404
leaderA-dc3bb5ee-282c-411f-96da-eebb88b52ea0,2026-02-12T10:45:00,12.364009,-1.515404
securityB-12f2e631-90a7-4ce7-87f7-c377db45e99c,2026-02-12T11:00:00,12.361831,-1.514451
leaderB-579ff0e7-77e4-4b16-9220-59c2c36ecc12,2026-02-12T11:00:00,12.361831,-1.514451
leaderB-579ff0e7-77e4-4b16-9220-59c2c36ecc12,2026-02-12T11:00:30,12.361806,-1.514771
securityB-12f2e631-90a7-4ce7-87f7-c377db45e99c,2026-02-12T11:00:30,12.361806,-1.514771
securityB-12f2e631-90a7-4ce7-87f7-c377db45e99c,2026-02-12T11:01:00,12.361843,-1.515081
leaderB-579ff0e7-77e4-4b16-9220-59c2c36ecc12,2026-02-12T11:01:00,12.361843,-1.515081
securityB-12f2e631-90a7-4ce7-87f7-c377db45e99c,2026-02-12T11:01:30,12.361661,-1.515329
leaderB-579ff0e7-77e4-4b16-9220-59c2c36ecc12,2026-02-12T11:01:30,12.361661,-1.515329
securityB-12f2e631-90a7-4ce7-87f7-c377db45e99c,2026-02-12T11:02:00,12.36159,-1.515666
leaderB-579ff0e7-77e4-4b16-9220-59c2c36ecc12,2026-02-12T11:02:00,12.36159,-1.515666
securityB-12f2e631-90a7-4ce7-87f7-c377db45e99c,2026-02-12T11:02:30,12.361521,-1.516004
leaderB-579ff0e7-77e4-4b16-9220-59c2c36ecc12,2026-02-12T11:02:30,12.361521,-1.516004
securityB-12f2e631-90a7-4ce7-87f7-c377db45e99c,2026-02-12T11:03:00,12.361398,-1.516308
leaderB-579ff0e7-77e4-4b16-9220-59c2c36ecc12,2026-02-12T11:03:00,12.361398,-1.516308
leaderB-579ff0e7-77e4-4b16-9220-59c2c36ecc12,2026-02-12T11:03:30,12.361331,-1.516647
securityB-12f2e631-90a7-4ce7-87f7-c377db45e99c,2026-02-12T11:03:30,12.361331,-1.516647
securityB-12f2e631-90a7-4ce7-87f7-c377db45e99c,2026-02-12T11:04:00,12.361264,-1.516985
leaderB-579ff0e7-77e4-4b16-9220-59c2c36ecc12,2026-02-12T11:04:00,12.361264,-1.516985
leaderB-579ff0e7-77e4-4b16-9220-59c2c36ecc12,2026-02-12T11:04:30,12.361199,-1.517324
securityB-12f2e631-90a7-4ce7-87f7-c377db45e99c,2026-02-12T11:04:30,12.361199,-1.517324
securityB-12f2e631-90a7-4ce7-87f7-c377db45e99c,2026-02-12T11:05:00,12.361135,-1.517663
leaderB-579ff0e7-77e4-4b16-9220-59c2c36ecc12,2026-02-12T11:05:00,12.361135,-1.517663
securityB-12f2e631-90a7-4ce7-87f7-c377db45e99c,2026-02-12T11:05:30,12.361441,-1.517742
leaderB-579ff0e7-77e4-4b16-9220-59c2c36ecc12,2026-02-12T11:05:30,12.361441,-1.517742
securityB-12f2e631-90a7-4ce7-87f7-c377db45e99c,2026-02-12T11:06:00,12.361773,-1.517804
leaderB-579ff0e7-77e4-4b16-9220-59c2c36ecc12,2026-02-12T11:06:00,12.361773,-1.517804
leaderB-579ff0e7-77e4-4b16-9220-59c2c36ecc12,2026-02-12T11:06:30,12.362105,-1.517865
securityB-12f2e631-90a7-4ce7-87f7-c377db45e99c,2026-02-12T11:06:30,12.362105,-1.517865
securityB-12f2e631-90a7-4ce7-87f7-c377db45e99c,2026-02-12T11:07:00,12.362436,-1.517928
leaderB-579ff0e7-77e4-4b16-9220-59c2c36ecc12,2026-02-12T11:07:00,12.362436,-1.517928
securityB-12f2e631-90a7-4ce7-87f7-c377db45e99c,2026-02-12T11:07:30,12.362768,-1.517991
leaderB-579ff0e7-77e4-4b16-9220-59c2c36ecc12,2026-02-12T11:07:30,12.362768,-1.517991
leaderB-579ff0e7-77e4-4b16-9220-59c2c36ecc12,2026-02-12T11:08:00,12.3631,-1.518054
securityB-12f2e631-90a7-4ce7-87f7-c377db45e99c,2026-02-12T11:08:00,12.3631,-1.518054
leaderB-579ff0e7-77e4-4b16-9220-59c2c36ecc12,2026-02-12T11:08:30,12.363431,-1.518117
securityB-12f2e631-90a7-4ce7-87f7-c377db45e99c,2026-02-12T11:08:30,12.363431,-1.518117
leaderB-579ff0e7-77e4-4b16-9220-59c2c36ecc12,2026-02-12T11:09:00,12.363763,-1.51818
securityB-12f2e631-90a7-4ce7-87f7-c377db45e99c,2026-02-12T11:09:00,12.363763,-1.51818
securityB-12f2e631-90a7-4ce7-87f7-c377db45e99c,2026-02-12T11:09:30,12.364095,-1.518242
leaderB-579ff0e7-77e4-4b16-9220-59c2c36ecc12,2026-02-12T11:09:30,12.364095,-1.518242
leaderB-579ff0e7-77e4-4b16-9220-59c2c36ecc12,2026-02-12T11:10:00,12.364427,-1.518301
securityB-12f2e631-90a7-4ce7-87f7-c377db45e99c,2026-02-12T11:10:00,12.364427,-1.518301
leaderB-579ff0e7-77e4-4b16-9220-59c2c36ecc12,2026-02-12T11:10:30,12.364759,-1.518362
securityB-12f2e631-90a7-4ce7-87f7-c377db45e99c,2026-02-12T11:10:30,12.364759,-1.518362
securityB-12f2e631-90a7-4ce7-87f7-c377db45e99c,2026-02-12T11:11:00,12.364973,-1.518506
leaderB-579ff0e7-77e4-4b16-9220-59c2c36ecc12,2026-02-12T11:11:00,12.364973,-1.518506
leaderB-579ff0e7-77e4-4b16-9220-59c2c36ecc12,2026-02-12T11:11:30,12.364908,-1.518845
securityB-12f2e631-90a7-4ce7-87f7-c377db45e99c,2026-02-12T11:11:30,12.364908,-1.518845
leaderB-579ff0e7-77e4-4b16-9220-59c2c36ecc12,2026-02-12T11:12:00,12.364842,-1.519183
securityB-12f2e631-90a7-4ce7-87f7-c377db45e99c,2026-02-12T11:12:00,12.364842,-1.519183
leaderB-579ff0e7-77e4-4b16-9220-59c2c36ecc12,2026-02-12T11:12:30,12.364774,-1.519521
securityB-12f2e631-90a7-4ce7-87f7-c377db45e99c,2026-02-12T11:12:30,12.364774,-1.519521
securityB-12f2e631-90a7-4ce7-87f7-c377db45e99c,2026-02-12T11:13:00,12.364713,-1.519861
leaderB-579ff0e7-77e4-4b16-9220-59c2c36ecc12,2026-02-12T11:13:00,12.364713,-1.519861
securityB-12f2e631-90a7-4ce7-87f7-c377db45e99c,2026-02-12T11:13:30,12.36465,-1.5202
leaderB-579ff0e7-77e4-4b16-9220-59c2c36ecc12,2026-02-12T11:13:30,12.36465,-1.5202
securityB-12f2e631-90a7-4ce7-87f7-c377db45e99c,2026-02-12T11:14:00,12.364587,-1.520539
leaderB-579ff0e7-77e4-4b16-9220-59c2c36ecc12,2026-02-12T11:14:00,12.364587,-1.520539
securityB-12f2e631-90a7-4ce7-87f7-c377db45e99c,2026-02-12T11:14:30,12.364526,-1.520879
leaderB-579ff0e7-77e4-4b16-9220-59c2c36ecc12,2026-02-12T11:14:30,12.364526,-1.520879
propB-775f6ffc-da47-48c0-82b1-4fe100d5ee88,2026-02-12T14:00:00,12.362911,-1.522504
securityB-12f2e631-90a7-4ce7-87f7-c377db45e99c,2026-02-12T14:00:00,12.359014,-1.520895
courierA-5459d08e-e00c-4174-9a21-c4b90ef20a87,2026-02-12T14:00:00,12.359413,-1.51634
leaderB-579ff0e7-77e4-4b16-9220-59c2c36ecc12,2026-02-12T14:00:00,12.359014,-1.520895
courierA-5459d08e-e00c-4174-9a21-c4b90ef20a87,2026-02-12T14:00:30,12.359346,-1.516678
courierA-5459d08e-e00c-4174-9a21-c4b90ef20a87,2026-02-12T14:01:00,12.359286,-1.517018
courierA-5459d08e-e00c-4174-9a21-c4b90ef20a87,2026-02-12T14:01:30,12.359261,-1.517335
courierA-5459d08e-e00c-4174-9a21-c4b90ef20a87,2026-02-12T14:02:00,12.359592,-1.517397
courierA-5459d08e-e00c-4174-9a21-c4b90ef20a87,2026-02-12T14:02:30,12.359924,-1.517459
securityB-12f2e631-90a7-4ce7-87f7-c377db45e99c,2026-02-12T14:03:00,12.359001,-1.520902
leaderB-579ff0e7-77e4-4b16-9220-59c2c36ecc12,2026-02-12T14:03:00,12.359001,-1.520902
propB-775f6ffc-da47-48c0-82b1-4fe100d5ee88,2026-02-12T14:03:00,12.362896,-1.52249
courierA-5459d08e-e00c-4174-9a21-c4b90ef20a87,2026-02-12T14:03:00,12.360256,-1.517521
courierA-5459d08e-e00c-4174-9a21-c4b90ef20a87,2026-02-12T14:03:30,12.360588,-1.517583
courierA-5459d08e-e00c-4174-9a21-c4b90ef20a87,2026-02-12T14:04:00,12.360919,-1.517645
courierA-5459d08e-e00c-4174-9a21-c4b90ef20a87,2026-02-12T14:04:30,12.361251,-1.517707
courierA-5459d08e-e00c-4174-9a21-c4b90ef20a87,2026-02-12T14:05:00,12.361583,-1.517769
courierA-5459d08e-e00c-4174-9a21-c4b90ef20a87,2026-02-12T14:05:30,12.361915,-1.51783
courierA-5459d08e-e00c-4174-9a21-c4b90ef20a87,2026-02-12T14:06:00,12.362247,-1.517892
propB-775f6ffc-da47-48c0-82b1-4fe100d5ee88,2026-02-12T14:06:00,12.362883,-1.522503
securityB-12f2e631-90a7-4ce7-87f7-c377db45e99c,2026-02-12T14:06:00,12.358991,-1.520899
leaderB-579ff0e7-77e4-4b16-9220-59c2c36ecc12,2026-02-12T14:06:00,12.358991,-1.520899
courierA-5459d08e-e00c-4174-9a21-c4b90ef20a87,2026-02-12T14:06:30,12.362578,-1.517955
courierA-5459d08e-e00c-4174-9a21-c4b90ef20a87,2026-02-12T14:07:00,12.36291,-1.518018
courierA-5459d08e-e00c-4174-9a21-c4b90ef20a87,2026-02-12T14:07:30,12.363093,-1.51786
courierA-5459d08e-e00c-4174-9a21-c4b90ef20a87,2026-02-12T14:08:00,12.363154,-1.517521
courierA-5459d08e-e00c-4174-9a21-c4b90ef20a87,2026-02-12T14:08:30,12.363213,-1.517181
securityB-12f2e631-90a7-4ce7-87f7-c377db45e99c,2026-02-12T14:09:00,12.359002,-1.520911
leaderB-579ff0e7-77e4-4b16-9220-59c2c36ecc12,2026-02-12T14:09:00,12.359002,-1.520911
courierA-5459d08e-e00c-4174-9a21-c4b90ef20a87,2026-02-12T14:09:00,12.363281,-1.516843
courierA-5459d08e-e00c-4174-9a21-c4b90ef20a87,2026-02-12T14:09:30,12.363349,-1.516504
courierA-5459d08e-e00c-4174-9a21-c4b90ef20a87,2026-02-12T14:10:00,12.363412,-1.516165
courierA-5459d08e-e00c-4174-9a21-c4b90ef20a87,2026-02-12T14:10:30,12.363487,-1.515829
courierA-5459d08e-e00c-4174-9a21-c4b90ef20a87,2026-02-12T14:11:00,12.363562,-1.515492
leaderB-579ff0e7-77e4-4b16-9220-59c2c36ecc12,2026-02-12T14:12:00,12.359003,-1.520901
securityB-12f2e631-90a7-4ce7-87f7-c377db45e99c,2026-02-12T14:12:00,12.359003,-1.520901
leaderB-579ff0e7-77e4-4b16-9220-59c2c36ecc12,2026-02-12T14:15:00,12.358983,-1.520908
securityB-12f2e631-90a7-4ce7-87f7-c377db45e99c,2026-02-12T14:15:00,12.358983,-1.520908
facA-1420f464-9589-439d-bdab-a216790c256e,2026-02-12T14:30:00,12.364008,-1.515399
facA-1420f464-9589-439d-bdab-a216790c256e,2026-02-12T14:33:00,12.364011,-1.515408
facA-1420f464-9589-439d-bdab-a216790c256e,2026-02-12T14:36:00,12.364005,-1.515398
facA-1420f464-9589-439d-bdab-a216790c256e,2026-02-12T14:39:00,12.364002,-1.515389
civ-7e7fa78a-0c6f-4e7b-bcee-56481fa28ce1,2026-02-12T15:00:00,12.363944,-1.515304
civ-ae35fe20-18ef-47b1-8a57-7cb5534e0807,2026-02-12T15:00:00,12.362809,-1.522377
civ-1f65cd66-84ba-4098-ab56-a0bda80afef5,2026-02-12T15:00:00,12.36276,-1.52249
civ-2df80ccb-e617-4a1f-93b8-c429bc6f7b24,2026-02-12T15:00:00,12.362769,-1.522445
civ-73a20429-22c7-41d6-ad00-af1b3b2a0742,2026-02-12T15:00:00,12.362893,-1.52247
civ-c840b3b0-76da-4864-b3a4-d38112591f04,2026-02-12T15:00:00,12.362838,-1.522408
civ-99c0bf98-e65c-4edf-a2ac-faad375ef627,2026-02-12T15:00:00,12.362975,-1.522458
civ-bcf0d934-716f-45f1-a754-8add2e990ba1,2026-02-12T15:00:00,12.362849,-1.522438
civ-cd4feb79-808b-4b66-9878-41ca69ba2735,2026-02-12T15:00:00,12.363992,-1.515465
civ-2148171d-fd88-4c6b-9635-3d80197db8a6,2026-02-12T15:00:00,12.363019,-1.522423
civ-6f9d8c8a-dff4-460a-ae14-8505e68a55be,2026-02-12T15:00:00,12.362847,-1.522474
civ-fd89a18e-cb52-4135-9c19-3d7d70eeb208,2026-02-12T15:00:00,12.362915,-1.522383
civ-8b3915bc-22ec-4c4d-8b50-4fdac5edcd76,2026-02-12T15:00:00,12.363949,-1.515451
civ-0e26346c-5bd3-4dc7-8b74-1a30c8f6ec61,2026-02-12T15:00:00,12.362847,-1.522369
civ-b827e626-c639-4c18-aa51-88d987b99111,2026-02-12T15:00:00,12.362891,-1.522458
civ-2925fe96-7062-49a7-bdf3-0fdd8b45d394,2026-02-12T15:00:00,12.364061,-1.515427
civ-c83cc2d4-371c-428a-b031-4beea55bf126,2026-02-12T15:00:00,12.363791,-1.515427
civ-346b37b3-f704-4aed-a57a-5776e1f3e6d7,2026-02-12T15:00:00,12.363925,-1.515517
civ-336cb754-a9e1-4cc9-aa8c-6e3aab9a0b9e,2026-02-12T15:00:00,12.362916,-1.52245
civ-525e4603-146a-453a-b81d-e6de7d79e121,2026-02-12T15:00:00,12.36407,-1.515362
civ-a500ae18-ea89-49ff-953c-574919a16165,2026-02-12T15:00:00,12.36407,-1.515363
civ-4e494ab4-5705-4914-ba82-ee9e6c674848,2026-02-12T15:00:00,12.363026,-1.522499
civ-b9addd85-470a-4ede-91b7-aff5eb26c95d,2026-02-12T15:00:00,12.363928,-1.515454
civ-53346816-3527-43fe-81d7-fa82388758c3,2026-02-12T15:00:00,12.363905,-1.515344
civ-56ba3286-1d96-4c0f-9d54-d3ff774b1353,2026-02-12T15:00:00,12.363993,-1.51543
civ-4cbfff59-a901-4183-8894-c5489ef9b335,2026-02-12T15:00:00,12.362956,-1.52246
civ-d31a826b-3b07-485d-b3ec-c0bbbff61e21,2026-02-12T15:00:00,12.362917,-1.522518
civ-307825dd-6853-4762-8bd3-5a74be7063a4,2026-02-12T15:00:00,12.362986,-1.52249
civ-456640d4-3881-4ddc-85fd-3f3497029e4b,2026-02-12T15:00:00,12.362758,-1.52258
civ-b1581c40-f554-4249-99fe-3c978a1e9e06,2026-02-12T15:00:00,12.362887,-1.522478
civ-a9a4a874-16c0-46f5-97fd-a2d06bca9cf9,2026-02-12T15:00:00,12.362896,-1.522412
civ-71a0e9f7-188d-4a35-921c-81a773f0cb48,2026-02-12T15:00:00,12.363972,-1.515389
civ-ef00b046-bf55-4168-9cbb-ac9de0b803c4,2026-02-12T15:00:00,12.363917,-1.515526
civ-f7b90802-3bc9-410d-bb8b-8d6aa8ffd082,2026-02-12T15:00:00,12.363967,-1.51545
civ-ad4a371f-503f-4859-a905-8dbb9bd81ab9,2026-02-12T15:00:00,12.363956,-1.515367
civ-78e5887d-2939-4feb-a323-b4cd39f3f00a,2026-02-12T15:00:00,12.364096,-1.515377
civ-41567900-cfa1-403d-97fc-76d55ff2fa1a,2026-02-12T15:00:00,12.363911,-1.515392
civ-f3e8c2c7-8b2f-47e1-a0be-bde7cc6e68af,2026-02-12T15:00:00,12.363921,-1.515424
civ-0e02b358-c7c6-452d-a0a9-f559a11c0493,2026-02-12T15:00:00,12.363894,-1.515436
civ-a668c876-0ae2-4b6b-91a1-e0f6a75f0d8a,2026-02-12T15:00:00,12.363932,-1.515356
courierA-5459d08e-e00c-4174-9a21-c4b90ef20a87,2026-02-12T15:00:00,12.363993,-1.515405
courierA-5459d08e-e00c-4174-9a21-c4b90ef20a87,2026-02-12T15:03:00,12.363995,-1.51541
courierA-5459d08e-e00c-4174-9a21-c4b90ef20a87,2026-02-12T15:06:00,12.364011,-1.515402
leaderA-dc3bb5ee-282c-411f-96da-eebb88b52ea0,2026-02-12T17:00:00,12.363601,-1.515311
securityA-43c3c6c2-08da-4277-b10b-2565d4ab391b,2026-02-12T17:00:00,12.363601,-1.515311
leaderA-dc3bb5ee-282c-411f-96da-eebb88b52ea0,2026-02-12T17:00:30,12.363528,-1.515648
securityA-43c3c6c2-08da-4277-b10b-2565d4ab391b,2026-02-12T17:00:30,12.363528,-1.515648
leaderA-dc3bb5ee-282c-411f-96da-eebb88b52ea0,2026-02-12T17:01:00,12.363452,-1.515984
securityA-43c3c6c2-08da-4277-b10b-2565d4ab391b,2026-02-12T17:01:00,12.363452,-1.515984
securityA-43c3c6c2-08da-4277-b10b-2565d4ab391b,2026-02-12T17:01:30,12.363383,-1.516322
leaderA-dc3bb5ee-282c-411f-96da-eebb88b52ea0,2026-02-12T17:01:30,12.363383,-1.516322
leaderA-dc3bb5ee-282c-411f-96da-eebb88b52ea0,2026-02-12T17:02:00,12.36332,-1.516662
securityA-43c3c6c2-08da-4277-b10b-2565d4ab391b,2026-02-12T17:02:00,12.36332,-1.516662
securityA-43c3c6c2-08da-4277-b10b-2565d4ab391b,2026-02-12T17:02:30,12.363247,-1.516999
leaderA-dc3bb5ee-282c-411f-96da-eebb88b52ea0,2026-02-12T17:02:30,12.363247,-1.516999
leaderA-dc3bb5ee-282c-411f-96da-eebb88b52ea0,2026-02-12T17:03:00,12.363186,-1.517338
securityA-43c3c6c2-08da-4277-b10b-2565d4ab391b,2026-02-12T17:03:00,12.363186,-1.517338
leaderA-dc3bb5ee-282c-411f-96da-eebb88b52ea0,2026-02-12T17:03:30,12.363126,-1.517678
securityA-43c3c6c2-08da-4277-b10b-2565d4ab391b,2026-02-12T17:03:30,12.363126,-1.517678
leaderA-dc3bb5ee-282c-411f-96da-eebb88b52ea0,2026-02-12T17:04:00,12.363065,-1.518017
securityA-43c3c6c2-08da-4277-b10b-2565d4ab391b,2026-02-12T17:04:00,12.363065,-1.518017
leaderA-dc3bb5ee-282c-411f-96da-eebb88b52ea0,2026-02-12T17:04:30,12.362813,-1.518074
securityA-43c3c6c2-08da-4277-b10b-2565d4ab391b,2026-02-12T17:04:30,12.362813,-1.518074
securityA-43c3c6c2-08da-4277-b10b-2565d4ab391b,2026-02-12T17:05:00,12.362481,-1.518011
leaderA-dc3bb5ee-282c-411f-96da-eebb88b52ea0,2026-02-12T17:05:00,12.362481,-1.518011
securityA-43c3c6c2-08da-4277-b10b-2565d4ab391b,2026-02-12T17:05:30,12.36215,-1.517947
leaderA-dc3bb5ee-282c-411f-96da-eebb88b52ea0,2026-02-12T17:05:30,12.36215,-1.517947
securityA-43c3c6c2-08da-4277-b10b-2565d4ab391b,2026-02-12T17:06:00,12.361817,-1.517887
leaderA-dc3bb5ee-282c-411f-96da-eebb88b52ea0,2026-02-12T17:06:00,12.361817,-1.517887
securityA-43c3c6c2-08da-4277-b10b-2565d4ab391b,2026-02-12T17:06:30,12.361485,-1.517828
leaderA-dc3bb5ee-282c-411f-96da-eebb88b52ea0,2026-02-12T17:06:30,12.361485,-1.517828
leaderA-dc3bb5ee-282c-411f-96da-eebb88b52ea0,2026-02-12T17:07:00,12.361153,-1.517769
securityA-43c3c6c2-08da-4277-b10b-2565d4ab391b,2026-02-12T17:07:00,12.361153,-1.517769
securityA-43c3c6c2-08da-4277-b10b-2565d4ab391b,2026-02-12T17:07:30,12.360821,-1.517709
leaderA-dc3bb5ee-282c-411f-96da-eebb88b52ea0,2026-02-12T17:07:30,12.360821,-1.517709
leaderA-dc3bb5ee-282c-411f-96da-eebb88b52ea0,2026-02-12T17:08:00,12.360489,-1.517649
securityA-43c3c6c2-08da-4277-b10b-2565d4ab391b,2026-02-12T17:08:00,12.360489,-1.517649
leaderA-dc3bb5ee-282c-411f-96da-eebb88b52ea0,2026-02-12T17:08:30,12.360157,-1.517588
securityA-43c3c6c2-08da-4277-b10b-2565d4ab391b,2026-02-12T17:08:30,12.360157,-1.517588
securityA-43c3c6c2-08da-4277-b10b-2565d4ab391b,2026-02-12T17:09:00,12.359825,-1.517527
leaderA-dc3bb5ee-282c-411f-96da-eebb88b52ea0,2026-02-12T17:09:00,12.359825,-1.517527
securityA-43c3c6c2-08da-4277-b10b-2565d4ab391b,2026-02-12T17:09:30,12.359493,-1.517467
leaderA-dc3bb5ee-282c-411f-96da-eebb88b52ea0,2026-02-12T17:09:30,12.359493,-1.517467
leaderA-dc3bb5ee-282c-411f-96da-eebb88b52ea0,2026-02-12T17:10:00,12.359229,-1.517357
securityA-43c3c6c2-08da-4277-b10b-2565d4ab391b,2026-02-12T17:10:00,12.359229,-1.517357
securityA-43c3c6c2-08da-4277-b10b-2565d4ab391b,2026-02-12T17:10:30,12.359286,-1.517017
leaderA-dc3bb5ee-282c-411f-96da-eebb88b52ea0,2026-02-12T17:10:30,12.359286,-1.517017
leaderA-dc3bb5ee-282c-411f-96da-eebb88b52ea0,2026-02-12T17:11:00,12.359346,-1.516677
securityA-43c3c6c2-08da-4277-b10b-2565d4ab391b,2026-02-12T17:11:00,12.359346,-1.516677
leaderA-dc3bb5ee-282c-411f-96da-eebb88b52ea0,2026-02-12T18:00:00,12.359706,-1.516402
securityA-43c3c6c2-08da-4277-b10b-2565d4ab391b,2026-02-12T18:00:00,12.359706,-1.516402
leaderA-dc3bb5ee-282c-411f-96da-eebb88b52ea0,2026-02-12T18:20:00,12.359703,-1.51641
securityA-43c3c6c2-08da-4277-b10b-2565d4ab391b,2026-02-12T18:20:00,12.359703,-1.51641
securityA-43c3c6c2-08da-4277-b10b-2565d4ab391b,2026-02-12T18:40:00,12.359701,-1.516427
leaderA-dc3bb5ee-282c-411f-96da-eebb88b52ea0,2026-02-12T18:40:00,12.359701,-1.516427
leaderA-dc3bb5ee-282c-411f-96da-eebb88b52ea0,2026-02-12T19:00:00,12.359698,-1.516415
securityA-43c3c6c2-08da-4277-b10b-2565d4ab391b,2026-02-12T19:00:00,12.359698,-1.516415
securityA-43c3c6c2-08da-4277-b10b-2565d4ab391b,2026-02-12T19:20:00,12.359711,-1.516393
leaderA-dc3bb5ee-282c-411f-96da-eebb88b52ea0,2026-02-12T19:20:00,12.359711,-1.516393
leaderA-dc3bb5ee-282c-411f-96da-eebb88b52ea0,2026-02-12T19:40:00,12.359704,-1.516386
securityA-43c3c6c2-08da-4277-b10b-2565d4ab391b,2026-02-12T19:40:00,12.359704,-1.516386
logB-c23e4c99-d72b-4789-9397-006a7d765d4c,2026-02-13T05:00:00,12.364466,-1.521212
logB-c23e4c99-d72b-4789-9397-006a7d765d4c,2026-02-13T05:00:30,12.364527,-1.520872
logB-c23e4c99-d72b-4789-9397-006a7d765d4c,2026-02-13T05:01:00,12.364588,-1.520533
logB-c23e4c99-d72b-4789-9397-006a7d765d4c,2026-02-13T05:01:30,12.364651,-1.520194
logB-c23e4c99-d72b-4789-9397-006a7d765d4c,2026-02-13T05:02:00,12.364714,-1.519855
logB-c23e4c99-d72b-4789-9397-006a7d765d4c,2026-02-13T05:02:30,12.364775,-1.519515
logB-c23e4c99-d72b-4789-9397-006a7d765d4c,2026-02-13T05:03:00,12.364843,-1.519177
logB-c23e4c99-d72b-4789-9397-006a7d765d4c,2026-02-13T05:03:30,12.36491,-1.518838
logB-c23e4c99-d72b-4789-9397-006a7d765d4c,2026-02-13T05:04:00,12.364974,-1.518499
logB-c23e4c99-d72b-4789-9397-006a7d765d4c,2026-02-13T05:04:30,12.364673,-1.518418
logB-c23e4c99-d72b-4789-9397-006a7d765d4c,2026-02-13T05:05:00,12.364341,-1.518355
logB-c23e4c99-d72b-4789-9397-006a7d765d4c,2026-02-13T05:05:30,12.364009,-1.518294
logB-c23e4c99-d72b-4789-9397-006a7d765d4c,2026-02-13T05:06:00,12.363677,-1.518233
logB-c23e4c99-d72b-4789-9397-006a7d765d4c,2026-02-13T05:06:30,12.363345,-1.518172
logB-c23e4c99-d72b-4789-9397-006a7d765d4c,2026-02-13T05:07:00,12.363013,-1.518111
logB-c23e4c99-d72b-4789-9397-006a7d765d4c,2026-02-13T05:07:30,12.362682,-1.518049
logB-c23e4c99-d72b-4789-9397-006a7d765d4c,2026-02-13T05:08:00,12.36235,-1.517985
logB-c23e4c99-d72b-4789-9397-006a7d765d4c,2026-02-13T05:08:30,12.362019,-1.517922
logB-c23e4c99-d72b-4789-9397-006a7d765d4c,2026-02-13T05:09:00,12.361686,-1.517864
logB-c23e4c99-d72b-4789-9397-006a7d765d4c,2026-02-13T05:09:30,12.361354,-1.517805
logB-c23e4c99-d72b-4789-9397-006a7d765d4c,2026-02-13T05:10:00,12.361134,-1.517667
logB-c23e4c99-d72b-4789-9397-006a7d765d4c,2026-02-13T05:10:30,12.361198,-1.517328
logB-c23e4c99-d72b-4789-9397-006a7d765d4c,2026-02-13T05:11:00,12.361263,-1.516989
logB-c23e4c99-d72b-4789-9397-006a7d765d4c,2026-02-13T05:11:30,12.361331,-1.516651
logB-c23e4c99-d72b-4789-9397-006a7d765d4c,2026-02-13T05:12:00,12.361398,-1.516312
logB-c23e4c99-d72b-4789-9397-006a7d765d4c,2026-02-13T05:12:30,12.361403,-1.515982
logB-c23e4c99-d72b-4789-9397-006a7d765d4c,2026-02-13T05:13:00,12.36147,-1.515644
logB-c23e4c99-d72b-4789-9397-006a7d765d4c,2026-02-13T05:13:30,12.361536,-1.515305
logB-c23e4c99-d72b-4789-9397-006a7d765d4c,2026-02-13T05:14:00,12.36147,-1.515001
logB-c23e4c99-d72b-4789-9397-006a7d765d4c,2026-02-13T05:14:30,12.361625,-1.514735
logB-c23e4c99-d72b-4789-9397-006a7d765d4c,2026-02-13T05:15:00,12.361721,-1.51443
securityA-43c3c6c2-08da-4277-b10b-2565d4ab391b,2026-02-13T05:30:00,12.359689,-1.516392
leaderA-dc3bb5ee-282c-411f-96da-eebb88b52ea0,2026-02-13T05:30:00,12.359689,-1.516392
securityA-43c3c6c2-08da-4277-b10b-2565d4ab391b,2026-02-13T05:33:00,12.359708,-1.516384
leaderA-dc3bb5ee-282c-411f-96da-eebb88b52ea0,2026-02-13T05:33:00,12.359708,-1.516384
leaderA-dc3bb5ee-282c-411f-96da-eebb88b52ea0,2026-02-13T05:36:00,12.359696,-1.516394
securityA-43c3c6c2-08da-4277-b10b-2565d4ab391b,2026-02-13T05:36:00,12.359696,-1.516394
securityA-43c3c6c2-08da-4277-b10b-2565d4ab391b,2026-02-13T05:39:00,12.359721,-1.516406
leaderA-dc3bb5ee-282c-411f-96da-eebb88b52ea0,2026-02-13T05:39:00,12.359721,-1.516406
securityA-43c3c6c2-08da-4277-b10b-2565d4ab391b,2026-02-13T05:42:00,12.359686,-1.516417
leaderA-dc3bb5ee-282c-411f-96da-eebb88b52ea0,2026-02-13T05:42:00,12.359686,-1.516417
courierA-5459d08e-e00c-4174-9a21-c4b90ef20a87,2026-02-13T06:00:00,12.359413,-1.51634
courierA-5459d08e-e00c-4174-9a21-c4b90ef20a87,2026-02-13T06:00:30,12.359483,-1.516002
courierA-5459d08e-e00c-4174-9a21-c4b90ef20a87,2026-02-13T06:01:00,12.359666,-1.515843
courierA-5459d08e-e00c-4174-9a21-c4b90ef20a87,2026-02-13T06:01:30,12.359996,-1.515914
courierA-5459d08e-e00c-4174-9a21-c4b90ef20a87,2026-02-13T06:02:00,12.360326,-1.515986
courierA-5459d08e-e00c-4174-9a21-c4b90ef20a87,2026-02-13T06:02:30,12.360656,-1.516057
courierA-5459d08e-e00c-4174-9a21-c4b90ef20a87,2026-02-13T06:03:00,12.360986,-1.516128
courierA-5459d08e-e00c-4174-9a21-c4b90ef20a87,2026-02-13T06:03:30,12.361316,-1.516199
courierA-5459d08e-e00c-4174-9a21-c4b90ef20a87,2026-02-13T06:04:00,12.361417,-1.515912
courierA-5459d08e-e00c-4174-9a21-c4b90ef20a87,2026-02-13T06:04:30,12.361484,-1.515573
courierA-5459d08e-e00c-4174-9a21-c4b90ef20a87,2026-02-13T06:05:00,12.361549,-1.515235
courierA-5459d08e-e00c-4174-9a21-c4b90ef20a87,2026-02-13T06:05:30,12.361465,-1.51493
courierA-5459d08e-e00c-4174-9a21-c4b90ef20a87,2026-02-13T06:06:00,12.361664,-1.514691
courierA-5459d08e-e00c-4174-9a21-c4b90ef20a87,2026-02-13T06:06:30,12.36179,-1.514443
facA-1420f464-9589-439d-bdab-a216790c256e,2026-02-13T06:30:00,12.362898,-1.522493
facA-1420f464-9589-439d-bdab-a216790c256e,2026-02-13T06:33:00,12.362904,-1.522507
facA-1420f464-9589-439d-bdab-a216790c256e,2026-02-13T06:36:00,12.362902,-1.522517
facA-1420f464-9589-439d-bdab-a216790c256e,2026-02-13T06:39:00,12.362905,-1.522497
leaderA-dc3bb5ee-282c-411f-96da-eebb88b52ea0,2026-02-13T06:59:00,12.359413,-1.51634
securityA-43c3c6c2-08da-4277-b10b-2565d4ab391b,2026-02-13T06:59:00,12.359413,-1.51634
securityA-43c3c6c2-08da-4277-b10b-2565d4ab391b,2026-02-13T06:59:30,12.359346,-1.516678
leaderA-dc3bb5ee-282c-411f-96da-eebb88b52ea0,2026-02-13T06:59:30,12.359346,-1.516678
civ-fbd44388-df96-4fbf-96a9-4af90a84935e,2026-02-13T07:00:00,12.364142,-1.5155
civ-05c8befa-7ba2-4d28-bf67-59e40398eb31,2026-02-13T07:00:00,12.362914,-1.522565
civ-1756745c-a329-4c22-957c-3ae090d25e6c,2026-02-13T07:00:00,12.363886,-1.515458
civ-50e99237-a9b6-49ea-9f54-fd44aaf6ee49,2026-02-13T07:00:00,12.362981,-1.522333
civ-6c3c8c43-4fce-41ac-ae95-ec80a82a042d,2026-02-13T07:00:00,12.363941,-1.515394
civ-92bcbfb4-a4bd-4139-b988-b54236c915b4,2026-02-13T07:00:00,12.36408,-1.515441
civ-b0171ca2-b726-4ce6-9528-702c63319667,2026-02-13T07:00:00,12.364015,-1.515326
civ-1d25a05e-78c2-46f8-945f-850dcd53fba1,2026-02-13T07:00:00,12.364156,-1.515314
civ-d7e7c2a2-88e9-419a-b519-4bfc3e06c9cc,2026-02-13T07:00:00,12.364062,-1.51539
civ-98532f9c-979e-4835-8bae-97fdbd008a79,2026-02-13T07:00:00,12.364036,-1.515293
civ-21eae05b-6668-4c50-9f58-79d979241665,2026-02-13T07:00:00,12.364014,-1.515407
civ-eeadbb6d-4cc6-496c-9004-85246debb52c,2026-02-13T07:00:00,12.364035,-1.515359
civ-97cbd510-e1a7-4aac-8c60-abddff680b79,2026-02-13T07:00:00,12.364036,-1.515452
civ-3178abc0-c3fb-42ac-be64-7dd6ab14aa6b,2026-02-13T07:00:00,12.364031,-1.515582
civ-67362bb6-69fc-44c8-b635-70c8d025f4a8,2026-02-13T07:00:00,12.364049,-1.515391
civ-f030e162-f93f-4f04-9960-0dc3bcdc2a5d,2026-02-13T07:00:00,12.363984,-1.515253
civ-cda08285-a2f5-42b4-a06a-87d4978c3a5d,2026-02-13T07:00:00,12.363951,-1.515429
civ-7b38da66-1179-41ad-8d04-b2a4da88e22e,2026-02-13T07:00:00,12.364143,-1.51546
civ-7d463419-ab5c-4e04-8859-7438c94b1d4b,2026-02-13T07:00:00,12.36396,-1.515411
leaderA-dc3bb5ee-282c-411f-96da-eebb88b52ea0,2026-02-13T07:00:00,12.359286,-1.517018
civ-c7a5ce02-87b7-4d38-9028-74186bd08211,2026-02-13T07:00:00,12.364061,-1.515385
courierA-5459d08e-e00c-4174-9a21-c4b90ef20a87,2026-02-13T07:00:00,12.36249,-1.513083
civ-bd1db340-3348-4609-a178-0608302488ec,2026-02-13T07:00:00,12.364164,-1.515429
civ-2cfd0743-3010-4ace-84c5-70879c142501,2026-02-13T07:00:00,12.362802,-1.522511
civ-c3113879-3175-4fb3-8e38-6807b681d1c2,2026-02-13T07:00:00,12.363995,-1.515405
civ-761f992b-6b3d-4759-8f8e-9bc664c7ad9d,2026-02-13T07:00:00,12.363001,-1.522597
civ-fd61c4da-550d-46ec-b437-d1d729f83efd,2026-02-13T07:00:00,12.362938,-1.522474
civ-426ab52f-f84a-457e-81ab-48386fef3c3a,2026-02-13T07:00:00,12.362924,-1.522568
civ-f1c2d23d-e59c-4db0-8629-5138db39460e,2026-02-13T07:00:00,12.362817,-1.522418
civ-d20f68dd-7037-4e48-9a23-13947bc16136,2026-02-13T07:00:00,12.362788,-1.522481
civ-97d22561-9975-4fca-a2d2-27b76fb2368c,2026-02-13T07:00:00,12.362979,-1.522466
civ-ce822aba-d123-4129-aa47-5191add1cf2b,2026-02-13T07:00:00,12.3629,-1.522542
civ-a122a768-21e0-4bdb-a300-d446b1c9d56b,2026-02-13T07:00:00,12.362821,-1.52244
civ-e1ac5136-563e-473b-a8b4-495ac44a9a18,2026-02-13T07:00:00,12.362966,-1.522611
civ-5e25b454-f698-44b9-a841-236658fc28f1,2026-02-13T07:00:00,12.363014,-1.522459
civ-5fafb69b-35e6-41a7-85e4-ca1b763b4b68,2026-02-13T07:00:00,12.362979,-1.522424
securityA-43c3c6c2-08da-4277-b10b-2565d4ab391b,2026-02-13T07:00:00,12.359286,-1.517018
civ-7b31e267-cc03-4a1e-a2b7-8cdd060d104e,2026-02-13T07:00:00,12.362815,-1.522468
civ-cef5ecc0-e9f3-4c23-a372-fe1db7178860,2026-02-13T07:00:00,12.362896,-1.522571
civ-a0e00267-0ea4-4689-a68e-eddf684837bd,2026-02-13T07:00:00,12.362874,-1.52247
civ-ed5802e9-c1c5-4eb0-be33-7bb239f5a9f2,2026-02-13T07:00:00,12.36305,-1.522573
civ-4f6ba5a0-42c0-478b-8d5c-72d63a1717c2,2026-02-13T07:00:00,12.363027,-1.5225
civ-bdbd3f3d-a4cc-45e2-93d5-2b3d893ed5a4,2026-02-13T07:00:00,12.362916,-1.522574
securityA-43c3c6c2-08da-4277-b10b-2565d4ab391b,2026-02-13T07:00:30,12.359261,-1.517335
leaderA-dc3bb5ee-282c-411f-96da-eebb88b52ea0,2026-02-13T07:00:30,12.359261,-1.517335
securityA-43c3c6c2-08da-4277-b10b-2565d4ab391b,2026-02-13T07:01:00,12.359592,-1.517397
leaderA-dc3bb5ee-282c-411f-96da-eebb88b52ea0,2026-02-13T07:01:00,12.359592,-1.517397
leaderA-dc3bb5ee-282c-411f-96da-eebb88b52ea0,2026-02-13T07:01:30,12.359924,-1.517459
securityA-43c3c6c2-08da-4277-b10b-2565d4ab391b,2026-02-13T07:01:30,12.359924,-1.517459
leaderA-dc3bb5ee-282c-411f-96da-eebb88b52ea0,2026-02-13T07:02:00,12.360256,-1.517521
securityA-43c3c6c2-08da-4277-b10b-2565d4ab391b,2026-02-13T07:02:00,12.360256,-1.517521
leaderA-dc3bb5ee-282c-411f-96da-eebb88b52ea0,2026-02-13T07:02:30,12.360588,-1.517583
securityA-43c3c6c2-08da-4277-b10b-2565d4ab391b,2026-02-13T07:02:30,12.360588,-1.517583
securityA-43c3c6c2-08da-4277-b10b-2565d4ab391b,2026-02-13T07:03:00,12.360919,-1.517645
leaderA-dc3bb5ee-282c-411f-96da-eebb88b52ea0,2026-02-13T07:03:00,12.360919,-1.517645
courierA-5459d08e-e00c-4174-9a21-c4b90ef20a87,2026-02-13T07:03:00,12.362488,-1.513098
leaderA-dc3bb5ee-282c-411f-96da-eebb88b52ea0,2026-02-13T07:03:30,12.361251,-1.517707
securityA-43c3c6c2-08da-4277-b10b-2565d4ab391b,2026-02-13T07:03:30,12.361251,-1.517707
leaderA-dc3bb5ee-282c-411f-96da-eebb88b52ea0,2026-02-13T07:04:00,12.361583,-1.517769
securityA-43c3c6c2-08da-4277-b10b-2565d4ab391b,2026-02-13T07:04:00,12.361583,-1.517769
securityA-43c3c6c2-08da-4277-b10b-2565d4ab391b,2026-02-13T07:04:30,12.361915,-1.51783
leaderA-dc3bb5ee-282c-411f-96da-eebb88b52ea0,2026-02-13T07:04:30,12.361915,-1.51783
securityA-43c3c6c2-08da-4277-b10b-2565d4ab391b,2026-02-13T07:05:00,12.362247,-1.517892
leaderA-dc3bb5ee-282c-411f-96da-eebb88b52ea0,2026-02-13T07:05:00,12.362247,-1.517892
securityA-43c3c6c2-08da-4277-b10b-2565d4ab391b,2026-02-13T07:05:30,12.362578,-1.517955
leaderA-dc3bb5ee-282c-411f-96da-eebb88b52ea0,2026-02-13T07:05:30,12.362578,-1.517955
securityA-43c3c6c2-08da-4277-b10b-2565d4ab391b,2026-02-13T07:06:00,12.36291,-1.518018
courierA-5459d08e-e00c-4174-9a21-c4b90ef20a87,2026-02-13T07:06:00,12.362509,-1.513111
leaderA-dc3bb5ee-282c-411f-96da-eebb88b52ea0,2026-02-13T07:06:00,12.36291,-1.518018
securityA-43c3c6c2-08da-4277-b10b-2565d4ab391b,2026-02-13T07:06:30,12.363093,-1.51786
leaderA-dc3bb5ee-282c-411f-96da-eebb88b52ea0,2026-02-13T07:06:30,12.363093,-1.51786
securityA-43c3c6c2-08da-4277-b10b-2565d4ab391b,2026-02-13T07:07:00,12.363154,-1.517521
leaderA-dc3bb5ee-282c-411f-96da-eebb88b52ea0,2026-02-13T07:07:00,12.363154,-1.517521
securityA-43c3c6c2-08da-4277-b10b-2565d4ab391b,2026-02-13T07:07:30,12.363213,-1.517181
leaderA-dc3bb5ee-282c-411f-96da-eebb88b52ea0,2026-02-13T07:07:30,12.363213,-1.517181
leaderA-dc3bb5ee-282c-411f-96da-eebb88b52ea0,2026-02-13T07:08:00,12.363281,-1.516843
securityA-43c3c6c2-08da-4277-b10b-2565d4ab391b,2026-02-13T07:08:00,12.363281,-1.516843
securityA-43c3c6c2-08da-4277-b10b-2565d4ab391b,2026-02-13T07:08:30,12.363349,-1.516504
leaderA-dc3bb5ee-282c-411f-96da-eebb88b52ea0,2026-02-13T07:08:30,12.363349,-1.516504
securityA-43c3c6c2-08da-4277-b10b-2565d4ab391b,2026-02-13T07:09:00,12.363412,-1.516165
leaderA-dc3bb5ee-282c-411f-96da-eebb88b52ea0,2026-02-13T07:09:00,12.363412,-1.516165
securityA-43c3c6c2-08da-4277-b10b-2565d4ab391b,2026-02-13T07:09:30,12.363487,-1.515829
leaderA-dc3bb5ee-282c-411f-96da-eebb88b52ea0,2026-02-13T07:09:30,12.363487,-1.515829
leaderA-dc3bb5ee-282c-411f-96da-eebb88b52ea0,2026-02-13T07:10:00,12.363562,-1.515492
securityA-43c3c6c2-08da-4277-b10b-2565d4ab391b,2026-02-13T07:10:00,12.363562,-1.515492
logB-c23e4c99-d72b-4789-9397-006a7d765d4c,2026-02-13T08:00:00,12.362492,-1.5131
leaderB-579ff0e7-77e4-4b16-9220-59c2c36ecc12,2026-02-13T08:00:00,12.364466,-1.521212
securityB-12f2e631-90a7-4ce7-87f7-c377db45e99c,2026-02-13T08:00:00,12.364466,-1.521212
leaderB-579ff0e7-77e4-4b16-9220-59c2c36ecc12,2026-02-13T08:00:30,12.364527,-1.520872
securityB-12f2e631-90a7-4ce7-87f7-c377db45e99c,2026-02-13T08:00:30,12.364527,-1.520872
leaderB-579ff0e7-77e4-4b16-9220-59c2c36ecc12,2026-02-13T08:01:00,12.364588,-1.520533
securityB-12f2e631-90a7-4ce7-87f7-c377db45e99c,2026-02-13T08:01:00,12.364588,-1.520533
leaderB-579ff0e7-77e4-4b16-9220-59c2c36ecc12,2026-02-13T08:01:30,12.364651,-1.520194
securityB-12f2e631-90a7-4ce7-87f7-c377db45e99c,2026-02-13T08:01:30,12.364651,-1.520194
leaderB-579ff0e7-77e4-4b16-9220-59c2c36ecc12,2026-02-13T08:02:00,12.364714,-1.519855
securityB-12f2e631-90a7-4ce7-87f7-c377db45e99c,2026-02-13T08:02:00,12.364714,-1.519855
securityB-12f2e631-90a7-4ce7-87f7-c377db45e99c,2026-02-13T08:02:30,12.364775,-1.519515
leaderB-579ff0e7-77e4-4b16-9220-59c2c36ecc12,2026-02-13T08:02:30,12.364775,-1.519515
logB-c23e4c99-d72b-4789-9397-006a7d765d4c,2026-02-13T08:03:00,12.362481,-1.513092
securityB-12f2e631-90a7-4ce7-87f7-c377db45e99c,2026-02-13T08:03:00,12.364843,-1.519177
leaderB-579ff0e7-77e4-4b16-9220-59c2c36ecc12,2026-02-13T08:03:00,12.364843,-1.519177
leaderB-579ff0e7-77e4-4b16-9220-59c2c36ecc12,2026-02-13T08:03:30,12.36491,-1.518838
securityB-12f2e631-90a7-4ce7-87f7-c377db45e99c,2026-02-13T08:03:30,12.36491,-1.518838
securityB-12f2e631-90a7-4ce7-87f7-c377db45e99c,2026-02-13T08:04:00,12.364974,-1.518499
leaderB-579ff0e7-77e4-4b16-9220-59c2c36ecc12,2026-02-13T08:04:00,12.364974,-1.518499
securityB-12f2e631-90a7-4ce7-87f7-c377db45e99c,2026-02-13T08:04:30,12.364673,-1.518418
leaderB-579ff0e7-77e4-4b16-9220-59c2c36ecc12,2026-02-13T08:04:30,12.364673,-1.518418
securityB-12f2e631-90a7-4ce7-87f7-c377db45e99c,2026-02-13T08:05:00,12.364341,-1.518355
leaderB-579ff0e7-77e4-4b16-9220-59c2c36ecc12,2026-02-13T08:05:00,12.364341,-1.518355
securityB-12f2e631-90a7-4ce7-87f7-c377db45e99c,2026-02-13T08:05:30,12.364009,-1.518294
leaderB-579ff0e7-77e4-4b16-9220-59c2c36ecc12,2026-02-13T08:05:30,12.364009,-1.518294
securityB-12f2e631-90a7-4ce7-87f7-c377db45e99c,2026-02-13T08:06:00,12.363677,-1.518233
leaderB-579ff0e7-77e4-4b16-9220-59c2c36ecc12,2026-02-13T08:06:00,12.363677,-1.518233
logB-c23e4c99-d72b-4789-9397-006a7d765d4c,2026-02-13T08:06:00,12.362486,-1.513086
leaderB-579ff0e7-77e4-4b16-9220-59c2c36ecc12,2026-02-13T08:06:30,12.363345,-1.518172
securityB-12f2e631-90a7-4ce7-87f7-c377db45e99c,2026-02-13T08:06:30,12.363345,-1.518172
securityB-12f2e631-90a7-4ce7-87f7-c377db45e99c,2026-02-13T08:07:00,12.363013,-1.518111
leaderB-579ff0e7-77e4-4b16-9220-59c2c36ecc12,2026-02-13T08:07:00,12.363013,-1.518111
securityB-12f2e631-90a7-4ce7-87f7-c377db45e99c,2026-02-13T08:07:30,12.362682,-1.518049
leaderB-579ff0e7-77e4-4b16-9220-59c2c36ecc12,2026-02-13T08:07:30,12.362682,-1.518049
securityB-12f2e631-90a7-4ce7-87f7-c377db45e99c,2026-02-13T08:08:00,12.36235,-1.517985
leaderB-579ff0e7-77e4-4b16-9220-59c2c36ecc12,2026-02-13T08:08:00,12.36235,-1.517985
securityB-12f2e631-90a7-4ce7-87f7-c377db45e99c,2026-02-13T08:08:30,12.362019,-1.517922
leaderB-579ff0e7-77e4-4b16-9220-59c2c36ecc12,2026-02-13T08:08:30,12.362019,-1.517922
securityB-12f2e631-90a7-4ce7-87f7-c377db45e99c,2026-02-13T08:09:00,12.361686,-1.517864
leaderB-579ff0e7-77e4-4b16-9220-59c2c36ecc12,2026-02-13T08:09:00,12.361686,-1.517864
logB-c23e4c99-d72b-4789-9397-006a7d765d4c,2026-02-13T08:09:00,12.362497,-1.513102
securityB-12f2e631-90a7-4ce7-87f7-c377db45e99c,2026-02-13T08:09:30,12.361354,-1.517805
leaderB-579ff0e7-77e4-4b16-9220-59c2c36ecc12,2026-02-13T08:09:30,12.361354,-1.517805
securityB-12f2e631-90a7-4ce7-87f7-c377db45e99c,2026-02-13T08:10:00,12.361134,-1.517667
leaderB-579ff0e7-77e4-4b16-9220-59c2c36ecc12,2026-02-13T08:10:00,12.361134,-1.517667
securityB-12f2e631-90a7-4ce7-87f7-c377db45e99c,2026-02-13T08:10:30,12.361198,-1.517328
leaderB-579ff0e7-77e4-4b16-9220-59c2c36ecc12,2026-02-13T08:10:30,12.361198,-1.517328
securityB-12f2e631-90a7-4ce7-87f7-c377db45e99c,2026-02-13T08:11:00,12.361263,-1.516989
leaderB-579ff0e7-77e4-4b16-9220-59c2c36ecc12,2026-02-13T08:11:00,12.361263,-1.516989
securityB-12f2e631-90a7-4ce7-87f7-c377db45e99c,2026-02-13T08:11:30,12.361331,-1.516651
leaderB-579ff0e7-77e4-4b16-9220-59c2c36ecc12,2026-02-13T08:11:30,12.361331,-1.516651
securityB-12f2e631-90a7-4ce7-87f7-c377db45e99c,2026-02-13T08:12:00,12.361398,-1.516312
logB-c23e4c99-d72b-4789-9397-006a7d765d4c,2026-02-13T08:12:00,12.362494,-1.513103
leaderB-579ff0e7-77e4-4b16-9220-59c2c36ecc12,2026-02-13T08:12:00,12.361398,-1.516312
securityB-12f2e631-90a7-4ce7-87f7-c377db45e99c,2026-02-13T08:12:30,12.361403,-1.515982
leaderB-579ff0e7-77e4-4b16-9220-59c2c36ecc12,2026-02-13T08:12:30,12.361403,-1.515982
leaderB-579ff0e7-77e4-4b16-9220-59c2c36ecc12,2026-02-13T08:13:00,12.36147,-1.515644
securityB-12f2e631-90a7-4ce7-87f7-c377db45e99c,2026-02-13T08:13:00,12.36147,-1.515644
securityB-12f2e631-90a7-4ce7-87f7-c377db45e99c,2026-02-13T08:13:30,12.361536,-1.515305
leaderB-579ff0e7-77e4-4b16-9220-59c2c36ecc12,2026-02-13T08:13:30,12.361536,-1.515305
leaderB-579ff0e7-77e4-4b16-9220-59c2c36ecc12,2026-02-13T08:14:00,12.36147,-1.515001
securityB-12f2e631-90a7-4ce7-87f7-c377db45e99c,2026-02-13T08:14:00,12.36147,-1.515001
securityB-12f2e631-90a7-4ce7-87f7-c377db45e99c,2026-02-13T08:14:30,12.361625,-1.514735
leaderB-579ff0e7-77e4-4b16-9220-59c2c36ecc12,2026-02-13T08:14:30,12.361625,-1.514735
securityB-12f2e631-90a7-4ce7-87f7-c377db45e99c,2026-02-13T08:15:00,12.361721,-1.51443
leaderB-579ff0e7-77e4-4b16-9220-59c2c36ecc12,2026-02-13T08:15:00,12.361721,-1.51443
leaderB-579ff0e7-77e4-4b16-9220-59c2c36ecc12,2026-02-13T09:00:00,12.362498,-1.5131
securityB-12f2e631-90a7-4ce7-87f7-c377db45e99c,2026-02-13T09:00:00,12.362498,-1.5131
propB-775f6ffc-da47-48c0-82b1-4fe100d5ee88,2026-02-13T09:00:00,12.359013,-1.520922
propB-775f6ffc-da47-48c0-82b1-4fe100d5ee88,2026-02-13T09:03:00,12.359011,-1.520897
securityB-12f2e631-90a7-4ce7-87f7-c377db45e99c,2026-02-13T09:03:00,12.362492,-1.513089
leaderB-579ff0e7-77e4-4b16-9220-59c2c36ecc12,2026-02-13T09:03:00,12.362492,-1.513089
securityB-12f2e631-90a7-4ce7-87f7-c377db45e99c,2026-02-13T09:06:00,12.362506,-1.513083
leaderB-579ff0e7-77e4-4b16-9220-59c2c36ecc12,2026-02-13T09:06:00,12.362506,-1.513083
propB-775f6ffc-da47-48c0-82b1-4fe100d5ee88,2026-02-13T09:06:00,12.358989,-1.52091
propB-775f6ffc-da47-48c0-82b1-4fe100d5ee88,2026-02-13T09:09:00,12.359015,-1.520909
leaderB-579ff0e7-77e4-4b16-9220-59c2c36ecc12,2026-02-13T09:09:00,12.362492,-1.513103
securityB-12f2e631-90a7-4ce7-87f7-c377db45e99c,2026-02-13T09:09:00,12.362492,-1.513103
leaderA-dc3bb5ee-282c-411f-96da-eebb88b52ea0,2026-02-13T09:30:00,12.364006,-1.515417
securityA-43c3c6c2-08da-4277-b10b-2565d4ab391b,2026-02-13T09:30:00,12.364006,-1.515417
leaderA-dc3bb5ee-282c-411f-96da-eebb88b52ea0,2026-02-13T09:45:00,12.363997,-1.515396
securityA-43c3c6c2-08da-4277-b10b-2565d4ab391b,2026-02-13T09:45:00,12.363997,-1.515396
leaderA-dc3bb5ee-282c-411f-96da-eebb88b52ea0,2026-02-13T10:00:00,12.364002,-1.515396
securityA-43c3c6c2-08da-4277-b10b-2565d4ab391b,2026-02-13T10:00:00,12.364002,-1.515396
securityA-43c3c6c2-08da-4277-b10b-2565d4ab391b,2026-02-13T10:15:00,12.364002,-1.515388
leaderA-dc3bb5ee-282c-411f-96da-eebb88b52ea0,2026-02-13T10:15:00,12.364002,-1.515388
leaderA-dc3bb5ee-282c-411f-96da-eebb88b52ea0,2026-02-13T10:30:00,12.363991,-1.515406
securityA-43c3c6c2-08da-4277-b10b-2565d4ab391b,2026-02-13T10:30:00,12.363991,-1.515406
leaderA-dc3bb5ee-282c-411f-96da-eebb88b52ea0,2026-02-13T10:45:00,12.363993,-1.515393
securityA-43c3c6c2-08da-4277-b10b-2565d4ab391b,2026-02-13T10:45:00,12.363993,-1.515393
leaderB-579ff0e7-77e4-4b16-9220-59c2c36ecc12,2026-02-13T11:00:00,12.361831,-1.514451
securityB-12f2e631-90a7-4ce7-87f7-c377db45e99c,2026-02-13T11:00:00,12.361831,-1.514451
securityB-12f2e631-90a7-4ce7-87f7-c377db45e99c,2026-02-13T11:00:30,12.361806,-1.514771
leaderB-579ff0e7-77e4-4b16-9220-59c2c36ecc12,2026-02-13T11:00:30,12.361806,-1.514771
leaderB-579ff0e7-77e4-4b16-9220-59c2c36ecc12,2026-02-13T11:01:00,12.361843,-1.515081
securityB-12f2e631-90a7-4ce7-87f7-c377db45e99c,2026-02-13T11:01:00,12.361843,-1.515081
leaderB-579ff0e7-77e4-4b16-9220-59c2c36ecc12,2026-02-13T11:01:30,12.361661,-1.515329
securityB-12f2e631-90a7-4ce7-87f7-c377db45e99c,2026-02-13T11:01:30,12.361661,-1.515329
leaderB-579ff0e7-77e4-4b16-9220-59c2c36ecc12,2026-02-13T11:02:00,12.36159,-1.515666
securityB-12f2e631-90a7-4ce7-87f7-c377db45e99c,2026-02-13T11:02:00,12.36159,-1.515666
leaderB-579ff0e7-77e4-4b16-9220-59c2c36ecc12,2026-02-13T11:02:30,12.361521,-1.516004
securityB-12f2e631-90a7-4ce7-87f7-c377db45e99c,2026-02-13T11:02:30,12.361521,-1.516004
securityB-12f2e631-90a7-4ce7-87f7-c377db45e99c,2026-02-13T11:03:00,12.361398,-1.516308
leaderB-579ff0e7-77e4-4b16-9220-59c2c36ecc12,2026-02-13T11:03:00,12.361398,-1.516308
securityB-12f2e631-90a7-4ce7-87f7-c377db45e99c,2026-02-13T11:03:30,12.361331,-1.516647
leaderB-579ff0e7-77e4-4b16-9220-59c2c36ecc12,2026-02-13T11:03:30,12.361331,-1.516647
securityB-12f2e631-90a7-4ce7-87f7-c377db45e99c,2026-02-13T11:04:00,12.361264,-1.516985
leaderB-579ff0e7-77e4-4b16-9220-59c2c36ecc12,2026-02-13T11:04:00,12.361264,-1.516985
securityB-12f2e631-90a7-4ce7-87f7-c377db45e99c,2026-02-13T11:04:30,12.361199,-1.517324
leaderB-579ff0e7-77e4-4b16-9220-59c2c36ecc12,2026-02-13T11:04:30,12.361199,-1.517324
securityB-12f2e631-90a7-4ce7-87f7-c377db45e99c,2026-02-13T11:05:00,12.361135,-1.517663
leaderB-579ff0e7-77e4-4b16-9220-59c2c36ecc12,2026-02-13T11:05:00,12.361135,-1.517663
securityB-12f2e631-90a7-4ce7-87f7-c377db45e99c,2026-02-13T11:05:30,12.361441,-1.517742
leaderB-579ff0e7-77e4-4b16-9220-59c2c36ecc12,2026-02-13T11:05:30,12.361441,-1.517742
securityB-12f2e631-90a7-4ce7-87f7-c377db45e99c,2026-02-13T11:06:00,12.361773,-1.517804
leaderB-579ff0e7-77e4-4b16-9220-59c2c36ecc12,2026-02-13T11:06:00,12.361773,-1.517804
securityB-12f2e631-90a7-4ce7-87f7-c377db45e99c,2026-02-13T11:06:30,12.362105,-1.517865
leaderB-579ff0e7-77e4-4b16-9220-59c2c36ecc12,2026-02-13T11:06:30,12.362105,-1.517865
securityB-12f2e631-90a7-4ce7-87f7-c377db45e99c,2026-02-13T11:07:00,12.362436,-1.517928
leaderB-579ff0e7-77e4-4b16-9220-59c2c36ecc12,2026-02-13T11:07:00,12.362436,-1.517928
leaderB-579ff0e7-77e4-4b16-9220-59c2c36ecc12,2026-02-13T11:07:30,12.362768,-1.517991
securityB-12f2e631-90a7-4ce7-87f7-c377db45e99c,2026-02-13T11:07:30,12.362768,-1.517991
securityB-12f2e631-90a7-4ce7-87f7-c377db45e99c,2026-02-13T11:08:00,12.3631,-1.518054
leaderB-579ff0e7-77e4-4b16-9220-59c2c36ecc12,2026-02-13T11:08:00,12.3631,-1.518054
securityB-12f2e631-90a7-4ce7-87f7-c377db45e99c,2026-02-13T11:08:30,12.363431,-1.518117
leaderB-579ff0e7-77e4-4b16-9220-59c2c36ecc12,2026-02-13T11:08:30,12.363431,-1.518117
securityB-12f2e631-90a7-4ce7-87f7-c377db45e99c,2026-02-13T11:09:00,12.363763,-1.51818
leaderB-579ff0e7-77e4-4b16-9220-59c2c36ecc12,2026-02-13T11:09:00,12.363763,-1.51818
securityB-12f2e631-90a7-4ce7-87f7-c377db45e99c,2026-02-13T11:09:30,12.364095,-1.518242
leaderB-579ff0e7-77e4-4b16-9220-59c2c36ecc12,2026-02-13T11:09:30,12.364095,-1.518242
securityB-12f2e631-90a7-4ce7-87f7-c377db45e99c,2026-02-13T11:10:00,12.364427,-1.518301
leaderB-579ff0e7-77e4-4b16-9220-59c2c36ecc12,2026-02-13T11:10:00,12.364427,-1.518301
leaderB-579ff0e7-77e4-4b16-9220-59c2c36ecc12,2026-02-13T11:10:30,12.364759,-1.518362
securityB-12f2e631-90a7-4ce7-87f7-c377db45e99c,2026-02-13T11:10:30,12.364759,-1.518362
securityB-12f2e631-90a7-4ce7-87f7-c377db45e99c,2026-02-13T11:11:00,12.364973,-1.518506
leaderB-579ff0e7-77e4-4b16-9220-59c2c36ecc12,2026-02-13T11:11:00,12.364973,-1.518506
leaderB-579ff0e7-77e4-4b16-9220-59c2c36ecc12,2026-02-13T11:11:30,12.364908,-1.518845
securityB-12f2e631-90a7-4ce7-87f7-c377db45e99c,2026-02-13T11:11:30,12.364908,-1.518845
leaderB-579ff0e7-77e4-4b16-9220-59c2c36ecc12,2026-02-13T11:12:00,12.364842,-1.519183
securityB-12f2e631-90a7-4ce7-87f7-c377db45e99c,2026-02-13T11:12:00,12.364842,-1.519183
leaderB-579ff0e7-77e4-4b16-9220-59c2c36ecc12,2026-02-13T11:12:30,12.364774,-1.519521
securityB-12f2e631-90a7-4ce7-87f7-c377db45e99c,2026-02-13T11:12:30,12.364774,-1.519521
leaderB-579ff0e7-77e4-4b16-9220-59c2c36ecc12,2026-02-13T11:13:00,12.364713,-1.519861
securityB-12f2e631-90a7-4ce7-87f7-c377db45e99c,2026-02-13T11:13:00,12.364713,-1.519861
leaderB-579ff0e7-77e4-4b16-9220-59c2c36ecc12,2026-02-13T11:13:30,12.36465,-1.5202
securityB-12f2e631-90a7-4ce7-87f7-c377db45e99c,2026-02-13T11:13:30,12.36465,-1.5202
leaderB-579ff0e7-77e4-4b16-9220-59c2c36ecc12,2026-02-13T11:14:00,12.364587,-1.520539
securityB-12f2e631-90a7-4ce7-87f7-c377db45e99c,2026-02-13T11:14:00,12.364587,-1.520539
securityB-12f2e631-90a7-4ce7-87f7-c377db45e99c,2026-02-13T11:14:30,12.364526,-1.520879
leaderB-579ff0e7-77e4-4b16-9220-59c2c36ecc12,2026-02-13T11:14:30,12.364526,-1.520879
securityB-12f2e631-90a7-4ce7-87f7-c377db45e99c,2026-02-13T14:00:00,12.359002,-1.520894
securityA-43c3c6c2-08da-4277-b10b-2565d4ab391b,2026-02-13T14:00:00,12.363601,-1.515311
courierA-5459d08e-e00c-4174-9a21-c4b90ef20a87,2026-02-13T14:00:00,12.359413,-1.51634
leaderA-dc3bb5ee-282c-411f-96da-eebb88b52ea0,2026-02-13T14:00:00,12.363601,-1.515311
leaderB-579ff0e7-77e4-4b16-9220-59c2c36ecc12,2026-02-13T14:00:00,12.359002,-1.520894
securityA-43c3c6c2-08da-4277-b10b-2565d4ab391b,2026-02-13T14:00:30,12.363477,-1.515566
courierA-5459d08e-e00c-4174-9a21-c4b90ef20a87,2026-02-13T14:00:30,12.359346,-1.516678
leaderA-dc3bb5ee-282c-411f-96da-eebb88b52ea0,2026-02-13T14:00:30,12.363477,-1.515566
securityA-43c3c6c2-08da-4277-b10b-2565d4ab391b,2026-02-13T14:01:00,12.363149,-1.515489
leaderA-dc3bb5ee-282c-411f-96da-eebb88b52ea0,2026-02-13T14:01:00,12.363149,-1.515489
courierA-5459d08e-e00c-4174-9a21-c4b90ef20a87,2026-02-13T14:01:00,12.359286,-1.517018
leaderA-dc3bb5ee-282c-411f-96da-eebb88b52ea0,2026-02-13T14:01:30,12.36282,-1.515412
securityA-43c3c6c2-08da-4277-b10b-2565d4ab391b,2026-02-13T14:01:30,12.36282,-1.515412
courierA-5459d08e-e00c-4174-9a21-c4b90ef20a87,2026-02-13T14:01:30,12.359261,-1.517335
securityA-43c3c6c2-08da-4277-b10b-2565d4ab391b,2026-02-13T14:02:00,12.362491,-1.515335
leaderA-dc3bb5ee-282c-411f-96da-eebb88b52ea0,2026-02-13T14:02:00,12.362491,-1.515335
courierA-5459d08e-e00c-4174-9a21-c4b90ef20a87,2026-02-13T14:02:00,12.359592,-1.517397
securityA-43c3c6c2-08da-4277-b10b-2565d4ab391b,2026-02-13T14:02:30,12.362163,-1.515258
courierA-5459d08e-e00c-4174-9a21-c4b90ef20a87,2026-02-13T14:02:30,12.359924,-1.517459
leaderA-dc3bb5ee-282c-411f-96da-eebb88b52ea0,2026-02-13T14:02:30,12.362163,-1.515258
courierA-5459d08e-e00c-4174-9a21-c4b90ef20a87,2026-02-13T14:03:00,12.360256,-1.517521
leaderB-579ff0e7-77e4-4b16-9220-59c2c36ecc12,2026-02-13T14:03:00,12.358998,-1.520908
leaderA-dc3bb5ee-282c-411f-96da-eebb88b52ea0,2026-02-13T14:03:00,12.361834,-1.515181
securityA-43c3c6c2-08da-4277-b10b-2565d4ab391b,2026-02-13T14:03:00,12.361834,-1.515181
securityB-12f2e631-90a7-4ce7-87f7-c377db45e99c,2026-02-13T14:03:00,12.358998,-1.520908
leaderA-dc3bb5ee-282c-411f-96da-eebb88b52ea0,2026-02-13T14:03:30,12.361519,-1.515097
securityA-43c3c6c2-08da-4277-b10b-2565d4ab391b,2026-02-13T14:03:30,12.361519,-1.515097
courierA-5459d08e-e00c-4174-9a21-c4b90ef20a87,2026-02-13T14:03:30,12.360588,-1.517583
leaderA-dc3bb5ee-282c-411f-96da-eebb88b52ea0,2026-02-13T14:04:00,12.361532,-1.514788
courierA-5459d08e-e00c-4174-9a21-c4b90ef20a87,2026-02-13T14:04:00,12.360919,-1.517645
securityA-43c3c6c2-08da-4277-b10b-2565d4ab391b,2026-02-13T14:04:00,12.361532,-1.514788
courierA-5459d08e-e00c-4174-9a21-c4b90ef20a87,2026-02-13T14:04:30,12.361251,-1.517707
leaderA-dc3bb5ee-282c-411f-96da-eebb88b52ea0,2026-02-13T14:04:30,12.361695,-1.514531
securityA-43c3c6c2-08da-4277-b10b-2565d4ab391b,2026-02-13T14:04:30,12.361695,-1.514531
courierA-5459d08e-e00c-4174-9a21-c4b90ef20a87,2026-02-13T14:05:00,12.361583,-1.517769
courierA-5459d08e-e00c-4174-9a21-c4b90ef20a87,2026-02-13T14:05:30,12.361915,-1.51783
securityB-12f2e631-90a7-4ce7-87f7-c377db45e99c,2026-02-13T14:06:00,12.359008,-1.520894
leaderB-579ff0e7-77e4-4b16-9220-59c2c36ecc12,2026-02-13T14:06:00,12.359008,-1.520894
courierA-5459d08e-e00c-4174-9a21-c4b90ef20a87,2026-02-13T14:06:00,12.362247,-1.517892
courierA-5459d08e-e00c-4174-9a21-c4b90ef20a87,2026-02-13T14:06:30,12.362578,-1.517955
courierA-5459d08e-e00c-4174-9a21-c4b90ef20a87,2026-02-13T14:07:00,12.36291,-1.518018
courierA-5459d08e-e00c-4174-9a21-c4b90ef20a87,2026-02-13T14:07:30,12.363093,-1.51786
courierA-5459d08e-e00c-4174-9a21-c4b90ef20a87,2026-02-13T14:08:00,12.363154,-1.517521
courierA-5459d08e-e00c-4174-9a21-c4b90ef20a87,2026-02-13T14:08:30,12.363213,-1.517181
securityB-12f2e631-90a7-4ce7-87f7-c377db45e99c,2026-02-13T14:09:00,12.358992,-1.520888
courierA-5459d08e-e00c-4174-9a21-c4b90ef20a87,2026-02-13T14:09:00,12.363281,-1.516843
leaderB-579ff0e7-77e4-4b16-9220-59c2c36ecc12,2026-02-13T14:09:00,12.358992,-1.520888
courierA-5459d08e-e00c-4174-9a21-c4b90ef20a87,2026-02-13T14:09:30,12.363349,-1.516504
courierA-5459d08e-e00c-4174-9a21-c4b90ef20a87,2026-02-13T14:10:00,12.363412,-1.516165
courierA-5459d08e-e00c-4174-9a21-c4b90ef20a87,2026-02-13T14:10:30,12.363487,-1.515829
courierA-5459d08e-e00c-4174-9a21-c4b90ef20a87,2026-02-13T14:11:00,12.363562,-1.515492
leaderB-579ff0e7-77e4-4b16-9220-59c2c36ecc12,2026-02-13T14:12:00,12.359011,-1.520899
securityB-12f2e631-90a7-4ce7-87f7-c377db45e99c,2026-02-13T14:12:00,12.359011,-1.520899
securityB-12f2e631-90a7-4ce7-87f7-c377db45e99c,2026-02-13T14:15:00,12.359001,-1.520895
leaderB-579ff0e7-77e4-4b16-9220-59c2c36ecc12,2026-02-13T14:15:00,12.359001,-1.520895
facA-1420f464-9589-439d-bdab-a216790c256e,2026-02-13T14:30:00,12.364006,-1.51539
facA-1420f464-9589-439d-bdab-a216790c256e,2026-02-13T14:33:00,12.364003,-1.515399
facA-1420f464-9589-439d-bdab-a216790c256e,2026-02-13T14:36:00,12.363992,-1.515406
facA-1420f464-9589-439d-bdab-a216790c256e,2026-02-13T14:39:00,12.364011,-1.515387
civ-449df865-3865-4737-9549-f70f8826d43f,2026-02-13T15:00:00,12.362857,-1.522512
civ-b34d4688-0f2e-4962-9a1c-3931578cbf2b,2026-02-13T15:00:00,12.362906,-1.522653
civ-d135c804-4223-4cc8-b685-d3773b204af9,2026-02-13T15:00:00,12.362931,-1.522494
civ-d1570159-4ac1-4736-81b6-4312d65dff34,2026-02-13T15:00:00,12.362826,-1.522411
civ-1c4911a1-97ef-44fe-9a84-9569d0873e09,2026-02-13T15:00:00,12.362831,-1.522383
civ-75156a50-d9dd-44aa-9c39-61a7ba4900cb,2026-02-13T15:00:00,12.36288,-1.522385
civ-9c2ba1ab-4ac8-4aad-8569-7979ecb1f60a,2026-02-13T15:00:00,12.362949,-1.52251
civ-46f85f67-6970-4d59-83e3-0617094589b0,2026-02-13T15:00:00,12.362863,-1.522525
civ-bcfedcc8-dc66-4678-a16c-987b33922e1c,2026-02-13T15:00:00,12.362933,-1.522571
civ-212fc003-e09c-494d-a6e8-b9912eea2d59,2026-02-13T15:00:00,12.364164,-1.515336
civ-8b45982a-c1da-4a34-84b9-0e323fe622e5,2026-02-13T15:00:00,12.362771,-1.522598
civ-0b4a94c6-da1e-460f-bb5e-d1f69630f51c,2026-02-13T15:00:00,12.363872,-1.515323
civ-fe4662fb-362e-4efd-8323-833bf3315662,2026-02-13T15:00:00,12.364031,-1.51537
civ-de0e4b6c-c786-4751-ab59-ca2ef81dad1f,2026-02-13T15:00:00,12.363956,-1.515406
civ-91e2460e-b5fa-46fc-bc26-f67841d26db5,2026-02-13T15:00:00,12.363907,-1.515438
civ-e370bbce-9be6-4ffd-be1b-b9ad5e64dd6f,2026-02-13T15:00:00,12.364034,-1.515303
leaderA-dc3bb5ee-282c-411f-96da-eebb88b52ea0,2026-02-13T15:00:00,12.362508,-1.513096
civ-2b88a99a-3e91-4dfc-995b-3dd9209ffee8,2026-02-13T15:00:00,12.362817,-1.522621
civ-41b297c3-c3e4-450a-a9ae-e6acc7e0a3db,2026-02-13T15:00:00,12.362951,-1.522517
civ-59cf22b4-4d3a-46d6-b2ab-f6183317e747,2026-02-13T15:00:00,12.362779,-1.522574
civ-468006e1-eda3-4355-abf8-4fd8af666038,2026-02-13T15:00:00,12.363004,-1.52237
civ-1c587d76-c1db-454d-aa4b-bf537abe2191,2026-02-13T15:00:00,12.362894,-1.522586
civ-669a406f-ea3c-4574-9cff-76168c04fd9b,2026-02-13T15:00:00,12.362929,-1.522491
civ-beeec0a4-69bc-476d-9029-23a8ff632bdf,2026-02-13T15:00:00,12.362862,-1.522487
civ-7da09493-2457-436b-9120-062773cc9649,2026-02-13T15:00:00,12.362849,-1.522359
civ-540417d5-dc33-4044-962b-eba574cb9f88,2026-02-13T15:00:00,12.36288,-1.522569
civ-bd5c8fee-5b30-4334-801f-a8d73ff5ea40,2026-02-13T15:00:00,12.362936,-1.522371
civ-0b4ab1b7-ebe0-4d32-b9ad-5bf73a50f2c5,2026-02-13T15:00:00,12.364032,-1.515321
civ-b90660ee-2346-44dc-8309-239af909ef37,2026-02-13T15:00:00,12.363991,-1.51544
securityA-43c3c6c2-08da-4277-b10b-2565d4ab391b,2026-02-13T15:00:00,12.362508,-1.513096
civ-5a6315fa-e8c5-4fb4-8555-37aab56e02f5,2026-02-13T15:00:00,12.363789,-1.515252
civ-66102f6a-bf94-47a3-a6bd-cd43cf50a769,2026-02-13T15:00:00,12.364078,-1.515427
courierA-5459d08e-e00c-4174-9a21-c4b90ef20a87,2026-02-13T15:00:00,12.364002,-1.515392
civ-a0850b76-e3a4-4069-89c8-0f880f9fe82a,2026-02-13T15:00:00,12.36401,-1.515286
civ-0a172e62-e4e1-4896-b865-9b09294c0ecc,2026-02-13T15:00:00,12.36401,-1.515444
civ-890a2944-64a1-4040-9021-68d63ad7e3c5,2026-02-13T15:00:00,12.363907,-1.515379
civ-a2b032f4-123a-4cd7-b526-484f6c0795a9,2026-02-13T15:00:00,12.364041,-1.515492
civ-e132ece7-5346-455a-8cac-cdcfb462f8c1,2026-02-13T15:00:00,12.364038,-1.515407
civ-18bb65d0-da8b-4ce0-b605-5f6abe5c80c5,2026-02-13T15:00:00,12.364018,-1.5153
civ-5f826676-796e-44d1-8714-0f3b8f1832ce,2026-02-13T15:00:00,12.363972,-1.51543
civ-d2fb5b6e-fea0-472a-8c0a-baa1e5ba98a3,2026-02-13T15:00:00,12.363992,-1.515458
civ-78212233-2c37-406f-a577-222362a8d9c4,2026-02-13T15:00:00,12.36405,-1.515482
civ-d696ba00-27a3-4a33-b2bf-5c71afe5cc49,2026-02-13T15:00:00,12.363966,-1.51549
courierA-5459d08e-e00c-4174-9a21-c4b90ef20a87,2026-02-13T15:03:00,12.364,-1.515374
courierA-5459d08e-e00c-4174-9a21-c4b90ef20a87,2026-02-13T15:06:00,12.363985,-1.51539
securityA-43c3c6c2-08da-4277-b10b-2565d4ab391b,2026-02-13T15:10:00,12.362511,-1.513111
leaderA-dc3bb5ee-282c-411f-96da-eebb88b52ea0,2026-02-13T15:10:00,12.362511,-1.513111
securityA-43c3c6c2-08da-4277-b10b-2565d4ab391b,2026-02-13T15:20:00,12.362515,-1.513086
leaderA-dc3bb5ee-282c-411f-96da-eebb88b52ea0,2026-02-13T15:20:00,12.362515,-1.513086
securityA-43c3c6c2-08da-4277-b10b-2565d4ab391b,2026-02-13T15:30:00,12.362507,-1.513084
leaderA-dc3bb5ee-282c-411f-96da-eebb88b52ea0,2026-02-13T15:30:00,12.362507,-1.513084
securityA-43c3c6c2-08da-4277-b10b-2565d4ab391b,2026-02-13T15:40:00,12.362485,-1.513105
leaderA-dc3bb5ee-282c-411f-96da-eebb88b52ea0,2026-02-13T15:40:00,12.362485,-1.513105
securityA-43c3c6c2-08da-4277-b10b-2565d4ab391b,2026-02-13T15:50:00,12.362493,-1.513094
leaderA-dc3bb5ee-282c-411f-96da-eebb88b52ea0,2026-02-13T15:50:00,12.362493,-1.513094
leaderA-dc3bb5ee-282c-411f-96da-eebb88b52ea0,2026-02-13T17:00:00,12.361831,-1.514451
securityA-43c3c6c2-08da-4277-b10b-2565d4ab391b,2026-02-13T17:00:00,12.361831,-1.514451
leaderA-dc3bb5ee-282c-411f-96da-eebb88b52ea0,2026-02-13T17:00:30,12.361806,-1.514771
securityA-43c3c6c2-08da-4277-b10b-2565d4ab391b,2026-02-13T17:00:30,12.361806,-1.514771
leaderA-dc3bb5ee-282c-411f-96da-eebb88b52ea0,2026-02-13T17:01:00,12.361843,-1.515081
securityA-43c3c6c2-08da-4277-b10b-2565d4ab391b,2026-02-13T17:01:00,12.361843,-1.515081
securityA-43c3c6c2-08da-4277-b10b-2565d4ab391b,2026-02-13T17:01:30,12.361661,-1.515329
leaderA-dc3bb5ee-282c-411f-96da-eebb88b52ea0,2026-02-13T17:01:30,12.361661,-1.515329
leaderA-dc3bb5ee-282c-411f-96da-eebb88b52ea0,2026-02-13T17:02:00,12.36159,-1.515666
securityA-43c3c6c2-08da-4277-b10b-2565d4ab391b,2026-02-13T17:02:00,12.36159,-1.515666
leaderA-dc3bb5ee-282c-411f-96da-eebb88b52ea0,2026-02-13T17:02:30,12.361521,-1.516004
securityA-43c3c6c2-08da-4277-b10b-2565d4ab391b,2026-02-13T17:02:30,12.361521,-1.516004
leaderA-dc3bb5ee-282c-411f-96da-eebb88b52ea0,2026-02-13T17:03:00,12.361373,-1.516212
securityA-43c3c6c2-08da-4277-b10b-2565d4ab391b,2026-02-13T17:03:00,12.361373,-1.516212
leaderA-dc3bb5ee-282c-411f-96da-eebb88b52ea0,2026-02-13T17:03:30,12.361043,-1.51614
securityA-43c3c6c2-08da-4277-b10b-2565d4ab391b,2026-02-13T17:03:30,12.361043,-1.51614
securityA-43c3c6c2-08da-4277-b10b-2565d4ab391b,2026-02-13T17:04:00,12.360713,-1.516069
leaderA-dc3bb5ee-282c-411f-96da-eebb88b52ea0,2026-02-13T17:04:00,12.360713,-1.516069
leaderA-dc3bb5ee-282c-411f-96da-eebb88b52ea0,2026-02-13T17:04:30,12.360383,-1.515998
securityA-43c3c6c2-08da-4277-b10b-2565d4ab391b,2026-02-13T17:04:30,12.360383,-1.515998
leaderA-dc3bb5ee-282c-411f-96da-eebb88b52ea0,2026-02-13T17:05:00,12.360053,-1.515927
securityA-43c3c6c2-08da-4277-b10b-2565d4ab391b,2026-02-13T17:05:00,12.360053,-1.515927
leaderA-dc3bb5ee-282c-411f-96da-eebb88b52ea0,2026-02-13T17:05:30,12.359723,-1.515855
securityA-43c3c6c2-08da-4277-b10b-2565d4ab391b,2026-02-13T17:05:30,12.359723,-1.515855
securityA-43c3c6c2-08da-4277-b10b-2565d4ab391b,2026-02-13T17:06:00,12.359495,-1.515944
leaderA-dc3bb5ee-282c-411f-96da-eebb88b52ea0,2026-02-13T17:06:00,12.359495,-1.515944
leaderA-dc3bb5ee-282c-411f-96da-eebb88b52ea0,2026-02-13T17:06:30,12.359425,-1.516282
securityA-43c3c6c2-08da-4277-b10b-2565d4ab391b,2026-02-13T17:06:30,12.359425,-1.516282
leaderA-dc3bb5ee-282c-411f-96da-eebb88b52ea0,2026-02-13T18:00:00,12.359691,-1.516393
securityA-43c3c6c2-08da-4277-b10b-2565d4ab391b,2026-02-13T18:00:00,12.359691,-1.516393
leaderA-dc3bb5ee-282c-411f-96da-eebb88b52ea0,2026-02-13T18:20:00,12.359712,-1.516394
securityA-43c3c6c2-08da-4277-b10b-2565d4ab391b,2026-02-13T18:20:00,12.359712,-1.516394
leaderA-dc3bb5ee-282c-411f-96da-eebb88b52ea0,2026-02-13T18:40:00,12.359703,-1.516409
securityA-43c3c6c2-08da-4277-b10b-2565d4ab391b,2026-02-13T18:40:00,12.359703,-1.516409
securityA-43c3c6c2-08da-4277-b10b-2565d4ab391b,2026-02-13T19:00:00,12.359692,-1.516389
leaderA-dc3bb5ee-282c-411f-96da-eebb88b52ea0,2026-02-13T19:00:00,12.359692,-1.516389
leaderA-dc3bb5ee-282c-411f-96da-eebb88b52ea0,2026-02-13T19:20:00,12.359707,-1.5164
securityA-43c3c6c2-08da-4277-b10b-2565d4ab391b,2026-02-13T19:20:00,12.359707,-1.5164
securityA-43c3c6c2-08da-4277-b10b-2565d4ab391b,2026-02-13T19:40:00,12.359696,-1.516418
leaderA-dc3bb5ee-282c-411f-96da-eebb88b52ea0,2026-02-13T19:40:00,12.359696,-1.516418
logB-c23e4c99-d72b-4789-9397-006a7d765d4c,2026-02-14T05:00:00,12.364466,-1.521212
logB-c23e4c99-d72b-4789-9397-006a7d765d4c,2026-02-14T05:00:30,12.364527,-1.520872
logB-c23e4c99-d72b-4789-9397-006a7d765d4c,2026-02-14T05:01:00,12.364588,-1.520533
logB-c23e4c99-d72b-4789-9397-006a7d765d4c,2026-02-14T05:01:30,12.364651,-1.520194
logB-c23e4c99-d72b-4789-9397-006a7d765d4c,2026-02-14T05:02:00,12.364714,-1.519855
logB-c23e4c99-d72b-4789-9397-006a7d765d4c,2026-02-14T05:02:30,12.364775,-1.519515
logB-c23e4c99-d72b-4789-9397-006a7d765d4c,2026-02-14T05:03:00,12.364843,-1.519177
logB-c23e4c99-d72b-4789-9397-006a7d765d4c,2026-02-14T05:03:30,12.36491,-1.518838
logB-c23e4c99-d72b-4789-9397-006a7d765d4c,2026-02-14T05:04:00,12.364974,-1.518499
logB-c23e4c99-d72b-4789-9397-006a7d765d4c,2026-02-14T05:04:30,12.364673,-1.518418
logB-c23e4c99-d72b-4789-9397-006a7d765d4c,2026-02-14T05:05:00,12.364341,-1.518355
logB-c23e4c99-d72b-4789-9397-006a7d765d4c,2026-02-14T05:05:30,12.364009,-1.518294
logB-c23e4c99-d72b-4789-9397-006a7d765d4c,2026-02-14T05:06:00,12.363677,-1.518233
logB-c23e4c99-d72b-4789-9397-006a7d765d4c,2026-02-14T05:06:30,12.363345,-1.518172
logB-c23e4c99-d72b-4789-9397-006a7d765d4c,2026-02-14T05:07:00,12.363013,-1.518111
logB-c23e4c99-d72b-4789-9397-006a7d765d4c,2026-02-14T05:07:30,12.362682,-1.518049
logB-c23e4c99-d72b-4789-9397-006a7d765d4c,2026-02-14T05:08:00,12.36235,-1.517985
logB-c23e4c99-d72b-4789-9397-006a7d765d4c,2026-02-14T05:08:30,12.362019,-1.517922
logB-c23e4c99-d72b-4789-9397-006a7d765d4c,2026-02-14T05:09:00,12.361686,-1.517864
logB-c23e4c99-d72b-4789-9397-006a7d765d4c,2026-02-14T05:09:30,12.361354,-1.517805
logB-c23e4c99-d72b-4789-9397-006a7d765d4c,2026-02-14T05:10:00,12.361134,-1.517667
logB-c23e4c99-d72b-4789-9397-006a7d765d4c,2026-02-14T05:10:30,12.361198,-1.517328
logB-c23e4c99-d72b-4789-9397-006a7d765d4c,2026-02-14T05:11:00,12.361263,-1.516989
logB-c23e4c99-d72b-4789-9397-006a7d765d4c,2026-02-14T05:11:30,12.361331,-1.516651
logB-c23e4c99-d72b-4789-9397-006a7d765d4c,2026-02-14T05:12:00,12.361398,-1.516312
logB-c23e4c99-d72b-4789-9397-006a7d765d4c,2026-02-14T05:12:30,12.361403,-1.515982
logB-c23e4c99-d72b-4789-9397-006a7d765d4c,2026-02-14T05:13:00,12.36147,-1.515644
logB-c23e4c99-d72b-4789-9397-006a7d765d4c,2026-02-14T05:13:30,12.361536,-1.515305
logB-c23e4c99-d72b-4789-9397-006a7d765d4c,2026-02-14T05:14:00,12.36147,-1.515001
logB-c23e4c99-d72b-4789-9397-006a7d765d4c,2026-02-14T05:14:30,12.361625,-1.514735
logB-c23e4c99-d72b-4789-9397-006a7d765d4c,2026-02-14T05:15:00,12.361721,-1.51443
leaderA-dc3bb5ee-282c-411f-96da-eebb88b52ea0,2026-02-14T05:30:00,12.3597,-1.516411
securityA-43c3c6c2-08da-4277-b10b-2565d4ab391b,2026-02-14T05:30:00,12.3597,-1.516411
leaderA-dc3bb5ee-282c-411f-96da-eebb88b52ea0,2026-02-14T05:33:00,12.359715,-1.516383
securityA-43c3c6c2-08da-4277-b10b-2565d4ab391b,2026-02-14T05:33:00,12.359715,-1.516383
leaderA-dc3bb5ee-282c-411f-96da-eebb88b52ea0,2026-02-14T05:36:00,12.359701,-1.516391
securityA-43c3c6c2-08da-4277-b10b-2565d4ab391b,2026-02-14T05:36:00,12.359701,-1.516391
leaderA-dc3bb5ee-282c-411f-96da-eebb88b52ea0,2026-02-14T05:39:00,12.359702,-1.516412
securityA-43c3c6c2-08da-4277-b10b-2565d4ab391b,2026-02-14T05:39:00,12.359702,-1.516412
securityA-43c3c6c2-08da-4277-b10b-2565d4ab391b,2026-02-14T05:42:00,12.359696,-1.516399
leaderA-dc3bb5ee-282c-411f-96da-eebb88b52ea0,2026-02-14T05:42:00,12.359696,-1.516399
courierA-5459d08e-e00c-4174-9a21-c4b90ef20a87,2026-02-14T06:00:00,12.359413,-1.51634
courierA-5459d08e-e00c-4174-9a21-c4b90ef20a87,2026-02-14T06:00:30,12.359483,-1.516002
courierA-5459d08e-e00c-4174-9a21-c4b90ef20a87,2026-02-14T06:01:00,12.359666,-1.515843
courierA-5459d08e-e00c-4174-9a21-c4b90ef20a87,2026-02-14T06:01:30,12.359996,-1.515914
courierA-5459d08e-e00c-4174-9a21-c4b90ef20a87,2026-02-14T06:02:00,12.360326,-1.515986
courierA-5459d08e-e00c-4174-9a21-c4b90ef20a87,2026-02-14T06:02:30,12.360656,-1.516057
courierA-5459d08e-e00c-4174-9a21-c4b90ef20a87,2026-02-14T06:03:00,12.360986,-1.516128
courierA-5459d08e-e00c-4174-9a21-c4b90ef20a87,2026-02-14T06:03:30,12.361316,-1.516199
courierA-5459d08e-e00c-4174-9a21-c4b90ef20a87,2026-02-14T06:04:00,12.361417,-1.515912
courierA-5459d08e-e00c-4174-9a21-c4b90ef20a87,2026-02-14T06:04:30,12.361484,-1.515573
courierA-5459d08e-e00c-4174-9a21-c4b90ef20a87,2026-02-14T06:05:00,12.361549,-1.515235
courierA-5459d08e-e00c-4174-9a21-c4b90ef20a87,2026-02-14T06:05:30,12.361465,-1.51493
courierA-5459d08e-e00c-4174-9a21-c4b90ef20a87,2026-02-14T06:06:00,12.361664,-1.514691
courierA-5459d08e-e00c-4174-9a21-c4b90ef20a87,2026-02-14T06:06:30,12.36179,-1.514443
facA-1420f464-9589-439d-bdab-a216790c256e,2026-02-14T06:30:00,12.362893,-1.522496
facA-1420f464-9589-439d-bdab-a216790c256e,2026-02-14T06:33:00,12.362912,-1.52252
facA-1420f464-9589-439d-bdab-a216790c256e,2026-02-14T06:36:00,12.362905,-1.522522
facA-1420f464-9589-439d-bdab-a216790c256e,2026-02-14T06:39:00,12.362891,-1.522485
civ-e6d5d081-817b-43b2-adc2-60447ab3f34e,2026-02-14T07:00:00,12.363974,-1.515452
civ-853a9c70-4a5c-4c31-a573-614892670c39,2026-02-14T07:00:00,12.364012,-1.515241
civ-1ff2d000-e854-4db6-9707-67b8886dedc3,2026-02-14T07:00:00,12.364043,-1.515461
civ-f347710e-4f17-40c6-9d43-c86f39db85f0,2026-02-14T07:00:00,12.364013,-1.515311
civ-32e73b57-07b8-475d-8f2c-8d3feb7cdb4f,2026-02-14T07:00:00,12.364179,-1.515381
courierA-5459d08e-e00c-4174-9a21-c4b90ef20a87,2026-02-14T07:00:00,12.362495,-1.513112
civ-a13915b8-6908-499c-aed2-ae65596612e1,2026-02-14T07:00:00,12.364038,-1.51534
civ-5cdeafdd-ac4d-4b17-b97c-2a76aaafb9d7,2026-02-14T07:00:00,12.364088,-1.515324
civ-8b005436-4d78-492f-a96a-7a3771f4d969,2026-02-14T07:00:00,12.364063,-1.515423
civ-e3d44130-6c05-4122-9e49-f395f46402a2,2026-02-14T07:00:00,12.363919,-1.515428
civ-92f4fc42-4ad7-4e1a-9a67-6d5f01940c32,2026-02-14T07:00:00,12.364092,-1.515411
civ-a395606a-2a54-4240-b46c-b03354ead388,2026-02-14T07:00:00,12.364086,-1.515406
civ-18c974c4-eceb-4893-a057-5d6bcc87951f,2026-02-14T07:00:00,12.36284,-1.522546
civ-6094f665-eaf1-44a3-80b7-038c0eddb2fa,2026-02-14T07:00:00,12.363995,-1.515395
civ-a02944f1-bb20-4e46-ba63-be1693308958,2026-02-14T07:00:00,12.364053,-1.515357
civ-67aa2e3b-c554-4e5b-8b39-dcbf221b65fe,2026-02-14T07:00:00,12.364086,-1.515491
civ-4247337d-db95-4fac-ae42-ca70fc6cc74e,2026-02-14T07:00:00,12.364027,-1.515378
civ-9d9009e6-caeb-4762-bfb7-33450961d251,2026-02-14T07:00:00,12.362841,-1.522577
civ-f07ee287-8129-40f8-b030-6f3f285d2a3b,2026-02-14T07:00:00,12.363053,-1.522404
civ-734d9dfb-d25d-4783-bce0-79c36d95a120,2026-02-14T07:00:00,12.362991,-1.522417
civ-85b83936-7ab1-487b-841d-5dfa3281ac23,2026-02-14T07:00:00,12.362844,-1.522422
civ-d6dfad1a-e644-4dc7-a532-35b4ca637f35,2026-02-14T07:00:00,12.362956,-1.522557
civ-f6909cb9-9792-43fc-b720-a322c8a84e20,2026-02-14T07:00:00,12.363048,-1.5225
civ-8fc13b4c-9490-45b0-9435-801188daf926,2026-02-14T07:00:00,12.362841,-1.522552
civ-49abe2c4-04ca-4c29-b23e-fd71125039be,2026-02-14T07:00:00,12.362924,-1.522516
civ-42d65a40-7403-4b41-ad49-97f065ef69fb,2026-02-14T07:00:00,12.364005,-1.515411
civ-063e0b80-519d-4517-9bb8-1674dfcf1c6a,2026-02-14T07:00:00,12.362905,-1.522593
civ-49cd875e-e2f1-451e-8aba-af9b074db814,2026-02-14T07:00:00,12.36285,-1.522566
civ-848e986e-8c3f-49ba-9b06-bf9bf8173773,2026-02-14T07:00:00,12.362989,-1.522529
civ-57e54493-cf41-4164-b95c-8d3d5d22112d,2026-02-14T07:00:00,12.362977,-1.522457
civ-3abd2fdc-6418-47b5-9cc0-0e53b3698baf,2026-02-14T07:00:00,12.363066,-1.522607
civ-4a5bf8f6-76d0-428c-99bf-a81b0f38d049,2026-02-14T07:00:00,12.362803,-1.52253
civ-ee920b43-12b7-4645-844d-e250e7db8176,2026-02-14T07:00:00,12.362902,-1.522492
civ-7ff63677-2d5f-408e-969b-efb8915330ff,2026-02-14T07:00:00,12.363038,-1.522588
civ-75c289bb-ae0c-4093-83bc-30ddb7743aab,2026-02-14T07:00:00,12.362887,-1.522472
civ-cf19094d-f43c-45e9-bb9e-8043c234dcfd,2026-02-14T07:00:00,12.363918,-1.515341
civ-d6236856-6f4d-42ff-a2e2-69179842ab4a,2026-02-14T07:00:00,12.364074,-1.515337
civ-a09f5ee1-f062-409b-a026-091c299f4b4b,2026-02-14T07:00:00,12.36399,-1.515376
civ-66abab06-8c6d-4c95-acbe-b8ff0faf0e83,2026-02-14T07:00:00,12.36283,-1.522427
civ-f8f7ce70-8bf1-4d6c-a2a4-da19b2520f66,2026-02-14T07:00:00,12.364001,-1.51555
civ-8666f911-7a33-46ba-8170-59fc2576753a,2026-02-14T07:00:00,12.36295,-1.522447
courierA-5459d08e-e00c-4174-9a21-c4b90ef20a87,2026-02-14T07:03:00,12.362503,-1.513101
courierA-5459d08e-e00c-4174-9a21-c4b90ef20a87,2026-02-14T07:06:00,12.362505,-1.513105
leaderA-dc3bb5ee-282c-411f-96da-eebb88b52ea0,2026-02-14T07:32:00,12.359413,-1.51634
securityA-43c3c6c2-08da-4277-b10b-2565d4ab391b,2026-02-14T07:32:00,12.359413,-1.51634
securityA-43c3c6c2-08da-4277-b10b-2565d4ab391b,2026-02-14T07:32:30,12.359346,-1.516678
leaderA-dc3bb5ee-282c-411f-96da-eebb88b52ea0,2026-02-14T07:32:30,12.359346,-1.516678
leaderA-dc3bb5ee-282c-411f-96da-eebb88b52ea0,2026-02-14T07:33:00,12.359286,-1.517018
securityA-43c3c6c2-08da-4277-b10b-2565d4ab391b,2026-02-14T07:33:00,12.359286,-1.517018
securityA-43c3c6c2-08da-4277-b10b-2565d4ab391b,2026-02-14T07:33:30,12.359261,-1.517335
leaderA-dc3bb5ee-282c-411f-96da-eebb88b52ea0,2026-02-14T07:33:30,12.359261,-1.517335
leaderA-dc3bb5ee-282c-411f-96da-eebb88b52ea0,2026-02-14T07:34:00,12.359592,-1.517397
securityA-43c3c6c2-08da-4277-b10b-2565d4ab391b,2026-02-14T07:34:00,12.359592,-1.517397
securityA-43c3c6c2-08da-4277-b10b-2565d4ab391b,2026-02-14T07:34:30,12.359924,-1.517459
leaderA-dc3bb5ee-282c-411f-96da-eebb88b52ea0,2026-02-14T07:34:30,12.359924,-1.517459
securityA-43c3c6c2-08da-4277-b10b-2565d4ab391b,2026-02-14T07:35:00,12.360256,-1.517521
leaderA-dc3bb5ee-282c-411f-96da-eebb88b52ea0,2026-02-14T07:35:00,12.360256,-1.517521
securityA-43c3c6c2-08da-4277-b10b-2565d4ab391b,2026-02-14T07:35:30,12.360588,-1.517583
leaderA-dc3bb5ee-282c-411f-96da-eebb88b52ea0,2026-02-14T07:35:30,12.360588,-1.517583
leaderA-dc3bb5ee-282c-411f-96da-eebb88b52ea0,2026-02-14T07:36:00,12.360919,-1.517645
securityA-43c3c6c2-08da-4277-b10b-2565d4ab391b,2026-02-14T07:36:00,12.360919,-1.517645
leaderA-dc3bb5ee-282c-411f-96da-eebb88b52ea0,2026-02-14T07:36:30,12.361251,-1.517707
securityA-43c3c6c2-08da-4277-b10b-2565d4ab391b,2026-02-14T07:36:30,12.361251,-1.517707
leaderA-dc3bb5ee-282c-411f-96da-eebb88b52ea0,2026-02-14T07:37:00,12.361583,-1.517769
securityA-43c3c6c2-08da-4277-b10b-2565d4ab391b,2026-02-14T07:37:00,12.361583,-1.517769
leaderA-dc3bb5ee-282c-411f-96da-eebb88b52ea0,2026-02-14T07:37:30,12.361915,-1.51783
securityA-43c3c6c2-08da-4277-b10b-2565d4ab391b,2026-02-14T07:37:30,12.361915,-1.51783
leaderA-dc3bb5ee-282c-411f-96da-eebb88b52ea0,2026-02-14T07:38:00,12.362247,-1.517892
securityA-43c3c6c2-08da-4277-b10b-2565d4ab391b,2026-02-14T07:38:00,12.362247,-1.517892
securityA-43c3c6c2-08da-4277-b10b-2565d4ab391b,2026-02-14T07:38:30,12.362578,-1.517955
leaderA-dc3bb5ee-282c-411f-96da-eebb88b52ea0,2026-02-14T07:38:30,12.362578,-1.517955
leaderA-dc3bb5ee-282c-411f-96da-eebb88b52ea0,2026-02-14T07:39:00,12.36291,-1.518018
securityA-43c3c6c2-08da-4277-b10b-2565d4ab391b,2026-02-14T07:39:00,12.36291,-1.518018
securityA-43c3c6c2-08da-4277-b10b-2565d4ab391b,2026-02-14T07:39:30,12.363093,-1.51786
leaderA-dc3bb5ee-282c-411f-96da-eebb88b52ea0,2026-02-14T07:39:30,12.363093,-1.51786
leaderA-dc3bb5ee-282c-411f-96da-eebb88b52ea0,2026-02-14T07:40:00,12.363154,-1.517521
securityA-43c3c6c2-08da-4277-b10b-2565d4ab391b,2026-02-14T07:40:00,12.363154,-1.517521
leaderA-dc3bb5ee-282c-411f-96da-eebb88b52ea0,2026-02-14T07:40:30,12.363213,-1.517181
securityA-43c3c6c2-08da-4277-b10b-2565d4ab391b,2026-02-14T07:40:30,12.363213,-1.517181
leaderA-dc3bb5ee-282c-411f-96da-eebb88b52ea0,2026-02-14T07:41:00,12.363281,-1.516843
securityA-43c3c6c2-08da-4277-b10b-2565d4ab391b,2026-02-14T07:41:00,12.363281,-1.516843
leaderA-dc3bb5ee-282c-411f-96da-eebb88b52ea0,2026-02-14T07:41:30,12.363349,-1.516504
securityA-43c3c6c2-08da-4277-b10b-2565d4ab391b,2026-02-14T07:41:30,12.363349,-1.516504
leaderA-dc3bb5ee-282c-411f-96da-eebb88b52ea0,2026-02-14T07:42:00,12.363412,-1.516165
securityA-43c3c6c2-08da-4277-b10b-2565d4ab391b,2026-02-14T07:42:00,12.363412,-1.516165
leaderA-dc3bb5ee-282c-411f-96da-eebb88b52ea0,2026-02-14T07:42:30,12.363487,-1.515829
securityA-43c3c6c2-08da-4277-b10b-2565d4ab391b,2026-02-14T07:42:30,12.363487,-1.515829
leaderA-dc3bb5ee-282c-411f-96da-eebb88b52ea0,2026-02-14T07:43:00,12.363562,-1.515492
securityA-43c3c6c2-08da-4277-b10b-2565d4ab391b,2026-02-14T07:43:00,12.363562,-1.515492
securityB-12f2e631-90a7-4ce7-87f7-c377db45e99c,2026-02-14T08:00:00,12.364466,-1.521212
logB-c23e4c99-d72b-4789-9397-006a7d765d4c,2026-02-14T08:00:00,12.362503,-1.513077
leaderB-579ff0e7-77e4-4b16-9220-59c2c36ecc12,2026-02-14T08:00:00,12.364466,-1.521212
securityB-12f2e631-90a7-4ce7-87f7-c377db45e99c,2026-02-14T08:00:30,12.364527,-1.520872
leaderB-579ff0e7-77e4-4b16-9220-59c2c36ecc12,2026-02-14T08:00:30,12.364527,-1.520872
securityB-12f2e631-90a7-4ce7-87f7-c377db45e99c,2026-02-14T08:01:00,12.364588,-1.520533
leaderB-579ff0e7-77e4-4b16-9220-59c2c36ecc12,2026-02-14T08:01:00,12.364588,-1.520533
securityB-12f2e631-90a7-4ce7-87f7-c377db45e99c,2026-02-14T08:01:30,12.364651,-1.520194
leaderB-579ff0e7-77e4-4b16-9220-59c2c36ecc12,2026-02-14T08:01:30,12.364651,-1.520194
securityB-12f2e631-90a7-4ce7-87f7-c377db45e99c,2026-02-14T08:02:00,12.364714,-1.519855
leaderB-579ff0e7-77e4-4b16-9220-59c2c36ecc12,2026-02-14T08:02:00,12.364714,-1.519855
leaderB-579ff0e7-77e4-4b16-9220-59c2c36ecc12,2026-02-14T08:02:30,12.364775,-1.519515
securityB-12f2e631-90a7-4ce7-87f7-c377db45e99c,2026-02-14T08:02:30,12.364775,-1.519515
securityB-12f2e631-90a7-4ce7-87f7-c377db45e99c,2026-02-14T08:03:00,12.364843,-1.519177
logB-c23e4c99-d72b-4789-9397-006a7d765d4c,2026-02-14T08:03:00,12.362483,-1.5131
leaderB-579ff0e7-77e4-4b16-9220-59c2c36ecc12,2026-02-14T08:03:00,12.364843,-1.519177
securityB-12f2e631-90a7-4ce7-87f7-c377db45e99c,2026-02-14T08:03:30,12.36491,-1.518838
leaderB-579ff0e7-77e4-4b16-9220-59c2c36ecc12,2026-02-14T08:03:30,12.36491,-1.518838
leaderB-579ff0e7-77e4-4b16-9220-59c2c36ecc12,2026-02-14T08:04:00,12.364974,-1.518499
securityB-12f2e631-90a7-4ce7-87f7-c377db45e99c,2026-02-14T08:04:00,12.364974,-1.518499
leaderB-579ff0e7-77e4-4b16-9220-59c2c36ecc12,2026-02-14T08:04:30,12.364673,-1.518418
securityB-12f2e631-90a7-4ce7-87f7-c377db45e99c,2026-02-14T08:04:30,12.364673,-1.518418
leaderB-579ff0e7-77e4-4b16-9220-59c2c36ecc12,2026-02-14T08:05:00,12.364341,-1.518355
securityB-12f2e631-90a7-4ce7-87f7-c377db45e99c,2026-02-14T08:05:00,12.364341,-1.518355
securityB-12f2e631-90a7-4ce7-87f7-c377db45e99c,2026-02-14T08:05:30,12.364009,-1.518294
leaderB-579ff0e7-77e4-4b16-9220-59c2c36ecc12,2026-02-14T08:05:30,12.364009,-1.518294
securityB-12f2e631-90a7-4ce7-87f7-c377db45e99c,2026-02-14T08:06:00,12.363677,-1.518233
leaderB-579ff0e7-77e4-4b16-9220-59c2c36ecc12,2026-02-14T08:06:00,12.363677,-1.518233
logB-c23e4c99-d72b-4789-9397-006a7d765d4c,2026-02-14T08:06:00,12.362506,-1.513099
leaderB-579ff0e7-77e4-4b16-9220-59c2c36ecc12,2026-02-14T08:06:30,12.363345,-1.518172
securityB-12f2e631-90a7-4ce7-87f7-c377db45e99c,2026-02-14T08:06:30,12.363345,-1.518172
securityB-12f2e631-90a7-4ce7-87f7-c377db45e99c,2026-02-14T08:07:00,12.363013,-1.518111
leaderB-579ff0e7-77e4-4b16-9220-59c2c36ecc12,2026-02-14T08:07:00,12.363013,-1.518111
securityB-12f2e631-90a7-4ce7-87f7-c377db45e99c,2026-02-14T08:07:30,12.362682,-1.518049
leaderB-579ff0e7-77e4-4b16-9220-59c2c36ecc12,2026-02-14T08:07:30,12.362682,-1.518049
leaderB-579ff0e7-77e4-4b16-9220-59c2c36ecc12,2026-02-14T08:08:00,12.36235,-1.517985
securityB-12f2e631-90a7-4ce7-87f7-c377db45e99c,2026-02-14T08:08:00,12.36235,-1.517985
securityB-12f2e631-90a7-4ce7-87f7-c377db45e99c,2026-02-14T08:08:30,12.362019,-1.517922
leaderB-579ff0e7-77e4-4b16-9220-59c2c36ecc12,2026-02-14T08:08:30,12.362019,-1.517922
leaderB-579ff0e7-77e4-4b16-9220-59c2c36ecc12,2026-02-14T08:09:00,12.361686,-1.517864
logB-c23e4c99-d72b-4789-9397-006a7d765d4c,2026-02-14T08:09:00,12.362499,-1.513112
securityB-12f2e631-90a7-4ce7-87f7-c377db45e99c,2026-02-14T08:09:00,12.361686,-1.517864
leaderB-579ff0e7-77e4-4b16-9220-59c2c36ecc12,2026-02-14T08:09:30,12.361354,-1.517805
securityB-12f2e631-90a7-4ce7-87f7-c377db45e99c,2026-02-14T08:09:30,12.361354,-1.517805
securityB-12f2e631-90a7-4ce7-87f7-c377db45e99c,2026-02-14T08:10:00,12.361134,-1.517667
leaderB-579ff0e7-77e4-4b16-9220-59c2c36ecc12,2026-02-14T08:10:00,12.361134,-1.517667
securityB-12f2e631-90a7-4ce7-87f7-c377db45e99c,2026-02-14T08:10:30,12.361198,-1.517328
leaderB-579ff0e7-77e4-4b16-9220-59c2c36ecc12,2026-02-14T08:10:30,12.361198,-1.517328
securityB-12f2e631-90a7-4ce7-87f7-c377db45e99c,2026-02-14T08:11:00,12.361263,-1.516989
leaderB-579ff0e7-77e4-4b16-9220-59c2c36ecc12,2026-02-14T08:11:00,12.361263,-1.516989
leaderB-579ff0e7-77e4-4b16-9220-59c2c36ecc12,2026-02-14T08:11:30,12.361331,-1.516651
securityB-12f2e631-90a7-4ce7-87f7-c377db45e99c,2026-02-14T08:11:30,12.361331,-1.516651
logB-c23e4c99-d72b-4789-9397-006a7d765d4c,2026-02-14T08:12:00,12.362502,-1.513107
securityB-12f2e631-90a7-4ce7-87f7-c377db45e99c,2026-02-14T08:12:00,12.361398,-1.516312
leaderB-579ff0e7-77e4-4b16-9220-59c2c36ecc12,2026-02-14T08:12:00,12.361398,-1.516312
leaderB-579ff0e7-77e4-4b16-9220-59c2c36ecc12,2026-02-14T08:12:30,12.361403,-1.515982
securityB-12f2e631-90a7-4ce7-87f7-c377db45e99c,2026-02-14T08:12:30,12.361403,-1.515982
securityB-12f2e631-90a7-4ce7-87f7-c377db45e99c,2026-02-14T08:13:00,12.36147,-1.515644
leaderB-579ff0e7-77e4-4b16-9220-59c2c36ecc12,2026-02-14T08:13:00,12.36147,-1.515644
leaderB-579ff0e7-77e4-4b16-9220-59c2c36ecc12,2026-02-14T08:13:30,12.361536,-1.515305
securityB-12f2e631-90a7-4ce7-87f7-c377db45e99c,2026-02-14T08:13:30,12.361536,-1.515305
leaderB-579ff0e7-77e4-4b16-9220-59c2c36ecc12,2026-02-14T08:14:00,12.36147,-1.515001
securityB-12f2e631-90a7-4ce7-87f7-c377db45e99c,2026-02-14T08:14:00,12.36147,-1.515001
securityB-12f2e631-90a7-4ce7-87f7-c377db45e99c,2026-02-14T08:14:30,12.361625,-1.514735
leaderB-579ff0e7-77e4-4b16-9220-59c2c36ecc12,2026-02-14T08:14:30,12.361625,-1.514735
securityB-12f2e631-90a7-4ce7-87f7-c377db45e99c,2026-02-14T08:15:00,12.361721,-1.51443
leaderB-579ff0e7-77e4-4b16-9220-59c2c36ecc12,2026-02-14T08:15:00,12.361721,-1.51443
securityB-12f2e631-90a7-4ce7-87f7-c377db45e99c,2026-02-14T09:00:00,12.362499,-1.513111
propB-775f6ffc-da47-48c0-82b1-4fe100d5ee88,2026-02-14T09:00:00,12.35898,-1.520889
leaderB-579ff0e7-77e4-4b16-9220-59c2c36ecc12,2026-02-14T09:00:00,12.362499,-1.513111
securityB-12f2e631-90a7-4ce7-87f7-c377db45e99c,2026-02-14T09:03:00,12.362519,-1.513086
propB-775f6ffc-da47-48c0-82b1-4fe100d5ee88,2026-02-14T09:03:00,12.359009,-1.5209
leaderB-579ff0e7-77e4-4b16-9220-59c2c36ecc12,2026-02-14T09:03:00,12.362519,-1.513086
propB-775f6ffc-da47-48c0-82b1-4fe100d5ee88,2026-02-14T09:06:00,12.359002,-1.52089
securityB-12f2e631-90a7-4ce7-87f7-c377db45e99c,2026-02-14T09:06:00,12.362506,-1.513107
leaderB-579ff0e7-77e4-4b16-9220-59c2c36ecc12,2026-02-14T09:06:00,12.362506,-1.513107
leaderB-579ff0e7-77e4-4b16-9220-59c2c36ecc12,2026-02-14T09:09:00,12.3625,-1.513101
propB-775f6ffc-da47-48c0-82b1-4fe100d5ee88,2026-02-14T09:09:00,12.359002,-1.520892
securityB-12f2e631-90a7-4ce7-87f7-c377db45e99c,2026-02-14T09:09:00,12.3625,-1.513101
leaderA-dc3bb5ee-282c-411f-96da-eebb88b52ea0,2026-02-14T09:30:00,12.363996,-1.515402
securityA-43c3c6c2-08da-4277-b10b-2565d4ab391b,2026-02-14T09:30:00,12.363996,-1.515402
leaderA-dc3bb5ee-282c-411f-96da-eebb88b52ea0,2026-02-14T09:45:00,12.363999,-1.515401
securityA-43c3c6c2-08da-4277-b10b-2565d4ab391b,2026-02-14T09:45:00,12.363999,-1.515401
leaderA-dc3bb5ee-282c-411f-96da-eebb88b52ea0,2026-02-14T10:00:00,12.364,-1.51541
securityA-43c3c6c2-08da-4277-b10b-2565d4ab391b,2026-02-14T10:00:00,12.364,-1.51541
leaderA-dc3bb5ee-282c-411f-96da-eebb88b52ea0,2026-02-14T10:15:00,12.363994,-1.515412
securityA-43c3c6c2-08da-4277-b10b-2565d4ab391b,2026-02-14T10:15:00,12.363994,-1.515412
leaderA-dc3bb5ee-282c-411f-96da-eebb88b52ea0,2026-02-14T10:30:00,12.364009,-1.515419
securityA-43c3c6c2-08da-4277-b10b-2565d4ab391b,2026-02-14T10:30:00,12.364009,-1.515419
securityA-43c3c6c2-08da-4277-b10b-2565d4ab391b,2026-02-14T10:45:00,12.36401,-1.515388
leaderA-dc3bb5ee-282c-411f-96da-eebb88b52ea0,2026-02-14T10:45:00,12.36401,-1.515388
securityB-12f2e631-90a7-4ce7-87f7-c377db45e99c,2026-02-14T11:00:00,12.361831,-1.514451
leaderB-579ff0e7-77e4-4b16-9220-59c2c36ecc12,2026-02-14T11:00:00,12.361831,-1.514451
leaderB-579ff0e7-77e4-4b16-9220-59c2c36ecc12,2026-02-14T11:00:30,12.361806,-1.514771
securityB-12f2e631-90a7-4ce7-87f7-c377db45e99c,2026-02-14T11:00:30,12.361806,-1.514771
leaderB-579ff0e7-77e4-4b16-9220-59c2c36ecc12,2026-02-14T11:01:00,12.361843,-1.515081
securityB-12f2e631-90a7-4ce7-87f7-c377db45e99c,2026-02-14T11:01:00,12.361843,-1.515081
leaderB-579ff0e7-77e4-4b16-9220-59c2c36ecc12,2026-02-14T11:01:30,12.361661,-1.515329
securityB-12f2e631-90a7-4ce7-87f7-c377db45e99c,2026-02-14T11:01:30,12.361661,-1.515329
securityB-12f2e631-90a7-4ce7-87f7-c377db45e99c,2026-02-14T11:02:00,12.36159,-1.515666
leaderB-579ff0e7-77e4-4b16-9220-59c2c36ecc12,2026-02-14T11:02:00,12.36159,-1.515666
securityB-12f2e631-90a7-4ce7-87f7-c377db45e99c,2026-02-14T11:02:30,12.361521,-1.516004
leaderB-579ff0e7-77e4-4b16-9220-59c2c36ecc12,2026-02-14T11:02:30,12.361521,-1.516004
securityB-12f2e631-90a7-4ce7-87f7-c377db45e99c,2026-02-14T11:03:00,12.361398,-1.516308
leaderB-579ff0e7-77e4-4b16-9220-59c2c36ecc12,2026-02-14T11:03:00,12.361398,-1.516308
securityB-12f2e631-90a7-4ce7-87f7-c377db45e99c,2026-02-14T11:03:30,12.361331,-1.516647
leaderB-579ff0e7-77e4-4b16-9220-59c2c36ecc12,2026-02-14T11:03:30,12.361331,-1.516647
securityB-12f2e631-90a7-4ce7-87f7-c377db45e99c,2026-02-14T11:04:00,12.361264,-1.516985
leaderB-579ff0e7-77e4-4b16-9220-59c2c36ecc12,2026-02-14T11:04:00,12.361264,-1.516985
leaderB-579ff0e7-77e4-4b16-9220-59c2c36ecc12,2026-02-14T11:04:30,12.361199,-1.517324
securityB-12f2e631-90a7-4ce7-87f7-c377db45e99c,2026-02-14T11:04:30,12.361199,-1.517324
leaderB-579ff0e7-77e4-4b16-9220-59c2c36ecc12,2026-02-14T11:05:00,12.361135,-1.517663
securityB-12f2e631-90a7-4ce7-87f7-c377db45e99c,2026-02-14T11:05:00,12.361135,-1.517663
securityB-12f2e631-90a7-4ce7-87f7-c377db45e99c,2026-02-14T11:05:30,12.361441,-1.517742
leaderB-579ff0e7-77e4-4b16-9220-59c2c36ecc12,2026-02-14T11:05:30,12.361441,-1.517742
securityB-12f2e631-90a7-4ce7-87f7-c377db45e99c,2026-02-14T11:06:00,12.361773,-1.517804
leaderB-579ff0e7-77e4-4b16-9220-59c2c36ecc12,2026-02-14T11:06:00,12.361773,-1.517804
securityB-12f2e631-90a7-4ce7-87f7-c377db45e99c,2026-02-14T11:06:30,12.362105,-1.517865
leaderB-579ff0e7-77e4-4b16-9220-59c2c36ecc12,2026-02-14T11:06:30,12.362105,-1.517865
securityB-12f2e631-90a7-4ce7-87f7-c377db45e99c,2026-02-14T11:07:00,12.362436,-1.517928
leaderB-579ff0e7-77e4-4b16-9220-59c2c36ecc12,2026-02-14T11:07:00,12.362436,-1.517928
securityB-12f2e631-90a7-4ce7-87f7-c377db45e99c,2026-02-14T11:07:30,12.362768,-1.517991
leaderB-579ff0e7-77e4-4b16-9220-59c2c36ecc12,2026-02-14T11:07:30,12.362768,-1.517991
leaderB-579ff0e7-77e4-4b16-9220-59c2c36ecc12,2026-02-14T11:08:00,12.3631,-1.518054
securityB-12f2e631-90a7-4ce7-87f7-c377db45e99c,2026-02-14T11:08:00,12.3631,-1.518054
securityB-12f2e631-90a7-4ce7-87f7-c377db45e99c,2026-02-14T11:08:30,12.363431,-1.518117
leaderB-579ff0e7-77e4-4b16-9220-59c2c36ecc12,2026-02-14T11:08:30,12.363431,-1.518117
leaderB-579ff0e7-77e4-4b16-9220-59c2c36ecc12,2026-02-14T11:09:00,12.363763,-1.51818
securityB-12f2e631-90a7-4ce7-87f7-c377db45e99c,2026-02-14T11:09:00,12.363763,-1.51818
leaderB-579ff0e7-77e4-4b16-9220-59c2c36ecc12,2026-02-14T11:09:30,12.364095,-1.518242
securityB-12f2e631-90a7-4ce7-87f7-c377db45e99c,2026-02-14T11:09:30,12.364095,-1.518242
securityB-12f2e631-90a7-4ce7-87f7-c377db45e99c,2026-02-14T11:10:00,12.364427,-1.518301
leaderB-579ff0e7-77e4-4b16-9220-59c2c36ecc12,2026-02-14T11:10:00,12.364427,-1.518301
leaderB-579ff0e7-77e4-4b16-9220-59c2c36ecc12,2026-02-14T11:10:30,12.364759,-1.518362
securityB-12f2e631-90a7-4ce7-87f7-c377db45e99c,2026-02-14T11:10:30,12.364759,-1.518362
leaderB-579ff0e7-77e4-4b16-9220-59c2c36ecc12,2026-02-14T11:11:00,12.364973,-1.518506
securityB-12f2e631-90a7-4ce7-87f7-c377db45e99c,2026-02-14T11:11:00,12.364973,-1.518506
leaderB-579ff0e7-77e4-4b16-9220-59c2c36ecc12,2026-02-14T11:11:30,12.364908,-1.518845
securityB-12f2e631-90a7-4ce7-87f7-c377db45e99c,2026-02-14T11:11:30,12.364908,-1.518845
leaderB-579ff0e7-77e4-4b16-9220-59c2c36ecc12,2026-02-14T11:12:00,12.364842,-1.519183
securityB-12f2e631-90a7-4ce7-87f7-c377db45e99c,2026-02-14T11:12:00,12.364842,-1.519183
securityB-12f2e631-90a7-4ce7-87f7-c377db45e99c,2026-02-14T11:12:30,12.364774,-1.519521
leaderB-579ff0e7-77e4-4b16-9220-59c2c36ecc12,2026-02-14T11:12:30,12.364774,-1.519521
leaderB-579ff0e7-77e4-4b16-9220-59c2c36ecc12,2026-02-14T11:13:00,12.364713,-1.519861
securityB-12f2e631-90a7-4ce7-87f7-c377db45e99c,2026-02-14T11:13:00,12.364713,-1.519861
leaderB-579ff0e7-77e4-4b16-9220-59c2c36ecc12,2026-02-14T11:13:30,12.36465,-1.5202
securityB-12f2e631-90a7-4ce7-87f7-c377db45e99c,2026-02-14T11:13:30,12.36465,-1.5202
leaderB-579ff0e7-77e4-4b16-9220-59c2c36ecc12,2026-02-14T11:14:00,12.364587,-1.520539
securityB-12f2e631-90a7-4ce7-87f7-c377db45e99c,2026-02-14T11:14:00,12.364587,-1.520539
leaderB-579ff0e7-77e4-4b16-9220-59c2c36ecc12,2026-02-14T11:14:30,12.364526,-1.520879
securityB-12f2e631-90a7-4ce7-87f7-c377db45e99c,2026-02-14T11:14:30,12.364526,-1.520879
securityA-43c3c6c2-08da-4277-b10b-2565d4ab391b,2026-02-14T14:00:00,12.363601,-1.515311
leaderB-579ff0e7-77e4-4b16-9220-59c2c36ecc12,2026-02-14T14:00:00,12.359003,-1.520887
courierA-5459d08e-e00c-4174-9a21-c4b90ef20a87,2026-02-14T14:00:00,12.359413,-1.51634
securityB-12f2e631-90a7-4ce7-87f7-c377db45e99c,2026-02-14T14:00:00,12.359003,-1.520887
leaderA-dc3bb5ee-282c-411f-96da-eebb88b52ea0,2026-02-14T14:00:00,12.363601,-1.515311
propB-775f6ffc-da47-48c0-82b1-4fe100d5ee88,2026-02-14T14:00:00,12.362897,-1.522488
securityA-43c3c6c2-08da-4277-b10b-2565d4ab391b,2026-02-14T14:00:30,12.363477,-1.515566
courierA-5459d08e-e00c-4174-9a21-c4b90ef20a87,2026-02-14T14:00:30,12.359346,-1.516678
leaderA-dc3bb5ee-282c-411f-96da-eebb88b52ea0,2026-02-14T14:00:30,12.363477,-1.515566
leaderA-dc3bb5ee-282c-411f-96da-eebb88b52ea0,2026-02-14T14:01:00,12.363149,-1.515489
courierA-5459d08e-e00c-4174-9a21-c4b90ef20a87,2026-02-14T14:01:00,12.359286,-1.517018
securityA-43c3c6c2-08da-4277-b10b-2565d4ab391b,2026-02-14T14:01:00,12.363149,-1.515489
leaderA-dc3bb5ee-282c-411f-96da-eebb88b52ea0,2026-02-14T14:01:30,12.36282,-1.515412
courierA-5459d08e-e00c-4174-9a21-c4b90ef20a87,2026-02-14T14:01:30,12.359261,-1.517335
securityA-43c3c6c2-08da-4277-b10b-2565d4ab391b,2026-02-14T14:01:30,12.36282,-1.515412
securityA-43c3c6c2-08da-4277-b10b-2565d4ab391b,2026-02-14T14:02:00,12.362491,-1.515335
leaderA-dc3bb5ee-282c-411f-96da-eebb88b52ea0,2026-02-14T14:02:00,12.362491,-1.515335
courierA-5459d08e-e00c-4174-9a21-c4b90ef20a87,2026-02-14T14:02:00,12.359592,-1.517397
courierA-5459d08e-e00c-4174-9a21-c4b90ef20a87,2026-02-14T14:02:30,12.359924,-1.517459
leaderA-dc3bb5ee-282c-411f-96da-eebb88b52ea0,2026-02-14T14:02:30,12.362163,-1.515258
securityA-43c3c6c2-08da-4277-b10b-2565d4ab391b,2026-02-14T14:02:30,12.362163,-1.515258
leaderA-dc3bb5ee-282c-411f-96da-eebb88b52ea0,2026-02-14T14:03:00,12.361834,-1.515181
securityA-43c3c6c2-08da-4277-b10b-2565d4ab391b,2026-02-14T14:03:00,12.361834,-1.515181
propB-775f6ffc-da47-48c0-82b1-4fe100d5ee88,2026-02-14T14:03:00,12.362903,-1.522498
securityB-12f2e631-90a7-4ce7-87f7-c377db45e99c,2026-02-14T14:03:00,12.359008,-1.52091
courierA-5459d08e-e00c-4174-9a21-c4b90ef20a87,2026-02-14T14:03:00,12.360256,-1.517521
leaderB-579ff0e7-77e4-4b16-9220-59c2c36ecc12,2026-02-14T14:03:00,12.359008,-1.52091
securityA-43c3c6c2-08da-4277-b10b-2565d4ab391b,2026-02-14T14:03:30,12.361519,-1.515097
courierA-5459d08e-e00c-4174-9a21-c4b90ef20a87,2026-02-14T14:03:30,12.360588,-1.517583
leaderA-dc3bb5ee-282c-411f-96da-eebb88b52ea0,2026-02-14T14:03:30,12.361519,-1.515097
leaderA-dc3bb5ee-282c-411f-96da-eebb88b52ea0,2026-02-14T14:04:00,12.361532,-1.514788
courierA-5459d08e-e00c-4174-9a21-c4b90ef20a87,2026-02-14T14:04:00,12.360919,-1.517645
securityA-43c3c6c2-08da-4277-b10b-2565d4ab391b,2026-02-14T14:04:00,12.361532,-1.514788
leaderA-dc3bb5ee-282c-411f-96da-eebb88b52ea0,2026-02-14T14:04:30,12.361695,-1.514531
securityA-43c3c6c2-08da-4277-b10b-2565d4ab391b,2026-02-14T14:04:30,12.361695,-1.514531
courierA-5459d08e-e00c-4174-9a21-c4b90ef20a87,2026-02-14T14:04:30,12.361251,-1.517707
courierA-5459d08e-e00c-4174-9a21-c4b90ef20a87,2026-02-14T14:05:00,12.361583,-1.517769
courierA-5459d08e-e00c-4174-9a21-c4b90ef20a87,2026-02-14T14:05:30,12.361915,-1.51783
leaderB-579ff0e7-77e4-4b16-9220-59c2c36ecc12,2026-02-14T14:06:00,12.359012,-1.520897
propB-775f6ffc-da47-48c0-82b1-4fe100d5ee88,2026-02-14T14:06:00,12.362889,-1.522497
securityB-12f2e631-90a7-4ce7-87f7-c377db45e99c,2026-02-14T14:06:00,12.359012,-1.520897
courierA-5459d08e-e00c-4174-9a21-c4b90ef20a87,2026-02-14T14:06:00,12.362247,-1.517892
courierA-5459d08e-e00c-4174-9a21-c4b90ef20a87,2026-02-14T14:06:30,12.362578,-1.517955
courierA-5459d08e-e00c-4174-9a21-c4b90ef20a87,2026-02-14T14:07:00,12.36291,-1.518018
courierA-5459d08e-e00c-4174-9a21-c4b90ef20a87,2026-02-14T14:07:30,12.363093,-1.51786
courierA-5459d08e-e00c-4174-9a21-c4b90ef20a87,2026-02-14T14:08:00,12.363154,-1.517521
courierA-5459d08e-e00c-4174-9a21-c4b90ef20a87,2026-02-14T14:08:30,12.363213,-1.517181
courierA-5459d08e-e00c-4174-9a21-c4b90ef20a87,2026-02-14T14:09:00,12.363281,-1.516843
securityB-12f2e631-90a7-4ce7-87f7-c377db45e99c,2026-02-14T14:09:00,12.359006,-1.520887
leaderB-579ff0e7-77e4-4b16-9220-59c2c36ecc12,2026-02-14T14:09:00,12.359006,-1.520887
courierA-5459d08e-e00c-4174-9a21-c4b90ef20a87,2026-02-14T14:09:30,12.363349,-1.516504
courierA-5459d08e-e00c-4174-9a21-c4b90ef20a87,2026-02-14T14:10:00,12.363412,-1.516165
courierA-5459d08e-e00c-4174-9a21-c4b90ef20a87,2026-02-14T14:10:30,12.363487,-1.515829
courierA-5459d08e-e00c-4174-9a21-c4b90ef20a87,2026-02-14T14:11:00,12.363562,-1.515492
securityB-12f2e631-90a7-4ce7-87f7-c377db45e99c,2026-02-14T14:12:00,12.35899,-1.5209
leaderB-579ff0e7-77e4-4b16-9220-59c2c36ecc12,2026-02-14T14:12:00,12.35899,-1.5209
leaderB-579ff0e7-77e4-4b16-9220-59c2c36ecc12,2026-02-14T14:15:00,12.358995,-1.520914
securityB-12f2e631-90a7-4ce7-87f7-c377db45e99c,2026-02-14T14:15:00,12.358995,-1.520914
facA-1420f464-9589-439d-bdab-a216790c256e,2026-02-14T14:30:00,12.363995,-1.515411
facA-1420f464-9589-439d-bdab-a216790c256e,2026-02-14T14:33:00,12.363998,-1.515381
facA-1420f464-9589-439d-bdab-a216790c256e,2026-02-14T14:36:00,12.363984,-1.515409
facA-1420f464-9589-439d-bdab-a216790c256e,2026-02-14T14:39:00,12.364013,-1.515383
civ-91c11afb-8c7b-41f6-8112-f72f5152487e,2026-02-14T15:00:00,12.362956,-1.522531
civ-2636d9b4-43a0-48bd-a990-9ddf0c764665,2026-02-14T15:00:00,12.362919,-1.522485
civ-842cdd44-767e-4212-9933-09373bc7aeec,2026-02-14T15:00:00,12.362842,-1.52258
civ-146f28b9-5508-4598-8c97-9a227256e727,2026-02-14T15:00:00,12.362829,-1.522503
civ-e5977531-2514-423d-b1d1-95df4bbf6de1,2026-02-14T15:00:00,12.362864,-1.522513
civ-cb0a7b8c-eaaf-414d-a8b1-759e61f0a2e8,2026-02-14T15:00:00,12.362891,-1.522467
civ-5b8afbfe-ad7b-4e6c-876d-5f98a8aec0a1,2026-02-14T15:00:00,12.362876,-1.522473
civ-d122036b-9a20-453a-a08a-22f14997592e,2026-02-14T15:00:00,12.363959,-1.515376
civ-04446cce-3e0d-4ed8-85a9-46a7fb7e15b5,2026-02-14T15:00:00,12.362929,-1.52246
civ-292b1a57-6afd-4b55-bfc1-74912dc4eb16,2026-02-14T15:00:00,12.362883,-1.522446
civ-b1ac65bb-df7e-429e-9897-e44f80d69061,2026-02-14T15:00:00,12.362943,-1.522546
civ-9e503679-2516-4c89-b31f-b5501573344e,2026-02-14T15:00:00,12.362789,-1.522546
civ-6094290b-c653-4233-bb86-4f9bdef8f9c6,2026-02-14T15:00:00,12.36284,-1.522445
civ-84079049-2410-4636-806a-5f0028c1a3e7,2026-02-14T15:00:00,12.363037,-1.522568
civ-abeed979-3406-4ebc-a61e-4addef186c77,2026-02-14T15:00:00,12.362758,-1.522497
civ-e971b811-e522-47b4-b904-e6cd32d2f32d,2026-02-14T15:00:00,12.36293,-1.522481
civ-260a13bb-3d62-4271-89d4-dae46fd24801,2026-02-14T15:00:00,12.362932,-1.522559
civ-0fb9c7f4-73af-423c-8828-c9f218ee6106,2026-02-14T15:00:00,12.363882,-1.515529
leaderA-dc3bb5ee-282c-411f-96da-eebb88b52ea0,2026-02-14T15:00:00,12.362497,-1.513123
civ-e6175128-2544-4d45-8eb6-080b5e78ff89,2026-02-14T15:00:00,12.364067,-1.515416
civ-9e48fdb3-9e8e-480b-854d-36f007bd7580,2026-02-14T15:00:00,12.364077,-1.515295
civ-a7c683d6-17c8-4cff-8682-aca5921180bb,2026-02-14T15:00:00,12.362801,-1.522475
civ-092ba110-c580-45bc-9751-857ad34175ff,2026-02-14T15:00:00,12.363934,-1.51546
civ-2ec42a0b-1a38-453b-aaab-a7175e392066,2026-02-14T15:00:00,12.36399,-1.515378
civ-62264e3b-20b5-425c-89a3-5ae920af3625,2026-02-14T15:00:00,12.363962,-1.515303
civ-0b303e9d-2366-4e30-8cbe-b9e2f83aaf45,2026-02-14T15:00:00,12.362911,-1.522474
civ-e6931ebf-c356-4ff2-8d94-1f498f792b6e,2026-02-14T15:00:00,12.364031,-1.515397
civ-dfa49835-08ba-40cb-851a-be9d66a00d37,2026-02-14T15:00:00,12.36402,-1.515554
civ-fa3251c1-dac1-4133-a113-55eb1710527c,2026-02-14T15:00:00,12.364073,-1.515411
civ-0f6ad837-49c7-49f4-a62f-184b32b825ba,2026-02-14T15:00:00,12.364234,-1.515234
civ-f1b9d61e-989d-4254-b459-6974d6790ec6,2026-02-14T15:00:00,12.363987,-1.515408
civ-5143eec0-9ddf-44f1-9f85-469ad627919c,2026-02-14T15:00:00,12.364072,-1.515277
civ-195d26af-aa55-4e9a-9871-3c55b3cd7a24,2026-02-14T15:00:00,12.363914,-1.515567
civ-dfe7f5a6-374e-4735-a00b-e09300da51db,2026-02-14T15:00:00,12.363897,-1.515495
civ-18dbed8a-6352-489b-af02-bb8264c9fb7d,2026-02-14T15:00:00,12.362986,-1.522436
civ-0103b0c3-24bc-4b58-9d67-aecfb53acc17,2026-02-14T15:00:00,12.364036,-1.515323
civ-6962facc-9ebd-4b3f-802f-623e50135fbc,2026-02-14T15:00:00,12.362829,-1.52252
civ-40b3d9fe-b849-418a-ae1f-4ff28a1b3193,2026-02-14T15:00:00,12.364062,-1.51546
courierA-5459d08e-e00c-4174-9a21-c4b90ef20a87,2026-02-14T15:00:00,12.364011,-1.515408
securityA-43c3c6c2-08da-4277-b10b-2565d4ab391b,2026-02-14T15:00:00,12.362497,-1.513123
civ-1aabdb58-2679-44de-a3f0-774ad3ac9713,2026-02-14T15:00:00,12.363855,-1.51539
civ-ebcc7846-7ac2-43d8-b352-062e95a3e023,2026-02-14T15:00:00,12.363955,-1.515358
civ-c91dca09-9b70-4935-a196-50aa28376028,2026-02-14T15:00:00,12.364057,-1.515409
courierA-5459d08e-e00c-4174-9a21-c4b90ef20a87,2026-02-14T15:03:00,12.364015,-1.515416
courierA-5459d08e-e00c-4174-9a21-c4b90ef20a87,2026-02-14T15:06:00,12.364004,-1.515396
securityA-43c3c6c2-08da-4277-b10b-2565d4ab391b,2026-02-14T15:10:00,12.362497,-1.513101
leaderA-dc3bb5ee-282c-411f-96da-eebb88b52ea0,2026-02-14T15:10:00,12.362497,-1.513101
securityA-43c3c6c2-08da-4277-b10b-2565d4ab391b,2026-02-14T15:20:00,12.362491,-1.513105
leaderA-dc3bb5ee-282c-411f-96da-eebb88b52ea0,2026-02-14T15:20:00,12.362491,-1.513105
securityA-43c3c6c2-08da-4277-b10b-2565d4ab391b,2026-02-14T15:30:00,12.362514,-1.513094
leaderA-dc3bb5ee-282c-411f-96da-eebb88b52ea0,2026-02-14T15:30:00,12.362514,-1.513094
leaderA-dc3bb5ee-282c-411f-96da-eebb88b52ea0,2026-02-14T15:40:00,12.362492,-1.513114
securityA-43c3c6c2-08da-4277-b10b-2565d4ab391b,2026-02-14T15:40:00,12.362492,-1.513114
securityA-43c3c6c2-08da-4277-b10b-2565d4ab391b,2026-02-14T15:50:00,12.362497,-1.513102
leaderA-dc3bb5ee-282c-411f-96da-eebb88b52ea0,2026-02-14T15:50:00,12.362497,-1.513102
leaderA-dc3bb5ee-282c-411f-96da-eebb88b52ea0,2026-02-14T17:00:00,12.361831,-1.514451
securityA-43c3c6c2-08da-4277-b10b-2565d4ab391b,2026-02-14T17:00:00,12.361831,-1.514451
leaderA-dc3bb5ee-282c-411f-96da-eebb88b52ea0,2026-02-14T17:00:30,12.361806,-1.514771
securityA-43c3c6c2-08da-4277-b10b-2565d4ab391b,2026-02-14T17:00:30,12.361806,-1.514771
leaderA-dc3bb5ee-282c-411f-96da-eebb88b52ea0,2026-02-14T17:01:00,12.361843,-1.515081
securityA-43c3c6c2-08da-4277-b10b-2565d4ab391b,2026-02-14T17:01:00,12.361843,-1.515081
securityA-43c3c6c2-08da-4277-b10b-2565d4ab391b,2026-02-14T17:01:30,12.361661,-1.515329
leaderA-dc3bb5ee-282c-411f-96da-eebb88b52ea0,2026-02-14T17:01:30,12.361661,-1.515329
leaderA-dc3bb5ee-282c-411f-96da-eebb88b52ea0,2026-02-14T17:02:00,12.36159,-1.515666
securityA-43c3c6c2-08da-4277-b10b-2565d4ab391b,2026-02-14T17:02:00,12.36159,-1.515666
securityA-43c3c6c2-08da-4277-b10b-2565d4ab391b,2026-02-14T17:02:30,12.361521,-1.516004
leaderA-dc3bb5ee-282c-411f-96da-eebb88b52ea0,2026-02-14T17:02:30,12.361521,-1.516004
leaderA-dc3bb5ee-282c-411f-96da-eebb88b52ea0,2026-02-14T17:03:00,12.361373,-1.516212
securityA-43c3c6c2-08da-4277-b10b-2565d4ab391b,2026-02-14T17:03:00,12.361373,-1.516212
leaderA-dc3bb5ee-282c-411f-96da-eebb88b52ea0,2026-02-14T17:03:30,12.361043,-1.51614
securityA-43c3c6c2-08da-4277-b10b-2565d4ab391b,2026-02-14T17:03:30,12.361043,-1.51614
securityA-43c3c6c2-08da-4277-b10b-2565d4ab391b,2026-02-14T17:04:00,12.360713,-1.516069
leaderA-dc3bb5ee-282c-411f-96da-eebb88b52ea0,2026-02-14T17:04:00,12.360713,-1.516069
securityA-43c3c6c2-08da-4277-b10b-2565d4ab391b,2026-02-14T17:04:30,12.360383,-1.515998
leaderA-dc3bb5ee-282c-411f-96da-eebb88b52ea0,2026-02-14T17:04:30,12.360383,-1.515998
securityA-43c3c6c2-08da-4277-b10b-2565d4ab391b,2026-02-14T17:05:00,12.360053,-1.515927
leaderA-dc3bb5ee-282c-411f-96da-eebb88b52ea0,2026-02-14T17:05:00,12.360053,-1.515927
securityA-43c3c6c2-08da-4277-b10b-2565d4ab391b,2026-02-14T17:05:30,12.359723,-1.515855
leaderA-dc3bb5ee-282c-411f-96da-eebb88b52ea0,2026-02-14T17:05:30,12.359723,-1.515855
leaderA-dc3bb5ee-282c-411f-96da-eebb88b52ea0,2026-02-14T17:06:00,12.359495,-1.515944
securityA-43c3c6c2-08da-4277-b10b-2565d4ab391b,2026-02-14T17:06:00,12.359495,-1.515944
securityA-43c3c6c2-08da-4277-b10b-2565d4ab391b,2026-02-14T17:06:30,12.359425,-1.516282
leaderA-dc3bb5ee-282c-411f-96da-eebb88b52ea0,2026-02-14T17:06:30,12.359425,-1.516282
leaderA-dc3bb5ee-282c-411f-96da-eebb88b52ea0,2026-02-14T18:00:00,12.359704,-1.516405
securityA-43c3c6c2-08da-4277-b10b-2565d4ab391b,2026-02-14T18:00:00,12.359704,-1.516405
securityA-43c3c6c2-08da-4277-b10b-2565d4ab391b,2026-02-14T18:20:00,12.359705,-1.516383
leaderA-dc3bb5ee-282c-411f-96da-eebb88b52ea0,2026-02-14T18:20:00,12.359705,-1.516383
securityA-43c3c6c2-08da-4277-b10b-2565d4ab391b,2026-02-14T18:40:00,12.359707,-1.5164
leaderA-dc3bb5ee-282c-411f-96da-eebb88b52ea0,2026-02-14T18:40:00,12.359707,-1.5164
leaderA-dc3bb5ee-282c-411f-96da-eebb88b52ea0,2026-02-14T19:00:00,12.359698,-1.516403
securityA-43c3c6c2-08da-4277-b10b-2565d4ab391b,2026-02-14T19:00:00,12.359698,-1.516403
securityA-43c3c6c2-08da-4277-b10b-2565d4ab391b,2026-02-14T19:20:00,12.359711,-1.516406
leaderA-dc3bb5ee-282c-411f-96da-eebb88b52ea0,2026-02-14T19:20:00,12.359711,-1.516406
leaderA-dc3bb5ee-282c-411f-96da-eebb88b52ea0,2026-02-14T19:40:00,12.3597,-1.5164
securityA-43c3c6c2-08da-4277-b10b-2565d4ab391b,2026-02-14T19:40:00,12.3597,-1.5164
logB-c23e4c99-d72b-4789-9397-006a7d765d4c,2026-02-15T05:00:00,12.364466,-1.521212
logB-c23e4c99-d72b-4789-9397-006a7d765d4c,2026-02-15T05:00:30,12.364527,-1.520872
logB-c23e4c99-d72b-4789-9397-006a7d765d4c,2026-02-15T05:01:00,12.364588,-1.520533
logB-c23e4c99-d72b-4789-9397-006a7d765d4c,2026-02-15T05:01:30,12.364651,-1.520194
logB-c23e4c99-d72b-4789-9397-006a7d765d4c,2026-02-15T05:02:00,12.364714,-1.519855
logB-c23e4c99-d72b-4789-9397-006a7d765d4c,2026-02-15T05:02:30,12.364775,-1.519515
logB-c23e4c99-d72b-4789-9397-006a7d765d4c,2026-02-15T05:03:00,12.364843,-1.519177
logB-c23e4c99-d72b-4789-9397-006a7d765d4c,2026-02-15T05:03:30,12.36491,-1.518838
logB-c23e4c99-d72b-4789-9397-006a7d765d4c,2026-02-15T05:04:00,12.364974,-1.518499
logB-c23e4c99-d72b-4789-9397-006a7d765d4c,2026-02-15T05:04:30,12.364673,-1.518418
logB-c23e4c99-d72b-4789-9397-006a7d765d4c,2026-02-15T05:05:00,12.364341,-1.518355
logB-c23e4c99-d72b-4789-9397-006a7d765d4c,2026-02-15T05:05:30,12.364009,-1.518294
logB-c23e4c99-d72b-4789-9397-006a7d765d4c,2026-02-15T05:06:00,12.363677,-1.518233
logB-c23e4c99-d72b-4789-9397-006a7d765d4c,2026-02-15T05:06:30,12.363345,-1.518172
logB-c23e4c99-d72b-4789-9397-006a7d765d4c,2026-02-15T05:07:00,12.363013,-1.518111
logB-c23e4c99-d72b-4789-9397-006a7d765d4c,2026-02-15T05:07:30,12.362682,-1.518049
logB-c23e4c99-d72b-4789-9397-006a7d765d4c,2026-02-15T05:08:00,12.36235,-1.517985
logB-c23e4c99-d72b-4789-9397-006a7d765d4c,2026-02-15T05:08:30,12.362019,-1.517922
logB-c23e4c99-d72b-4789-9397-006a7d765d4c,2026-02-15T05:09:00,12.361686,-1.517864
logB-c23e4c99-d72b-4789-9397-006a7d765d4c,2026-02-15T05:09:30,12.361354,-1.517805
logB-c23e4c99-d72b-4789-9397-006a7d765d4c,2026-02-15T05:10:00,12.361134,-1.517667
logB-c23e4c99-d72b-4789-9397-006a7d765d4c,2026-02-15T05:10:30,12.361198,-1.517328
logB-c23e4c99-d72b-4789-9397-006a7d765d4c,2026-02-15T05:11:00,12.361263,-1.516989
logB-c23e4c99-d72b-4789-9397-006a7d765d4c,2026-02-15T05:11:30,12.361331,-1.516651
logB-c23e4c99-d72b-4789-9397-006a7d765d4c,2026-02-15T05:12:00,12.361398,-1.516312
logB-c23e4c99-d72b-4789-9397-006a7d765d4c,2026-02-15T05:12:30,12.361403,-1.515982
logB-c23e4c99-d72b-4789-9397-006a7d765d4c,2026-02-15T05:13:00,12.36147,-1.515644
logB-c23e4c99-d72b-4789-9397-006a7d765d4c,2026-02-15T05:13:30,12.361536,-1.515305
logB-c23e4c99-d72b-4789-9397-006a7d765d4c,2026-02-15T05:14:00,12.36147,-1.515001
logB-c23e4c99-d72b-4789-9397-006a7d765d4c,2026-02-15T05:14:30,12.361625,-1.514735
logB-c23e4c99-d72b-4789-9397-006a7d765d4c,2026-02-15T05:15:00,12.361721,-1.51443
leaderA-dc3bb5ee-282c-411f-96da-eebb88b52ea0,2026-02-15T05:30:00,12.359696,-1.516401
securityA-43c3c6c2-08da-4277-b10b-2565d4ab391b,2026-02-15T05:30:00,12.359696,-1.516401
leaderA-dc3bb5ee-282c-411f-96da-eebb88b52ea0,2026-02-15T05:33:00,12.359697,-1.516412
securityA-43c3c6c2-08da-4277-b10b-2565d4ab391b,2026-02-15T05:33:00,12.359697,-1.516412
securityA-43c3c6c2-08da-4277-b10b-2565d4ab391b,2026-02-15T05:36:00,12.359694,-1.516395
leaderA-dc3bb5ee-282c-411f-96da-eebb88b52ea0,2026-02-15T05:36:00,12.359694,-1.516395
securityA-43c3c6c2-08da-4277-b10b-2565d4ab391b,2026-02-15T05:39:00,12.359703,-1.516398
leaderA-dc3bb5ee-282c-411f-96da-eebb88b52ea0,2026-02-15T05:39:00,12.359703,-1.516398
leaderA-dc3bb5ee-282c-411f-96da-eebb88b52ea0,2026-02-15T05:42:00,12.359691,-1.516402
securityA-43c3c6c2-08da-4277-b10b-2565d4ab391b,2026-02-15T05:42:00,12.359691,-1.516402
courierA-5459d08e-e00c-4174-9a21-c4b90ef20a87,2026-02-15T06:00:00,12.359413,-1.51634
courierA-5459d08e-e00c-4174-9a21-c4b90ef20a87,2026-02-15T06:00:30,12.359483,-1.516002
courierA-5459d08e-e00c-4174-9a21-c4b90ef20a87,2026-02-15T06:01:00,12.359666,-1.515843
courierA-5459d08e-e00c-4174-9a21-c4b90ef20a87,2026-02-15T06:01:30,12.359996,-1.515914
courierA-5459d08e-e00c-4174-9a21-c4b90ef20a87,2026-02-15T06:02:00,12.360326,-1.515986
courierA-5459d08e-e00c-4174-9a21-c4b90ef20a87,2026-02-15T06:02:30,12.360656,-1.516057
courierA-5459d08e-e00c-4174-9a21-c4b90ef20a87,2026-02-15T06:03:00,12.360986,-1.516128
courierA-5459d08e-e00c-4174-9a21-c4b90ef20a87,2026-02-15T06:03:30,12.361316,-1.516199
courierA-5459d08e-e00c-4174-9a21-c4b90ef20a87,2026-02-15T06:04:00,12.361417,-1.515912
courierA-5459d08e-e00c-4174-9a21-c4b90ef20a87,2026-02-15T06:04:30,12.361484,-1.515573
courierA-5459d08e-e00c-4174-9a21-c4b90ef20a87,2026-02-15T06:05:00,12.361549,-1.515235
courierA-5459d08e-e00c-4174-9a21-c4b90ef20a87,2026-02-15T06:05:30,12.361465,-1.51493
courierA-5459d08e-e00c-4174-9a21-c4b90ef20a87,2026-02-15T06:06:00,12.361664,-1.514691
courierA-5459d08e-e00c-4174-9a21-c4b90ef20a87,2026-02-15T06:06:30,12.36179,-1.514443
facA-1420f464-9589-439d-bdab-a216790c256e,2026-02-15T06:30:00,12.362891,-1.522511
facA-1420f464-9589-439d-bdab-a216790c256e,2026-02-15T06:33:00,12.362904,-1.522505
facA-1420f464-9589-439d-bdab-a216790c256e,2026-02-15T06:36:00,12.362903,-1.522508
facA-1420f464-9589-439d-bdab-a216790c256e,2026-02-15T06:39:00,12.362902,-1.522488
civ-738c9571-410d-4916-8ec4-e212af785e5d,2026-02-15T07:00:00,12.362989,-1.522473
civ-478da3bf-df7a-4015-8991-f09c16f6d036,2026-02-15T07:00:00,12.36297,-1.522599
civ-7391b60c-b064-426f-9644-cfde6add18f0,2026-02-15T07:00:00,12.363016,-1.52244
civ-27e9b4e4-499b-4d90-8042-6dee454cb7cb,2026-02-15T07:00:00,12.362979,-1.522533
civ-7a3f75d9-0665-4b2f-b2f1-a5e4e89d73e6,2026-02-15T07:00:00,12.362889,-1.522603
civ-975468ff-e96f-4fbd-98a2-d82ef2f1ff6b,2026-02-15T07:00:00,12.362862,-1.522464
civ-105c48b6-3c31-4ebe-9f19-b3172406bad9,2026-02-15T07:00:00,12.363975,-1.515456
civ-cec479cd-454a-41c9-bc92-8e06d20411bc,2026-02-15T07:00:00,12.36409,-1.515496
civ-a05da400-3256-4386-8c9d-ebec4b4cc9ad,2026-02-15T07:00:00,12.364004,-1.515372
civ-af5df88f-5f23-4b0a-93d0-506f51e4a93a,2026-02-15T07:00:00,12.364064,-1.515345
civ-7739486b-4011-430f-b015-02da91dd23e5,2026-02-15T07:00:00,12.364048,-1.51529
civ-1c50c530-7cb2-40e8-bc35-4c37e6aacd57,2026-02-15T07:00:00,12.363915,-1.515388
civ-3942ee2e-ac85-475c-a790-b378ee9886e3,2026-02-15T07:00:00,12.364069,-1.515367
civ-ee6cdc95-d854-4406-8097-4e8857238c8e,2026-02-15T07:00:00,12.363981,-1.515424
civ-688217ce-3c88-4070-9a48-2aec6950e1b0,2026-02-15T07:00:00,12.363975,-1.515516
civ-424d4916-6a5f-43b3-9135-2be17b2bc71f,2026-02-15T07:00:00,12.364134,-1.515384
civ-40b104aa-60c9-45d1-8da0-ba0930552039,2026-02-15T07:00:00,12.364068,-1.515404
civ-af7c9800-bfb3-45ab-a270-ed9e1116231c,2026-02-15T07:00:00,12.363994,-1.515361
civ-9510e030-5e0a-4d04-8b7d-8087622270d3,2026-02-15T07:00:00,12.362847,-1.522414
civ-b0ce11e9-dc02-4ea5-b0f4-528f4a033eef,2026-02-15T07:00:00,12.362821,-1.522606
civ-bb367f44-f109-482d-988f-b5227eaf9d48,2026-02-15T07:00:00,12.3628,-1.522489
civ-d0f4d97d-d55d-4204-9f5d-a576bab2059f,2026-02-15T07:00:00,12.36291,-1.522428
civ-702d784e-c28e-4fde-a52f-f8263788bf2e,2026-02-15T07:00:00,12.362923,-1.522381
civ-4c23813e-cfb5-422e-9f01-0a8b98d54e94,2026-02-15T07:00:00,12.362873,-1.522552
civ-262de578-f1c3-4442-8e6a-2d4828192488,2026-02-15T07:00:00,12.362899,-1.522516
civ-f00a9f91-0178-40cf-b9cd-70444304d653,2026-02-15T07:00:00,12.362867,-1.522557
civ-9d3e0fa2-cf9f-406d-964f-cfcf3814d5bb,2026-02-15T07:00:00,12.362848,-1.522514
civ-e4a4ffa9-05ec-440e-bbbb-c66fe1140800,2026-02-15T07:00:00,12.3628,-1.522457
civ-13fc5bbc-f10c-4d74-9bed-8e6a9a14ba13,2026-02-15T07:00:00,12.362856,-1.522551
civ-4ed5f871-7bfd-45b6-a61d-d2ef262f5764,2026-02-15T07:00:00,12.36283,-1.522522
civ-99e8ba5e-10a4-405b-8317-d16c1afaab52,2026-02-15T07:00:00,12.362993,-1.52258
civ-2020100e-5cf7-4a9c-8b00-6949aa1a0da1,2026-02-15T07:00:00,12.364037,-1.51546
civ-e45a6a82-7ade-4d73-803c-b12e7805b8ec,2026-02-15T07:00:00,12.362874,-1.522511
civ-a5e6a97c-d429-49db-a440-43bc5876f1fa,2026-02-15T07:00:00,12.363957,-1.515572
civ-6c85cb55-2db6-4f53-b7c8-545496e5d87f,2026-02-15T07:00:00,12.36397,-1.515334
civ-3cfd43db-6067-483f-9be8-4ccec3fa288f,2026-02-15T07:00:00,12.364039,-1.515369
civ-fc9b446b-29de-44bd-a1c2-fc75fdf7a47e,2026-02-15T07:00:00,12.36398,-1.515492
civ-0ced7e7c-f844-4add-9255-11c0cb6b8351,2026-02-15T07:00:00,12.364157,-1.515359
civ-60368fd4-0ba1-4ed2-ab08-768973024d7c,2026-02-15T07:00:00,12.363958,-1.515444
civ-28038ce5-a6b0-4a0d-9dd0-7f02bc214d4f,2026-02-15T07:00:00,12.364027,-1.515311
courierA-5459d08e-e00c-4174-9a21-c4b90ef20a87,2026-02-15T07:00:00,12.362509,-1.513104
courierA-5459d08e-e00c-4174-9a21-c4b90ef20a87,2026-02-15T07:03:00,12.362493,-1.513107
courierA-5459d08e-e00c-4174-9a21-c4b90ef20a87,2026-02-15T07:06:00,12.362484,-1.513096
securityA-43c3c6c2-08da-4277-b10b-2565d4ab391b,2026-02-15T07:56:00,12.359413,-1.51634
leaderA-dc3bb5ee-282c-411f-96da-eebb88b52ea0,2026-02-15T07:56:00,12.359413,-1.51634
leaderA-dc3bb5ee-282c-411f-96da-eebb88b52ea0,2026-02-15T07:56:30,12.359346,-1.516678
securityA-43c3c6c2-08da-4277-b10b-2565d4ab391b,2026-02-15T07:56:30,12.359346,-1.516678
leaderA-dc3bb5ee-282c-411f-96da-eebb88b52ea0,2026-02-15T07:57:00,12.359286,-1.517018
securityA-43c3c6c2-08da-4277-b10b-2565d4ab391b,2026-02-15T07:57:00,12.359286,-1.517018
leaderA-dc3bb5ee-282c-411f-96da-eebb88b52ea0,2026-02-15T07:57:30,12.359261,-1.517335
securityA-43c3c6c2-08da-4277-b10b-2565d4ab391b,2026-02-15T07:57:30,12.359261,-1.517335
securityA-43c3c6c2-08da-4277-b10b-2565d4ab391b,2026-02-15T07:58:00,12.359592,-1.517397
leaderA-dc3bb5ee-282c-411f-96da-eebb88b52ea0,2026-02-15T07:58:00,12.359592,-1.517397
securityA-43c3c6c2-08da-4277-b10b-2565d4ab391b,2026-02-15T07:58:30,12.359924,-1.517459
leaderA-dc3bb5ee-282c-411f-96da-eebb88b52ea0,2026-02-15T07:58:30,12.359924,-1.517459
leaderA-dc3bb5ee-282c-411f-96da-eebb88b52ea0,2026-02-15T07:59:00,12.360256,-1.517521
securityA-43c3c6c2-08da-4277-b10b-2565d4ab391b,2026-02-15T07:59:00,12.360256,-1.517521
securityA-43c3c6c2-08da-4277-b10b-2565d4ab391b,2026-02-15T07:59:30,12.360588,-1.517583
leaderA-dc3bb5ee-282c-411f-96da-eebb88b52ea0,2026-02-15T07:59:30,12.360588,-1.517583
leaderB-579ff0e7-77e4-4b16-9220-59c2c36ecc12,2026-02-15T08:00:00,12.364466,-1.521212
leaderA-dc3bb5ee-282c-411f-96da-eebb88b52ea0,2026-02-15T08:00:00,12.360919,-1.517645
logB-c23e4c99-d72b-4789-9397-006a7d765d4c,2026-02-15T08:00:00,12.362496,-1.513111
securityB-12f2e631-90a7-4ce7-87f7-c377db45e99c,2026-02-15T08:00:00,12.364466,-1.521212
securityA-43c3c6c2-08da-4277-b10b-2565d4ab391b,2026-02-15T08:00:00,12.360919,-1.517645
leaderB-579ff0e7-77e4-4b16-9220-59c2c36ecc12,2026-02-15T08:00:30,12.364527,-1.520872
securityB-12f2e631-90a7-4ce7-87f7-c377db45e99c,2026-02-15T08:00:30,12.364527,-1.520872
securityA-43c3c6c2-08da-4277-b10b-2565d4ab391b,2026-02-15T08:00:30,12.361251,-1.517707
leaderA-dc3bb5ee-282c-411f-96da-eebb88b52ea0,2026-02-15T08:00:30,12.361251,-1.517707
securityA-43c3c6c2-08da-4277-b10b-2565d4ab391b,2026-02-15T08:01:00,12.361583,-1.517769
securityB-12f2e631-90a7-4ce7-87f7-c377db45e99c,2026-02-15T08:01:00,12.364588,-1.520533
leaderB-579ff0e7-77e4-4b16-9220-59c2c36ecc12,2026-02-15T08:01:00,12.364588,-1.520533
leaderA-dc3bb5ee-282c-411f-96da-eebb88b52ea0,2026-02-15T08:01:00,12.361583,-1.517769
leaderB-579ff0e7-77e4-4b16-9220-59c2c36ecc12,2026-02-15T08:01:30,12.364651,-1.520194
securityB-12f2e631-90a7-4ce7-87f7-c377db45e99c,2026-02-15T08:01:30,12.364651,-1.520194
securityA-43c3c6c2-08da-4277-b10b-2565d4ab391b,2026-02-15T08:01:30,12.361915,-1.51783
leaderA-dc3bb5ee-282c-411f-96da-eebb88b52ea0,2026-02-15T08:01:30,12.361915,-1.51783
securityA-43c3c6c2-08da-4277-b10b-2565d4ab391b,2026-02-15T08:02:00,12.362247,-1.517892
securityB-12f2e631-90a7-4ce7-87f7-c377db45e99c,2026-02-15T08:02:00,12.364714,-1.519855
leaderB-579ff0e7-77e4-4b16-9220-59c2c36ecc12,2026-02-15T08:02:00,12.364714,-1.519855
leaderA-dc3bb5ee-282c-411f-96da-eebb88b52ea0,2026-02-15T08:02:00,12.362247,-1.517892
securityB-12f2e631-90a7-4ce7-87f7-c377db45e99c,2026-02-15T08:02:30,12.364775,-1.519515
leaderA-dc3bb5ee-282c-411f-96da-eebb88b52ea0,2026-02-15T08:02:30,12.362578,-1.517955
securityA-43c3c6c2-08da-4277-b10b-2565d4ab391b,2026-02-15T08:02:30,12.362578,-1.517955
leaderB-579ff0e7-77e4-4b16-9220-59c2c36ecc12,2026-02-15T08:02:30,12.364775,-1.519515
logB-c23e4c99-d72b-4789-9397-006a7d765d4c,2026-02-15T08:03:00,12.362496,-1.513098
leaderA-dc3bb5ee-282c-411f-96da-eebb88b52ea0,2026-02-15T08:03:00,12.36291,-1.518018
securityA-43c3c6c2-08da-4277-b10b-2565d4ab391b,2026-02-15T08:03:00,12.36291,-1.518018
leaderB-579ff0e7-77e4-4b16-9220-59c2c36ecc12,2026-02-15T08:03:00,12.364843,-1.519177
securityB-12f2e631-90a7-4ce7-87f7-c377db45e99c,2026-02-15T08:03:00,12.364843,-1.519177
securityA-43c3c6c2-08da-4277-b10b-2565d4ab391b,2026-02-15T08:03:30,12.363093,-1.51786
leaderA-dc3bb5ee-282c-411f-96da-eebb88b52ea0,2026-02-15T08:03:30,12.363093,-1.51786
securityB-12f2e631-90a7-4ce7-87f7-c377db45e99c,2026-02-15T08:03:30,12.36491,-1.518838
leaderB-579ff0e7-77e4-4b16-9220-59c2c36ecc12,2026-02-15T08:03:30,12.36491,-1.518838
leaderA-dc3bb5ee-282c-411f-96da-eebb88b52ea0,2026-02-15T08:04:00,12.363154,-1.517521
leaderB-579ff0e7-77e4-4b16-9220-59c2c36ecc12,2026-02-15T08:04:00,12.364974,-1.518499
securityA-43c3c6c2-08da-4277-b10b-2565d4ab391b,2026-02-15T08:04:00,12.363154,-1.517521
securityB-12f2e631-90a7-4ce7-87f7-c377db45e99c,2026-02-15T08:04:00,12.364974,-1.518499
leaderB-579ff0e7-77e4-4b16-9220-59c2c36ecc12,2026-02-15T08:04:30,12.364673,-1.518418
leaderA-dc3bb5ee-282c-411f-96da-eebb88b52ea0,2026-02-15T08:04:30,12.363213,-1.517181
securityA-43c3c6c2-08da-4277-b10b-2565d4ab391b,2026-02-15T08:04:30,12.363213,-1.517181
securityB-12f2e631-90a7-4ce7-87f7-c377db45e99c,2026-02-15T08:04:30,12.364673,-1.518418
leaderA-dc3bb5ee-282c-411f-96da-eebb88b52ea0,2026-02-15T08:05:00,12.363281,-1.516843
securityA-43c3c6c2-08da-4277-b10b-2565d4ab391b,2026-02-15T08:05:00,12.363281,-1.516843
securityB-12f2e631-90a7-4ce7-87f7-c377db45e99c,2026-02-15T08:05:00,12.364341,-1.518355
leaderB-579ff0e7-77e4-4b16-9220-59c2c36ecc12,2026-02-15T08:05:00,12.364341,-1.518355
leaderA-dc3bb5ee-282c-411f-96da-eebb88b52ea0,2026-02-15T08:05:30,12.363349,-1.516504
leaderB-579ff0e7-77e4-4b16-9220-59c2c36ecc12,2026-02-15T08:05:30,12.364009,-1.518294
securityA-43c3c6c2-08da-4277-b10b-2565d4ab391b,2026-02-15T08:05:30,12.363349,-1.516504
securityB-12f2e631-90a7-4ce7-87f7-c377db45e99c,2026-02-15T08:05:30,12.364009,-1.518294
logB-c23e4c99-d72b-4789-9397-006a7d765d4c,2026-02-15T08:06:00,12.3625,-1.513098
securityA-43c3c6c2-08da-4277-b10b-2565d4ab391b,2026-02-15T08:06:00,12.363412,-1.516165
leaderB-579ff0e7-77e4-4b16-9220-59c2c36ecc12,2026-02-15T08:06:00,12.363677,-1.518233
leaderA-dc3bb5ee-282c-411f-96da-eebb88b52ea0,2026-02-15T08:06:00,12.363412,-1.516165
securityB-12f2e631-90a7-4ce7-87f7-c377db45e99c,2026-02-15T08:06:00,12.363677,-1.518233
securityB-12f2e631-90a7-4ce7-87f7-c377db45e99c,2026-02-15T08:06:30,12.363345,-1.518172
leaderB-579ff0e7-77e4-4b16-9220-59c2c36ecc12,2026-02-15T08:06:30,12.363345,-1.518172
leaderA-dc3bb5ee-282c-411f-96da-eebb88b52ea0,2026-02-15T08:06:30,12.363487,-1.515829
securityA-43c3c6c2-08da-4277-b10b-2565d4ab391b,2026-02-15T08:06:30,12.363487,-1.515829
securityB-12f2e631-90a7-4ce7-87f7-c377db45e99c,2026-02-15T08:07:00,12.363013,-1.518111
leaderA-dc3bb5ee-282c-411f-96da-eebb88b52ea0,2026-02-15T08:07:00,12.363562,-1.515492
securityA-43c3c6c2-08da-4277-b10b-2565d4ab391b,2026-02-15T08:07:00,12.363562,-1.515492
leaderB-579ff0e7-77e4-4b16-9220-59c2c36ecc12,2026-02-15T08:07:00,12.363013,-1.518111
leaderB-579ff0e7-77e4-4b16-9220-59c2c36ecc12,2026-02-15T08:07:30,12.362682,-1.518049
securityB-12f2e631-90a7-4ce7-87f7-c377db45e99c,2026-02-15T08:07:30,12.362682,-1.518049
securityB-12f2e631-90a7-4ce7-87f7-c377db45e99c,2026-02-15T08:08:00,12.36235,-1.517985
leaderB-579ff0e7-77e4-4b16-9220-59c2c36ecc12,2026-02-15T08:08:00,12.36235,-1.517985
securityB-12f2e631-90a7-4ce7-87f7-c377db45e99c,2026-02-15T08:08:30,12.362019,-1.517922
leaderB-579ff0e7-77e4-4b16-9220-59c2c36ecc12,2026-02-15T08:08:30,12.362019,-1.517922
logB-c23e4c99-d72b-4789-9397-006a7d765d4c,2026-02-15T08:09:00,12.362494,-1.513089
securityB-12f2e631-90a7-4ce7-87f7-c377db45e99c,2026-02-15T08:09:00,12.361686,-1.517864
leaderB-579ff0e7-77e4-4b16-9220-59c2c36ecc12,2026-02-15T08:09:00,12.361686,-1.517864
securityB-12f2e631-90a7-4ce7-87f7-c377db45e99c,2026-02-15T08:09:30,12.361354,-1.517805
leaderB-579ff0e7-77e4-4b16-9220-59c2c36ecc12,2026-02-15T08:09:30,12.361354,-1.517805
securityB-12f2e631-90a7-4ce7-87f7-c377db45e99c,2026-02-15T08:10:00,12.361134,-1.517667
leaderB-579ff0e7-77e4-4b16-9220-59c2c36ecc12,2026-02-15T08:10:00,12.361134,-1.517667
securityB-12f2e631-90a7-4ce7-87f7-c377db45e99c,2026-02-15T08:10:30,12.361198,-1.517328
leaderB-579ff0e7-77e4-4b16-9220-59c2c36ecc12,2026-02-15T08:10:30,12.361198,-1.517328
securityB-12f2e631-90a7-4ce7-87f7-c377db45e99c,2026-02-15T08:11:00,12.361263,-1.516989
leaderB-579ff0e7-77e4-4b16-9220-59c2c36ecc12,2026-02-15T08:11:00,12.361263,-1.516989
leaderB-579ff0e7-77e4-4b16-9220-59c2c36ecc12,2026-02-15T08:11:30,12.361331,-1.516651
securityB-12f2e631-90a7-4ce7-87f7-c377db45e99c,2026-02-15T08:11:30,12.361331,-1.516651
leaderB-579ff0e7-77e4-4b16-9220-59c2c36ecc12,2026-02-15T08:12:00,12.361398,-1.516312
logB-c23e4c99-d72b-4789-9397-006a7d765d4c,2026-02-15T08:12:00,12.362489,-1.513096
securityB-12f2e631-90a7-4ce7-87f7-c377db45e99c,2026-02-15T08:12:00,12.361398,-1.516312
securityB-12f2e631-90a7-4ce7-87f7-c377db45e99c,2026-02-15T08:12:30,12.361403,-1.515982
leaderB-579ff0e7-77e4-4b16-9220-59c2c36ecc12,2026-02-15T08:12:30,12.361403,-1.515982
securityB-12f2e631-90a7-4ce7-87f7-c377db45e99c,2026-02-15T08:13:00,12.36147,-1.515644
leaderB-579ff0e7-77e4-4b16-9220-59c2c36ecc12,2026-02-15T08:13:00,12.36147,-1.515644
leaderB-579ff0e7-77e4-4b16-9220-59c2c36ecc12,2026-02-15T08:13:30,12.361536,-1.515305
securityB-12f2e631-90a7-4ce7-87f7-c377db45e99c,2026-02-15T08:13:30,12.361536,-1.515305
securityB-12f2e631-90a7-4ce7-87f7-c377db45e99c,2026-02-15T08:14:00,12.36147,-1.515001
leaderB-579ff0e7-77e4-4b16-9220-59c2c36ecc12,2026-02-15T08:14:00,12.36147,-1.515001
leaderB-579ff0e7-77e4-4b16-9220-59c2c36ecc12,2026-02-15T08:14:30,12.361625,-1.514735
securityB-12f2e631-90a7-4ce7-87f7-c377db45e99c,2026-02-15T08:14:30,12.361625,-1.514735
leaderB-579ff0e7-77e4-4b16-9220-59c2c36ecc12,2026-02-15T08:15:00,12.361721,-1.51443
securityB-12f2e631-90a7-4ce7-87f7-c377db45e99c,2026-02-15T08:15:00,12.361721,-1.51443
leaderB-579ff0e7-77e4-4b16-9220-59c2c36ecc12,2026-02-15T09:00:00,12.362491,-1.513109
propB-775f6ffc-da47-48c0-82b1-4fe100d5ee88,2026-02-15T09:00:00,12.359011,-1.520896
securityB-12f2e631-90a7-4ce7-87f7-c377db45e99c,2026-02-15T09:00:00,12.362491,-1.513109
propB-775f6ffc-da47-48c0-82b1-4fe100d5ee88,2026-02-15T09:03:00,12.358998,-1.520905
securityB-12f2e631-90a7-4ce7-87f7-c377db45e99c,2026-02-15T09:03:00,12.362488,-1.513114
leaderB-579ff0e7-77e4-4b16-9220-59c2c36ecc12,2026-02-15T09:03:00,12.362488,-1.513114
leaderB-579ff0e7-77e4-4b16-9220-59c2c36ecc12,2026-02-15T09:06:00,12.362489,-1.513099
propB-775f6ffc-da47-48c0-82b1-4fe100d5ee88,2026-02-15T09:06:00,12.359009,-1.520913
securityB-12f2e631-90a7-4ce7-87f7-c377db45e99c,2026-02-15T09:06:00,12.362489,-1.513099
securityB-12f2e631-90a7-4ce7-87f7-c377db45e99c,2026-02-15T09:09:00,12.362492,-1.513095
propB-775f6ffc-da47-48c0-82b1-4fe100d5ee88,2026-02-15T09:09:00,12.358991,-1.520904
leaderB-579ff0e7-77e4-4b16-9220-59c2c36ecc12,2026-02-15T09:09:00,12.362492,-1.513095
leaderA-dc3bb5ee-282c-411f-96da-eebb88b52ea0,2026-02-15T09:30:00,12.36398,-1.515398
securityA-43c3c6c2-08da-4277-b10b-2565d4ab391b,2026-02-15T09:30:00,12.36398,-1.515398
securityA-43c3c6c2-08da-4277-b10b-2565d4ab391b,2026-02-15T09:45:00,12.364013,-1.515413
leaderA-dc3bb5ee-282c-411f-96da-eebb88b52ea0,2026-02-15T09:45:00,12.364013,-1.515413
securityA-43c3c6c2-08da-4277-b10b-2565d4ab391b,2026-02-15T10:00:00,12.363995,-1.515397
leaderA-dc3bb5ee-282c-411f-96da-eebb88b52ea0,2026-02-15T10:00:00,12.363995,-1.515397
securityA-43c3c6c2-08da-4277-b10b-2565d4ab391b,2026-02-15T10:15:00,12.364011,-1.515404
leaderA-dc3bb5ee-282c-411f-96da-eebb88b52ea0,2026-02-15T10:15:00,12.364011,-1.515404
securityA-43c3c6c2-08da-4277-b10b-2565d4ab391b,2026-02-15T10:30:00,12.363994,-1.515418
leaderA-dc3bb5ee-282c-411f-96da-eebb88b52ea0,2026-02-15T10:30:00,12.363994,-1.515418
securityA-43c3c6c2-08da-4277-b10b-2565d4ab391b,2026-02-15T10:45:00,12.364001,-1.515382
leaderA-dc3bb5ee-282c-411f-96da-eebb88b52ea0,2026-02-15T10:45:00,12.364001,-1.515382
leaderB-579ff0e7-77e4-4b16-9220-59c2c36ecc12,2026-02-15T11:00:00,12.361831,-1.514451
securityB-12f2e631-90a7-4ce7-87f7-c377db45e99c,2026-02-15T11:00:00,12.361831,-1.514451
leaderB-579ff0e7-77e4-4b16-9220-59c2c36ecc12,2026-02-15T11:00:30,12.361806,-1.514771
securityB-12f2e631-90a7-4ce7-87f7-c377db45e99c,2026-02-15T11:00:30,12.361806,-1.514771
leaderB-579ff0e7-77e4-4b16-9220-59c2c36ecc12,2026-02-15T11:01:00,12.361843,-1.515081
securityB-12f2e631-90a7-4ce7-87f7-c377db45e99c,2026-02-15T11:01:00,12.361843,-1.515081
leaderB-579ff0e7-77e4-4b16-9220-59c2c36ecc12,2026-02-15T11:01:30,12.361661,-1.515329
securityB-12f2e631-90a7-4ce7-87f7-c377db45e99c,2026-02-15T11:01:30,12.361661,-1.515329
securityB-12f2e631-90a7-4ce7-87f7-c377db45e99c,2026-02-15T11:02:00,12.36159,-1.515666
leaderB-579ff0e7-77e4-4b16-9220-59c2c36ecc12,2026-02-15T11:02:00,12.36159,-1.515666
securityB-12f2e631-90a7-4ce7-87f7-c377db45e99c,2026-02-15T11:02:30,12.361521,-1.516004
leaderB-579ff0e7-77e4-4b16-9220-59c2c36ecc12,2026-02-15T11:02:30,12.361521,-1.516004
leaderB-579ff0e7-77e4-4b16-9220-59c2c36ecc12,2026-02-15T11:03:00,12.361398,-1.516308
securityB-12f2e631-90a7-4ce7-87f7-c377db45e99c,2026-02-15T11:03:00,12.361398,-1.516308
leaderB-579ff0e7-77e4-4b16-9220-59c2c36ecc12,2026-02-15T11:03:30,12.361331,-1.516647
securityB-12f2e631-90a7-4ce7-87f7-c377db45e99c,2026-02-15T11:03:30,12.361331,-1.516647
leaderB-579ff0e7-77e4-4b16-9220-59c2c36ecc12,2026-02-15T11:04:00,12.361264,-1.516985
securityB-12f2e631-90a7-4ce7-87f7-c377db45e99c,2026-02-15T11:04:00,12.361264,-1.516985
leaderB-579ff0e7-77e4-4b16-9220-59c2c36ecc12,2026-02-15T11:04:30,12.361199,-1.517324
securityB-12f2e631-90a7-4ce7-87f7-c377db45e99c,2026-02-15T11:04:30,12.361199,-1.517324
leaderB-579ff0e7-77e4-4b16-9220-59c2c36ecc12,2026-02-15T11:05:00,12.361135,-1.517663
securityB-12f2e631-90a7-4ce7-87f7-c377db45e99c,2026-02-15T11:05:00,12.361135,-1.517663
leaderB-579ff0e7-77e4-4b16-9220-59c2c36ecc12,2026-02-15T11:05:30,12.361441,-1.517742
securityB-12f2e631-90a7-4ce7-87f7-c377db45e99c,2026-02-15T11:05:30,12.361441,-1.517742
securityB-12f2e631-90a7-4ce7-87f7-c377db45e99c,2026-02-15T11:06:00,12.361773,-1.517804
leaderB-579ff0e7-77e4-4b16-9220-59c2c36ecc12,2026-02-15T11:06:00,12.361773,-1.517804
leaderB-579ff0e7-77e4-4b16-9220-59c2c36ecc12,2026-02-15T11:06:30,12.362105,-1.517865
securityB-12f2e631-90a7-4ce7-87f7-c377db45e99c,2026-02-15T11:06:30,12.362105,-1.517865
securityB-12f2e631-90a7-4ce7-87f7-c377db45e99c,2026-02-15T11:07:00,12.362436,-1.517928
leaderB-579ff0e7-77e4-4b16-9220-59c2c36ecc12,2026-02-15T11:07:00,12.362436,-1.517928
leaderB-579ff0e7-77e4-4b16-9220-59c2c36ecc12,2026-02-15T11:07:30,12.362768,-1.517991
securityB-12f2e631-90a7-4ce7-87f7-c377db45e99c,2026-02-15T11:07:30,12.362768,-1.517991
securityB-12f2e631-90a7-4ce7-87f7-c377db45e99c,2026-02-15T11:08:00,12.3631,-1.518054
leaderB-579ff0e7-77e4-4b16-9220-59c2c36ecc12,2026-02-15T11:08:00,12.3631,-1.518054
leaderB-579ff0e7-77e4-4b16-9220-59c2c36ecc12,2026-02-15T11:08:30,12.363431,-1.518117
securityB-12f2e631-90a7-4ce7-87f7-c377db45e99c,2026-02-15T11:08:30,12.363431,-1.518117
securityB-12f2e631-90a7-4ce7-87f7-c377db45e99c,2026-02-15T11:09:00,12.363763,-1.51818
leaderB-579ff0e7-77e4-4b16-9220-59c2c36ecc12,2026-02-15T11:09:00,12.363763,-1.51818
securityB-12f2e631-90a7-4ce7-87f7-c377db45e99c,2026-02-15T11:09:30,12.364095,-1.518242
leaderB-579ff0e7-77e4-4b16-9220-59c2c36ecc12,2026-02-15T11:09:30,12.364095,-1.518242
securityB-12f2e631-90a7-4ce7-87f7-c377db45e99c,2026-02-15T11:10:00,12.364427,-1.518301
leaderB-579ff0e7-77e4-4b16-9220-59c2c36ecc12,2026-02-15T11:10:00,12.364427,-1.518301
securityB-12f2e631-90a7-4ce7-87f7-c377db45e99c,2026-02-15T11:10:30,12.364759,-1.518362
leaderB-579ff0e7-77e4-4b16-9220-59c2c36ecc12,2026-02-15T11:10:30,12.364759,-1.518362
securityB-12f2e631-90a7-4ce7-87f7-c377db45e99c,2026-02-15T11:11:00,12.364973,-1.518506
leaderB-579ff0e7-77e4-4b16-9220-59c2c36ecc12,2026-02-15T11:11:00,12.364973,-1.518506
securityB-12f2e631-90a7-4ce7-87f7-c377db45e99c,2026-02-15T11:11:30,12.364908,-1.518845
leaderB-579ff0e7-77e4-4b16-9220-59c2c36ecc12,2026-02-15T11:11:30,12.364908,-1.518845
leaderB-579ff0e7-77e4-4b16-9220-59c2c36ecc12,2026-02-15T11:12:00,12.364842,-1.519183
securityB-12f2e631-90a7-4ce7-87f7-c377db45e99c,2026-02-15T11:12:00,12.364842,-1.519183
leaderB-579ff0e7-77e4-4b16-9220-59c2c36ecc12,2026-02-15T11:12:30,12.364774,-1.519521
securityB-12f2e631-90a7-4ce7-87f7-c377db45e99c,2026-02-15T11:12:30,12.364774,-1.519521
leaderB-579ff0e7-77e4-4b16-9220-59c2c36ecc12,2026-02-15T11:13:00,12.364713,-1.519861
securityB-12f2e631-90a7-4ce7-87f7-c377db45e99c,2026-02-15T11:13:00,12.364713,-1.519861
securityB-12f2e631-90a7-4ce7-87f7-c377db45e99c,2026-02-15T11:13:30,12.36465,-1.5202
leaderB-579ff0e7-77e4-4b16-9220-59c2c36ecc12,2026-02-15T11:13:30,12.36465,-1.5202
securityB-12f2e631-90a7-4ce7-87f7-c377db45e99c,2026-02-15T11:14:00,12.364587,-1.520539
leaderB-579ff0e7-77e4-4b16-9220-59c2c36ecc12,2026-02-15T11:14:00,12.364587,-1.520539
leaderB-579ff0e7-77e4-4b16-9220-59c2c36ecc12,2026-02-15T11:14:30,12.364526,-1.520879
securityB-12f2e631-90a7-4ce7-87f7-c377db45e99c,2026-02-15T11:14:30,12.364526,-1.520879
courierA-5459d08e-e00c-4174-9a21-c4b90ef20a87,2026-02-15T14:00:00,12.359413,-1.51634
securityB-12f2e631-90a7-4ce7-87f7-c377db45e99c,2026-02-15T14:00:00,12.359,-1.520918
leaderB-579ff0e7-77e4-4b16-9220-59c2c36ecc12,2026-02-15T14:00:00,12.359,-1.520918
courierA-5459d08e-e00c-4174-9a21-c4b90ef20a87,2026-02-15T14:00:30,12.359346,-1.516678
courierA-5459d08e-e00c-4174-9a21-c4b90ef20a87,2026-02-15T14:01:00,12.359286,-1.517018
courierA-5459d08e-e00c-4174-9a21-c4b90ef20a87,2026-02-15T14:01:30,12.359261,-1.517335
courierA-5459d08e-e00c-4174-9a21-c4b90ef20a87,2026-02-15T14:02:00,12.359592,-1.517397
courierA-5459d08e-e00c-4174-9a21-c4b90ef20a87,2026-02-15T14:02:30,12.359924,-1.517459
courierA-5459d08e-e00c-4174-9a21-c4b90ef20a87,2026-02-15T14:03:00,12.360256,-1.517521
leaderB-579ff0e7-77e4-4b16-9220-59c2c36ecc12,2026-02-15T14:03:00,12.359006,-1.520893
securityB-12f2e631-90a7-4ce7-87f7-c377db45e99c,2026-02-15T14:03:00,12.359006,-1.520893
courierA-5459d08e-e00c-4174-9a21-c4b90ef20a87,2026-02-15T14:03:30,12.360588,-1.517583
courierA-5459d08e-e00c-4174-9a21-c4b90ef20a87,2026-02-15T14:04:00,12.360919,-1.517645
courierA-5459d08e-e00c-4174-9a21-c4b90ef20a87,2026-02-15T14:04:30,12.361251,-1.517707
courierA-5459d08e-e00c-4174-9a21-c4b90ef20a87,2026-02-15T14:05:00,12.361583,-1.517769
courierA-5459d08e-e00c-4174-9a21-c4b90ef20a87,2026-02-15T14:05:30,12.361915,-1.51783
leaderB-579ff0e7-77e4-4b16-9220-59c2c36ecc12,2026-02-15T14:06:00,12.358991,-1.520896
securityB-12f2e631-90a7-4ce7-87f7-c377db45e99c,2026-02-15T14:06:00,12.358991,-1.520896
courierA-5459d08e-e00c-4174-9a21-c4b90ef20a87,2026-02-15T14:06:00,12.362247,-1.517892
courierA-5459d08e-e00c-4174-9a21-c4b90ef20a87,2026-02-15T14:06:30,12.362578,-1.517955
courierA-5459d08e-e00c-4174-9a21-c4b90ef20a87,2026-02-15T14:07:00,12.36291,-1.518018
courierA-5459d08e-e00c-4174-9a21-c4b90ef20a87,2026-02-15T14:07:30,12.363093,-1.51786
courierA-5459d08e-e00c-4174-9a21-c4b90ef20a87,2026-02-15T14:08:00,12.363154,-1.517521
courierA-5459d08e-e00c-4174-9a21-c4b90ef20a87,2026-02-15T14:08:30,12.363213,-1.517181
securityB-12f2e631-90a7-4ce7-87f7-c377db45e99c,2026-02-15T14:09:00,12.358992,-1.520899
leaderB-579ff0e7-77e4-4b16-9220-59c2c36ecc12,2026-02-15T14:09:00,12.358992,-1.520899
courierA-5459d08e-e00c-4174-9a21-c4b90ef20a87,2026-02-15T14:09:00,12.363281,-1.516843
courierA-5459d08e-e00c-4174-9a21-c4b90ef20a87,2026-02-15T14:09:30,12.363349,-1.516504
courierA-5459d08e-e00c-4174-9a21-c4b90ef20a87,2026-02-15T14:10:00,12.363412,-1.516165
courierA-5459d08e-e00c-4174-9a21-c4b90ef20a87,2026-02-15T14:10:30,12.363487,-1.515829
courierA-5459d08e-e00c-4174-9a21-c4b90ef20a87,2026-02-15T14:11:00,12.363562,-1.515492
securityB-12f2e631-90a7-4ce7-87f7-c377db45e99c,2026-02-15T14:12:00,12.358989,-1.520916
leaderB-579ff0e7-77e4-4b16-9220-59c2c36ecc12,2026-02-15T14:12:00,12.358989,-1.520916
leaderB-579ff0e7-77e4-4b16-9220-59c2c36ecc12,2026-02-15T14:15:00,12.358997,-1.520901
securityB-12f2e631-90a7-4ce7-87f7-c377db45e99c,2026-02-15T14:15:00,12.358997,-1.520901
facA-1420f464-9589-439d-bdab-a216790c256e,2026-02-15T14:30:00,12.364005,-1.515404
facA-1420f464-9589-439d-bdab-a216790c256e,2026-02-15T14:33:00,12.364002,-1.515402
facA-1420f464-9589-439d-bdab-a216790c256e,2026-02-15T14:36:00,12.364,-1.515403
facA-1420f464-9589-439d-bdab-a216790c256e,2026-02-15T14:39:00,12.363999,-1.515398
civ-cf2c2b00-30e4-43fc-b16f-d44ef17d1d4f,2026-02-15T15:00:00,12.36302,-1.522568
civ-8464bf89-693e-4178-ab42-d17fdea22766,2026-02-15T15:00:00,12.36286,-1.522509
civ-ef8079b0-daaf-4a1b-b2b4-735d87012e57,2026-02-15T15:00:00,12.362931,-1.522473
civ-35f0a203-4f28-4815-bf46-163a420ca55c,2026-02-15T15:00:00,12.363,-1.522449
civ-f296bf95-930f-4c63-b8a3-977d9c2257f2,2026-02-15T15:00:00,12.362872,-1.522428
civ-c66f1129-43a2-4428-8c7a-fa95bcfa5219,2026-02-15T15:00:00,12.362842,-1.522637
civ-e49bc9e8-7d45-4b61-a337-5a0c9131fc5a,2026-02-15T15:00:00,12.36291,-1.522439
civ-c4467095-60d9-483a-86ed-2226b0f604f2,2026-02-15T15:00:00,12.363016,-1.522523
civ-8a225e81-c200-46d9-b457-da3e876f1be8,2026-02-15T15:00:00,12.362742,-1.522512
civ-2e3d99d8-2705-45ed-809f-5a8576397f33,2026-02-15T15:00:00,12.362895,-1.522461
civ-0494c04a-be50-48f9-87d9-37434f418de8,2026-02-15T15:00:00,12.362767,-1.522564
civ-1ebb38f4-8954-4ea5-8e3b-d7ab0bed56de,2026-02-15T15:00:00,12.362922,-1.522487
civ-9e9fc432-4fbf-4b04-b6b7-a84fe616e35e,2026-02-15T15:00:00,12.36279,-1.522514
civ-8f30dbc6-a330-425a-b2f3-5b1a3ad7c328,2026-02-15T15:00:00,12.36295,-1.522458
civ-0268556a-f4e7-43a1-9ca3-5ccda02def1c,2026-02-15T15:00:00,12.362995,-1.522601
civ-46242acc-4c99-4744-9e33-6dc5714058f6,2026-02-15T15:00:00,12.363956,-1.515374
civ-3179fbe0-4621-4cc4-8bab-0e7ded2eff71,2026-02-15T15:00:00,12.362798,-1.522484
civ-703b5b03-4451-4863-b45b-089d80818e8b,2026-02-15T15:00:00,12.364004,-1.515345
civ-7e5341c8-7e5f-4fd4-ad30-8c98d44e4195,2026-02-15T15:00:00,12.363947,-1.515264
civ-701185f4-31f1-4ac8-90db-1de19286440e,2026-02-15T15:00:00,12.36408,-1.515387
civ-79cba9ca-b3b2-464d-942e-6a1228a56c74,2026-02-15T15:00:00,12.364145,-1.515307
civ-ac119444-3210-409a-bfee-14f69145719f,2026-02-15T15:00:00,12.363971,-1.515479
civ-62f6e16d-6fdf-4b10-91e2-2d9756a0bdbe,2026-02-15T15:00:00,12.364025,-1.515394
civ-18d3cbf6-697c-4989-8471-c5aa6b60dc93,2026-02-15T15:00:00,12.362942,-1.522553
civ-4e00a14e-135f-46b4-892f-cc5947649a91,2026-02-15T15:00:00,12.362968,-1.522483
civ-88877367-aff6-440a-8364-23154179fe5a,2026-02-15T15:00:00,12.363993,-1.515417
civ-48925953-563b-4420-99c6-b82d7a2b77d4,2026-02-15T15:00:00,12.363851,-1.515398
civ-38084af0-a862-4f19-8204-a9c59dd6a262,2026-02-15T15:00:00,12.363858,-1.515346
civ-9c16ea5d-da6f-4989-a80a-75f39a4e5120,2026-02-15T15:00:00,12.363878,-1.515434
civ-a1be336d-cd5f-44fa-bdb6-04ef8cb35e10,2026-02-15T15:00:00,12.364022,-1.515536
civ-6b62a7ce-6d5c-4dfc-b392-0e35ef8ffefe,2026-02-15T15:00:00,12.362973,-1.522561
civ-4889f9d4-2f6c-441a-8394-a2bae391f776,2026-02-15T15:00:00,12.364026,-1.515386
civ-c3535424-f8b4-4529-ab39-cb2c7e341c74,2026-02-15T15:00:00,12.362792,-1.522507
civ-36023727-7f2e-4f35-aacd-3de74e03ff69,2026-02-15T15:00:00,12.364041,-1.515476
civ-ea84ebfb-8c56-4851-b5f0-e5d109d60aed,2026-02-15T15:00:00,12.364098,-1.515282
civ-ca2624ed-e633-4109-8efa-abda787f3155,2026-02-15T15:00:00,12.364227,-1.515481
courierA-5459d08e-e00c-4174-9a21-c4b90ef20a87,2026-02-15T15:00:00,12.363984,-1.515411
civ-23dc2286-ffab-4056-8418-42073a9533bd,2026-02-15T15:00:00,12.36404,-1.515439
civ-05010812-5405-40d3-ae44-3bd25b3715c6,2026-02-15T15:00:00,12.364138,-1.515456
civ-eda5bc96-8f84-4439-bd5e-8a831b8b3c11,2026-02-15T15:00:00,12.364036,-1.515296
civ-97463c36-d4aa-46f7-ab07-16b4ca21c9ec,2026-02-15T15:00:00,12.364017,-1.51555
courierA-5459d08e-e00c-4174-9a21-c4b90ef20a87,2026-02-15T15:03:00,12.363981,-1.515401
courierA-5459d08e-e00c-4174-9a21-c4b90ef20a87,2026-02-15T15:06:00,12.363999,-1.515403
leaderA-dc3bb5ee-282c-411f-96da-eebb88b52ea0,2026-02-15T17:00:00,12.363601,-1.515311
securityA-43c3c6c2-08da-4277-b10b-2565d4ab391b,2026-02-15T17:00:00,12.363601,-1.515311
securityA-43c3c6c2-08da-4277-b10b-2565d4ab391b,2026-02-15T17:00:30,12.363528,-1.515648
leaderA-dc3bb5ee-282c-411f-96da-eebb88b52ea0,2026-02-15T17:00:30,12.363528,-1.515648
leaderA-dc3bb5ee-282c-411f-96da-eebb88b52ea0,2026-02-15T17:01:00,12.363452,-1.515984
securityA-43c3c6c2-08da-4277-b10b-2565d4ab391b,2026-02-15T17:01:00,12.363452,-1.515984
securityA-43c3c6c2-08da-4277-b10b-2565d4ab391b,2026-02-15T17:01:30,12.363383,-1.516322
leaderA-dc3bb5ee-282c-411f-96da-eebb88b52ea0,2026-02-15T17:01:30,12.363383,-1.516322
leaderA-dc3bb5ee-282c-411f-96da-eebb88b52ea0,2026-02-15T17:02:00,12.36332,-1.516662
securityA-43c3c6c2-08da-4277-b10b-2565d4ab391b,2026-02-15T17:02:00,12.36332,-1.516662
leaderA-dc3bb5ee-282c-411f-96da-eebb88b52ea0,2026-02-15T17:02:30,12.363247,-1.516999
securityA-43c3c6c2-08da-4277-b10b-2565d4ab391b,2026-02-15T17:02:30,12.363247,-1.516999
leaderA-dc3bb5ee-282c-411f-96da-eebb88b52ea0,2026-02-15T17:03:00,12.363186,-1.517338
securityA-43c3c6c2-08da-4277-b10b-2565d4ab391b,2026-02-15T17:03:00,12.363186,-1.517338
leaderA-dc3bb5ee-282c-411f-96da-eebb88b52ea0,2026-02-15T17:03:30,12.363126,-1.517678
securityA-43c3c6c2-08da-4277-b10b-2565d4ab391b,2026-02-15T17:03:30,12.363126,-1.517678
securityA-43c3c6c2-08da-4277-b10b-2565d4ab391b,2026-02-15T17:04:00,12.363065,-1.518017
leaderA-dc3bb5ee-282c-411f-96da-eebb88b52ea0,2026-02-15T17:04:00,12.363065,-1.518017
securityA-43c3c6c2-08da-4277-b10b-2565d4ab391b,2026-02-15T17:04:30,12.362813,-1.518074
leaderA-dc3bb5ee-282c-411f-96da-eebb88b52ea0,2026-02-15T17:04:30,12.362813,-1.518074
securityA-43c3c6c2-08da-4277-b10b-2565d4ab391b,2026-02-15T17:05:00,12.362481,-1.518011
leaderA-dc3bb5ee-282c-411f-96da-eebb88b52ea0,2026-02-15T17:05:00,12.362481,-1.518011
leaderA-dc3bb5ee-282c-411f-96da-eebb88b52ea0,2026-02-15T17:05:30,12.36215,-1.517947
securityA-43c3c6c2-08da-4277-b10b-2565d4ab391b,2026-02-15T17:05:30,12.36215,-1.517947
leaderA-dc3bb5ee-282c-411f-96da-eebb88b52ea0,2026-02-15T17:06:00,12.361817,-1.517887
securityA-43c3c6c2-08da-4277-b10b-2565d4ab391b,2026-02-15T17:06:00,12.361817,-1.517887
securityA-43c3c6c2-08da-4277-b10b-2565d4ab391b,2026-02-15T17:06:30,12.361485,-1.517828
leaderA-dc3bb5ee-282c-411f-96da-eebb88b52ea0,2026-02-15T17:06:30,12.361485,-1.517828
leaderA-dc3bb5ee-282c-411f-96da-eebb88b52ea0,2026-02-15T17:07:00,12.361153,-1.517769
securityA-43c3c6c2-08da-4277-b10b-2565d4ab391b,2026-02-15T17:07:00,12.361153,-1.517769
leaderA-dc3bb5ee-282c-411f-96da-eebb88b52ea0,2026-02-15T17:07:30,12.360821,-1.517709
securityA-43c3c6c2-08da-4277-b10b-2565d4ab391b,2026-02-15T17:07:30,12.360821,-1.517709
leaderA-dc3bb5ee-282c-411f-96da-eebb88b52ea0,2026-02-15T17:08:00,12.360489,-1.517649
securityA-43c3c6c2-08da-4277-b10b-2565d4ab391b,2026-02-15T17:08:00,12.360489,-1.517649
securityA-43c3c6c2-08da-4277-b10b-2565d4ab391b,2026-02-15T17:08:30,12.360157,-1.517588
leaderA-dc3bb5ee-282c-411f-96da-eebb88b52ea0,2026-02-15T17:08:30,12.360157,-1.517588
leaderA-dc3bb5ee-282c-411f-96da-eebb88b52ea0,2026-02-15T17:09:00,12.359825,-1.517527
securityA-43c3c6c2-08da-4277-b10b-2565d4ab391b,2026-02-15T17:09:00,12.359825,-1.517527
leaderA-dc3bb5ee-282c-411f-96da-eebb88b52ea0,2026-02-15T17:09:30,12.359493,-1.517467
securityA-43c3c6c2-08da-4277-b10b-2565d4ab391b,2026-02-15T17:09:30,12.359493,-1.517467
leaderA-dc3bb5ee-282c-411f-96da-eebb88b52ea0,2026-02-15T17:10:00,12.359229,-1.517357
securityA-43c3c6c2-08da-4277-b10b-2565d4ab391b,2026-02-15T17:10:00,12.359229,-1.517357
leaderA-dc3bb5ee-282c-411f-96da-eebb88b52ea0,2026-02-15T17:10:30,12.359286,-1.517017
securityA-43c3c6c2-08da-4277-b10b-2565d4ab391b,2026-02-15T17:10:30,12.359286,-1.517017
leaderA-dc3bb5ee-282c-411f-96da-eebb88b52ea0,2026-02-15T17:11:00,12.359346,-1.516677
securityA-43c3c6c2-08da-4277-b10b-2565d4ab391b,2026-02-15T17:11:00,12.359346,-1.516677
securityA-43c3c6c2-08da-4277-b10b-2565d4ab391b,2026-02-15T18:00:00,12.359702,-1.5164
leaderA-dc3bb5ee-282c-411f-96da-eebb88b52ea0,2026-02-15T18:00:00,12.359702,-1.5164
leaderA-dc3bb5ee-282c-411f-96da-eebb88b52ea0,2026-02-15T18:20:00,12.359703,-1.5164
securityA-43c3c6c2-08da-4277-b10b-2565d4ab391b,2026-02-15T18:20:00,12.359703,-1.5164
leaderA-dc3bb5ee-282c-411f-96da-eebb88b52ea0,2026-02-15T18:40:00,12.359693,-1.516393
securityA-43c3c6c2-08da-4277-b10b-2565d4ab391b,2026-02-15T18:40:00,12.359693,-1.516393
securityA-43c3c6c2-08da-4277-b10b-2565d4ab391b,2026-02-15T19:00:00,12.359702,-1.5164
leaderA-dc3bb5ee-282c-411f-96da-eebb88b52ea0,2026-02-15T19:00:00,12.359702,-1.5164
securityA-43c3c6c2-08da-4277-b10b-2565d4ab391b,2026-02-15T19:20:00,12.359691,-1.516388
leaderA-dc3bb5ee-282c-411f-96da-eebb88b52ea0,2026-02-15T19:20:00,12.359691,-1.516388
securityA-43c3c6c2-08da-4277-b10b-2565d4ab391b,2026-02-15T19:40:00,12.359706,-1.516405
leaderA-dc3bb5ee-282c-411f-96da-eebb88b52ea0,2026-02-15T19:40:00,12.359706,-1.516405
logB-c23e4c99-d72b-4789-9397-006a7d765d4c,2026-02-16T05:00:00,12.364466,-1.521212
logB-c23e4c99-d72b-4789-9397-006a7d765d4c,2026-02-16T05:00:30,12.364527,-1.520872
logB-c23e4c99-d72b-4789-9397-006a7d765d4c,2026-02-16T05:01:00,12.364588,-1.520533
logB-c23e4c99-d72b-4789-9397-006a7d765d4c,2026-02-16T05:01:30,12.364651,-1.520194
logB-c23e4c99-d72b-4789-9397-006a7d765d4c,2026-02-16T05:02:00,12.364714,-1.519855
logB-c23e4c99-d72b-4789-9397-006a7d765d4c,2026-02-16T05:02:30,12.364775,-1.519515
logB-c23e4c99-d72b-4789-9397-006a7d765d4c,2026-02-16T05:03:00,12.364843,-1.519177
logB-c23e4c99-d72b-4789-9397-006a7d765d4c,2026-02-16T05:03:30,12.36491,-1.518838
logB-c23e4c99-d72b-4789-9397-006a7d765d4c,2026-02-16T05:04:00,12.364974,-1.518499
logB-c23e4c99-d72b-4789-9397-006a7d765d4c,2026-02-16T05:04:30,12.364673,-1.518418
logB-c23e4c99-d72b-4789-9397-006a7d765d4c,2026-02-16T05:05:00,12.364341,-1.518355
logB-c23e4c99-d72b-4789-9397-006a7d765d4c,2026-02-16T05:05:30,12.364009,-1.518294
logB-c23e4c99-d72b-4789-9397-006a7d765d4c,2026-02-16T05:06:00,12.363677,-1.518233
logB-c23e4c99-d72b-4789-9397-006a7d765d4c,2026-02-16T05:06:30,12.363345,-1.518172
logB-c23e4c99-d72b-4789-9397-006a7d765d4c,2026-02-16T05:07:00,12.363013,-1.518111
logB-c23e4c99-d72b-4789-9397-006a7d765d4c,2026-02-16T05:07:30,12.362682,-1.518049
logB-c23e4c99-d72b-4789-9397-006a7d765d4c,2026-02-16T05:08:00,12.36235,-1.517985
logB-c23e4c99-d72b-4789-9397-006a7d765d4c,2026-02-16T05:08:30,12.362019,-1.517922
logB-c23e4c99-d72b-4789-9397-006a7d765d4c,2026-02-16T05:09:00,12.361686,-1.517864
logB-c23e4c99-d72b-4789-9397-006a7d765d4c,2026-02-16T05:09:30,12.361354,-1.517805
logB-c23e4c99-d72b-4789-9397-006a7d765d4c,2026-02-16T05:10:00,12.361134,-1.517667
logB-c23e4c99-d72b-4789-9397-006a7d765d4c,2026-02-16T05:10:30,12.361198,-1.517328
logB-c23e4c99-d72b-4789-9397-006a7d765d4c,2026-02-16T05:11:00,12.361263,-1.516989
logB-c23e4c99-d72b-4789-9397-006a7d765d4c,2026-02-16T05:11:30,12.361331,-1.516651
logB-c23e4c99-d72b-4789-9397-006a7d765d4c,2026-02-16T05:12:00,12.361398,-1.516312
logB-c23e4c99-d72b-4789-9397-006a7d765d4c,2026-02-16T05:12:30,12.361403,-1.515982
logB-c23e4c99-d72b-4789-9397-006a7d765d4c,2026-02-16T05:13:00,12.36147,-1.515644
logB-c23e4c99-d72b-4789-9397-006a7d765d4c,2026-02-16T05:13:30,12.361536,-1.515305
logB-c23e4c99-d72b-4789-9397-006a7d765d4c,2026-02-16T05:14:00,12.36147,-1.515001
logB-c23e4c99-d72b-4789-9397-006a7d765d4c,2026-02-16T05:14:30,12.361625,-1.514735
logB-c23e4c99-d72b-4789-9397-006a7d765d4c,2026-02-16T05:15:00,12.361721,-1.51443
leaderA-dc3bb5ee-282c-411f-96da-eebb88b52ea0,2026-02-16T05:30:00,12.359681,-1.516403
securityA-43c3c6c2-08da-4277-b10b-2565d4ab391b,2026-02-16T05:30:00,12.359681,-1.516403
securityA-43c3c6c2-08da-4277-b10b-2565d4ab391b,2026-02-16T05:33:00,12.359715,-1.516397
leaderA-dc3bb5ee-282c-411f-96da-eebb88b52ea0,2026-02-16T05:33:00,12.359715,-1.516397
leaderA-dc3bb5ee-282c-411f-96da-eebb88b52ea0,2026-02-16T05:36:00,12.359692,-1.5164
securityA-43c3c6c2-08da-4277-b10b-2565d4ab391b,2026-02-16T05:36:00,12.359692,-1.5164
leaderA-dc3bb5ee-282c-411f-96da-eebb88b52ea0,2026-02-16T05:39:00,12.3597,-1.516396
securityA-43c3c6c2-08da-4277-b10b-2565d4ab391b,2026-02-16T05:39:00,12.3597,-1.516396
leaderA-dc3bb5ee-282c-411f-96da-eebb88b52ea0,2026-02-16T05:42:00,12.359688,-1.516395
securityA-43c3c6c2-08da-4277-b10b-2565d4ab391b,2026-02-16T05:42:00,12.359688,-1.516395
courierA-5459d08e-e00c-4174-9a21-c4b90ef20a87,2026-02-16T06:00:00,12.359413,-1.51634
courierA-5459d08e-e00c-4174-9a21-c4b90ef20a87,2026-02-16T06:00:30,12.359483,-1.516002
courierA-5459d08e-e00c-4174-9a21-c4b90ef20a87,2026-02-16T06:01:00,12.359666,-1.515843
courierA-5459d08e-e00c-4174-9a21-c4b90ef20a87,2026-02-16T06:01:30,12.359996,-1.515914
courierA-5459d08e-e00c-4174-9a21-c4b90ef20a87,2026-02-16T06:02:00,12.360326,-1.515986
courierA-5459d08e-e00c-4174-9a21-c4b90ef20a87,2026-02-16T06:02:30,12.360656,-1.516057
courierA-5459d08e-e00c-4174-9a21-c4b90ef20a87,2026-02-16T06:03:00,12.360986,-1.516128
courierA-5459d08e-e00c-4174-9a21-c4b90ef20a87,2026-02-16T06:03:30,12.361316,-1.516199
courierA-5459d08e-e00c-4174-9a21-c4b90ef20a87,2026-02-16T06:04:00,12.361417,-1.515912
courierA-5459d08e-e00c-4174-9a21-c4b90ef20a87,2026-02-16T06:04:30,12.361484,-1.515573
courierA-5459d08e-e00c-4174-9a21-c4b90ef20a87,2026-02-16T06:05:00,12.361549,-1.515235
courierA-5459d08e-e00c-4174-9a21-c4b90ef20a87,2026-02-16T06:05:30,12.361465,-1.51493
courierA-5459d08e-e00c-4174-9a21-c4b90ef20a87,2026-02-16T06:06:00,12.361664,-1.514691
courierA-5459d08e-e00c-4174-9a21-c4b90ef20a87,2026-02-16T06:06:30,12.36179,-1.514443
facA-1420f464-9589-439d-bdab-a216790c256e,2026-02-16T06:30:00,12.362885,-1.522497
facA-1420f464-9589-439d-bdab-a216790c256e,2026-02-16T06:33:00,12.362908,-1.522504
facA-1420f464-9589-439d-bdab-a216790c256e,2026-02-16T06:36:00,12.362906,-1.522475
facA-1420f464-9589-439d-bdab-a216790c256e,2026-02-16T06:39:00,12.362899,-1.522496
civ-7ec0ce0f-133e-4c94-977c-d234f9cd3f31,2026-02-16T07:00:00,12.36402,-1.515437
civ-ad64a7c5-9808-48eb-945b-e07b77b1b2dd,2026-02-16T07:00:00,12.362792,-1.522556
courierA-5459d08e-e00c-4174-9a21-c4b90ef20a87,2026-02-16T07:00:00,12.362508,-1.513113
civ-3bc1bc66-1992-4604-8e32-2ae08da10f6b,2026-02-16T07:00:00,12.363982,-1.515439
civ-7a51ecc7-0368-40cb-ace2-8e98b75f169e,2026-02-16T07:00:00,12.363938,-1.515481
civ-28b0a170-51c0-4f02-ac6d-17971f64fdf4,2026-02-16T07:00:00,12.364036,-1.515606
civ-641b00d9-eb95-4237-b3d1-12d338caa3b0,2026-02-16T07:00:00,12.36289,-1.522495
civ-386c427f-175e-4824-9181-5f2bee5bad60,2026-02-16T07:00:00,12.364008,-1.515445
civ-0396955a-a62e-4632-ae12-3d599ad6aafc,2026-02-16T07:00:00,12.363929,-1.51547
civ-aaf1f708-1627-4875-b5ab-695c0fa6b506,2026-02-16T07:00:00,12.364018,-1.515478
civ-79d65224-c895-41cc-8009-d785bede16c1,2026-02-16T07:00:00,12.363783,-1.515359
civ-4166e9f0-7539-419b-a13e-c5b84b718652,2026-02-16T07:00:00,12.362943,-1.522542
civ-b58135a2-2ffa-412c-9b57-112438df874c,2026-02-16T07:00:00,12.364003,-1.51536
civ-f237b4a5-9d13-4ca3-bf4a-a8b0a091d5bc,2026-02-16T07:00:00,12.362997,-1.522436
civ-33294637-d82f-49db-8d42-4df58119e3be,2026-02-16T07:00:00,12.364131,-1.515425
civ-e234e891-c3e3-40c1-b38b-5f36843cc092,2026-02-16T07:00:00,12.363828,-1.515436
civ-3cb173fb-ac30-49df-a206-bb62a5844db5,2026-02-16T07:00:00,12.363999,-1.515378
civ-1f982187-7bd5-4002-9d72-904fc9e50966,2026-02-16T07:00:00,12.362892,-1.522528
civ-83aa14ce-8037-49d2-94b2-893fc975ab49,2026-02-16T07:00:00,12.362977,-1.522408
civ-aa370132-0eb7-4abc-8058-da09517dc1a3,2026-02-16T07:00:00,12.362882,-1.5225
civ-2463bb81-ecd6-4163-9476-9a85de755454,2026-02-16T07:00:00,12.362847,-1.522381
civ-59dada4c-bf41-4407-b5f3-8d9dd5a6fffe,2026-02-16T07:00:00,12.362837,-1.52237
civ-4b15dc48-feaf-469b-b720-2e232d852929,2026-02-16T07:00:00,12.362922,-1.522579
civ-3e30633f-821f-4b0f-95ed-0e3f0c71139a,2026-02-16T07:00:00,12.362969,-1.522485
civ-141fef1f-21c5-4a9d-9965-4b931f4f2258,2026-02-16T07:00:00,12.362856,-1.52251
civ-6c74f181-38d9-4b25-b0c0-ef31d6e7ee37,2026-02-16T07:00:00,12.362867,-1.522575
civ-8a36a5dc-6708-4193-8148-128f5db83fc2,2026-02-16T07:00:00,12.362883,-1.522636
civ-6b743a95-67b4-463b-b3a7-48af32908375,2026-02-16T07:00:00,12.363017,-1.522527
civ-679eca0e-9990-48c4-99f4-bdd484f43faa,2026-02-16T07:00:00,12.363012,-1.52261
civ-58956cda-5180-446f-908e-145d2f24ffa4,2026-02-16T07:00:00,12.362983,-1.522556
civ-ffbf4e9c-3a99-4806-b4c2-02eb5e97794d,2026-02-16T07:00:00,12.362886,-1.522483
civ-33df2e39-93a5-4d28-b62d-64b98507eda7,2026-02-16T07:00:00,12.362879,-1.522402
civ-9f8e3e29-0395-4304-82e8-c3a6238fa593,2026-02-16T07:00:00,12.362895,-1.522482
civ-6b807c35-8b5b-4d73-86aa-f4e0b0338ba1,2026-02-16T07:00:00,12.363939,-1.515442
civ-6c10e314-7056-4868-8a20-b34cfd866a22,2026-02-16T07:00:00,12.363966,-1.515374
civ-aa948373-bea0-4d8b-9e8e-601c5aaf25e4,2026-02-16T07:00:00,12.364169,-1.515452
civ-275c9dab-79e0-4bda-95d8-8f1fcfd235f7,2026-02-16T07:00:00,12.36397,-1.515405
civ-c54e3667-ac37-4de5-a0e9-0ba40f1794e2,2026-02-16T07:00:00,12.364028,-1.515381
civ-30089755-0de7-41b3-ad50-5dcf0ecb8878,2026-02-16T07:00:00,12.364092,-1.515575
civ-fda4840b-5665-4343-a19f-254d04ab564d,2026-02-16T07:00:00,12.364079,-1.515513
civ-0a85f0f8-b73f-46f0-85b0-8596e8380ba1,2026-02-16T07:00:00,12.364057,-1.515534
courierA-5459d08e-e00c-4174-9a21-c4b90ef20a87,2026-02-16T07:03:00,12.36249,-1.513126
courierA-5459d08e-e00c-4174-9a21-c4b90ef20a87,2026-02-16T07:06:00,12.362493,-1.513091
securityA-43c3c6c2-08da-4277-b10b-2565d4ab391b,2026-02-16T07:48:00,12.359413,-1.51634
leaderA-dc3bb5ee-282c-411f-96da-eebb88b52ea0,2026-02-16T07:48:00,12.359413,-1.51634
securityA-43c3c6c2-08da-4277-b10b-2565d4ab391b,2026-02-16T07:48:30,12.359346,-1.516678
leaderA-dc3bb5ee-282c-411f-96da-eebb88b52ea0,2026-02-16T07:48:30,12.359346,-1.516678
securityA-43c3c6c2-08da-4277-b10b-2565d4ab391b,2026-02-16T07:49:00,12.359286,-1.517018
leaderA-dc3bb5ee-282c-411f-96da-eebb88b52ea0,2026-02-16T07:49:00,12.359286,-1.517018
securityA-43c3c6c2-08da-4277-b10b-2565d4ab391b,2026-02-16T07:49:30,12.359261,-1.517335
leaderA-dc3bb5ee-282c-411f-96da-eebb88b52ea0,2026-02-16T07:49:30,12.359261,-1.517335
leaderA-dc3bb5ee-282c-411f-96da-eebb88b52ea0,2026-02-16T07:50:00,12.359592,-1.517397
securityA-43c3c6c2-08da-4277-b10b-2565d4ab391b,2026-02-16T07:50:00,12.359592,-1.517397
securityA-43c3c6c2-08da-4277-b10b-2565d4ab391b,2026-02-16T07:50:30,12.359924,-1.517459
leaderA-dc3bb5ee-282c-411f-96da-eebb88b52ea0,2026-02-16T07:50:30,12.359924,-1.517459
securityA-43c3c6c2-08da-4277-b10b-2565d4ab391b,2026-02-16T07:51:00,12.360256,-1.517521
leaderA-dc3bb5ee-282c-411f-96da-eebb88b52ea0,2026-02-16T07:51:00,12.360256,-1.517521
securityA-43c3c6c2-08da-4277-b10b-2565d4ab391b,2026-02-16T07:51:30,12.360588,-1.517583
leaderA-dc3bb5ee-282c-411f-96da-eebb88b52ea0,2026-02-16T07:51:30,12.360588,-1.517583
securityA-43c3c6c2-08da-4277-b10b-2565d4ab391b,2026-02-16T07:52:00,12.360919,-1.517645
leaderA-dc3bb5ee-282c-411f-96da-eebb88b52ea0,2026-02-16T07:52:00,12.360919,-1.517645
securityA-43c3c6c2-08da-4277-b10b-2565d4ab391b,2026-02-16T07:52:30,12.361251,-1.517707
leaderA-dc3bb5ee-282c-411f-96da-eebb88b52ea0,2026-02-16T07:52:30,12.361251,-1.517707
leaderA-dc3bb5ee-282c-411f-96da-eebb88b52ea0,2026-02-16T07:53:00,12.361583,-1.517769
securityA-43c3c6c2-08da-4277-b10b-2565d4ab391b,2026-02-16T07:53:00,12.361583,-1.517769
leaderA-dc3bb5ee-282c-411f-96da-eebb88b52ea0,2026-02-16T07:53:30,12.361915,-1.51783
securityA-43c3c6c2-08da-4277-b10b-2565d4ab391b,2026-02-16T07:53:30,12.361915,-1.51783
securityA-43c3c6c2-08da-4277-b10b-2565d4ab391b,2026-02-16T07:54:00,12.362247,-1.517892
leaderA-dc3bb5ee-282c-411f-96da-eebb88b52ea0,2026-02-16T07:54:00,12.362247,-1.517892
securityA-43c3c6c2-08da-4277-b10b-2565d4ab391b,2026-02-16T07:54:30,12.362578,-1.517955
leaderA-dc3bb5ee-282c-411f-96da-eebb88b52ea0,2026-02-16T07:54:30,12.362578,-1.517955
securityA-43c3c6c2-08da-4277-b10b-2565d4ab391b,2026-02-16T07:55:00,12.36291,-1.518018
leaderA-dc3bb5ee-282c-411f-96da-eebb88b52ea0,2026-02-16T07:55:00,12.36291,-1.518018
securityA-43c3c6c2-08da-4277-b10b-2565d4ab391b,2026-02-16T07:55:30,12.363093,-1.51786
leaderA-dc3bb5ee-282c-411f-96da-eebb88b52ea0,2026-02-16T07:55:30,12.363093,-1.51786
securityA-43c3c6c2-08da-4277-b10b-2565d4ab391b,2026-02-16T07:56:00,12.363154,-1.517521
leaderA-dc3bb5ee-282c-411f-96da-eebb88b52ea0,2026-02-16T07:56:00,12.363154,-1.517521
securityA-43c3c6c2-08da-4277-b10b-2565d4ab391b,2026-02-16T07:56:30,12.363213,-1.517181
leaderA-dc3bb5ee-282c-411f-96da-eebb88b52ea0,2026-02-16T07:56:30,12.363213,-1.517181
securityA-43c3c6c2-08da-4277-b10b-2565d4ab391b,2026-02-16T07:57:00,12.363281,-1.516843
leaderA-dc3bb5ee-282c-411f-96da-eebb88b52ea0,2026-02-16T07:57:00,12.363281,-1.516843
securityA-43c3c6c2-08da-4277-b10b-2565d4ab391b,2026-02-16T07:57:30,12.363349,-1.516504
leaderA-dc3bb5ee-282c-411f-96da-eebb88b52ea0,2026-02-16T07:57:30,12.363349,-1.516504
securityA-43c3c6c2-08da-4277-b10b-2565d4ab391b,2026-02-16T07:58:00,12.363412,-1.516165
leaderA-dc3bb5ee-282c-411f-96da-eebb88b52ea0,2026-02-16T07:58:00,12.363412,-1.516165
securityA-43c3c6c2-08da-4277-b10b-2565d4ab391b,2026-02-16T07:58:30,12.363487,-1.515829
leaderA-dc3bb5ee-282c-411f-96da-eebb88b52ea0,2026-02-16T07:58:30,12.363487,-1.515829
securityA-43c3c6c2-08da-4277-b10b-2565d4ab391b,2026-02-16T07:59:00,12.363562,-1.515492
leaderA-dc3bb5ee-282c-411f-96da-eebb88b52ea0,2026-02-16T07:59:00,12.363562,-1.515492
leaderB-579ff0e7-77e4-4b16-9220-59c2c36ecc12,2026-02-16T08:00:00,12.364466,-1.521212
securityB-12f2e631-90a7-4ce7-87f7-c377db45e99c,2026-02-16T08:00:00,12.364466,-1.521212
logB-c23e4c99-d72b-4789-9397-006a7d765d4c,2026-02-16T08:00:00,12.362497,-1.513103
securityB-12f2e631-90a7-4ce7-87f7-c377db45e99c,2026-02-16T08:00:30,12.364527,-1.520872
leaderB-579ff0e7-77e4-4b16-9220-59c2c36ecc12,2026-02-16T08:00:30,12.364527,-1.520872
securityB-12f2e631-90a7-4ce7-87f7-c377db45e99c,2026-02-16T08:01:00,12.364588,-1.520533
leaderB-579ff0e7-77e4-4b16-9220-59c2c36ecc12,2026-02-16T08:01:00,12.364588,-1.520533
securityB-12f2e631-90a7-4ce7-87f7-c377db45e99c,2026-02-16T08:01:30,12.364651,-1.520194
leaderB-579ff0e7-77e4-4b16-9220-59c2c36ecc12,2026-02-16T08:01:30,12.364651,-1.520194
securityB-12f2e631-90a7-4ce7-87f7-c377db45e99c,2026-02-16T08:02:00,12.364714,-1.519855
leaderB-579ff0e7-77e4-4b16-9220-59c2c36ecc12,2026-02-16T08:02:00,12.364714,-1.519855
securityB-12f2e631-90a7-4ce7-87f7-c377db45e99c,2026-02-16T08:02:30,12.364775,-1.519515
leaderB-579ff0e7-77e4-4b16-9220-59c2c36ecc12,2026-02-16T08:02:30,12.364775,-1.519515
leaderB-579ff0e7-77e4-4b16-9220-59c2c36ecc12,2026-02-16T08:03:00,12.364843,-1.519177
logB-c23e4c99-d72b-4789-9397-006a7d765d4c,2026-02-16T08:03:00,12.362506,-1.513106
securityB-12f2e631-90a7-4ce7-87f7-c377db45e99c,2026-02-16T08:03:00,12.364843,-1.519177
securityB-12f2e631-90a7-4ce7-87f7-c377db45e99c,2026-02-16T08:03:30,12.36491,-1.518838
leaderB-579ff0e7-77e4-4b16-9220-59c2c36ecc12,2026-02-16T08:03:30,12.36491,-1.518838
securityB-12f2e631-90a7-4ce7-87f7-c377db45e99c,2026-02-16T08:04:00,12.364974,-1.518499
leaderB-579ff0e7-77e4-4b16-9220-59c2c36ecc12,2026-02-16T08:04:00,12.364974,-1.518499
securityB-12f2e631-90a7-4ce7-87f7-c377db45e99c,2026-02-16T08:04:30,12.364673,-1.518418
leaderB-579ff0e7-77e4-4b16-9220-59c2c36ecc12,2026-02-16T08:04:30,12.364673,-1.518418
securityB-12f2e631-90a7-4ce7-87f7-c377db45e99c,2026-02-16T08:05:00,12.364341,-1.518355
leaderB-579ff0e7-77e4-4b16-9220-59c2c36ecc12,2026-02-16T08:05:00,12.364341,-1.518355
securityB-12f2e631-90a7-4ce7-87f7-c377db45e99c,2026-02-16T08:05:30,12.364009,-1.518294
leaderB-579ff0e7-77e4-4b16-9220-59c2c36ecc12,2026-02-16T08:05:30,12.364009,-1.518294
leaderB-579ff0e7-77e4-4b16-9220-59c2c36ecc12,2026-02-16T08:06:00,12.363677,-1.518233
securityB-12f2e631-90a7-4ce7-87f7-c377db45e99c,2026-02-16T08:06:00,12.363677,-1.518233
logB-c23e4c99-d72b-4789-9397-006a7d765d4c,2026-02-16T08:06:00,12.362515,-1.513117
securityB-12f2e631-90a7-4ce7-87f7-c377db45e99c,2026-02-16T08:06:30,12.363345,-1.518172
leaderB-579ff0e7-77e4-4b16-9220-59c2c36ecc12,2026-02-16T08:06:30,12.363345,-1.518172
leaderB-579ff0e7-77e4-4b16-9220-59c2c36ecc12,2026-02-16T08:07:00,12.363013,-1.518111
securityB-12f2e631-90a7-4ce7-87f7-c377db45e99c,2026-02-16T08:07:00,12.363013,-1.518111
securityB-12f2e631-90a7-4ce7-87f7-c377db45e99c,2026-02-16T08:07:30,12.362682,-1.518049
leaderB-579ff0e7-77e4-4b16-9220-59c2c36ecc12,2026-02-16T08:07:30,12.362682,-1.518049
securityB-12f2e631-90a7-4ce7-87f7-c377db45e99c,2026-02-16T08:08:00,12.36235,-1.517985
leaderB-579ff0e7-77e4-4b16-9220-59c2c36ecc12,2026-02-16T08:08:00,12.36235,-1.517985
securityB-12f2e631-90a7-4ce7-87f7-c377db45e99c,2026-02-16T08:08:30,12.362019,-1.517922
leaderB-579ff0e7-77e4-4b16-9220-59c2c36ecc12,2026-02-16T08:08:30,12.362019,-1.517922
leaderB-579ff0e7-77e4-4b16-9220-59c2c36ecc12,2026-02-16T08:09:00,12.361686,-1.517864
securityB-12f2e631-90a7-4ce7-87f7-c377db45e99c,2026-02-16T08:09:00,12.361686,-1.517864
logB-c23e4c99-d72b-4789-9397-006a7d765d4c,2026-02-16T08:09:00,12.362512,-1.513102
leaderB-579ff0e7-77e4-4b16-9220-59c2c36ecc12,2026-02-16T08:09:30,12.361354,-1.517805
securityB-12f2e631-90a7-4ce7-87f7-c377db45e99c,2026-02-16T08:09:30,12.361354,-1.517805
leaderB-579ff0e7-77e4-4b16-9220-59c2c36ecc12,2026-02-16T08:10:00,12.361134,-1.517667
securityB-12f2e631-90a7-4ce7-87f7-c377db45e99c,2026-02-16T08:10:00,12.361134,-1.517667
securityB-12f2e631-90a7-4ce7-87f7-c377db45e99c,2026-02-16T08:10:30,12.361198,-1.517328
leaderB-579ff0e7-77e4-4b16-9220-59c2c36ecc12,2026-02-16T08:10:30,12.361198,-1.517328
securityB-12f2e631-90a7-4ce7-87f7-c377db45e99c,2026-02-16T08:11:00,12.361263,-1.516989
leaderB-579ff0e7-77e4-4b16-9220-59c2c36ecc12,2026-02-16T08:11:00,12.361263,-1.516989
securityB-12f2e631-90a7-4ce7-87f7-c377db45e99c,2026-02-16T08:11:30,12.361331,-1.516651
leaderB-579ff0e7-77e4-4b16-9220-59c2c36ecc12,2026-02-16T08:11:30,12.361331,-1.516651
logB-c23e4c99-d72b-4789-9397-006a7d765d4c,2026-02-16T08:12:00,12.362508,-1.513099
leaderB-579ff0e7-77e4-4b16-9220-59c2c36ecc12,2026-02-16T08:12:00,12.361398,-1.516312
securityB-12f2e631-90a7-4ce7-87f7-c377db45e99c,2026-02-16T08:12:00,12.361398,-1.516312
securityB-12f2e631-90a7-4ce7-87f7-c377db45e99c,2026-02-16T08:12:30,12.361403,-1.515982
leaderB-579ff0e7-77e4-4b16-9220-59c2c36ecc12,2026-02-16T08:12:30,12.361403,-1.515982
securityB-12f2e631-90a7-4ce7-87f7-c377db45e99c,2026-02-16T08:13:00,12.36147,-1.515644
leaderB-579ff0e7-77e4-4b16-9220-59c2c36ecc12,2026-02-16T08:13:00,12.36147,-1.515644
leaderB-579ff0e7-77e4-4b16-9220-59c2c36ecc12,2026-02-16T08:13:30,12.361536,-1.515305
securityB-12f2e631-90a7-4ce7-87f7-c377db45e99c,2026-02-16T08:13:30,12.361536,-1.515305
leaderB-579ff0e7-77e4-4b16-9220-59c2c36ecc12,2026-02-16T08:14:00,12.36147,-1.515001
securityB-12f2e631-90a7-4ce7-87f7-c377db45e99c,2026-02-16T08:14:00,12.36147,-1.515001
securityB-12f2e631-90a7-4ce7-87f7-c377db45e99c,2026-02-16T08:14:30,12.361625,-1.514735
leaderB-579ff0e7-77e4-4b16-9220-59c2c36ecc12,2026-02-16T08:14:30,12.361625,-1.514735
leaderB-579ff0e7-77e4-4b16-9220-59c2c36ecc12,2026-02-16T08:15:00,12.361721,-1.51443
securityB-12f2e631-90a7-4ce7-87f7-c377db45e99c,2026-02-16T08:15:00,12.361721,-1.51443
leaderB-579ff0e7-77e4-4b16-9220-59c2c36ecc12,2026-02-16T09:00:00,12.362509,-1.513102
propB-775f6ffc-da47-48c0-82b1-4fe100d5ee88,2026-02-16T09:00:00,12.35901,-1.520903
securityB-12f2e631-90a7-4ce7-87f7-c377db45e99c,2026-02-16T09:00:00,12.362509,-1.513102
securityB-12f2e631-90a7-4ce7-87f7-c377db45e99c,2026-02-16T09:03:00,12.362507,-1.513097
propB-775f6ffc-da47-48c0-82b1-4fe100d5ee88,2026-02-16T09:03:00,12.35899,-1.520887
leaderB-579ff0e7-77e4-4b16-9220-59c2c36ecc12,2026-02-16T09:03:00,12.362507,-1.513097
propB-775f6ffc-da47-48c0-82b1-4fe100d5ee88,2026-02-16T09:06:00,12.358999,-1.520898
securityB-12f2e631-90a7-4ce7-87f7-c377db45e99c,2026-02-16T09:06:00,12.362491,-1.513097
leaderB-579ff0e7-77e4-4b16-9220-59c2c36ecc12,2026-02-16T09:06:00,12.362491,-1.513097
propB-775f6ffc-da47-48c0-82b1-4fe100d5ee88,2026-02-16T09:09:00,12.359011,-1.520909
securityB-12f2e631-90a7-4ce7-87f7-c377db45e99c,2026-02-16T09:09:00,12.362491,-1.513106
leaderB-579ff0e7-77e4-4b16-9220-59c2c36ecc12,2026-02-16T09:09:00,12.362491,-1.513106
securityA-43c3c6c2-08da-4277-b10b-2565d4ab391b,2026-02-16T09:30:00,12.363976,-1.515406
leaderA-dc3bb5ee-282c-411f-96da-eebb88b52ea0,2026-02-16T09:30:00,12.363976,-1.515406
securityA-43c3c6c2-08da-4277-b10b-2565d4ab391b,2026-02-16T09:45:00,12.363996,-1.515394
leaderA-dc3bb5ee-282c-411f-96da-eebb88b52ea0,2026-02-16T09:45:00,12.363996,-1.515394
securityA-43c3c6c2-08da-4277-b10b-2565d4ab391b,2026-02-16T10:00:00,12.364,-1.515413
leaderA-dc3bb5ee-282c-411f-96da-eebb88b52ea0,2026-02-16T10:00:00,12.364,-1.515413
securityA-43c3c6c2-08da-4277-b10b-2565d4ab391b,2026-02-16T10:15:00,12.363991,-1.515398
leaderA-dc3bb5ee-282c-411f-96da-eebb88b52ea0,2026-02-16T10:15:00,12.363991,-1.515398
securityA-43c3c6c2-08da-4277-b10b-2565d4ab391b,2026-02-16T10:30:00,12.363999,-1.515405
leaderA-dc3bb5ee-282c-411f-96da-eebb88b52ea0,2026-02-16T10:30:00,12.363999,-1.515405
securityA-43c3c6c2-08da-4277-b10b-2565d4ab391b,2026-02-16T10:45:00,12.363996,-1.515394
leaderA-dc3bb5ee-282c-411f-96da-eebb88b52ea0,2026-02-16T10:45:00,12.363996,-1.515394
securityB-12f2e631-90a7-4ce7-87f7-c377db45e99c,2026-02-16T11:00:00,12.361831,-1.514451
leaderB-579ff0e7-77e4-4b16-9220-59c2c36ecc12,2026-02-16T11:00:00,12.361831,-1.514451
leaderB-579ff0e7-77e4-4b16-9220-59c2c36ecc12,2026-02-16T11:00:30,12.361806,-1.514771
securityB-12f2e631-90a7-4ce7-87f7-c377db45e99c,2026-02-16T11:00:30,12.361806,-1.514771
securityB-12f2e631-90a7-4ce7-87f7-c377db45e99c,2026-02-16T11:01:00,12.361843,-1.515081
leaderB-579ff0e7-77e4-4b16-9220-59c2c36ecc12,2026-02-16T11:01:00,12.361843,-1.515081
leaderB-579ff0e7-77e4-4b16-9220-59c2c36ecc12,2026-02-16T11:01:30,12.361661,-1.515329
securityB-12f2e631-90a7-4ce7-87f7-c377db45e99c,2026-02-16T11:01:30,12.361661,-1.515329
leaderB-579ff0e7-77e4-4b16-9220-59c2c36ecc12,2026-02-16T11:02:00,12.36159,-1.515666
securityB-12f2e631-90a7-4ce7-87f7-c377db45e99c,2026-02-16T11:02:00,12.36159,-1.515666
leaderB-579ff0e7-77e4-4b16-9220-59c2c36ecc12,2026-02-16T11:02:30,12.361521,-1.516004
securityB-12f2e631-90a7-4ce7-87f7-c377db45e99c,2026-02-16T11:02:30,12.361521,-1.516004
leaderB-579ff0e7-77e4-4b16-9220-59c2c36ecc12,2026-02-16T11:03:00,12.361398,-1.516308
securityB-12f2e631-90a7-4ce7-87f7-c377db45e99c,2026-02-16T11:03:00,12.361398,-1.516308
leaderB-579ff0e7-77e4-4b16-9220-59c2c36ecc12,2026-02-16T11:03:30,12.361331,-1.516647
securityB-12f2e631-90a7-4ce7-87f7-c377db45e99c,2026-02-16T11:03:30,12.361331,-1.516647
securityB-12f2e631-90a7-4ce7-87f7-c377db45e99c,2026-02-16T11:04:00,12.361264,-1.516985
leaderB-579ff0e7-77e4-4b16-9220-59c2c36ecc12,2026-02-16T11:04:00,12.361264,-1.516985
leaderB-579ff0e7-77e4-4b16-9220-59c2c36ecc12,2026-02-16T11:04:30,12.361199,-1.517324
securityB-12f2e631-90a7-4ce7-87f7-c377db45e99c,2026-02-16T11:04:30,12.361199,-1.517324
leaderB-579ff0e7-77e4-4b16-9220-59c2c36ecc12,2026-02-16T11:05:00,12.361135,-1.517663
securityB-12f2e631-90a7-4ce7-87f7-c377db45e99c,2026-02-16T11:05:00,12.361135,-1.517663
leaderB-579ff0e7-77e4-4b16-9220-59c2c36ecc12,2026-02-16T11:05:30,12.361441,-1.517742
securityB-12f2e631-90a7-4ce7-87f7-c377db45e99c,2026-02-16T11:05:30,12.361441,-1.517742
leaderB-579ff0e7-77e4-4b16-9220-59c2c36ecc12,2026-02-16T11:06:00,12.361773,-1.517804
securityB-12f2e631-90a7-4ce7-87f7-c377db45e99c,2026-02-16T11:06:00,12.361773,-1.517804
leaderB-579ff0e7-77e4-4b16-9220-59c2c36ecc12,2026-02-16T11:06:30,12.362105,-1.517865
securityB-12f2e631-90a7-4ce7-87f7-c377db45e99c,2026-02-16T11:06:30,12.362105,-1.517865
leaderB-579ff0e7-77e4-4b16-9220-59c2c36ecc12,2026-02-16T11:07:00,12.362436,-1.517928
securityB-12f2e631-90a7-4ce7-87f7-c377db45e99c,2026-02-16T11:07:00,12.362436,-1.517928
securityB-12f2e631-90a7-4ce7-87f7-c377db45e99c,2026-02-16T11:07:30,12.362768,-1.517991
leaderB-579ff0e7-77e4-4b16-9220-59c2c36ecc12,2026-02-16T11:07:30,12.362768,-1.517991
leaderB-579ff0e7-77e4-4b16-9220-59c2c36ecc12,2026-02-16T11:08:00,12.3631,-1.518054
securityB-12f2e631-90a7-4ce7-87f7-c377db45e99c,2026-02-16T11:08:00,12.3631,-1.518054
leaderB-579ff0e7-77e4-4b16-9220-59c2c36ecc12,2026-02-16T11:08:30,12.363431,-1.518117
securityB-12f2e631-90a7-4ce7-87f7-c377db45e99c,2026-02-16T11:08:30,12.363431,-1.518117
securityB-12f2e631-90a7-4ce7-87f7-c377db45e99c,2026-02-16T11:09:00,12.363763,-1.51818
leaderB-579ff0e7-77e4-4b16-9220-59c2c36ecc12,2026-02-16T11:09:00,12.363763,-1.51818
securityB-12f2e631-90a7-4ce7-87f7-c377db45e99c,2026-02-16T11:09:30,12.364095,-1.518242
leaderB-579ff0e7-77e4-4b16-9220-59c2c36ecc12,2026-02-16T11:09:30,12.364095,-1.518242
securityB-12f2e631-90a7-4ce7-87f7-c377db45e99c,2026-02-16T11:10:00,12.364427,-1.518301
leaderB-579ff0e7-77e4-4b16-9220-59c2c36ecc12,2026-02-16T11:10:00,12.364427,-1.518301
securityB-12f2e631-90a7-4ce7-87f7-c377db45e99c,2026-02-16T11:10:30,12.364759,-1.518362
leaderB-579ff0e7-77e4-4b16-9220-59c2c36ecc12,2026-02-16T11:10:30,12.364759,-1.518362
securityB-12f2e631-90a7-4ce7-87f7-c377db45e99c,2026-02-16T11:11:00,12.364973,-1.518506
leaderB-579ff0e7-77e4-4b16-9220-59c2c36ecc12,2026-02-16T11:11:00,12.364973,-1.518506
securityB-12f2e631-90a7-4ce7-87f7-c377db45e99c,2026-02-16T11:11:30,12.364908,-1.518845
leaderB-579ff0e7-77e4-4b16-9220-59c2c36ecc12,2026-02-16T11:11:30,12.364908,-1.518845
securityB-12f2e631-90a7-4ce7-87f7-c377db45e99c,2026-02-16T11:12:00,12.364842,-1.519183
leaderB-579ff0e7-77e4-4b16-9220-59c2c36ecc12,2026-02-16T11:12:00,12.364842,-1.519183
securityB-12f2e631-90a7-4ce7-87f7-c377db45e99c,2026-02-16T11:12:30,12.364774,-1.519521
leaderB-579ff0e7-77e4-4b16-9220-59c2c36ecc12,2026-02-16T11:12:30,12.364774,-1.519521
leaderB-579ff0e7-77e4-4b16-9220-59c2c36ecc12,2026-02-16T11:13:00,12.364713,-1.519861
securityB-12f2e631-90a7-4ce7-87f7-c377db45e99c,2026-02-16T11:13:00,12.364713,-1.519861
securityB-12f2e631-90a7-4ce7-87f7-c377db45e99c,2026-02-16T11:13:30,12.36465,-1.5202
leaderB-579ff0e7-77e4-4b16-9220-59c2c36ecc12,2026-02-16T11:13:30,12.36465,-1.5202
leaderB-579ff0e7-77e4-4b16-9220-59c2c36ecc12,2026-02-16T11:14:00,12.364587,-1.520539
securityB-12f2e631-90a7-4ce7-87f7-c377db45e99c,2026-02-16T11:14:00,12.364587,-1.520539
leaderB-579ff0e7-77e4-4b16-9220-59c2c36ecc12,2026-02-16T11:14:30,12.364526,-1.520879
securityB-12f2e631-90a7-4ce7-87f7-c377db45e99c,2026-02-16T11:14:30,12.364526,-1.520879
leaderB-579ff0e7-77e4-4b16-9220-59c2c36ecc12,2026-02-16T14:00:00,12.359002,-1.520897
courierA-5459d08e-e00c-4174-9a21-c4b90ef20a87,2026-02-16T14:00:00,12.359413,-1.51634
securityB-12f2e631-90a7-4ce7-87f7-c377db45e99c,2026-02-16T14:00:00,12.359002,-1.520897
courierA-5459d08e-e00c-4174-9a21-c4b90ef20a87,2026-02-16T14:00:30,12.359346,-1.516678
courierA-5459d08e-e00c-4174-9a21-c4b90ef20a87,2026-02-16T14:01:00,12.359286,-1.517018
courierA-5459d08e-e00c-4174-9a21-c4b90ef20a87,2026-02-16T14:01:30,12.359261,-1.517335
courierA-5459d08e-e00c-4174-9a21-c4b90ef20a87,2026-02-16T14:02:00,12.359592,-1.517397
courierA-5459d08e-e00c-4174-9a21-c4b90ef20a87,2026-02-16T14:02:30,12.359924,-1.517459
courierA-5459d08e-e00c-4174-9a21-c4b90ef20a87,2026-02-16T14:03:00,12.360256,-1.517521
securityB-12f2e631-90a7-4ce7-87f7-c377db45e99c,2026-02-16T14:03:00,12.358989,-1.520891
leaderB-579ff0e7-77e4-4b16-9220-59c2c36ecc12,2026-02-16T14:03:00,12.358989,-1.520891
courierA-5459d08e-e00c-4174-9a21-c4b90ef20a87,2026-02-16T14:03:30,12.360588,-1.517583
courierA-5459d08e-e00c-4174-9a21-c4b90ef20a87,2026-02-16T14:04:00,12.360919,-1.517645
courierA-5459d08e-e00c-4174-9a21-c4b90ef20a87,2026-02-16T14:04:30,12.361251,-1.517707
courierA-5459d08e-e00c-4174-9a21-c4b90ef20a87,2026-02-16T14:05:00,12.361583,-1.517769
courierA-5459d08e-e00c-4174-9a21-c4b90ef20a87,2026-02-16T14:05:30,12.361915,-1.51783
securityB-12f2e631-90a7-4ce7-87f7-c377db45e99c,2026-02-16T14:06:00,12.359005,-1.520906
leaderB-579ff0e7-77e4-4b16-9220-59c2c36ecc12,2026-02-16T14:06:00,12.359005,-1.520906
courierA-5459d08e-e00c-4174-9a21-c4b90ef20a87,2026-02-16T14:06:00,12.362247,-1.517892
courierA-5459d08e-e00c-4174-9a21-c4b90ef20a87,2026-02-16T14:06:30,12.362578,-1.517955
courierA-5459d08e-e00c-4174-9a21-c4b90ef20a87,2026-02-16T14:07:00,12.36291,-1.518018
courierA-5459d08e-e00c-4174-9a21-c4b90ef20a87,2026-02-16T14:07:30,12.363093,-1.51786
courierA-5459d08e-e00c-4174-9a21-c4b90ef20a87,2026-02-16T14:08:00,12.363154,-1.517521
courierA-5459d08e-e00c-4174-9a21-c4b90ef20a87,2026-02-16T14:08:30,12.363213,-1.517181
leaderB-579ff0e7-77e4-4b16-9220-59c2c36ecc12,2026-02-16T14:09:00,12.358986,-1.520901
securityB-12f2e631-90a7-4ce7-87f7-c377db45e99c,2026-02-16T14:09:00,12.358986,-1.520901
courierA-5459d08e-e00c-4174-9a21-c4b90ef20a87,2026-02-16T14:09:00,12.363281,-1.516843
courierA-5459d08e-e00c-4174-9a21-c4b90ef20a87,2026-02-16T14:09:30,12.363349,-1.516504
courierA-5459d08e-e00c-4174-9a21-c4b90ef20a87,2026-02-16T14:10:00,12.363412,-1.516165
courierA-5459d08e-e00c-4174-9a21-c4b90ef20a87,2026-02-16T14:10:30,12.363487,-1.515829
courierA-5459d08e-e00c-4174-9a21-c4b90ef20a87,2026-02-16T14:11:00,12.363562,-1.515492
securityB-12f2e631-90a7-4ce7-87f7-c377db45e99c,2026-02-16T14:12:00,12.358996,-1.520899
leaderB-579ff0e7-77e4-4b16-9220-59c2c36ecc12,2026-02-16T14:12:00,12.358996,-1.520899
leaderB-579ff0e7-77e4-4b16-9220-59c2c36ecc12,2026-02-16T14:15:00,12.358997,-1.520918
securityB-12f2e631-90a7-4ce7-87f7-c377db45e99c,2026-02-16T14:15:00,12.358997,-1.520918
facA-1420f464-9589-439d-bdab-a216790c256e,2026-02-16T14:30:00,12.363993,-1.515398
facA-1420f464-9589-439d-bdab-a216790c256e,2026-02-16T14:33:00,12.364004,-1.515398
facA-1420f464-9589-439d-bdab-a216790c256e,2026-02-16T14:36:00,12.363991,-1.515398
facA-1420f464-9589-439d-bdab-a216790c256e,2026-02-16T14:39:00,12.364013,-1.515396
civ-fba78d20-6ae9-496a-a233-d4780cfcc398,2026-02-16T15:00:00,12.362865,-1.52257
civ-731e3624-44fb-4ea6-bc20-ed47b9696547,2026-02-16T15:00:00,12.362853,-1.522494
civ-cae16cff-aef6-4591-aa1e-e200e680a4bb,2026-02-16T15:00:00,12.362901,-1.522465
civ-9f5adb03-9c7e-4d4b-9472-e82992286eb3,2026-02-16T15:00:00,12.362881,-1.522632
civ-7cbba508-94e2-49ab-bba3-6c7521f98341,2026-02-16T15:00:00,12.362971,-1.522516
civ-043509bf-ae53-4949-a634-d289dcb70565,2026-02-16T15:00:00,12.362906,-1.522554
civ-3d3013dc-832a-461b-9126-b71bdc969380,2026-02-16T15:00:00,12.362896,-1.522419
civ-a503b0cb-1dba-4eeb-8d1d-b6268249244b,2026-02-16T15:00:00,12.362863,-1.522482
civ-4ed82b11-c50f-405d-b198-be9be1d1f6a9,2026-02-16T15:00:00,12.362928,-1.522507
civ-ca14fe54-33f0-49a2-a6a2-b540666322a7,2026-02-16T15:00:00,12.362791,-1.522689
civ-33c44f27-8af1-44d0-9483-0d0f91a6b474,2026-02-16T15:00:00,12.362927,-1.522478
civ-44965752-0f0f-4e6e-9ef9-a59f1545f481,2026-02-16T15:00:00,12.362938,-1.522534
civ-730674f3-98ba-40e6-a84b-cb6060cc7ca7,2026-02-16T15:00:00,12.362964,-1.5225
civ-a47850a8-707f-4b1d-8866-1d4033f7a38c,2026-02-16T15:00:00,12.362896,-1.522476
civ-365590ee-96ee-445c-b9c7-32cca068f81d,2026-02-16T15:00:00,12.362971,-1.522551
civ-76f7ae69-5fdc-44de-a6cd-e98b90c65b57,2026-02-16T15:00:00,12.362887,-1.522465
civ-c0a907d1-902e-481e-a4ae-7e3c1edb1691,2026-02-16T15:00:00,12.362789,-1.522512
civ-262751da-8e7e-40c2-b39a-420331a935a4,2026-02-16T15:00:00,12.362945,-1.522382
civ-99a24d28-99a2-4d96-a954-035a4967705e,2026-02-16T15:00:00,12.363901,-1.515363
civ-3a8e60d4-5fed-4f13-b9ec-81da3790bb67,2026-02-16T15:00:00,12.36402,-1.515399
courierA-5459d08e-e00c-4174-9a21-c4b90ef20a87,2026-02-16T15:00:00,12.364005,-1.515402
civ-9d933655-18d0-43fd-9a3a-ac030bd388e3,2026-02-16T15:00:00,12.362869,-1.522443
civ-25480790-4728-4609-8a8e-5418cbb9e5c7,2026-02-16T15:00:00,12.364017,-1.515325
civ-93ef8cb8-daff-4470-ac87-6e5e70bef479,2026-02-16T15:00:00,12.364015,-1.515479
civ-d55aad0f-ea9a-44f1-a1ad-6493110c3800,2026-02-16T15:00:00,12.364077,-1.515385
civ-4897de1c-e496-496f-9c5d-a14f18af934d,2026-02-16T15:00:00,12.364035,-1.515404
civ-a3f1216e-667c-4550-9d31-bb590701adba,2026-02-16T15:00:00,12.364012,-1.515242
civ-b54e3d05-1f85-4f58-a3b2-80231bfef53f,2026-02-16T15:00:00,12.364002,-1.515511
civ-c0fe9253-8090-449f-9f06-e83f29365449,2026-02-16T15:00:00,12.363958,-1.51535
civ-ff52ce9c-f839-4f67-b215-57d93346c4de,2026-02-16T15:00:00,12.363867,-1.515336
civ-52f0aadd-ff99-4ae8-85a3-afd5f49167ab,2026-02-16T15:00:00,12.364105,-1.515406
civ-6d381a56-af0a-46c5-8867-c6e41b21d566,2026-02-16T15:00:00,12.364103,-1.515425
civ-aa3148ae-dcc5-4347-a5b8-dedce366a62e,2026-02-16T15:00:00,12.363887,-1.515485
civ-307d69d7-70f8-4d25-8386-0d1b27c0d761,2026-02-16T15:00:00,12.363956,-1.515364
civ-6fb70d85-794b-4a10-aa11-4af425e93bfe,2026-02-16T15:00:00,12.363887,-1.515302
civ-7680227e-ddf1-4dd4-8b87-08c104239641,2026-02-16T15:00:00,12.362879,-1.522518
civ-8076d399-9740-4c79-9f6e-5a31214ffc42,2026-02-16T15:00:00,12.364023,-1.51553
civ-37e4f13b-95a9-46d1-b6ce-74f92fef7f4f,2026-02-16T15:00:00,12.364134,-1.515435
civ-00cfef0e-517f-45c4-bc80-bed1819a385d,2026-02-16T15:00:00,12.363828,-1.515339
civ-76e38c21-45fb-4cae-ae94-508866b0c80b,2026-02-16T15:00:00,12.364135,-1.51537
civ-7c65ee9a-ffdf-4bc3-b752-e85fb48ce377,2026-02-16T15:00:00,12.364,-1.515315
courierA-5459d08e-e00c-4174-9a21-c4b90ef20a87,2026-02-16T15:03:00,12.364,-1.515406
courierA-5459d08e-e00c-4174-9a21-c4b90ef20a87,2026-02-16T15:06:00,12.364002,-1.515393
securityA-43c3c6c2-08da-4277-b10b-2565d4ab391b,2026-02-16T17:00:00,12.363601,-1.515311
leaderA-dc3bb5ee-282c-411f-96da-eebb88b52ea0,2026-02-16T17:00:00,12.363601,-1.515311
securityA-43c3c6c2-08da-4277-b10b-2565d4ab391b,2026-02-16T17:00:30,12.363528,-1.515648
leaderA-dc3bb5ee-282c-411f-96da-eebb88b52ea0,2026-02-16T17:00:30,12.363528,-1.515648
leaderA-dc3bb5ee-282c-411f-96da-eebb88b52ea0,2026-02-16T17:01:00,12.363452,-1.515984
securityA-43c3c6c2-08da-4277-b10b-2565d4ab391b,2026-02-16T17:01:00,12.363452,-1.515984
securityA-43c3c6c2-08da-4277-b10b-2565d4ab391b,2026-02-16T17:01:30,12.363383,-1.516322
leaderA-dc3bb5ee-282c-411f-96da-eebb88b52ea0,2026-02-16T17:01:30,12.363383,-1.516322
securityA-43c3c6c2-08da-4277-b10b-2565d4ab391b,2026-02-16T17:02:00,12.36332,-1.516662
leaderA-dc3bb5ee-282c-411f-96da-eebb88b52ea0,2026-02-16T17:02:00,12.36332,-1.516662
leaderA-dc3bb5ee-282c-411f-96da-eebb88b52ea0,2026-02-16T17:02:30,12.363247,-1.516999
securityA-43c3c6c2-08da-4277-b10b-2565d4ab391b,2026-02-16T17:02:30,12.363247,-1.516999
securityA-43c3c6c2-08da-4277-b10b-2565d4ab391b,2026-02-16T17:03:00,12.363186,-1.517338
leaderA-dc3bb5ee-282c-411f-96da-eebb88b52ea0,2026-02-16T17:03:00,12.363186,-1.517338
leaderA-dc3bb5ee-282c-411f-96da-eebb88b52ea0,2026-02-16T17:03:30,12.363126,-1.517678
securityA-43c3c6c2-08da-4277-b10b-2565d4ab391b,2026-02-16T17:03:30,12.363126,-1.517678
leaderA-dc3bb5ee-282c-411f-96da-eebb88b52ea0,2026-02-16T17:04:00,12.363065,-1.518017
securityA-43c3c6c2-08da-4277-b10b-2565d4ab391b,2026-02-16T17:04:00,12.363065,-1.518017
leaderA-dc3bb5ee-282c-411f-96da-eebb88b52ea0,2026-02-16T17:04:30,12.362813,-1.518074
securityA-43c3c6c2-08da-4277-b10b-2565d4ab391b,2026-02-16T17:04:30,12.362813,-1.518074
leaderA-dc3bb5ee-282c-411f-96da-eebb88b52ea0,2026-02-16T17:05:00,12.362481,-1.518011
securityA-43c3c6c2-08da-4277-b10b-2565d4ab391b,2026-02-16T17:05:00,12.362481,-1.518011
securityA-43c3c6c2-08da-4277-b10b-2565d4ab391b,2026-02-16T17:05:30,12.36215,-1.517947
leaderA-dc3bb5ee-282c-411f-96da-eebb88b52ea0,2026-02-16T17:05:30,12.36215,-1.517947
securityA-43c3c6c2-08da-4277-b10b-2565d4ab391b,2026-02-16T17:06:00,12.361817,-1.517887
leaderA-dc3bb5ee-282c-411f-96da-eebb88b52ea0,2026-02-16T17:06:00,12.361817,-1.517887
leaderA-dc3bb5ee-282c-411f-96da-eebb88b52ea0,2026-02-16T17:06:30,12.361485,-1.517828
securityA-43c3c6c2-08da-4277-b10b-2565d4ab391b,2026-02-16T17:06:30,12.361485,-1.517828
leaderA-dc3bb5ee-282c-411f-96da-eebb88b52ea0,2026-02-16T17:07:00,12.361153,-1.517769
securityA-43c3c6c2-08da-4277-b10b-2565d4ab391b,2026-02-16T17:07:00,12.361153,-1.517769
securityA-43c3c6c2-08da-4277-b10b-2565d4ab391b,2026-02-16T17:07:30,12.360821,-1.517709
leaderA-dc3bb5ee-282c-411f-96da-eebb88b52ea0,2026-02-16T17:07:30,12.360821,-1.517709
securityA-43c3c6c2-08da-4277-b10b-2565d4ab391b,2026-02-16T17:08:00,12.360489,-1.517649
leaderA-dc3bb5ee-282c-411f-96da-eebb88b52ea0,2026-02-16T17:08:00,12.360489,-1.517649
securityA-43c3c6c2-08da-4277-b10b-2565d4ab391b,2026-02-16T17:08:30,12.360157,-1.517588
leaderA-dc3bb5ee-282c-411f-96da-eebb88b52ea0,2026-02-16T17:08:30,12.360157,-1.517588
securityA-43c3c6c2-08da-4277-b10b-2565d4ab391b,2026-02-16T17:09:00,12.359825,-1.517527
leaderA-dc3bb5ee-282c-411f-96da-eebb88b52ea0,2026-02-16T17:09:00,12.359825,-1.517527
securityA-43c3c6c2-08da-4277-b10b-2565d4ab391b,2026-02-16T17:09:30,12.359493,-1.517467
leaderA-dc3bb5ee-282c-411f-96da-eebb88b52ea0,2026-02-16T17:09:30,12.359493,-1.517467
securityA-43c3c6c2-08da-4277-b10b-2565d4ab391b,2026-02-16T17:10:00,12.359229,-1.517357
leaderA-dc3bb5ee-282c-411f-96da-eebb88b52ea0,2026-02-16T17:10:00,12.359229,-1.517357
leaderA-dc3bb5ee-282c-411f-96da-eebb88b52ea0,2026-02-16T17:10:30,12.359286,-1.517017
securityA-43c3c6c2-08da-4277-b10b-2565d4ab391b,2026-02-16T17:10:30,12.359286,-1.517017
securityA-43c3c6c2-08da-4277-b10b-2565d4ab391b,2026-02-16T17:11:00,12.359346,-1.516677
leaderA-dc3bb5ee-282c-411f-96da-eebb88b52ea0,2026-02-16T17:11:00,12.359346,-1.516677
leaderA-dc3bb5ee-282c-411f-96da-eebb88b52ea0,2026-02-16T18:00:00,12.359695,-1.516401
securityA-43c3c6c2-08da-4277-b10b-2565d4ab391b,2026-02-16T18:00:00,12.359695,-1.516401
leaderA-dc3bb5ee-282c-411f-96da-eebb88b52ea0,2026-02-16T18:20:00,12.35972,-1.516413
securityA-43c3c6c2-08da-4277-b10b-2565d4ab391b,2026-02-16T18:20:00,12.35972,-1.516413
leaderA-dc3bb5ee-282c-411f-96da-eebb88b52ea0,2026-02-16T18:40:00,12.359683,-1.516393
securityA-43c3c6c2-08da-4277-b10b-2565d4ab391b,2026-02-16T18:40:00,12.359683,-1.516393
leaderA-dc3bb5ee-282c-411f-96da-eebb88b52ea0,2026-02-16T19:00:00,12.359694,-1.516403
securityA-43c3c6c2-08da-4277-b10b-2565d4ab391b,2026-02-16T19:00:00,12.359694,-1.516403
leaderA-dc3bb5ee-282c-411f-96da-eebb88b52ea0,2026-02-16T19:20:00,12.359693,-1.516402
securityA-43c3c6c2-08da-4277-b10b-2565d4ab391b,2026-02-16T19:20:00,12.359693,-1.516402
leaderA-dc3bb5ee-282c-411f-96da-eebb88b52ea0,2026-02-16T19:40:00,12.359714,-1.516393
securityA-43c3c6c2-08da-4277-b10b-2565d4ab391b,2026-02-16T19:40:00,12.359714,-1.516393
logB-c23e4c99-d72b-4789-9397-006a7d765d4c,2026-02-17T05:00:00,12.364466,-1.521212
logB-c23e4c99-d72b-4789-9397-006a7d765d4c,2026-02-17T05:00:30,12.364527,-1.520872
logB-c23e4c99-d72b-4789-9397-006a7d765d4c,2026-02-17T05:01:00,12.364588,-1.520533
logB-c23e4c99-d72b-4789-9397-006a7d765d4c,2026-02-17T05:01:30,12.364651,-1.520194
logB-c23e4c99-d72b-4789-9397-006a7d765d4c,2026-02-17T05:02:00,12.364714,-1.519855
logB-c23e4c99-d72b-4789-9397-006a7d765d4c,2026-02-17T05:02:30,12.364775,-1.519515
logB-c23e4c99-d72b-4789-9397-006a7d765d4c,2026-02-17T05:03:00,12.364843,-1.519177
logB-c23e4c99-d72b-4789-9397-006a7d765d4c,2026-02-17T05:03:30,12.36491,-1.518838
logB-c23e4c99-d72b-4789-9397-006a7d765d4c,2026-02-17T05:04:00,12.364974,-1.518499
logB-c23e4c99-d72b-4789-9397-006a7d765d4c,2026-02-17T05:04:30,12.364673,-1.518418
logB-c23e4c99-d72b-4789-9397-006a7d765d4c,2026-02-17T05:05:00,12.364341,-1.518355
logB-c23e4c99-d72b-4789-9397-006a7d765d4c,2026-02-17T05:05:30,12.364009,-1.518294
logB-c23e4c99-d72b-4789-9397-006a7d765d4c,2026-02-17T05:06:00,12.363677,-1.518233
logB-c23e4c99-d72b-4789-9397-006a7d765d4c,2026-02-17T05:06:30,12.363345,-1.518172
logB-c23e4c99-d72b-4789-9397-006a7d765d4c,2026-02-17T05:07:00,12.363013,-1.518111
logB-c23e4c99-d72b-4789-9397-006a7d765d4c,2026-02-17T05:07:30,12.362682,-1.518049
logB-c23e4c99-d72b-4789-9397-006a7d765d4c,2026-02-17T05:08:00,12.36235,-1.517985
logB-c23e4c99-d72b-4789-9397-006a7d765d4c,2026-02-17T05:08:30,12.362019,-1.517922
logB-c23e4c99-d72b-4789-9397-006a7d765d4c,2026-02-17T05:09:00,12.361686,-1.517864
logB-c23e4c99-d72b-4789-9397-006a7d765d4c,2026-02-17T05:09:30,12.361354,-1.517805
logB-c23e4c99-d72b-4789-9397-006a7d765d4c,2026-02-17T05:10:00,12.361134,-1.517667
logB-c23e4c99-d72b-4789-9397-006a7d765d4c,2026-02-17T05:10:30,12.361198,-1.517328
logB-c23e4c99-d72b-4789-9397-006a7d765d4c,2026-02-17T05:11:00,12.361263,-1.516989
logB-c23e4c99-d72b-4789-9397-006a7d765d4c,2026-02-17T05:11:30,12.361331,-1.516651
logB-c23e4c99-d72b-4789-9397-006a7d765d4c,2026-02-17T05:12:00,12.361398,-1.516312
logB-c23e4c99-d72b-4789-9397-006a7d765d4c,2026-02-17T05:12:30,12.361403,-1.515982
logB-c23e4c99-d72b-4789-9397-006a7d765d4c,2026-02-17T05:13:00,12.36147,-1.515644
logB-c23e4c99-d72b-4789-9397-006a7d765d4c,2026-02-17T05:13:30,12.361536,-1.515305
logB-c23e4c99-d72b-4789-9397-006a7d765d4c,2026-02-17T05:14:00,12.36147,-1.515001
logB-c23e4c99-d72b-4789-9397-006a7d765d4c,2026-02-17T05:14:30,12.361625,-1.514735
logB-c23e4c99-d72b-4789-9397-006a7d765d4c,2026-02-17T05:15:00,12.361721,-1.51443
securityA-43c3c6c2-08da-4277-b10b-2565d4ab391b,2026-02-17T05:30:00,12.359692,-1.516387
leaderA-dc3bb5ee-282c-411f-96da-eebb88b52ea0,2026-02-17T05:30:00,12.359692,-1.516387
securityA-43c3c6c2-08da-4277-b10b-2565d4ab391b,2026-02-17T05:33:00,12.359699,-1.516408
leaderA-dc3bb5ee-282c-411f-96da-eebb88b52ea0,2026-02-17T05:33:00,12.359699,-1.516408
leaderA-dc3bb5ee-282c-411f-96da-eebb88b52ea0,2026-02-17T05:36:00,12.359709,-1.516403
securityA-43c3c6c2-08da-4277-b10b-2565d4ab391b,2026-02-17T05:36:00,12.359709,-1.516403
securityA-43c3c6c2-08da-4277-b10b-2565d4ab391b,2026-02-17T05:39:00,12.359707,-1.516403
leaderA-dc3bb5ee-282c-411f-96da-eebb88b52ea0,2026-02-17T05:39:00,12.359707,-1.516403
securityA-43c3c6c2-08da-4277-b10b-2565d4ab391b,2026-02-17T05:42:00,12.359699,-1.516396
leaderA-dc3bb5ee-282c-411f-96da-eebb88b52ea0,2026-02-17T05:42:00,12.359699,-1.516396
courierA-5459d08e-e00c-4174-9a21-c4b90ef20a87,2026-02-17T06:00:00,12.359413,-1.51634
courierA-5459d08e-e00c-4174-9a21-c4b90ef20a87,2026-02-17T06:00:30,12.359483,-1.516002
courierA-5459d08e-e00c-4174-9a21-c4b90ef20a87,2026-02-17T06:01:00,12.359666,-1.515843
courierA-5459d08e-e00c-4174-9a21-c4b90ef20a87,2026-02-17T06:01:30,12.359996,-1.515914
courierA-5459d08e-e00c-4174-9a21-c4b90ef20a87,2026-02-17T06:02:00,12.360326,-1.515986
courierA-5459d08e-e00c-4174-9a21-c4b90ef20a87,2026-02-17T06:02:30,12.360656,-1.516057
courierA-5459d08e-e00c-4174-9a21-c4b90ef20a87,2026-02-17T06:03:00,12.360986,-1.516128
courierA-5459d08e-e00c-4174-9a21-c4b90ef20a87,2026-02-17T06:03:30,12.361316,-1.516199
courierA-5459d08e-e00c-4174-9a21-c4b90ef20a87,2026-02-17T06:04:00,12.361417,-1.515912
courierA-5459d08e-e00c-4174-9a21-c4b90ef20a87,2026-02-17T06:04:30,12.361484,-1.515573
courierA-5459d08e-e00c-4174-9a21-c4b90ef20a87,2026-02-17T06:05:00,12.361549,-1.515235
courierA-5459d08e-e00c-4174-9a21-c4b90ef20a87,2026-02-17T06:05:30,12.361465,-1.51493
courierA-5459d08e-e00c-4174-9a21-c4b90ef20a87,2026-02-17T06:06:00,12.361664,-1.514691
courierA-5459d08e-e00c-4174-9a21-c4b90ef20a87,2026-02-17T06:06:30,12.36179,-1.514443
facA-1420f464-9589-439d-bdab-a216790c256e,2026-02-17T06:30:00,12.362891,-1.522494
facA-1420f464-9589-439d-bdab-a216790c256e,2026-02-17T06:33:00,12.362888,-1.522514
facA-1420f464-9589-439d-bdab-a216790c256e,2026-02-17T06:36:00,12.362894,-1.522493
facA-1420f464-9589-439d-bdab-a216790c256e,2026-02-17T06:39:00,12.362898,-1.522504
leaderA-dc3bb5ee-282c-411f-96da-eebb88b52ea0,2026-02-17T06:52:00,12.359413,-1.51634
securityA-43c3c6c2-08da-4277-b10b-2565d4ab391b,2026-02-17T06:52:00,12.359413,-1.51634
securityA-43c3c6c2-08da-4277-b10b-2565d4ab391b,2026-02-17T06:52:30,12.359346,-1.516678
leaderA-dc3bb5ee-282c-411f-96da-eebb88b52ea0,2026-02-17T06:52:30,12.359346,-1.516678
leaderA-dc3bb5ee-282c-411f-96da-eebb88b52ea0,2026-02-17T06:53:00,12.359286,-1.517018
securityA-43c3c6c2-08da-4277-b10b-2565d4ab391b,2026-02-17T06:53:00,12.359286,-1.517018
securityA-43c3c6c2-08da-4277-b10b-2565d4ab391b,2026-02-17T06:53:30,12.359261,-1.517335
leaderA-dc3bb5ee-282c-411f-96da-eebb88b52ea0,2026-02-17T06:53:30,12.359261,-1.517335
leaderA-dc3bb5ee-282c-411f-96da-eebb88b52ea0,2026-02-17T06:54:00,12.359592,-1.517397
securityA-43c3c6c2-08da-4277-b10b-2565d4ab391b,2026-02-17T06:54:00,12.359592,-1.517397
leaderA-dc3bb5ee-282c-411f-96da-eebb88b52ea0,2026-02-17T06:54:30,12.359924,-1.517459
securityA-43c3c6c2-08da-4277-b10b-2565d4ab391b,2026-02-17T06:54:30,12.359924,-1.517459
leaderA-dc3bb5ee-282c-411f-96da-eebb88b52ea0,2026-02-17T06:55:00,12.360256,-1.517521
securityA-43c3c6c2-08da-4277-b10b-2565d4ab391b,2026-02-17T06:55:00,12.360256,-1.517521
securityA-43c3c6c2-08da-4277-b10b-2565d4ab391b,2026-02-17T06:55:30,12.360588,-1.517583
leaderA-dc3bb5ee-282c-411f-96da-eebb88b52ea0,2026-02-17T06:55:30,12.360588,-1.517583
leaderA-dc3bb5ee-282c-411f-96da-eebb88b52ea0,2026-02-17T06:56:00,12.360919,-1.517645
securityA-43c3c6c2-08da-4277-b10b-2565d4ab391b,2026-02-17T06:56:00,12.360919,-1.517645
securityA-43c3c6c2-08da-4277-b10b-2565d4ab391b,2026-02-17T06:56:30,12.361251,-1.517707
leaderA-dc3bb5ee-282c-411f-96da-eebb88b52ea0,2026-02-17T06:56:30,12.361251,-1.517707
securityA-43c3c6c2-08da-4277-b10b-2565d4ab391b,2026-02-17T06:57:00,12.361583,-1.517769
leaderA-dc3bb5ee-282c-411f-96da-eebb88b52ea0,2026-02-17T06:57:00,12.361583,-1.517769
leaderA-dc3bb5ee-282c-411f-96da-eebb88b52ea0,2026-02-17T06:57:30,12.361915,-1.51783
securityA-43c3c6c2-08da-4277-b10b-2565d4ab391b,2026-02-17T06:57:30,12.361915,-1.51783
leaderA-dc3bb5ee-282c-411f-96da-eebb88b52ea0,2026-02-17T06:58:00,12.362247,-1.517892
securityA-43c3c6c2-08da-4277-b10b-2565d4ab391b,2026-02-17T06:58:00,12.362247,-1.517892
securityA-43c3c6c2-08da-4277-b10b-2565d4ab391b,2026-02-17T06:58:30,12.362578,-1.517955
leaderA-dc3bb5ee-282c-411f-96da-eebb88b52ea0,2026-02-17T06:58:30,12.362578,-1.517955
securityA-43c3c6c2-08da-4277-b10b-2565d4ab391b,2026-02-17T06:59:00,12.36291,-1.518018
leaderA-dc3bb5ee-282c-411f-96da-eebb88b52ea0,2026-02-17T06:59:00,12.36291,-1.518018
leaderA-dc3bb5ee-282c-411f-96da-eebb88b52ea0,2026-02-17T06:59:30,12.363093,-1.51786
securityA-43c3c6c2-08da-4277-b10b-2565d4ab391b,2026-02-17T06:59:30,12.363093,-1.51786
civ-1c8ac0cd-f753-4ce0-94f2-9d35f82c926a,2026-02-17T07:00:00,12.364086,-1.515267
civ-495a2677-bf5f-4386-ba80-a7ed388a111a,2026-02-17T07:00:00,12.364061,-1.51537
civ-3b0a463c-56e4-49b5-b199-f256f4158876,2026-02-17T07:00:00,12.363888,-1.515352
civ-cad48ed1-ce48-474a-9278-457940189ef6,2026-02-17T07:00:00,12.364061,-1.515316
civ-25bb3059-4d79-4898-b69e-45aa2232e1a6,2026-02-17T07:00:00,12.363958,-1.515483
civ-a24bec4a-4483-48ba-b5f8-05a8e5bfda41,2026-02-17T07:00:00,12.364008,-1.515372
civ-b49234f0-679e-4d84-82ca-23489e43ef89,2026-02-17T07:00:00,12.362921,-1.522556
civ-ff5dd09d-6853-491a-ae8c-4f99d3ab5a65,2026-02-17T07:00:00,12.364093,-1.515361
civ-011f05d7-16b4-4cf9-9af5-f5d3af1130c5,2026-02-17T07:00:00,12.364061,-1.515363
leaderA-dc3bb5ee-282c-411f-96da-eebb88b52ea0,2026-02-17T07:00:00,12.363154,-1.517521
civ-c9fdad2c-c29f-4817-a55b-d1cb03d867fe,2026-02-17T07:00:00,12.363917,-1.515496
courierA-5459d08e-e00c-4174-9a21-c4b90ef20a87,2026-02-17T07:00:00,12.362505,-1.513104
civ-041f718d-f87c-4788-97e0-8a1af1feaf43,2026-02-17T07:00:00,12.364023,-1.515308
civ-7b95492b-f84a-4c4d-9c9a-27e4b916aa45,2026-02-17T07:00:00,12.364091,-1.515379
civ-bf037678-809b-448c-ab45-7d769c2d6dc4,2026-02-17T07:00:00,12.363937,-1.515393
civ-6b201ce7-94f7-4365-b28a-b2f1768437db,2026-02-17T07:00:00,12.363964,-1.515436
civ-8c1f0f02-47db-4267-9671-eea523685397,2026-02-17T07:00:00,12.362857,-1.522349
civ-c067a225-1589-4437-bca5-33fd5f35cf32,2026-02-17T07:00:00,12.364083,-1.515379
securityA-43c3c6c2-08da-4277-b10b-2565d4ab391b,2026-02-17T07:00:00,12.363154,-1.517521
civ-be2bfe61-dd1b-4379-a465-a0555eb78604,2026-02-17T07:00:00,12.362923,-1.522538
civ-d7c9baa2-5657-4387-be06-7112b594e95f,2026-02-17T07:00:00,12.362937,-1.522441
civ-ad605779-a9bf-4cc8-93a1-f11289b4596e,2026-02-17T07:00:00,12.362911,-1.522458
civ-819cc37f-a24a-4be7-8f91-305949cc46cd,2026-02-17T07:00:00,12.36292,-1.522414
civ-fe58a8a4-16b3-4fe7-9088-d73546282778,2026-02-17T07:00:00,12.362851,-1.522603
civ-3ff5c045-423c-42f1-8b48-dfc4f20a418b,2026-02-17T07:00:00,12.362862,-1.522498
civ-5c6eb12c-1a1a-46bc-a715-658bca31c8cb,2026-02-17T07:00:00,12.362852,-1.522484
civ-7dba4d9f-89fd-4e90-b47e-be6a00cb0c7f,2026-02-17T07:00:00,12.362775,-1.522539
civ-1997e065-35c8-4007-8792-4f0137dbea25,2026-02-17T07:00:00,12.362821,-1.52249
civ-9f1adedc-5613-474e-bdaf-41148fef099b,2026-02-17T07:00:00,12.362972,-1.522453
civ-8de4afb4-75b7-40de-b870-2dfd70e907b4,2026-02-17T07:00:00,12.362729,-1.522353
civ-e777a6ac-06d2-42c9-b69d-65b065cde726,2026-02-17T07:00:00,12.362852,-1.522486
civ-83e73c41-9497-4a77-bbbc-fd6de4e0aa8d,2026-02-17T07:00:00,12.362922,-1.522559
civ-5d6c5088-9995-4f66-91e7-9d1fb5859b23,2026-02-17T07:00:00,12.362856,-1.522529
civ-91fa5859-c8e5-4c98-9561-2d898f3092d3,2026-02-17T07:00:00,12.36296,-1.522598
civ-d711e7ed-c715-4621-832d-cb60e8e13c0a,2026-02-17T07:00:00,12.364035,-1.515292
civ-378bfec8-7b14-40ea-af81-f25c5fcec031,2026-02-17T07:00:00,12.362911,-1.522487
civ-80fb0225-ce8b-41eb-a250-6d5f17feaed3,2026-02-17T07:00:00,12.363861,-1.515455
civ-5e8f018c-2519-486b-88b8-150b8942e6c8,2026-02-17T07:00:00,12.36404,-1.515351
civ-3798fa24-4b37-4f97-8133-e298b487256f,2026-02-17T07:00:00,12.363902,-1.515384
civ-f86c415c-842d-4e8e-87ed-4dfde7cc4b2e,2026-02-17T07:00:00,12.363975,-1.515364
civ-0620710c-cd5d-4b60-9be7-dffbcde7c6d6,2026-02-17T07:00:00,12.364084,-1.51542
civ-41a92483-d8e7-400a-99bc-9928c7886478,2026-02-17T07:00:00,12.362943,-1.522451
civ-92f9a161-f548-4f0f-b979-4edb2e992c07,2026-02-17T07:00:00,12.362916,-1.522523
securityA-43c3c6c2-08da-4277-b10b-2565d4ab391b,2026-02-17T07:00:30,12.363213,-1.517181
leaderA-dc3bb5ee-282c-411f-96da-eebb88b52ea0,2026-02-17T07:00:30,12.363213,-1.517181
leaderA-dc3bb5ee-282c-411f-96da-eebb88b52ea0,2026-02-17T07:01:00,12.363281,-1.516843
securityA-43c3c6c2-08da-4277-b10b-2565d4ab391b,2026-02-17T07:01:00,12.363281,-1.516843
securityA-43c3c6c2-08da-4277-b10b-2565d4ab391b,2026-02-17T07:01:30,12.363349,-1.516504
leaderA-dc3bb5ee-282c-411f-96da-eebb88b52ea0,2026-02-17T07:01:30,12.363349,-1.516504
securityA-43c3c6c2-08da-4277-b10b-2565d4ab391b,2026-02-17T07:02:00,12.363412,-1.516165
leaderA-dc3bb5ee-282c-411f-96da-eebb88b52ea0,2026-02-17T07:02:00,12.363412,-1.516165
leaderA-dc3bb5ee-282c-411f-96da-eebb88b52ea0,2026-02-17T07:02:30,12.363487,-1.515829
securityA-43c3c6c2-08da-4277-b10b-2565d4ab391b,2026-02-17T07:02:30,12.363487,-1.515829
courierA-5459d08e-e00c-4174-9a21-c4b90ef20a87,2026-02-17T07:03:00,12.362487,-1.513102
securityA-43c3c6c2-08da-4277-b10b-2565d4ab391b,2026-02-17T07:03:00,12.363562,-1.515492
leaderA-dc3bb5ee-282c-411f-96da-eebb88b52ea0,2026-02-17T07:03:00,12.363562,-1.515492
courierA-5459d08e-e00c-4174-9a21-c4b90ef20a87,2026-02-17T07:06:00,12.362511,-1.513114
securityB-12f2e631-90a7-4ce7-87f7-c377db45e99c,2026-02-17T08:00:00,12.364466,-1.521212
leaderB-579ff0e7-77e4-4b16-9220-59c2c36ecc12,2026-02-17T08:00:00,12.364466,-1.521212
logB-c23e4c99-d72b-4789-9397-006a7d765d4c,2026-02-17T08:00:00,12.362481,-1.513103
leaderB-579ff0e7-77e4-4b16-9220-59c2c36ecc12,2026-02-17T08:00:30,12.364527,-1.520872
securityB-12f2e631-90a7-4ce7-87f7-c377db45e99c,2026-02-17T08:00:30,12.364527,-1.520872
securityB-12f2e631-90a7-4ce7-87f7-c377db45e99c,2026-02-17T08:01:00,12.364588,-1.520533
leaderB-579ff0e7-77e4-4b16-9220-59c2c36ecc12,2026-02-17T08:01:00,12.364588,-1.520533
securityB-12f2e631-90a7-4ce7-87f7-c377db45e99c,2026-02-17T08:01:30,12.364651,-1.520194
leaderB-579ff0e7-77e4-4b16-9220-59c2c36ecc12,2026-02-17T08:01:30,12.364651,-1.520194
leaderB-579ff0e7-77e4-4b16-9220-59c2c36ecc12,2026-02-17T08:02:00,12.364714,-1.519855
securityB-12f2e631-90a7-4ce7-87f7-c377db45e99c,2026-02-17T08:02:00,12.364714,-1.519855
securityB-12f2e631-90a7-4ce7-87f7-c377db45e99c,2026-02-17T08:02:30,12.364775,-1.519515
leaderB-579ff0e7-77e4-4b16-9220-59c2c36ecc12,2026-02-17T08:02:30,12.364775,-1.519515
logB-c23e4c99-d72b-4789-9397-006a7d765d4c,2026-02-17T08:03:00,12.362508,-1.513098
leaderB-579ff0e7-77e4-4b16-9220-59c2c36ecc12,2026-02-17T08:03:00,12.364843,-1.519177
securityB-12f2e631-90a7-4ce7-87f7-c377db45e99c,2026-02-17T08:03:00,12.364843,-1.519177
securityB-12f2e631-90a7-4ce7-87f7-c377db45e99c,2026-02-17T08:03:30,12.36491,-1.518838
leaderB-579ff0e7-77e4-4b16-9220-59c2c36ecc12,2026-02-17T08:03:30,12.36491,-1.518838
leaderB-579ff0e7-77e4-4b16-9220-59c2c36ecc12,2026-02-17T08:04:00,12.364974,-1.518499
securityB-12f2e631-90a7-4ce7-87f7-c377db45e99c,2026-02-17T08:04:00,12.364974,-1.518499
securityB-12f2e631-90a7-4ce7-87f7-c377db45e99c,2026-02-17T08:04:30,12.364673,-1.518418
leaderB-579ff0e7-77e4-4b16-9220-59c2c36ecc12,2026-02-17T08:04:30,12.364673,-1.518418
leaderB-579ff0e7-77e4-4b16-9220-59c2c36ecc12,2026-02-17T08:05:00,12.364341,-1.518355
securityB-12f2e631-90a7-4ce7-87f7-c377db45e99c,2026-02-17T08:05:00,12.364341,-1.518355
securityB-12f2e631-90a7-4ce7-87f7-c377db45e99c,2026-02-17T08:05:30,12.364009,-1.518294
leaderB-579ff0e7-77e4-4b16-9220-59c2c36ecc12,2026-02-17T08:05:30,12.364009,-1.518294
logB-c23e4c99-d72b-4789-9397-006a7d765d4c,2026-02-17T08:06:00,12.362518,-1.513091
securityB-12f2e631-90a7-4ce7-87f7-c377db45e99c,2026-02-17T08:06:00,12.363677,-1.518233
leaderB-579ff0e7-77e4-4b16-9220-59c2c36ecc12,2026-02-17T08:06:00,12.363677,-1.518233
leaderB-579ff0e7-77e4-4b16-9220-59c2c36ecc12,2026-02-17T08:06:30,12.363345,-1.518172
securityB-12f2e631-90a7-4ce7-87f7-c377db45e99c,2026-02-17T08:06:30,12.363345,-1.518172
leaderB-579ff0e7-77e4-4b16-9220-59c2c36ecc12,2026-02-17T08:07:00,12.363013,-1.518111
securityB-12f2e631-90a7-4ce7-87f7-c377db45e99c,2026-02-17T08:07:00,12.363013,-1.518111
leaderB-579ff0e7-77e4-4b16-9220-59c2c36ecc12,2026-02-17T08:07:30,12.362682,-1.518049
securityB-12f2e631-90a7-4ce7-87f7-c377db45e99c,2026-02-17T08:07:30,12.362682,-1.518049
securityB-12f2e631-90a7-4ce7-87f7-c377db45e99c,2026-02-17T08:08:00,12.36235,-1.517985
leaderB-579ff0e7-77e4-4b16-9220-59c2c36ecc12,2026-02-17T08:08:00,12.36235,-1.517985
securityB-12f2e631-90a7-4ce7-87f7-c377db45e99c,2026-02-17T08:08:30,12.362019,-1.517922
leaderB-579ff0e7-77e4-4b16-9220-59c2c36ecc12,2026-02-17T08:08:30,12.362019,-1.517922
logB-c23e4c99-d72b-4789-9397-006a7d765d4c,2026-02-17T08:09:00,12.362494,-1.5131
securityB-12f2e631-90a7-4ce7-87f7-c377db45e99c,2026-02-17T08:09:00,12.361686,-1.517864
leaderB-579ff0e7-77e4-4b16-9220-59c2c36ecc12,2026-02-17T08:09:00,12.361686,-1.517864
leaderB-579ff0e7-77e4-4b16-9220-59c2c36ecc12,2026-02-17T08:09:30,12.361354,-1.517805
securityB-12f2e631-90a7-4ce7-87f7-c377db45e99c,2026-02-17T08:09:30,12.361354,-1.517805
leaderB-579ff0e7-77e4-4b16-9220-59c2c36ecc12,2026-02-17T08:10:00,12.361134,-1.517667
securityB-12f2e631-90a7-4ce7-87f7-c377db45e99c,2026-02-17T08:10:00,12.361134,-1.517667
securityB-12f2e631-90a7-4ce7-87f7-c377db45e99c,2026-02-17T08:10:30,12.361198,-1.517328
leaderB-579ff0e7-77e4-4b16-9220-59c2c36ecc12,2026-02-17T08:10:30,12.361198,-1.517328
leaderB-579ff0e7-77e4-4b16-9220-59c2c36ecc12,2026-02-17T08:11:00,12.361263,-1.516989
securityB-12f2e631-90a7-4ce7-87f7-c377db45e99c,2026-02-17T08:11:00,12.361263,-1.516989
securityB-12f2e631-90a7-4ce7-87f7-c377db45e99c,2026-02-17T08:11:30,12.361331,-1.516651
leaderB-579ff0e7-77e4-4b16-9220-59c2c36ecc12,2026-02-17T08:11:30,12.361331,-1.516651
logB-c23e4c99-d72b-4789-9397-006a7d765d4c,2026-02-17T08:12:00,12.3625,-1.513114
securityB-12f2e631-90a7-4ce7-87f7-c377db45e99c,2026-02-17T08:12:00,12.361398,-1.516312
leaderB-579ff0e7-77e4-4b16-9220-59c2c36ecc12,2026-02-17T08:12:00,12.361398,-1.516312
leaderB-579ff0e7-77e4-4b16-9220-59c2c36ecc12,2026-02-17T08:12:30,12.361403,-1.515982
securityB-12f2e631-90a7-4ce7-87f7-c377db45e99c,2026-02-17T08:12:30,12.361403,-1.515982
securityB-12f2e631-90a7-4ce7-87f7-c377db45e99c,2026-02-17T08:13:00,12.36147,-1.515644
leaderB-579ff0e7-77e4-4b16-9220-59c2c36ecc12,2026-02-17T08:13:00,12.36147,-1.515644
securityB-12f2e631-90a7-4ce7-87f7-c377db45e99c,2026-02-17T08:13:30,12.361536,-1.515305
leaderB-579ff0e7-77e4-4b16-9220-59c2c36ecc12,2026-02-17T08:13:30,12.361536,-1.515305
leaderB-579ff0e7-77e4-4b16-9220-59c2c36ecc12,2026-02-17T08:14:00,12.36147,-1.515001
securityB-12f2e631-90a7-4ce7-87f7-c377db45e99c,2026-02-17T08:14:00,12.36147,-1.515001
leaderB-579ff0e7-77e4-4b16-9220-59c2c36ecc12,2026-02-17T08:14:30,12.361625,-1.514735
securityB-12f2e631-90a7-4ce7-87f7-c377db45e99c,2026-02-17T08:14:30,12.361625,-1.514735
securityB-12f2e631-90a7-4ce7-87f7-c377db45e99c,2026-02-17T08:15:00,12.361721,-1.51443
leaderB-579ff0e7-77e4-4b16-9220-59c2c36ecc12,2026-02-17T08:15:00,12.361721,-1.51443
leaderB-579ff0e7-77e4-4b16-9220-59c2c36ecc12,2026-02-17T09:00:00,12.362501,-1.513103
propB-775f6ffc-da47-48c0-82b1-4fe100d5ee88,2026-02-17T09:00:00,12.358992,-1.520905
securityB-12f2e631-90a7-4ce7-87f7-c377db45e99c,2026-02-17T09:00:00,12.362501,-1.513103
leaderB-579ff0e7-77e4-4b16-9220-59c2c36ecc12,2026-02-17T09:03:00,12.3625,-1.513101
securityB-12f2e631-90a7-4ce7-87f7-c377db45e99c,2026-02-17T09:03:00,12.3625,-1.513101
propB-775f6ffc-da47-48c0-82b1-4fe100d5ee88,2026-02-17T09:03:00,12.358982,-1.5209
leaderB-579ff0e7-77e4-4b16-9220-59c2c36ecc12,2026-02-17T09:06:00,12.362511,-1.51311
securityB-12f2e631-90a7-4ce7-87f7-c377db45e99c,2026-02-17T09:06:00,12.362511,-1.51311
propB-775f6ffc-da47-48c0-82b1-4fe100d5ee88,2026-02-17T09:06:00,12.358998,-1.520915
securityB-12f2e631-90a7-4ce7-87f7-c377db45e99c,2026-02-17T09:09:00,12.362493,-1.513091
propB-775f6ffc-da47-48c0-82b1-4fe100d5ee88,2026-02-17T09:09:00,12.359004,-1.520894
leaderB-579ff0e7-77e4-4b16-9220-59c2c36ecc12,2026-02-17T09:09:00,12.362493,-1.513091
leaderA-dc3bb5ee-282c-411f-96da-eebb88b52ea0,2026-02-17T09:30:00,12.364003,-1.515418
securityA-43c3c6c2-08da-4277-b10b-2565d4ab391b,2026-02-17T09:30:00,12.364003,-1.515418
leaderA-dc3bb5ee-282c-411f-96da-eebb88b52ea0,2026-02-17T09:45:00,12.36399,-1.515392
securityA-43c3c6c2-08da-4277-b10b-2565d4ab391b,2026-02-17T09:45:00,12.36399,-1.515392
leaderA-dc3bb5ee-282c-411f-96da-eebb88b52ea0,2026-02-17T10:00:00,12.363999,-1.515405
securityA-43c3c6c2-08da-4277-b10b-2565d4ab391b,2026-02-17T10:00:00,12.363999,-1.515405
leaderA-dc3bb5ee-282c-411f-96da-eebb88b52ea0,2026-02-17T10:15:00,12.363988,-1.51541
securityA-43c3c6c2-08da-4277-b10b-2565d4ab391b,2026-02-17T10:15:00,12.363988,-1.51541
leaderA-dc3bb5ee-282c-411f-96da-eebb88b52ea0,2026-02-17T10:30:00,12.363982,-1.515401
securityA-43c3c6c2-08da-4277-b10b-2565d4ab391b,2026-02-17T10:30:00,12.363982,-1.515401
leaderA-dc3bb5ee-282c-411f-96da-eebb88b52ea0,2026-02-17T10:45:00,12.363995,-1.515409
securityA-43c3c6c2-08da-4277-b10b-2565d4ab391b,2026-02-17T10:45:00,12.363995,-1.515409
securityB-12f2e631-90a7-4ce7-87f7-c377db45e99c,2026-02-17T11:00:00,12.361831,-1.514451
leaderB-579ff0e7-77e4-4b16-9220-59c2c36ecc12,2026-02-17T11:00:00,12.361831,-1.514451
leaderB-579ff0e7-77e4-4b16-9220-59c2c36ecc12,2026-02-17T11:00:30,12.361806,-1.514771
securityB-12f2e631-90a7-4ce7-87f7-c377db45e99c,2026-02-17T11:00:30,12.361806,-1.514771
securityB-12f2e631-90a7-4ce7-87f7-c377db45e99c,2026-02-17T11:01:00,12.361843,-1.515081
leaderB-579ff0e7-77e4-4b16-9220-59c2c36ecc12,2026-02-17T11:01:00,12.361843,-1.515081
leaderB-579ff0e7-77e4-4b16-9220-59c2c36ecc12,2026-02-17T11:01:30,12.361661,-1.515329
securityB-12f2e631-90a7-4ce7-87f7-c377db45e99c,2026-02-17T11:01:30,12.361661,-1.515329
leaderB-579ff0e7-77e4-4b16-9220-59c2c36ecc12,2026-02-17T11:02:00,12.36159,-1.515666
securityB-12f2e631-90a7-4ce7-87f7-c377db45e99c,2026-02-17T11:02:00,12.36159,-1.515666
leaderB-579ff0e7-77e4-4b16-9220-59c2c36ecc12,2026-02-17T11:02:30,12.361521,-1.516004
securityB-12f2e631-90a7-4ce7-87f7-c377db45e99c,2026-02-17T11:02:30,12.361521,-1.516004
securityB-12f2e631-90a7-4ce7-87f7-c377db45e99c,2026-02-17T11:03:00,12.361398,-1.516308
leaderB-579ff0e7-77e4-4b16-9220-59c2c36ecc12,2026-02-17T11:03:00,12.361398,-1.516308
securityB-12f2e631-90a7-4ce7-87f7-c377db45e99c,2026-02-17T11:03:30,12.361331,-1.516647
leaderB-579ff0e7-77e4-4b16-9220-59c2c36ecc12,2026-02-17T11:03:30,12.361331,-1.516647
securityB-12f2e631-90a7-4ce7-87f7-c377db45e99c,2026-02-17T11:04:00,12.361264,-1.516985
leaderB-579ff0e7-77e4-4b16-9220-59c2c36ecc12,2026-02-17T11:04:00,12.361264,-1.516985
securityB-12f2e631-90a7-4ce7-87f7-c377db45e99c,2026-02-17T11:04:30,12.361199,-1.517324
leaderB-579ff0e7-77e4-4b16-9220-59c2c36ecc12,2026-02-17T11:04:30,12.361199,-1.517324
securityB-12f2e631-90a7-4ce7-87f7-c377db45e99c,2026-02-17T11:05:00,12.361135,-1.517663
leaderB-579ff0e7-77e4-4b16-9220-59c2c36ecc12,2026-02-17T11:05:00,12.361135,-1.517663
securityB-12f2e631-90a7-4ce7-87f7-c377db45e99c,2026-02-17T11:05:30,12.361441,-1.517742
leaderB-579ff0e7-77e4-4b16-9220-59c2c36ecc12,2026-02-17T11:05:30,12.361441,-1.517742
leaderB-579ff0e7-77e4-4b16-9220-59c2c36ecc12,2026-02-17T11:06:00,12.361773,-1.517804
securityB-12f2e631-90a7-4ce7-87f7-c377db45e99c,2026-02-17T11:06:00,12.361773,-1.517804
leaderB-579ff0e7-77e4-4b16-9220-59c2c36ecc12,2026-02-17T11:06:30,12.362105,-1.517865
securityB-12f2e631-90a7-4ce7-87f7-c377db45e99c,2026-02-17T11:06:30,12.362105,-1.517865
leaderB-579ff0e7-77e4-4b16-9220-59c2c36ecc12,2026-02-17T11:07:00,12.362436,-1.517928
securityB-12f2e631-90a7-4ce7-87f7-c377db45e99c,2026-02-17T11:07:00,12.362436,-1.517928
leaderB-579ff0e7-77e4-4b16-9220-59c2c36ecc12,2026-02-17T11:07:30,12.362768,-1.517991
securityB-12f2e631-90a7-4ce7-87f7-c377db45e99c,2026-02-17T11:07:30,12.362768,-1.517991
leaderB-579ff0e7-77e4-4b16-9220-59c2c36ecc12,2026-02-17T11:08:00,12.3631,-1.518054
securityB-12f2e631-90a7-4ce7-87f7-c377db45e99c,2026-02-17T11:08:00,12.3631,-1.518054
leaderB-579ff0e7-77e4-4b16-9220-59c2c36ecc12,2026-02-17T11:08:30,12.363431,-1.518117
securityB-12f2e631-90a7-4ce7-87f7-c377db45e99c,2026-02-17T11:08:30,12.363431,-1.518117
securityB-12f2e631-90a7-4ce7-87f7-c377db45e99c,2026-02-17T11:09:00,12.363763,-1.51818
leaderB-579ff0e7-77e4-4b16-9220-59c2c36ecc12,2026-02-17T11:09:00,12.363763,-1.51818
leaderB-579ff0e7-77e4-4b16-9220-59c2c36ecc12,2026-02-17T11:09:30,12.364095,-1.518242
securityB-12f2e631-90a7-4ce7-87f7-c377db45e99c,2026-02-17T11:09:30,12.364095,-1.518242
securityB-12f2e631-90a7-4ce7-87f7-c377db45e99c,2026-02-17T11:10:00,12.364427,-1.518301
leaderB-579ff0e7-77e4-4b16-9220-59c2c36ecc12,2026-02-17T11:10:00,12.364427,-1.518301
securityB-12f2e631-90a7-4ce7-87f7-c377db45e99c,2026-02-17T11:10:30,12.364759,-1.518362
leaderB-579ff0e7-77e4-4b16-9220-59c2c36ecc12,2026-02-17T11:10:30,12.364759,-1.518362
securityB-12f2e631-90a7-4ce7-87f7-c377db45e99c,2026-02-17T11:11:00,12.364973,-1.518506
leaderB-579ff0e7-77e4-4b16-9220-59c2c36ecc12,2026-02-17T11:11:00,12.364973,-1.518506
securityB-12f2e631-90a7-4ce7-87f7-c377db45e99c,2026-02-17T11:11:30,12.364908,-1.518845
leaderB-579ff0e7-77e4-4b16-9220-59c2c36ecc12,2026-02-17T11:11:30,12.364908,-1.518845
securityB-12f2e631-90a7-4ce7-87f7-c377db45e99c,2026-02-17T11:12:00,12.364842,-1.519183
leaderB-579ff0e7-77e4-4b16-9220-59c2c36ecc12,2026-02-17T11:12:00,12.364842,-1.519183
securityB-12f2e631-90a7-4ce7-87f7-c377db45e99c,2026-02-17T11:12:30,12.364774,-1.519521
leaderB-579ff0e7-77e4-4b16-9220-59c2c36ecc12,2026-02-17T11:12:30,12.364774,-1.519521
securityB-12f2e631-90a7-4ce7-87f7-c377db45e99c,2026-02-17T11:13:00,12.364713,-1.519861
leaderB-579ff0e7-77e4-4b16-9220-59c2c36ecc12,2026-02-17T11:13:00,12.364713,-1.519861
securityB-12f2e631-90a7-4ce7-87f7-c377db45e99c,2026-02-17T11:13:30,12.36465,-1.5202
leaderB-579ff0e7-77e4-4b16-9220-59c2c36ecc12,2026-02-17T11:13:30,12.36465,-1.5202
leaderB-579ff0e7-77e4-4b16-9220-59c2c36ecc12,2026-02-17T11:14:00,12.364587,-1.520539
securityB-12f2e631-90a7-4ce7-87f7-c377db45e99c,2026-02-17T11:14:00,12.364587,-1.520539
leaderB-579ff0e7-77e4-4b16-9220-59c2c36ecc12,2026-02-17T11:14:30,12.364526,-1.520879
securityB-12f2e631-90a7-4ce7-87f7-c377db45e99c,2026-02-17T11:14:30,12.364526,-1.520879
courierA-5459d08e-e00c-4174-9a21-c4b90ef20a87,2026-02-17T14:00:00,12.359413,-1.51634
leaderB-579ff0e7-77e4-4b16-9220-59c2c36ecc12,2026-02-17T14:00:00,12.358995,-1.520892
securityB-12f2e631-90a7-4ce7-87f7-c377db45e99c,2026-02-17T14:00:00,12.358995,-1.520892
courierA-5459d08e-e00c-4174-9a21-c4b90ef20a87,2026-02-17T14:00:30,12.359346,-1.516678
courierA-5459d08e-e00c-4174-9a21-c4b90ef20a87,2026-02-17T14:01:00,12.359286,-1.517018
courierA-5459d08e-e00c-4174-9a21-c4b90ef20a87,2026-02-17T14:01:30,12.359261,-1.517335
courierA-5459d08e-e00c-4174-9a21-c4b90ef20a87,2026-02-17T14:02:00,12.359592,-1.517397
courierA-5459d08e-e00c-4174-9a21-c4b90ef20a87,2026-02-17T14:02:30,12.359924,-1.517459
courierA-5459d08e-e00c-4174-9a21-c4b90ef20a87,2026-02-17T14:03:00,12.360256,-1.517521
leaderB-579ff0e7-77e4-4b16-9220-59c2c36ecc12,2026-02-17T14:03:00,12.359015,-1.520904
securityB-12f2e631-90a7-4ce7-87f7-c377db45e99c,2026-02-17T14:03:00,12.359015,-1.520904
courierA-5459d08e-e00c-4174-9a21-c4b90ef20a87,2026-02-17T14:03:30,12.360588,-1.517583
courierA-5459d08e-e00c-4174-9a21-c4b90ef20a87,2026-02-17T14:04:00,12.360919,-1.517645
courierA-5459d08e-e00c-4174-9a21-c4b90ef20a87,2026-02-17T14:04:30,12.361251,-1.517707
courierA-5459d08e-e00c-4174-9a21-c4b90ef20a87,2026-02-17T14:05:00,12.361583,-1.517769
courierA-5459d08e-e00c-4174-9a21-c4b90ef20a87,2026-02-17T14:05:30,12.361915,-1.51783
leaderB-579ff0e7-77e4-4b16-9220-59c2c36ecc12,2026-02-17T14:06:00,12.359006,-1.52091
securityB-12f2e631-90a7-4ce7-87f7-c377db45e99c,2026-02-17T14:06:00,12.359006,-1.52091
courierA-5459d08e-e00c-4174-9a21-c4b90ef20a87,2026-02-17T14:06:00,12.362247,-1.517892
courierA-5459d08e-e00c-4174-9a21-c4b90ef20a87,2026-02-17T14:06:30,12.362578,-1.517955
courierA-5459d08e-e00c-4174-9a21-c4b90ef20a87,2026-02-17T14:07:00,12.36291,-1.518018
courierA-5459d08e-e00c-4174-9a21-c4b90ef20a87,2026-02-17T14:07:30,12.363093,-1.51786
courierA-5459d08e-e00c-4174-9a21-c4b90ef20a87,2026-02-17T14:08:00,12.363154,-1.517521
courierA-5459d08e-e00c-4174-9a21-c4b90ef20a87,2026-02-17T14:08:30,12.363213,-1.517181
securityB-12f2e631-90a7-4ce7-87f7-c377db45e99c,2026-02-17T14:09:00,12.359007,-1.520898
courierA-5459d08e-e00c-4174-9a21-c4b90ef20a87,2026-02-17T14:09:00,12.363281,-1.516843
leaderB-579ff0e7-77e4-4b16-9220-59c2c36ecc12,2026-02-17T14:09:00,12.359007,-1.520898
courierA-5459d08e-e00c-4174-9a21-c4b90ef20a87,2026-02-17T14:09:30,12.363349,-1.516504
courierA-5459d08e-e00c-4174-9a21-c4b90ef20a87,2026-02-17T14:10:00,12.363412,-1.516165
courierA-5459d08e-e00c-4174-9a21-c4b90ef20a87,2026-02-17T14:10:30,12.363487,-1.515829
courierA-5459d08e-e00c-4174-9a21-c4b90ef20a87,2026-02-17T14:11:00,12.363562,-1.515492
leaderB-579ff0e7-77e4-4b16-9220-59c2c36ecc12,2026-02-17T14:12:00,12.359004,-1.520906
securityB-12f2e631-90a7-4ce7-87f7-c377db45e99c,2026-02-17T14:12:00,12.359004,-1.520906
leaderB-579ff0e7-77e4-4b16-9220-59c2c36ecc12,2026-02-17T14:15:00,12.358985,-1.520895
securityB-12f2e631-90a7-4ce7-87f7-c377db45e99c,2026-02-17T14:15:00,12.358985,-1.520895
facA-1420f464-9589-439d-bdab-a216790c256e,2026-02-17T14:30:00,12.364,-1.515416
facA-1420f464-9589-439d-bdab-a216790c256e,2026-02-17T14:33:00,12.364004,-1.515397
facA-1420f464-9589-439d-bdab-a216790c256e,2026-02-17T14:36:00,12.363996,-1.515391
facA-1420f464-9589-439d-bdab-a216790c256e,2026-02-17T14:39:00,12.36399,-1.51539
civ-e60edfca-b853-4e2d-9a98-eaee242771b5,2026-02-17T15:00:00,12.363942,-1.515322
civ-aef27227-f8ce-409a-a35f-a2a03f354044,2026-02-17T15:00:00,12.363915,-1.515324
civ-78a89329-9260-4b07-a4ec-60ec27f1c3c6,2026-02-17T15:00:00,12.363958,-1.515467
civ-904279de-d521-40dd-b935-43b30d304cf9,2026-02-17T15:00:00,12.363987,-1.515466
civ-cbc0a942-a134-4bdb-ae1a-1f015faaebe0,2026-02-17T15:00:00,12.362999,-1.522578
civ-ee5d63be-4246-44f1-94d5-479364c18aae,2026-02-17T15:00:00,12.362875,-1.52266
civ-db414ee8-79e3-400b-8bb5-e76b04baed11,2026-02-17T15:00:00,12.362919,-1.52264
civ-a819d518-648f-4467-9b4c-1ada7d0a58f2,2026-02-17T15:00:00,12.362914,-1.522456
civ-04a2970d-eca2-4a90-bf22-cdb3a67258bd,2026-02-17T15:00:00,12.362824,-1.52268
civ-437fa3ce-3975-4b23-bfaa-ba616aee9b00,2026-02-17T15:00:00,12.362852,-1.522504
civ-c2cdc02a-fe9f-438a-af0e-8032bbee9cfa,2026-02-17T15:00:00,12.362939,-1.522437
civ-56fc8f2a-3d23-4332-bbc7-657c146bea29,2026-02-17T15:00:00,12.362892,-1.522528
civ-6aead395-04cd-4e67-91c9-e768c6bc6084,2026-02-17T15:00:00,12.362891,-1.522439
civ-21394b11-945f-4bf1-bb9b-65c4d3b00543,2026-02-17T15:00:00,12.362837,-1.522475
civ-e86377b7-a0a4-4940-b85b-fba71cafef69,2026-02-17T15:00:00,12.362935,-1.522423
civ-a3caab74-9031-4c15-8bc2-c24862b675d7,2026-02-17T15:00:00,12.364047,-1.515405
civ-dffd3b14-42ac-4f9f-ac58-11727e306117,2026-02-17T15:00:00,12.36299,-1.522432
civ-62705cd1-e7f7-4862-adfb-d9e8c4a0cf37,2026-02-17T15:00:00,12.362925,-1.522561
civ-7f41a585-3135-48a4-ad45-3fdaded0a797,2026-02-17T15:00:00,12.363844,-1.515486
civ-6747daac-63aa-4bca-bdb4-e8367a9e3e83,2026-02-17T15:00:00,12.363958,-1.515433
civ-79e50fb2-899d-4fc2-8643-4e3d89a92877,2026-02-17T15:00:00,12.364028,-1.515469
civ-453ac473-84c2-40d0-8ecb-f428cca42503,2026-02-17T15:00:00,12.364063,-1.5154
civ-157be68a-c1da-42f6-b90b-68213b1beadf,2026-02-17T15:00:00,12.36403,-1.515442
civ-d46e4c52-c01b-4333-ab6b-f1f0cdf60a8d,2026-02-17T15:00:00,12.363998,-1.515515
civ-592d0106-391e-450d-bee7-d280515523d9,2026-02-17T15:00:00,12.363939,-1.51536
civ-86a58373-8417-402a-80ff-3d427a79d63f,2026-02-17T15:00:00,12.363914,-1.515379
civ-6ce66c7d-943f-4192-93dc-190710849bb1,2026-02-17T15:00:00,12.3639,-1.515324
civ-1ad87707-b4df-4e81-b5c4-6bf5749bd974,2026-02-17T15:00:00,12.362835,-1.522582
civ-187c1731-ae61-441c-86cb-3ea0b3b7166c,2026-02-17T15:00:00,12.363967,-1.515346
civ-a578ee32-1a5d-4522-82a4-ffa4c9303102,2026-02-17T15:00:00,12.363886,-1.51537
civ-66d58f57-e0ee-46f6-9a45-85e399d6f280,2026-02-17T15:00:00,12.363985,-1.515373
civ-175c104c-0654-4228-b66a-3be779fddeba,2026-02-17T15:00:00,12.362978,-1.522432
civ-699b3016-7b6f-4e9e-96c8-3ce6ce5d49fb,2026-02-17T15:00:00,12.36405,-1.515381
civ-a7c76b82-97f9-4cb3-9264-998d7cfde25d,2026-02-17T15:00:00,12.36286,-1.52245
civ-d8f402d7-866d-42f8-b3e0-b064eab58fc1,2026-02-17T15:00:00,12.362916,-1.52254
civ-3ca5fa45-63b0-4cfc-98a3-ecefa940b3a5,2026-02-17T15:00:00,12.362772,-1.522661
civ-8c73c91a-9b1c-4b2d-a4d1-c866700fc802,2026-02-17T15:00:00,12.362907,-1.522535
civ-55724bc4-9e51-46f6-87a5-03622a74a082,2026-02-17T15:00:00,12.363931,-1.515497
civ-217f63c9-c219-464c-8faf-a73b409dd1a4,2026-02-17T15:00:00,12.362835,-1.522569
civ-53d2aae3-ffeb-45ff-9996-6867bb3a2670,2026-02-17T15:00:00,12.364062,-1.515279
courierA-5459d08e-e00c-4174-9a21-c4b90ef20a87,2026-02-17T15:00:00,12.363991,-1.515399
courierA-5459d08e-e00c-4174-9a21-c4b90ef20a87,2026-02-17T15:03:00,12.363991,-1.515407
courierA-5459d08e-e00c-4174-9a21-c4b90ef20a87,2026-02-17T15:06:00,12.363996,-1.515412
securityA-43c3c6c2-08da-4277-b10b-2565d4ab391b,2026-02-17T17:00:00,12.363601,-1.515311
leaderA-dc3bb5ee-282c-411f-96da-eebb88b52ea0,2026-02-17T17:00:00,12.363601,-1.515311
securityA-43c3c6c2-08da-4277-b10b-2565d4ab391b,2026-02-17T17:00:30,12.363528,-1.515648
leaderA-dc3bb5ee-282c-411f-96da-eebb88b52ea0,2026-02-17T17:00:30,12.363528,-1.515648
securityA-43c3c6c2-08da-4277-b10b-2565d4ab391b,2026-02-17T17:01:00,12.363452,-1.515984
leaderA-dc3bb5ee-282c-411f-96da-eebb88b52ea0,2026-02-17T17:01:00,12.363452,-1.515984
securityA-43c3c6c2-08da-4277-b10b-2565d4ab391b,2026-02-17T17:01:30,12.363383,-1.516322
leaderA-dc3bb5ee-282c-411f-96da-eebb88b52ea0,2026-02-17T17:01:30,12.363383,-1.516322
leaderA-dc3bb5ee-282c-411f-96da-eebb88b52ea0,2026-02-17T17:02:00,12.36332,-1.516662
securityA-43c3c6c2-08da-4277-b10b-2565d4ab391b,2026-02-17T17:02:00,12.36332,-1.516662
securityA-43c3c6c2-08da-4277-b10b-2565d4ab391b,2026-02-17T17:02:30,12.363247,-1.516999
leaderA-dc3bb5ee-282c-411f-96da-eebb88b52ea0,2026-02-17T17:02:30,12.363247,-1.516999
securityA-43c3c6c2-08da-4277-b10b-2565d4ab391b,2026-02-17T17:03:00,12.363186,-1.517338
leaderA-dc3bb5ee-282c-411f-96da-eebb88b52ea0,2026-02-17T17:03:00,12.363186,-1.517338
securityA-43c3c6c2-08da-4277-b10b-2565d4ab391b,2026-02-17T17:03:30,12.363126,-1.517678
leaderA-dc3bb5ee-282c-411f-96da-eebb88b52ea0,2026-02-17T17:03:30,12.363126,-1.517678
securityA-43c3c6c2-08da-4277-b10b-2565d4ab391b,2026-02-17T17:04:00,12.363065,-1.518017
leaderA-dc3bb5ee-282c-411f-96da-eebb88b52ea0,2026-02-17T17:04:00,12.363065,-1.518017
securityA-43c3c6c2-08da-4277-b10b-2565d4ab391b,2026-02-17T17:04:30,12.362813,-1.518074
leaderA-dc3bb5ee-282c-411f-96da-eebb88b52ea0,2026-02-17T17:04:30,12.362813,-1.518074
securityA-43c3c6c2-08da-4277-b10b-2565d4ab391b,2026-02-17T17:05:00,12.362481,-1.518011
leaderA-dc3bb5ee-282c-411f-96da-eebb88b52ea0,2026-02-17T17:05:00,12.362481,-1.518011
securityA-43c3c6c2-08da-4277-b10b-2565d4ab391b,2026-02-17T17:05:30,12.36215,-1.517947
leaderA-dc3bb5ee-282c-411f-96da-eebb88b52ea0,2026-02-17T17:05:30,12.36215,-1.517947
securityA-43c3c6c2-08da-4277-b10b-2565d4ab391b,2026-02-17T17:06:00,12.361817,-1.517887
leaderA-dc3bb5ee-282c-411f-96da-eebb88b52ea0,2026-02-17T17:06:00,12.361817,-1.517887
securityA-43c3c6c2-08da-4277-b10b-2565d4ab391b,2026-02-17T17:06:30,12.361485,-1.517828
leaderA-dc3bb5ee-282c-411f-96da-eebb88b52ea0,2026-02-17T17:06:30,12.361485,-1.517828
securityA-43c3c6c2-08da-4277-b10b-2565d4ab391b,2026-02-17T17:07:00,12.361153,-1.517769
leaderA-dc3bb5ee-282c-411f-96da-eebb88b52ea0,2026-02-17T17:07:00,12.361153,-1.517769
leaderA-dc3bb5ee-282c-411f-96da-eebb88b52ea0,2026-02-17T17:07:30,12.360821,-1.517709
securityA-43c3c6c2-08da-4277-b10b-2565d4ab391b,2026-02-17T17:07:30,12.360821,-1.517709
securityA-43c3c6c2-08da-4277-b10b-2565d4ab391b,2026-02-17T17:08:00,12.360489,-1.517649
leaderA-dc3bb5ee-282c-411f-96da-eebb88b52ea0,2026-02-17T17:08:00,12.360489,-1.517649
leaderA-dc3bb5ee-282c-411f-96da-eebb88b52ea0,2026-02-17T17:08:30,12.360157,-1.517588
securityA-43c3c6c2-08da-4277-b10b-2565d4ab391b,2026-02-17T17:08:30,12.360157,-1.517588
securityA-43c3c6c2-08da-4277-b10b-2565d4ab391b,2026-02-17T17:09:00,12.359825,-1.517527
leaderA-dc3bb5ee-282c-411f-96da-eebb88b52ea0,2026-02-17T17:09:00,12.359825,-1.517527
securityA-43c3c6c2-08da-4277-b10b-2565d4ab391b,2026-02-17T17:09:30,12.359493,-1.517467
leaderA-dc3bb5ee-282c-411f-96da-eebb88b52ea0,2026-02-17T17:09:30,12.359493,-1.517467
leaderA-dc3bb5ee-282c-411f-96da-eebb88b52ea0,2026-02-17T17:10:00,12.359229,-1.517357
securityA-43c3c6c2-08da-4277-b10b-2565d4ab391b,2026-02-17T17:10:00,12.359229,-1.517357
leaderA-dc3bb5ee-282c-411f-96da-eebb88b52ea0,2026-02-17T17:10:30,12.359286,-1.517017
securityA-43c3c6c2-08da-4277-b10b-2565d4ab391b,2026-02-17T17:10:30,12.359286,-1.517017
leaderA-dc3bb5ee-282c-411f-96da-eebb88b52ea0,2026-02-17T17:11:00,12.359346,-1.516677
securityA-43c3c6c2-08da-4277-b10b-2565d4ab391b,2026-02-17T17:11:00,12.359346,-1.516677
leaderA-dc3bb5ee-282c-411f-96da-eebb88b52ea0,2026-02-17T18:00:00,12.359699,-1.516397
securityA-43c3c6c2-08da-4277-b10b-2565d4ab391b,2026-02-17T18:00:00,12.359699,-1.516397
leaderA-dc3bb5ee-282c-411f-96da-eebb88b52ea0,2026-02-17T18:20:00,12.359719,-1.516414
securityA-43c3c6c2-08da-4277-b10b-2565d4ab391b,2026-02-17T18:20:00,12.359719,-1.516414
securityA-43c3c6c2-08da-4277-b10b-2565d4ab391b,2026-02-17T18:40:00,12.35971,-1.516391
leaderA-dc3bb5ee-282c-411f-96da-eebb88b52ea0,2026-02-17T18:40:00,12.35971,-1.516391
securityA-43c3c6c2-08da-4277-b10b-2565d4ab391b,2026-02-17T19:00:00,12.359693,-1.516398
leaderA-dc3bb5ee-282c-411f-96da-eebb88b52ea0,2026-02-17T19:00:00,12.359693,-1.516398
securityA-43c3c6c2-08da-4277-b10b-2565d4ab391b,2026-02-17T19:20:00,12.359696,-1.516398
leaderA-dc3bb5ee-282c-411f-96da-eebb88b52ea0,2026-02-17T19:20:00,12.359696,-1.516398
securityA-43c3c6c2-08da-4277-b10b-2565d4ab391b,2026-02-17T19:40:00,12.359714,-1.516395
leaderA-dc3bb5ee-282c-411f-96da-eebb88b52ea0,2026-02-17T19:40:00,12.359714,-1.516395
logB-c23e4c99-d72b-4789-9397-006a7d765d4c,2026-02-18T05:00:00,12.364466,-1.521212
logB-c23e4c99-d72b-4789-9397-006a7d765d4c,2026-02-18T05:00:30,12.364527,-1.520872
logB-c23e4c99-d72b-4789-9397-006a7d765d4c,2026-02-18T05:01:00,12.364588,-1.520533
logB-c23e4c99-d72b-4789-9397-006a7d765d4c,2026-02-18T05:01:30,12.364651,-1.520194
logB-c23e4c99-d72b-4789-9397-006a7d765d4c,2026-02-18T05:02:00,12.364714,-1.519855
logB-c23e4c99-d72b-4789-9397-006a7d765d4c,2026-02-18T05:02:30,12.364775,-1.519515
logB-c23e4c99-d72b-4789-9397-006a7d765d4c,2026-02-18T05:03:00,12.364843,-1.519177
logB-c23e4c99-d72b-4789-9397-006a7d765d4c,2026-02-18T05:03:30,12.36491,-1.518838
logB-c23e4c99-d72b-4789-9397-006a7d765d4c,2026-02-18T05:04:00,12.364974,-1.518499
logB-c23e4c99-d72b-4789-9397-006a7d765d4c,2026-02-18T05:04:30,12.364673,-1.518418
logB-c23e4c99-d72b-4789-9397-006a7d765d4c,2026-02-18T05:05:00,12.364341,-1.518355
logB-c23e4c99-d72b-4789-9397-006a7d765d4c,2026-02-18T05:05:30,12.364009,-1.518294
logB-c23e4c99-d72b-4789-9397-006a7d765d4c,2026-02-18T05:06:00,12.363677,-1.518233
logB-c23e4c99-d72b-4789-9397-006a7d765d4c,2026-02-18T05:06:30,12.363345,-1.518172
logB-c23e4c99-d72b-4789-9397-006a7d765d4c,2026-02-18T05:07:00,12.363013,-1.518111
logB-c23e4c99-d72b-4789-9397-006a7d765d4c,2026-02-18T05:07:30,12.362682,-1.518049
logB-c23e4c99-d72b-4789-9397-006a7d765d4c,2026-02-18T05:08:00,12.36235,-1.517985
logB-c23e4c99-d72b-4789-9397-006a7d765d4c,2026-02-18T05:08:30,12.362019,-1.517922
logB-c23e4c99-d72b-4789-9397-006a7d765d4c,2026-02-18T05:09:00,12.361686,-1.517864
logB-c23e4c99-d72b-4789-9397-006a7d765d4c,2026-02-18T05:09:30,12.361354,-1.517805
logB-c23e4c99-d72b-4789-9397-006a7d765d4c,2026-02-18T05:10:00,12.361134,-1.517667
logB-c23e4c99-d72b-4789-9397-006a7d765d4c,2026-02-18T05:10:30,12.361198,-1.517328
logB-c23e4c99-d72b-4789-9397-006a7d765d4c,2026-02-18T05:11:00,12.361263,-1.516989
logB-c23e4c99-d72b-4789-9397-006a7d765d4c,2026-02-18T05:11:30,12.361331,-1.516651
logB-c23e4c99-d72b-4789-9397-006a7d765d4c,2026-02-18T05:12:00,12.361398,-1.516312
logB-c23e4c99-d72b-4789-9397-006a7d765d4c,2026-02-18T05:12:30,12.361403,-1.515982
logB-c23e4c99-d72b-4789-9397-006a7d765d4c,2026-02-18T05:13:00,12.36147,-1.515644
logB-c23e4c99-d72b-4789-9397-006a7d765d4c,2026-02-18T05:13:30,12.361536,-1.515305
logB-c23e4c99-d72b-4789-9397-006a7d765d4c,2026-02-18T05:14:00,12.36147,-1.515001
logB-c23e4c99-d72b-4789-9397-006a7d765d4c,2026-02-18T05:14:30,12.361625,-1.514735
logB-c23e4c99-d72b-4789-9397-006a7d765d4c,2026-02-18T05:15:00,12.361721,-1.51443
leaderA-dc3bb5ee-282c-411f-96da-eebb88b52ea0,2026-02-18T05:30:00,12.359696,-1.516397
securityA-43c3c6c2-08da-4277-b10b-2565d4ab391b,2026-02-18T05:30:00,12.359696,-1.516397
securityA-43c3c6c2-08da-4277-b10b-2565d4ab391b,2026-02-18T05:33:00,12.359703,-1.516408
leaderA-dc3bb5ee-282c-411f-96da-eebb88b52ea0,2026-02-18T05:33:00,12.359703,-1.516408
leaderA-dc3bb5ee-282c-411f-96da-eebb88b52ea0,2026-02-18T05:36:00,12.359696,-1.51639
securityA-43c3c6c2-08da-4277-b10b-2565d4ab391b,2026-02-18T05:36:00,12.359696,-1.51639
leaderA-dc3bb5ee-282c-411f-96da-eebb88b52ea0,2026-02-18T05:39:00,12.359704,-1.516381
securityA-43c3c6c2-08da-4277-b10b-2565d4ab391b,2026-02-18T05:39:00,12.359704,-1.516381
leaderA-dc3bb5ee-282c-411f-96da-eebb88b52ea0,2026-02-18T05:42:00,12.359711,-1.51639
securityA-43c3c6c2-08da-4277-b10b-2565d4ab391b,2026-02-18T05:42:00,12.359711,-1.51639
courierA-5459d08e-e00c-4174-9a21-c4b90ef20a87,2026-02-18T06:00:00,12.359413,-1.51634
courierA-5459d08e-e00c-4174-9a21-c4b90ef20a87,2026-02-18T06:00:30,12.359483,-1.516002
courierA-5459d08e-e00c-4174-9a21-c4b90ef20a87,2026-02-18T06:01:00,12.359666,-1.515843
courierA-5459d08e-e00c-4174-9a21-c4b90ef20a87,2026-02-18T06:01:30,12.359996,-1.515914
courierA-5459d08e-e00c-4174-9a21-c4b90ef20a87,2026-02-18T06:02:00,12.360326,-1.515986
courierA-5459d08e-e00c-4174-9a21-c4b90ef20a87,2026-02-18T06:02:30,12.360656,-1.516057
courierA-5459d08e-e00c-4174-9a21-c4b90ef20a87,2026-02-18T06:03:00,12.360986,-1.516128
courierA-5459d08e-e00c-4174-9a21-c4b90ef20a87,2026-02-18T06:03:30,12.361316,-1.516199
courierA-5459d08e-e00c-4174-9a21-c4b90ef20a87,2026-02-18T06:04:00,12.361417,-1.515912
courierA-5459d08e-e00c-4174-9a21-c4b90ef20a87,2026-02-18T06:04:30,12.361484,-1.515573
courierA-5459d08e-e00c-4174-9a21-c4b90ef20a87,2026-02-18T06:05:00,12.361549,-1.515235
courierA-5459d08e-e00c-4174-9a21-c4b90ef20a87,2026-02-18T06:05:30,12.361465,-1.51493
courierA-5459d08e-e00c-4174-9a21-c4b90ef20a87,2026-02-18T06:06:00,12.361664,-1.514691
courierA-5459d08e-e00c-4174-9a21-c4b90ef20a87,2026-02-18T06:06:30,12.36179,-1.514443
facA-1420f464-9589-439d-bdab-a216790c256e,2026-02-18T06:30:00,12.362892,-1.522498
leaderA-dc3bb5ee-282c-411f-96da-eebb88b52ea0,2026-02-18T06:31:00,12.359413,-1.51634
securityA-43c3c6c2-08da-4277-b10b-2565d4ab391b,2026-02-18T06:31:00,12.359413,-1.51634
securityA-43c3c6c2-08da-4277-b10b-2565d4ab391b,2026-02-18T06:31:30,12.359346,-1.516678
leaderA-dc3bb5ee-282c-411f-96da-eebb88b52ea0,2026-02-18T06:31:30,12.359346,-1.516678
securityA-43c3c6c2-08da-4277-b10b-2565d4ab391b,2026-02-18T06:32:00,12.359286,-1.517018
leaderA-dc3bb5ee-282c-411f-96da-eebb88b52ea0,2026-02-18T06:32:00,12.359286,-1.517018
securityA-43c3c6c2-08da-4277-b10b-2565d4ab391b,2026-02-18T06:32:30,12.359261,-1.517335
leaderA-dc3bb5ee-282c-411f-96da-eebb88b52ea0,2026-02-18T06:32:30,12.359261,-1.517335
securityA-43c3c6c2-08da-4277-b10b-2565d4ab391b,2026-02-18T06:33:00,12.359592,-1.517397
facA-1420f464-9589-439d-bdab-a216790c256e,2026-02-18T06:33:00,12.362907,-1.522505
leaderA-dc3bb5ee-282c-411f-96da-eebb88b52ea0,2026-02-18T06:33:00,12.359592,-1.517397
leaderA-dc3bb5ee-282c-411f-96da-eebb88b52ea0,2026-02-18T06:33:30,12.359924,-1.517459
securityA-43c3c6c2-08da-4277-b10b-2565d4ab391b,2026-02-18T06:33:30,12.359924,-1.517459
leaderA-dc3bb5ee-282c-411f-96da-eebb88b52ea0,2026-02-18T06:34:00,12.360256,-1.517521
securityA-43c3c6c2-08da-4277-b10b-2565d4ab391b,2026-02-18T06:34:00,12.360256,-1.517521
leaderA-dc3bb5ee-282c-411f-96da-eebb88b52ea0,2026-02-18T06:34:30,12.360588,-1.517583
securityA-43c3c6c2-08da-4277-b10b-2565d4ab391b,2026-02-18T06:34:30,12.360588,-1.517583
leaderA-dc3bb5ee-282c-411f-96da-eebb88b52ea0,2026-02-18T06:35:00,12.360919,-1.517645
securityA-43c3c6c2-08da-4277-b10b-2565d4ab391b,2026-02-18T06:35:00,12.360919,-1.517645
leaderA-dc3bb5ee-282c-411f-96da-eebb88b52ea0,2026-02-18T06:35:30,12.361251,-1.517707
securityA-43c3c6c2-08da-4277-b10b-2565d4ab391b,2026-02-18T06:35:30,12.361251,-1.517707
leaderA-dc3bb5ee-282c-411f-96da-eebb88b52ea0,2026-02-18T06:36:00,12.361583,-1.517769
securityA-43c3c6c2-08da-4277-b10b-2565d4ab391b,2026-02-18T06:36:00,12.361583,-1.517769
facA-1420f464-9589-439d-bdab-a216790c256e,2026-02-18T06:36:00,12.362908,-1.522511
securityA-43c3c6c2-08da-4277-b10b-2565d4ab391b,2026-02-18T06:36:30,12.361915,-1.51783
leaderA-dc3bb5ee-282c-411f-96da-eebb88b52ea0,2026-02-18T06:36:30,12.361915,-1.51783
securityA-43c3c6c2-08da-4277-b10b-2565d4ab391b,2026-02-18T06:37:00,12.362247,-1.517892
leaderA-dc3bb5ee-282c-411f-96da-eebb88b52ea0,2026-02-18T06:37:00,12.362247,-1.517892
securityA-43c3c6c2-08da-4277-b10b-2565d4ab391b,2026-02-18T06:37:30,12.362578,-1.517955
leaderA-dc3bb5ee-282c-411f-96da-eebb88b52ea0,2026-02-18T06:37:30,12.362578,-1.517955
securityA-43c3c6c2-08da-4277-b10b-2565d4ab391b,2026-02-18T06:38:00,12.36291,-1.518018
leaderA-dc3bb5ee-282c-411f-96da-eebb88b52ea0,2026-02-18T06:38:00,12.36291,-1.518018
securityA-43c3c6c2-08da-4277-b10b-2565d4ab391b,2026-02-18T06:38:30,12.363093,-1.51786
leaderA-dc3bb5ee-282c-411f-96da-eebb88b52ea0,2026-02-18T06:38:30,12.363093,-1.51786
securityA-43c3c6c2-08da-4277-b10b-2565d4ab391b,2026-02-18T06:39:00,12.363154,-1.517521
facA-1420f464-9589-439d-bdab-a216790c256e,2026-02-18T06:39:00,12.362913,-1.5225
leaderA-dc3bb5ee-282c-411f-96da-eebb88b52ea0,2026-02-18T06:39:00,12.363154,-1.517521
securityA-43c3c6c2-08da-4277-b10b-2565d4ab391b,2026-02-18T06:39:30,12.363213,-1.517181
leaderA-dc3bb5ee-282c-411f-96da-eebb88b52ea0,2026-02-18T06:39:30,12.363213,-1.517181
leaderA-dc3bb5ee-282c-411f-96da-eebb88b52ea0,2026-02-18T06:40:00,12.363281,-1.516843
securityA-43c3c6c2-08da-4277-b10b-2565d4ab391b,2026-02-18T06:40:00,12.363281,-1.516843
securityA-43c3c6c2-08da-4277-b10b-2565d4ab391b,2026-02-18T06:40:30,12.363349,-1.516504
leaderA-dc3bb5ee-282c-411f-96da-eebb88b52ea0,2026-02-18T06:40:30,12.363349,-1.516504
securityA-43c3c6c2-08da-4277-b10b-2565d4ab391b,2026-02-18T06:41:00,12.363412,-1.516165
leaderA-dc3bb5ee-282c-411f-96da-eebb88b52ea0,2026-02-18T06:41:00,12.363412,-1.516165
securityA-43c3c6c2-08da-4277-b10b-2565d4ab391b,2026-02-18T06:41:30,12.363487,-1.515829
leaderA-dc3bb5ee-282c-411f-96da-eebb88b52ea0,2026-02-18T06:41:30,12.363487,-1.515829
leaderA-dc3bb5ee-282c-411f-96da-eebb88b52ea0,2026-02-18T06:42:00,12.363562,-1.515492
securityA-43c3c6c2-08da-4277-b10b-2565d4ab391b,2026-02-18T06:42:00,12.363562,-1.515492
courierA-5459d08e-e00c-4174-9a21-c4b90ef20a87,2026-02-18T07:00:00,12.362513,-1.513092
civ-5a351b63-9907-481b-aaae-426a4eb4aacc,2026-02-18T07:00:00,12.362882,-1.522455
civ-1dd12195-bf64-4272-b5b8-5147a9bcdfdc,2026-02-18T07:00:00,12.362851,-1.52271
civ-fd00bcdb-20ab-42e8-835b-c02153109e81,2026-02-18T07:00:00,12.362938,-1.522588
civ-c6bdcc00-3db1-4d07-8f69-13d357a2e788,2026-02-18T07:00:00,12.362755,-1.522704
civ-08e409fa-370f-4170-9f52-211171ee0883,2026-02-18T07:00:00,12.362959,-1.522491
civ-04cba412-597d-4189-8e83-bc7c0ade41e2,2026-02-18T07:00:00,12.362884,-1.5224
civ-b3ec3f65-d667-41d9-bcb9-cdf1f2167393,2026-02-18T07:00:00,12.362946,-1.522384
civ-a7073ebc-99d9-46cd-a11e-4fec69513056,2026-02-18T07:00:00,12.3628,-1.522502
civ-a66231bc-0298-4f78-92b9-3afc6843e8f6,2026-02-18T07:00:00,12.362784,-1.522517
civ-6a658bc1-0267-4b4a-98ff-e80ed96b4111,2026-02-18T07:00:00,12.362903,-1.522455
civ-6ec23e1b-99a9-4418-9dfb-625a3933634f,2026-02-18T07:00:00,12.364006,-1.515403
civ-982d87f5-bf00-46c9-b7a7-b3004a95ca15,2026-02-18T07:00:00,12.362951,-1.522345
civ-b3c5e46f-1ebe-4055-9652-18a65ea06452,2026-02-18T07:00:00,12.364009,-1.515434
civ-1d77f8a1-67e7-48d4-a6ec-6a4291526e8c,2026-02-18T07:00:00,12.363929,-1.515504
civ-9a52e33e-137b-401f-8576-eba72b650f47,2026-02-18T07:00:00,12.364048,-1.515358
civ-558c546c-a8fd-4f63-843b-b2583c1da52e,2026-02-18T07:00:00,12.364042,-1.515409
civ-40404317-3cf2-4e9e-b703-a485c1503914,2026-02-18T07:00:00,12.364101,-1.515435
civ-8dbf9b51-ab82-4826-bfa6-01ab36fd206a,2026-02-18T07:00:00,12.364069,-1.515403
civ-ad4816cd-13fc-4083-9540-b2b0cda65dfe,2026-02-18T07:00:00,12.363956,-1.515357
civ-1f217880-5637-4acc-abff-cf1e7336117a,2026-02-18T07:00:00,12.364029,-1.515374
civ-77856cf8-915f-4f82-8b24-39faa6ace759,2026-02-18T07:00:00,12.364037,-1.515308
civ-9914bef3-285d-46ec-b136-46a2c43f43bc,2026-02-18T07:00:00,12.364052,-1.515392
civ-17690a94-5837-4bec-86b0-85ac7d07cdfd,2026-02-18T07:00:00,12.364172,-1.515315
civ-595f865a-b171-400b-982f-31412c1b1d20,2026-02-18T07:00:00,12.364002,-1.515422
civ-d5327832-d827-4168-b7fb-9697cb3c2867,2026-02-18T07:00:00,12.364021,-1.515331
civ-33dde67a-156a-4b78-9b8f-157a4a6b9752,2026-02-18T07:00:00,12.363925,-1.515366
civ-7236b33b-5233-40bf-bd8d-f331f8e086b0,2026-02-18T07:00:00,12.363914,-1.515404
civ-3c6ddf9a-d46f-4f2b-90d3-e766abcadb17,2026-02-18T07:00:00,12.364115,-1.515399
civ-d06d6f0f-4dbe-4ac6-a652-82370914cc48,2026-02-18T07:00:00,12.364073,-1.515363
civ-917e9f99-7402-4657-853e-e15f43fafb39,2026-02-18T07:00:00,12.362899,-1.522508
civ-574aa374-b342-4e91-a951-97520ff4ab19,2026-02-18T07:00:00,12.362867,-1.522376
civ-ac1a8a73-4dff-44cc-b319-0b260650d59d,2026-02-18T07:00:00,12.362983,-1.522704
civ-c5a6ee75-ad36-4241-b24c-d6e833ca6c1f,2026-02-18T07:00:00,12.362926,-1.522409
civ-bcf4898b-c000-4660-b129-ba62c2961baf,2026-02-18T07:00:00,12.362852,-1.522553
civ-d37d3ad5-b642-4f50-a884-6e5b559b5ac4,2026-02-18T07:00:00,12.362979,-1.522469
civ-69ae1398-cc33-4142-b51c-c153d2d07a2d,2026-02-18T07:00:00,12.362789,-1.522539
civ-4f0165df-708b-4c96-bbcb-f5228fd5fe3d,2026-02-18T07:00:00,12.362928,-1.52244
civ-886c33d6-090a-4594-ac36-ea32cb140b28,2026-02-18T07:00:00,12.364015,-1.515435
civ-f3b27325-08ad-4dc4-a37e-f87856cb30ef,2026-02-18T07:00:00,12.363994,-1.515628
civ-6986aa15-4652-4a9c-9602-dbf1ca7a3334,2026-02-18T07:00:00,12.362836,-1.522444
courierA-5459d08e-e00c-4174-9a21-c4b90ef20a87,2026-02-18T07:03:00,12.362508,-1.513109
courierA-5459d08e-e00c-4174-9a21-c4b90ef20a87,2026-02-18T07:06:00,12.362499,-1.513103
logB-c23e4c99-d72b-4789-9397-006a7d765d4c,2026-02-18T08:00:00,12.362504,-1.513088
leaderB-579ff0e7-77e4-4b16-9220-59c2c36ecc12,2026-02-18T08:00:00,12.364466,-1.521212
securityB-12f2e631-90a7-4ce7-87f7-c377db45e99c,2026-02-18T08:00:00,12.364466,-1.521212
leaderB-579ff0e7-77e4-4b16-9220-59c2c36ecc12,2026-02-18T08:00:30,12.364527,-1.520872
securityB-12f2e631-90a7-4ce7-87f7-c377db45e99c,2026-02-18T08:00:30,12.364527,-1.520872
securityB-12f2e631-90a7-4ce7-87f7-c377db45e99c,2026-02-18T08:01:00,12.364588,-1.520533
leaderB-579ff0e7-77e4-4b16-9220-59c2c36ecc12,2026-02-18T08:01:00,12.364588,-1.520533
securityB-12f2e631-90a7-4ce7-87f7-c377db45e99c,2026-02-18T08:01:30,12.364651,-1.520194
leaderB-579ff0e7-77e4-4b16-9220-59c2c36ecc12,2026-02-18T08:01:30,12.364651,-1.520194
securityB-12f2e631-90a7-4ce7-87f7-c377db45e99c,2026-02-18T08:02:00,12.364714,-1.519855
leaderB-579ff0e7-77e4-4b16-9220-59c2c36ecc12,2026-02-18T08:02:00,12.364714,-1.519855
securityB-12f2e631-90a7-4ce7-87f7-c377db45e99c,2026-02-18T08:02:30,12.364775,-1.519515
leaderB-579ff0e7-77e4-4b16-9220-59c2c36ecc12,2026-02-18T08:02:30,12.364775,-1.519515
leaderB-579ff0e7-77e4-4b16-9220-59c2c36ecc12,2026-02-18T08:03:00,12.364843,-1.519177
logB-c23e4c99-d72b-4789-9397-006a7d765d4c,2026-02-18T08:03:00,12.362498,-1.513092
securityB-12f2e631-90a7-4ce7-87f7-c377db45e99c,2026-02-18T08:03:00,12.364843,-1.519177
securityB-12f2e631-90a7-4ce7-87f7-c377db45e99c,2026-02-18T08:03:30,12.36491,-1.518838
leaderB-579ff0e7-77e4-4b16-9220-59c2c36ecc12,2026-02-18T08:03:30,12.36491,-1.518838
securityB-12f2e631-90a7-4ce7-87f7-c377db45e99c,2026-02-18T08:04:00,12.364974,-1.518499
leaderB-579ff0e7-77e4-4b16-9220-59c2c36ecc12,2026-02-18T08:04:00,12.364974,-1.518499
leaderB-579ff0e7-77e4-4b16-9220-59c2c36ecc12,2026-02-18T08:04:30,12.364673,-1.518418
securityB-12f2e631-90a7-4ce7-87f7-c377db45e99c,2026-02-18T08:04:30,12.364673,-1.518418
securityB-12f2e631-90a7-4ce7-87f7-c377db45e99c,2026-02-18T08:05:00,12.364341,-1.518355
leaderB-579ff0e7-77e4-4b16-9220-59c2c36ecc12,2026-02-18T08:05:00,12.364341,-1.518355
securityB-12f2e631-90a7-4ce7-87f7-c377db45e99c,2026-02-18T08:05:30,12.364009,-1.518294
leaderB-579ff0e7-77e4-4b16-9220-59c2c36ecc12,2026-02-18T08:05:30,12.364009,-1.518294
securityB-12f2e631-90a7-4ce7-87f7-c377db45e99c,2026-02-18T08:06:00,12.363677,-1.518233
leaderB-579ff0e7-77e4-4b16-9220-59c2c36ecc12,2026-02-18T08:06:00,12.363677,-1.518233
logB-c23e4c99-d72b-4789-9397-006a7d765d4c,2026-02-18T08:06:00,12.362515,-1.513088
leaderB-579ff0e7-77e4-4b16-9220-59c2c36ecc12,2026-02-18T08:06:30,12.363345,-1.518172
securityB-12f2e631-90a7-4ce7-87f7-c377db45e99c,2026-02-18T08:06:30,12.363345,-1.518172
leaderB-579ff0e7-77e4-4b16-9220-59c2c36ecc12,2026-02-18T08:07:00,12.363013,-1.518111
securityB-12f2e631-90a7-4ce7-87f7-c377db45e99c,2026-02-18T08:07:00,12.363013,-1.518111
securityB-12f2e631-90a7-4ce7-87f7-c377db45e99c,2026-02-18T08:07:30,12.362682,-1.518049
leaderB-579ff0e7-77e4-4b16-9220-59c2c36ecc12,2026-02-18T08:07:30,12.362682,-1.518049
leaderB-579ff0e7-77e4-4b16-9220-59c2c36ecc12,2026-02-18T08:08:00,12.36235,-1.517985
securityB-12f2e631-90a7-4ce7-87f7-c377db45e99c,2026-02-18T08:08:00,12.36235,-1.517985
leaderB-579ff0e7-77e4-4b16-9220-59c2c36ecc12,2026-02-18T08:08:30,12.362019,-1.517922
securityB-12f2e631-90a7-4ce7-87f7-c377db45e99c,2026-02-18T08:08:30,12.362019,-1.517922
leaderB-579ff0e7-77e4-4b16-9220-59c2c36ecc12,2026-02-18T08:09:00,12.361686,-1.517864
logB-c23e4c99-d72b-4789-9397-006a7d765d4c,2026-02-18T08:09:00,12.36249,-1.513102
securityB-12f2e631-90a7-4ce7-87f7-c377db45e99c,2026-02-18T08:09:00,12.361686,-1.517864
leaderB-579ff0e7-77e4-4b16-9220-59c2c36ecc12,2026-02-18T08:09:30,12.361354,-1.517805
securityB-12f2e631-90a7-4ce7-87f7-c377db45e99c,2026-02-18T08:09:30,12.361354,-1.517805
securityB-12f2e631-90a7-4ce7-87f7-c377db45e99c,2026-02-18T08:10:00,12.361134,-1.517667
leaderB-579ff0e7-77e4-4b16-9220-59c2c36ecc12,2026-02-18T08:10:00,12.361134,-1.517667
securityB-12f2e631-90a7-4ce7-87f7-c377db45e99c,2026-02-18T08:10:30,12.361198,-1.517328
leaderB-579ff0e7-77e4-4b16-9220-59c2c36ecc12,2026-02-18T08:10:30,12.361198,-1.517328
securityB-12f2e631-90a7-4ce7-87f7-c377db45e99c,2026-02-18T08:11:00,12.361263,-1.516989
leaderB-579ff0e7-77e4-4b16-9220-59c2c36ecc12,2026-02-18T08:11:00,12.361263,-1.516989
leaderB-579ff0e7-77e4-4b16-9220-59c2c36ecc12,2026-02-18T08:11:30,12.361331,-1.516651
securityB-12f2e631-90a7-4ce7-87f7-c377db45e99c,2026-02-18T08:11:30,12.361331,-1.516651
logB-c23e4c99-d72b-4789-9397-006a7d765d4c,2026-02-18T08:12:00,12.362497,-1.513096
leaderB-579ff0e7-77e4-4b16-9220-59c2c36ecc12,2026-02-18T08:12:00,12.361398,-1.516312
securityB-12f2e631-90a7-4ce7-87f7-c377db45e99c,2026-02-18T08:12:00,12.361398,-1.516312
leaderB-579ff0e7-77e4-4b16-9220-59c2c36ecc12,2026-02-18T08:12:30,12.361403,-1.515982
securityB-12f2e631-90a7-4ce7-87f7-c377db45e99c,2026-02-18T08:12:30,12.361403,-1.515982
securityB-12f2e631-90a7-4ce7-87f7-c377db45e99c,2026-02-18T08:13:00,12.36147,-1.515644
leaderB-579ff0e7-77e4-4b16-9220-59c2c36ecc12,2026-02-18T08:13:00,12.36147,-1.515644
leaderB-579ff0e7-77e4-4b16-9220-59c2c36ecc12,2026-02-18T08:13:30,12.361536,-1.515305
securityB-12f2e631-90a7-4ce7-87f7-c377db45e99c,2026-02-18T08:13:30,12.361536,-1.515305
leaderB-579ff0e7-77e4-4b16-9220-59c2c36ecc12,2026-02-18T08:14:00,12.36147,-1.515001
securityB-12f2e631-90a7-4ce7-87f7-c377db45e99c,2026-02-18T08:14:00,12.36147,-1.515001
leaderB-579ff0e7-77e4-4b16-9220-59c2c36ecc12,2026-02-18T08:14:30,12.361625,-1.514735
securityB-12f2e631-90a7-4ce7-87f7-c377db45e99c,2026-02-18T08:14:30,12.361625,-1.514735
leaderB-579ff0e7-77e4-4b16-9220-59c2c36ecc12,2026-02-18T08:15:00,12.361721,-1.51443
securityB-12f2e631-90a7-4ce7-87f7-c377db45e99c,2026-02-18T08:15:00,12.361721,-1.51443
securityB-12f2e631-90a7-4ce7-87f7-c377db45e99c,2026-02-18T09:00:00,12.362495,-1.513093
leaderB-579ff0e7-77e4-4b16-9220-59c2c36ecc12,2026-02-18T09:00:00,12.362495,-1.513093
propB-775f6ffc-da47-48c0-82b1-4fe100d5ee88,2026-02-18T09:00:00,12.359006,-1.520908
securityB-12f2e631-90a7-4ce7-87f7-c377db45e99c,2026-02-18T09:03:00,12.362502,-1.513109
leaderB-579ff0e7-77e4-4b16-9220-59c2c36ecc12,2026-02-18T09:03:00,12.362502,-1.513109
propB-775f6ffc-da47-48c0-82b1-4fe100d5ee88,2026-02-18T09:03:00,12.359001,-1.520918
propB-775f6ffc-da47-48c0-82b1-4fe100d5ee88,2026-02-18T09:06:00,12.359013,-1.520905
leaderB-579ff0e7-77e4-4b16-9220-59c2c36ecc12,2026-02-18T09:06:00,12.3625,-1.513093
securityB-12f2e631-90a7-4ce7-87f7-c377db45e99c,2026-02-18T09:06:00,12.3625,-1.513093
propB-775f6ffc-da47-48c0-82b1-4fe100d5ee88,2026-02-18T09:09:00,12.359001,-1.520903
securityB-12f2e631-90a7-4ce7-87f7-c377db45e99c,2026-02-18T09:09:00,12.362498,-1.513089
leaderB-579ff0e7-77e4-4b16-9220-59c2c36ecc12,2026-02-18T09:09:00,12.362498,-1.513089
securityA-43c3c6c2-08da-4277-b10b-2565d4ab391b,2026-02-18T09:30:00,12.363988,-1.515393
leaderA-dc3bb5ee-282c-411f-96da-eebb88b52ea0,2026-02-18T09:30:00,12.363988,-1.515393
leaderA-dc3bb5ee-282c-411f-96da-eebb88b52ea0,2026-02-18T09:45:00,12.364,-1.515405
securityA-43c3c6c2-08da-4277-b10b-2565d4ab391b,2026-02-18T09:45:00,12.364,-1.515405
leaderA-dc3bb5ee-282c-411f-96da-eebb88b52ea0,2026-02-18T10:00:00,12.364002,-1.515391
securityA-43c3c6c2-08da-4277-b10b-2565d4ab391b,2026-02-18T10:00:00,12.364002,-1.515391
leaderA-dc3bb5ee-282c-411f-96da-eebb88b52ea0,2026-02-18T10:15:00,12.364005,-1.515408
securityA-43c3c6c2-08da-4277-b10b-2565d4ab391b,2026-02-18T10:15:00,12.364005,-1.515408
leaderA-dc3bb5ee-282c-411f-96da-eebb88b52ea0,2026-02-18T10:30:00,12.364007,-1.515406
securityA-43c3c6c2-08da-4277-b10b-2565d4ab391b,2026-02-18T10:30:00,12.364007,-1.515406
securityA-43c3c6c2-08da-4277-b10b-2565d4ab391b,2026-02-18T10:45:00,12.364002,-1.515403
leaderA-dc3bb5ee-282c-411f-96da-eebb88b52ea0,2026-02-18T10:45:00,12.364002,-1.515403
leaderB-579ff0e7-77e4-4b16-9220-59c2c36ecc12,2026-02-18T11:00:00,12.361831,-1.514451
securityB-12f2e631-90a7-4ce7-87f7-c377db45e99c,2026-02-18T11:00:00,12.361831,-1.514451
securityB-12f2e631-90a7-4ce7-87f7-c377db45e99c,2026-02-18T11:00:30,12.361806,-1.514771
leaderB-579ff0e7-77e4-4b16-9220-59c2c36ecc12,2026-02-18T11:00:30,12.361806,-1.514771
securityB-12f2e631-90a7-4ce7-87f7-c377db45e99c,2026-02-18T11:01:00,12.361843,-1.515081
leaderB-579ff0e7-77e4-4b16-9220-59c2c36ecc12,2026-02-18T11:01:00,12.361843,-1.515081
securityB-12f2e631-90a7-4ce7-87f7-c377db45e99c,2026-02-18T11:01:30,12.361661,-1.515329
leaderB-579ff0e7-77e4-4b16-9220-59c2c36ecc12,2026-02-18T11:01:30,12.361661,-1.515329
securityB-12f2e631-90a7-4ce7-87f7-c377db45e99c,2026-02-18T11:02:00,12.36159,-1.515666
leaderB-579ff0e7-77e4-4b16-9220-59c2c36ecc12,2026-02-18T11:02:00,12.36159,-1.515666
leaderB-579ff0e7-77e4-4b16-9220-59c2c36ecc12,2026-02-18T11:02:30,12.361521,-1.516004
securityB-12f2e631-90a7-4ce7-87f7-c377db45e99c,2026-02-18T11:02:30,12.361521,-1.516004
securityB-12f2e631-90a7-4ce7-87f7-c377db45e99c,2026-02-18T11:03:00,12.361398,-1.516308
leaderB-579ff0e7-77e4-4b16-9220-59c2c36ecc12,2026-02-18T11:03:00,12.361398,-1.516308
leaderB-579ff0e7-77e4-4b16-9220-59c2c36ecc12,2026-02-18T11:03:30,12.361331,-1.516647
securityB-12f2e631-90a7-4ce7-87f7-c377db45e99c,2026-02-18T11:03:30,12.361331,-1.516647
leaderB-579ff0e7-77e4-4b16-9220-59c2c36ecc12,2026-02-18T11:04:00,12.361264,-1.516985
securityB-12f2e631-90a7-4ce7-87f7-c377db45e99c,2026-02-18T11:04:00,12.361264,-1.516985
leaderB-579ff0e7-77e4-4b16-9220-59c2c36ecc12,2026-02-18T11:04:30,12.361199,-1.517324
securityB-12f2e631-90a7-4ce7-87f7-c377db45e99c,2026-02-18T11:04:30,12.361199,-1.517324
leaderB-579ff0e7-77e4-4b16-9220-59c2c36ecc12,2026-02-18T11:05:00,12.361135,-1.517663
securityB-12f2e631-90a7-4ce7-87f7-c377db45e99c,2026-02-18T11:05:00,12.361135,-1.517663
leaderB-579ff0e7-77e4-4b16-9220-59c2c36ecc12,2026-02-18T11:05:30,12.361441,-1.517742
securityB-12f2e631-90a7-4ce7-87f7-c377db45e99c,2026-02-18T11:05:30,12.361441,-1.517742
leaderB-579ff0e7-77e4-4b16-9220-59c2c36ecc12,2026-02-18T11:06:00,12.361773,-1.517804
securityB-12f2e631-90a7-4ce7-87f7-c377db45e99c,2026-02-18T11:06:00,12.361773,-1.517804
leaderB-579ff0e7-77e4-4b16-9220-59c2c36ecc12,2026-02-18T11:06:30,12.362105,-1.517865
securityB-12f2e631-90a7-4ce7-87f7-c377db45e99c,2026-02-18T11:06:30,12.362105,-1.517865
leaderB-579ff0e7-77e4-4b16-9220-59c2c36ecc12,2026-02-18T11:07:00,12.362436,-1.517928
securityB-12f2e631-90a7-4ce7-87f7-c377db45e99c,2026-02-18T11:07:00,12.362436,-1.517928
leaderB-579ff0e7-77e4-4b16-9220-59c2c36ecc12,2026-02-18T11:07:30,12.362768,-1.517991
securityB-12f2e631-90a7-4ce7-87f7-c377db45e99c,2026-02-18T11:07:30,12.362768,-1.517991
securityB-12f2e631-90a7-4ce7-87f7-c377db45e99c,2026-02-18T11:08:00,12.3631,-1.518054
leaderB-579ff0e7-77e4-4b16-9220-59c2c36ecc12,2026-02-18T11:08:00,12.3631,-1.518054
leaderB-579ff0e7-77e4-4b16-9220-59c2c36ecc12,2026-02-18T11:08:30,12.363431,-1.518117
securityB-12f2e631-90a7-4ce7-87f7-c377db45e99c,2026-02-18T11:08:30,12.363431,-1.518117
securityB-12f2e631-90a7-4ce7-87f7-c377db45e99c,2026-02-18T11:09:00,12.363763,-1.51818
leaderB-579ff0e7-77e4-4b16-9220-59c2c36ecc12,2026-02-18T11:09:00,12.363763,-1.51818
leaderB-579ff0e7-77e4-4b16-9220-59c2c36ecc12,2026-02-18T11:09:30,12.364095,-1.518242
securityB-12f2e631-90a7-4ce7-87f7-c377db45e99c,2026-02-18T11:09:30,12.364095,-1.518242
leaderB-579ff0e7-77e4-4b16-9220-59c2c36ecc12,2026-02-18T11:10:00,12.364427,-1.518301
securityB-12f2e631-90a7-4ce7-87f7-c377db45e99c,2026-02-18T11:10:00,12.364427,-1.518301
leaderB-579ff0e7-77e4-4b16-9220-59c2c36ecc12,2026-02-18T11:10:30,12.364759,-1.518362
securityB-12f2e631-90a7-4ce7-87f7-c377db45e99c,2026-02-18T11:10:30,12.364759,-1.518362
leaderB-579ff0e7-77e4-4b16-9220-59c2c36ecc12,2026-02-18T11:11:00,12.364973,-1.518506
securityB-12f2e631-90a7-4ce7-87f7-c377db45e99c,2026-02-18T11:11:00,12.364973,-1.518506
leaderB-579ff0e7-77e4-4b16-9220-59c2c36ecc12,2026-02-18T11:11:30,12.364908,-1.518845
securityB-12f2e631-90a7-4ce7-87f7-c377db45e99c,2026-02-18T11:11:30,12.364908,-1.518845
securityB-12f2e631-90a7-4ce7-87f7-c377db45e99c,2026-02-18T11:12:00,12.364842,-1.519183
leaderB-579ff0e7-77e4-4b16-9220-59c2c36ecc12,2026-02-18T11:12:00,12.364842,-1.519183
leaderB-579ff0e7-77e4-4b16-9220-59c2c36ecc12,2026-02-18T11:12:30,12.364774,-1.519521
securityB-12f2e631-90a7-4ce7-87f7-c377db45e99c,2026-02-18T11:12:30,12.364774,-1.519521
securityB-12f2e631-90a7-4ce7-87f7-c377db45e99c,2026-02-18T11:13:00,12.364713,-1.519861
leaderB-579ff0e7-77e4-4b16-9220-59c2c36ecc12,2026-02-18T11:13:00,12.364713,-1.519861
leaderB-579ff0e7-77e4-4b16-9220-59c2c36ecc12,2026-02-18T11:13:30,12.36465,-1.5202
securityB-12f2e631-90a7-4ce7-87f7-c377db45e99c,2026-02-18T11:13:30,12.36465,-1.5202
securityB-12f2e631-90a7-4ce7-87f7-c377db45e99c,2026-02-18T11:14:00,12.364587,-1.520539
leaderB-579ff0e7-77e4-4b16-9220-59c2c36ecc12,2026-02-18T11:14:00,12.364587,-1.520539
leaderB-579ff0e7-77e4-4b16-9220-59c2c36ecc12,2026-02-18T11:14:30,12.364526,-1.520879
securityB-12f2e631-90a7-4ce7-87f7-c377db45e99c,2026-02-18T11:14:30,12.364526,-1.520879
securityB-12f2e631-90a7-4ce7-87f7-c377db45e99c,2026-02-18T14:00:00,12.359009,-1.520892
leaderB-579ff0e7-77e4-4b16-9220-59c2c36ecc12,2026-02-18T14:00:00,12.359009,-1.520892
courierA-5459d08e-e00c-4174-9a21-c4b90ef20a87,2026-02-18T14:00:00,12.359413,-1.51634
courierA-5459d08e-e00c-4174-9a21-c4b90ef20a87,2026-02-18T14:00:30,12.359346,-1.516678
courierA-5459d08e-e00c-4174-9a21-c4b90ef20a87,2026-02-18T14:01:00,12.359286,-1.517018
courierA-5459d08e-e00c-4174-9a21-c4b90ef20a87,2026-02-18T14:01:30,12.359261,-1.517335
courierA-5459d08e-e00c-4174-9a21-c4b90ef20a87,2026-02-18T14:02:00,12.359592,-1.517397
courierA-5459d08e-e00c-4174-9a21-c4b90ef20a87,2026-02-18T14:02:30,12.359924,-1.517459
securityB-12f2e631-90a7-4ce7-87f7-c377db45e99c,2026-02-18T14:03:00,12.358996,-1.52091
leaderB-579ff0e7-77e4-4b16-9220-59c2c36ecc12,2026-02-18T14:03:00,12.358996,-1.52091
courierA-5459d08e-e00c-4174-9a21-c4b90ef20a87,2026-02-18T14:03:00,12.360256,-1.517521
courierA-5459d08e-e00c-4174-9a21-c4b90ef20a87,2026-02-18T14:03:30,12.360588,-1.517583
courierA-5459d08e-e00c-4174-9a21-c4b90ef20a87,2026-02-18T14:04:00,12.360919,-1.517645
courierA-5459d08e-e00c-4174-9a21-c4b90ef20a87,2026-02-18T14:04:30,12.361251,-1.517707
courierA-5459d08e-e00c-4174-9a21-c4b90ef20a87,2026-02-18T14:05:00,12.361583,-1.517769
courierA-5459d08e-e00c-4174-9a21-c4b90ef20a87,2026-02-18T14:05:30,12.361915,-1.51783
leaderB-579ff0e7-77e4-4b16-9220-59c2c36ecc12,2026-02-18T14:06:00,12.358994,-1.520898
securityB-12f2e631-90a7-4ce7-87f7-c377db45e99c,2026-02-18T14:06:00,12.358994,-1.520898
courierA-5459d08e-e00c-4174-9a21-c4b90ef20a87,2026-02-18T14:06:00,12.362247,-1.517892
courierA-5459d08e-e00c-4174-9a21-c4b90ef20a87,2026-02-18T14:06:30,12.362578,-1.517955
courierA-5459d08e-e00c-4174-9a21-c4b90ef20a87,2026-02-18T14:07:00,12.36291,-1.518018
courierA-5459d08e-e00c-4174-9a21-c4b90ef20a87,2026-02-18T14:07:30,12.363093,-1.51786
courierA-5459d08e-e00c-4174-9a21-c4b90ef20a87,2026-02-18T14:08:00,12.363154,-1.517521
courierA-5459d08e-e00c-4174-9a21-c4b90ef20a87,2026-02-18T14:08:30,12.363213,-1.517181
securityB-12f2e631-90a7-4ce7-87f7-c377db45e99c,2026-02-18T14:09:00,12.359005,-1.52092
leaderB-579ff0e7-77e4-4b16-9220-59c2c36ecc12,2026-02-18T14:09:00,12.359005,-1.52092
courierA-5459d08e-e00c-4174-9a21-c4b90ef20a87,2026-02-18T14:09:00,12.363281,-1.516843
courierA-5459d08e-e00c-4174-9a21-c4b90ef20a87,2026-02-18T14:09:30,12.363349,-1.516504
courierA-5459d08e-e00c-4174-9a21-c4b90ef20a87,2026-02-18T14:10:00,12.363412,-1.516165
courierA-5459d08e-e00c-4174-9a21-c4b90ef20a87,2026-02-18T14:10:30,12.363487,-1.515829
courierA-5459d08e-e00c-4174-9a21-c4b90ef20a87,2026-02-18T14:11:00,12.363562,-1.515492
securityB-12f2e631-90a7-4ce7-87f7-c377db45e99c,2026-02-18T14:12:00,12.359,-1.520899
leaderB-579ff0e7-77e4-4b16-9220-59c2c36ecc12,2026-02-18T14:12:00,12.359,-1.520899
securityB-12f2e631-90a7-4ce7-87f7-c377db45e99c,2026-02-18T14:15:00,12.358998,-1.520888
leaderB-579ff0e7-77e4-4b16-9220-59c2c36ecc12,2026-02-18T14:15:00,12.358998,-1.520888
facA-1420f464-9589-439d-bdab-a216790c256e,2026-02-18T14:30:00,12.363995,-1.515403
facA-1420f464-9589-439d-bdab-a216790c256e,2026-02-18T14:33:00,12.364007,-1.515405
facA-1420f464-9589-439d-bdab-a216790c256e,2026-02-18T14:36:00,12.363993,-1.515402
facA-1420f464-9589-439d-bdab-a216790c256e,2026-02-18T14:39:00,12.363989,-1.515384
civ-6983f900-845a-4a6e-b93f-dae4bc414f74,2026-02-18T15:00:00,12.362894,-1.522482
civ-2da66cff-2533-40b4-a84f-fc61c566aab5,2026-02-18T15:00:00,12.362886,-1.522514
civ-ff1719a0-ea18-461e-999f-017f5589689f,2026-02-18T15:00:00,12.362877,-1.522568
civ-6ecb00d5-a095-4f4f-a86e-9297625bab65,2026-02-18T15:00:00,12.362918,-1.522558
civ-49c0d6d8-86ff-429b-aa2c-82a900a6326e,2026-02-18T15:00:00,12.363007,-1.52252
civ-28e1a621-ef6f-4c2d-a01f-9d56039a0fef,2026-02-18T15:00:00,12.362859,-1.522534
civ-2634cdbb-9f21-41a3-afb9-5aa32104a4c2,2026-02-18T15:00:00,12.362952,-1.522511
civ-8280fd73-caa4-43a0-8787-4834f1695ff9,2026-02-18T15:00:00,12.362854,-1.52238
civ-1077e51c-3b2f-4b10-9cc7-aacb31f5dcdb,2026-02-18T15:00:00,12.362935,-1.522576
civ-2bb7e8d4-a39c-4688-9a14-590d200be6f3,2026-02-18T15:00:00,12.362947,-1.522617
civ-a6d8f1bd-eb69-4882-9edb-f00a4912c849,2026-02-18T15:00:00,12.362959,-1.522569
civ-d82c818f-e41b-413d-b9b5-5ba8e09aa219,2026-02-18T15:00:00,12.36295,-1.52242
civ-52933f95-8f40-4298-8bf2-4af1e5e8d9c7,2026-02-18T15:00:00,12.362962,-1.522482
civ-503d2240-9da9-42ba-bb72-89e1e95f3ef8,2026-02-18T15:00:00,12.362883,-1.522542
civ-20b05c0a-94c8-42f3-8218-87064598aae6,2026-02-18T15:00:00,12.363006,-1.52255
civ-ed152e95-1f92-47a9-ab8f-a1f01c5d31f8,2026-02-18T15:00:00,12.362825,-1.522452
civ-0773555e-7c11-4024-b7dd-621371a72033,2026-02-18T15:00:00,12.362843,-1.522568
civ-b2b10835-824c-4240-9a54-a462b1ea9a04,2026-02-18T15:00:00,12.362796,-1.522535
civ-bad14f22-2397-420e-9fe9-9095e11b3fff,2026-02-18T15:00:00,12.362838,-1.522497
civ-6542202d-d231-436d-bd0e-7dc4476ccb27,2026-02-18T15:00:00,12.363943,-1.515398
civ-65646a2f-9869-49eb-a7bc-ee22c141c885,2026-02-18T15:00:00,12.362968,-1.522462
civ-3b788701-0a6c-4e04-8d6c-7fa0887d4187,2026-02-18T15:00:00,12.364037,-1.515364
civ-fa7b7c3d-caca-413e-9ef6-b2d48110e02b,2026-02-18T15:00:00,12.364079,-1.515418
civ-5499a9d9-fa9c-46c4-8bd0-60580011ecc6,2026-02-18T15:00:00,12.363983,-1.515429
civ-fe898056-5bf1-45ec-b2f6-d2399e3134ef,2026-02-18T15:00:00,12.363961,-1.515379
civ-48c7b251-89bc-4513-87d2-9214eff148a4,2026-02-18T15:00:00,12.363892,-1.515308
civ-11fb4341-3537-4364-9fc4-0b467fa9c448,2026-02-18T15:00:00,12.363952,-1.515348
civ-085871ef-7c37-494d-a540-ade709d27fde,2026-02-18T15:00:00,12.363909,-1.515352
civ-c52fc314-f52e-4d19-b7ac-83436e7c5ed0,2026-02-18T15:00:00,12.363937,-1.515393
civ-9c8b4835-7318-4b09-a856-e7c881b74a82,2026-02-18T15:00:00,12.364048,-1.515372
civ-8fa9668c-4f8e-4d0b-a483-b0a22d0b2ba7,2026-02-18T15:00:00,12.363915,-1.515418
civ-0972615e-6983-4ad1-88a5-56e692bd0312,2026-02-18T15:00:00,12.364074,-1.515343
civ-7e73c37a-f39e-4ab6-b700-e2d6ad7d45a7,2026-02-18T15:00:00,12.364001,-1.51547
civ-feb24423-f9ab-4498-9915-41cfbd646d25,2026-02-18T15:00:00,12.364046,-1.515399
civ-1c81dd5d-6249-4d9d-9a1d-17984d613fe5,2026-02-18T15:00:00,12.363833,-1.515344
courierA-5459d08e-e00c-4174-9a21-c4b90ef20a87,2026-02-18T15:00:00,12.363991,-1.515397
civ-8c1579c5-0b1a-4c1e-a3e9-4e5e0ff8c233,2026-02-18T15:00:00,12.363928,-1.515382
civ-c4bb9d66-6738-4f46-865a-0c507176a450,2026-02-18T15:00:00,12.363902,-1.515349
civ-868166b4-b924-4457-80b4-ed11b66b6802,2026-02-18T15:00:00,12.36401,-1.515478
civ-b14e2cb3-f36c-43d2-a87f-5e8d7ab8e4ce,2026-02-18T15:00:00,12.364,-1.51537
civ-dde2f1fc-ddb9-4619-800a-0d9b73e220cf,2026-02-18T15:00:00,12.364116,-1.515421
courierA-5459d08e-e00c-4174-9a21-c4b90ef20a87,2026-02-18T15:03:00,12.363995,-1.515394
courierA-5459d08e-e00c-4174-9a21-c4b90ef20a87,2026-02-18T15:06:00,12.36399,-1.515385
leaderA-dc3bb5ee-282c-411f-96da-eebb88b52ea0,2026-02-18T17:00:00,12.363601,-1.515311
securityA-43c3c6c2-08da-4277-b10b-2565d4ab391b,2026-02-18T17:00:00,12.363601,-1.515311
securityA-43c3c6c2-08da-4277-b10b-2565d4ab391b,2026-02-18T17:00:30,12.363528,-1.515648
leaderA-dc3bb5ee-282c-411f-96da-eebb88b52ea0,2026-02-18T17:00:30,12.363528,-1.515648
securityA-43c3c6c2-08da-4277-b10b-2565d4ab391b,2026-02-18T17:01:00,12.363452,-1.515984
leaderA-dc3bb5ee-282c-411f-96da-eebb88b52ea0,2026-02-18T17:01:00,12.363452,-1.515984
securityA-43c3c6c2-08da-4277-b10b-2565d4ab391b,2026-02-18T17:01:30,12.363383,-1.516322
leaderA-dc3bb5ee-282c-411f-96da-eebb88b52ea0,2026-02-18T17:01:30,12.363383,-1.516322
leaderA-dc3bb5ee-282c-411f-96da-eebb88b52ea0,2026-02-18T17:02:00,12.36332,-1.516662
securityA-43c3c6c2-08da-4277-b10b-2565d4ab391b,2026-02-18T17:02:00,12.36332,-1.516662
securityA-43c3c6c2-08da-4277-b10b-2565d4ab391b,2026-02-18T17:02:30,12.363247,-1.516999
leaderA-dc3bb5ee-282c-411f-96da-eebb88b52ea0,2026-02-18T17:02:30,12.363247,-1.516999
securityA-43c3c6c2-08da-4277-b10b-2565d4ab391b,2026-02-18T17:03:00,12.363186,-1.517338
leaderA-dc3bb5ee-282c-411f-96da-eebb88b52ea0,2026-02-18T17:03:00,12.363186,-1.517338
securityA-43c3c6c2-08da-4277-b10b-2565d4ab391b,2026-02-18T17:03:30,12.363126,-1.517678
leaderA-dc3bb5ee-282c-411f-96da-eebb88b52ea0,2026-02-18T17:03:30,12.363126,-1.517678
leaderA-dc3bb5ee-282c-411f-96da-eebb88b52ea0,2026-02-18T17:04:00,12.363065,-1.518017
securityA-43c3c6c2-08da-4277-b10b-2565d4ab391b,2026-02-18T17:04:00,12.363065,-1.518017
leaderA-dc3bb5ee-282c-411f-96da-eebb88b52ea0,2026-02-18T17:04:30,12.362813,-1.518074
securityA-43c3c6c2-08da-4277-b10b-2565d4ab391b,2026-02-18T17:04:30,12.362813,-1.518074
leaderA-dc3bb5ee-282c-411f-96da-eebb88b52ea0,2026-02-18T17:05:00,12.362481,-1.518011
securityA-43c3c6c2-08da-4277-b10b-2565d4ab391b,2026-02-18T17:05:00,12.362481,-1.518011
leaderA-dc3bb5ee-282c-411f-96da-eebb88b52ea0,2026-02-18T17:05:30,12.36215,-1.517947
securityA-43c3c6c2-08da-4277-b10b-2565d4ab391b,2026-02-18T17:05:30,12.36215,-1.517947
leaderA-dc3bb5ee-282c-411f-96da-eebb88b52ea0,2026-02-18T17:06:00,12.361817,-1.517887
securityA-43c3c6c2-08da-4277-b10b-2565d4ab391b,2026-02-18T17:06:00,12.361817,-1.517887
leaderA-dc3bb5ee-282c-411f-96da-eebb88b52ea0,2026-02-18T17:06:30,12.361485,-1.517828
securityA-43c3c6c2-08da-4277-b10b-2565d4ab391b,2026-02-18T17:06:30,12.361485,-1.517828
leaderA-dc3bb5ee-282c-411f-96da-eebb88b52ea0,2026-02-18T17:07:00,12.361153,-1.517769
securityA-43c3c6c2-08da-4277-b10b-2565d4ab391b,2026-02-18T17:07:00,12.361153,-1.517769
leaderA-dc3bb5ee-282c-411f-96da-eebb88b52ea0,2026-02-18T17:07:30,12.360821,-1.517709
securityA-43c3c6c2-08da-4277-b10b-2565d4ab391b,2026-02-18T17:07:30,12.360821,-1.517709
securityA-43c3c6c2-08da-4277-b10b-2565d4ab391b,2026-02-18T17:08:00,12.360489,-1.517649
leaderA-dc3bb5ee-282c-411f-96da-eebb88b52ea0,2026-02-18T17:08:00,12.360489,-1.517649
securityA-43c3c6c2-08da-4277-b10b-2565d4ab391b,2026-02-18T17:08:30,12.360157,-1.517588
leaderA-dc3bb5ee-282c-411f-96da-eebb88b52ea0,2026-02-18T17:08:30,12.360157,-1.517588
leaderA-dc3bb5ee-282c-411f-96da-eebb88b52ea0,2026-02-18T17:09:00,12.359825,-1.517527
securityA-43c3c6c2-08da-4277-b10b-2565d4ab391b,2026-02-18T17:09:00,12.359825,-1.517527
securityA-43c3c6c2-08da-4277-b10b-2565d4ab391b,2026-02-18T17:09:30,12.359493,-1.517467
leaderA-dc3bb5ee-282c-411f-96da-eebb88b52ea0,2026-02-18T17:09:30,12.359493,-1.517467
leaderA-dc3bb5ee-282c-411f-96da-eebb88b52ea0,2026-02-18T17:10:00,12.359229,-1.517357
securityA-43c3c6c2-08da-4277-b10b-2565d4ab391b,2026-02-18T17:10:00,12.359229,-1.517357
securityA-43c3c6c2-08da-4277-b10b-2565d4ab391b,2026-02-18T17:10:30,12.359286,-1.517017
leaderA-dc3bb5ee-282c-411f-96da-eebb88b52ea0,2026-02-18T17:10:30,12.359286,-1.517017
securityA-43c3c6c2-08da-4277-b10b-2565d4ab391b,2026-02-18T17:11:00,12.359346,-1.516677
leaderA-dc3bb5ee-282c-411f-96da-eebb88b52ea0,2026-02-18T17:11:00,12.359346,-1.516677
securityA-43c3c6c2-08da-4277-b10b-2565d4ab391b,2026-02-18T18:00:00,12.359698,-1.516393
leaderA-dc3bb5ee-282c-411f-96da-eebb88b52ea0,2026-02-18T18:00:00,12.359698,-1.516393
securityA-43c3c6c2-08da-4277-b10b-2565d4ab391b,2026-02-18T18:20:00,12.359691,-1.516382
leaderA-dc3bb5ee-282c-411f-96da-eebb88b52ea0,2026-02-18T18:20:00,12.359691,-1.516382
leaderA-dc3bb5ee-282c-411f-96da-eebb88b52ea0,2026-02-18T18:40:00,12.359684,-1.516405
securityA-43c3c6c2-08da-4277-b10b-2565d4ab391b,2026-02-18T18:40:00,12.359684,-1.516405
leaderA-dc3bb5ee-282c-411f-96da-eebb88b52ea0,2026-02-18T19:00:00,12.359703,-1.516395
securityA-43c3c6c2-08da-4277-b10b-2565d4ab391b,2026-02-18T19:00:00,12.359703,-1.516395
leaderA-dc3bb5ee-282c-411f-96da-eebb88b52ea0,2026-02-18T19:20:00,12.359699,-1.516401
securityA-43c3c6c2-08da-4277-b10b-2565d4ab391b,2026-02-18T19:20:00,12.359699,-1.516401
leaderA-dc3bb5ee-282c-411f-96da-eebb88b52ea0,2026-02-18T19:40:00,12.359704,-1.516402
securityA-43c3c6c2-08da-4277-b10b-2565d4ab391b,2026-02-18T19:40:00,12.359704,-1.516402
logB-c23e4c99-d72b-4789-9397-006a7d765d4c,2026-02-19T05:00:00,12.364466,-1.521212
logB-c23e4c99-d72b-4789-9397-006a7d765d4c,2026-02-19T05:00:30,12.364527,-1.520872
logB-c23e4c99-d72b-4789-9397-006a7d765d4c,2026-02-19T05:01:00,12.364588,-1.520533
logB-c23e4c99-d72b-4789-9397-006a7d765d4c,2026-02-19T05:01:30,12.364651,-1.520194
logB-c23e4c99-d72b-4789-9397-006a7d765d4c,2026-02-19T05:02:00,12.364714,-1.519855
logB-c23e4c99-d72b-4789-9397-006a7d765d4c,2026-02-19T05:02:30,12.364775,-1.519515
logB-c23e4c99-d72b-4789-9397-006a7d765d4c,2026-02-19T05:03:00,12.364843,-1.519177
logB-c23e4c99-d72b-4789-9397-006a7d765d4c,2026-02-19T05:03:30,12.36491,-1.518838
logB-c23e4c99-d72b-4789-9397-006a7d765d4c,2026-02-19T05:04:00,12.364974,-1.518499
logB-c23e4c99-d72b-4789-9397-006a7d765d4c,2026-02-19T05:04:30,12.364673,-1.518418
logB-c23e4c99-d72b-4789-9397-006a7d765d4c,2026-02-19T05:05:00,12.364341,-1.518355
logB-c23e4c99-d72b-4789-9397-006a7d765d4c,2026-02-19T05:05:30,12.364009,-1.518294
logB-c23e4c99-d72b-4789-9397-006a7d765d4c,2026-02-19T05:06:00,12.363677,-1.518233
logB-c23e4c99-d72b-4789-9397-006a7d765d4c,2026-02-19T05:06:30,12.363345,-1.518172
logB-c23e4c99-d72b-4789-9397-006a7d765d4c,2026-02-19T05:07:00,12.363013,-1.518111
logB-c23e4c99-d72b-4789-9397-006a7d765d4c,2026-02-19T05:07:30,12.362682,-1.518049
logB-c23e4c99-d72b-4789-9397-006a7d765d4c,2026-02-19T05:08:00,12.36235,-1.517985
logB-c23e4c99-d72b-4789-9397-006a7d765d4c,2026-02-19T05:08:30,12.362019,-1.517922
logB-c23e4c99-d72b-4789-9397-006a7d765d4c,2026-02-19T05:09:00,12.361686,-1.517864
logB-c23e4c99-d72b-4789-9397-006a7d765d4c,2026-02-19T05:09:30,12.361354,-1.517805
logB-c23e4c99-d72b-4789-9397-006a7d765d4c,2026-02-19T05:10:00,12.361134,-1.517667
logB-c23e4c99-d72b-4789-9397-006a7d765d4c,2026-02-19T05:10:30,12.361198,-1.517328
logB-c23e4c99-d72b-4789-9397-006a7d765d4c,2026-02-19T05:11:00,12.361263,-1.516989
logB-c23e4c99-d72b-4789-9397-006a7d765d4c,2026-02-19T05:11:30,12.361331,-1.516651
logB-c23e4c99-d72b-4789-9397-006a7d765d4c,2026-02-19T05:12:00,12.361398,-1.516312
logB-c23e4c99-d72b-4789-9397-006a7d765d4c,2026-02-19T05:12:30,12.361403,-1.515982
logB-c23e4c99-d72b-4789-9397-006a7d765d4c,2026-02-19T05:13:00,12.36147,-1.515644
logB-c23e4c99-d72b-4789-9397-006a7d765d4c,2026-02-19T05:13:30,12.361536,-1.515305
logB-c23e4c99-d72b-4789-9397-006a7d765d4c,2026-02-19T05:14:00,12.36147,-1.515001
logB-c23e4c99-d72b-4789-9397-006a7d765d4c,2026-02-19T05:14:30,12.361625,-1.514735
logB-c23e4c99-d72b-4789-9397-006a7d765d4c,2026-02-19T05:15:00,12.361721,-1.51443
securityA-43c3c6c2-08da-4277-b10b-2565d4ab391b,2026-02-19T05:30:00,12.3597,-1.516389
leaderA-dc3bb5ee-282c-411f-96da-eebb88b52ea0,2026-02-19T05:30:00,12.3597,-1.516389
securityA-43c3c6c2-08da-4277-b10b-2565d4ab391b,2026-02-19T05:33:00,12.35969,-1.516429
leaderA-dc3bb5ee-282c-411f-96da-eebb88b52ea0,2026-02-19T05:33:00,12.35969,-1.516429
leaderA-dc3bb5ee-282c-411f-96da-eebb88b52ea0,2026-02-19T05:36:00,12.359703,-1.516397
securityA-43c3c6c2-08da-4277-b10b-2565d4ab391b,2026-02-19T05:36:00,12.359703,-1.516397
leaderA-dc3bb5ee-282c-411f-96da-eebb88b52ea0,2026-02-19T05:39:00,12.359685,-1.516409
securityA-43c3c6c2-08da-4277-b10b-2565d4ab391b,2026-02-19T05:39:00,12.359685,-1.516409
securityA-43c3c6c2-08da-4277-b10b-2565d4ab391b,2026-02-19T05:42:00,12.359725,-1.516403
leaderA-dc3bb5ee-282c-411f-96da-eebb88b52ea0,2026-02-19T05:42:00,12.359725,-1.516403
courierA-5459d08e-e00c-4174-9a21-c4b90ef20a87,2026-02-19T06:00:00,12.359413,-1.51634
courierA-5459d08e-e00c-4174-9a21-c4b90ef20a87,2026-02-19T06:00:30,12.359483,-1.516002
courierA-5459d08e-e00c-4174-9a21-c4b90ef20a87,2026-02-19T06:01:00,12.359666,-1.515843
courierA-5459d08e-e00c-4174-9a21-c4b90ef20a87,2026-02-19T06:01:30,12.359996,-1.515914
courierA-5459d08e-e00c-4174-9a21-c4b90ef20a87,2026-02-19T06:02:00,12.360326,-1.515986
courierA-5459d08e-e00c-4174-9a21-c4b90ef20a87,2026-02-19T06:02:30,12.360656,-1.516057
courierA-5459d08e-e00c-4174-9a21-c4b90ef20a87,2026-02-19T06:03:00,12.360986,-1.516128
courierA-5459d08e-e00c-4174-9a21-c4b90ef20a87,2026-02-19T06:03:30,12.361316,-1.516199
courierA-5459d08e-e00c-4174-9a21-c4b90ef20a87,2026-02-19T06:04:00,12.361417,-1.515912
courierA-5459d08e-e00c-4174-9a21-c4b90ef20a87,2026-02-19T06:04:30,12.361484,-1.515573
courierA-5459d08e-e00c-4174-9a21-c4b90ef20a87,2026-02-19T06:05:00,12.361549,-1.515235
courierA-5459d08e-e00c-4174-9a21-c4b90ef20a87,2026-02-19T06:05:30,12.361465,-1.51493
courierA-5459d08e-e00c-4174-9a21-c4b90ef20a87,2026-02-19T06:06:00,12.361664,-1.514691
courierA-5459d08e-e00c-4174-9a21-c4b90ef20a87,2026-02-19T06:06:30,12.36179,-1.514443
facA-1420f464-9589-439d-bdab-a216790c256e,2026-02-19T06:30:00,12.362892,-1.5225
facA-1420f464-9589-439d-bdab-a216790c256e,2026-02-19T06:33:00,12.362899,-1.522498
facA-1420f464-9589-439d-bdab-a216790c256e,2026-02-19T06:36:00,12.362901,-1.522493
facA-1420f464-9589-439d-bdab-a216790c256e,2026-02-19T06:39:00,12.362908,-1.522509
securityA-43c3c6c2-08da-4277-b10b-2565d4ab391b,2026-02-19T06:54:00,12.359413,-1.51634
leaderA-dc3bb5ee-282c-411f-96da-eebb88b52ea0,2026-02-19T06:54:00,12.359413,-1.51634
securityA-43c3c6c2-08da-4277-b10b-2565d4ab391b,2026-02-19T06:54:30,12.359346,-1.516678
leaderA-dc3bb5ee-282c-411f-96da-eebb88b52ea0,2026-02-19T06:54:30,12.359346,-1.516678
leaderA-dc3bb5ee-282c-411f-96da-eebb88b52ea0,2026-02-19T06:55:00,12.359286,-1.517018
securityA-43c3c6c2-08da-4277-b10b-2565d4ab391b,2026-02-19T06:55:00,12.359286,-1.517018
securityA-43c3c6c2-08da-4277-b10b-2565d4ab391b,2026-02-19T06:55:30,12.359261,-1.517335
leaderA-dc3bb5ee-282c-411f-96da-eebb88b52ea0,2026-02-19T06:55:30,12.359261,-1.517335
leaderA-dc3bb5ee-282c-411f-96da-eebb88b52ea0,2026-02-19T06:56:00,12.359592,-1.517397
securityA-43c3c6c2-08da-4277-b10b-2565d4ab391b,2026-02-19T06:56:00,12.359592,-1.517397
leaderA-dc3bb5ee-282c-411f-96da-eebb88b52ea0,2026-02-19T06:56:30,12.359924,-1.517459
securityA-43c3c6c2-08da-4277-b10b-2565d4ab391b,2026-02-19T06:56:30,12.359924,-1.517459
securityA-43c3c6c2-08da-4277-b10b-2565d4ab391b,2026-02-19T06:57:00,12.360256,-1.517521
leaderA-dc3bb5ee-282c-411f-96da-eebb88b52ea0,2026-02-19T06:57:00,12.360256,-1.517521
leaderA-dc3bb5ee-282c-411f-96da-eebb88b52ea0,2026-02-19T06:57:30,12.360588,-1.517583
securityA-43c3c6c2-08da-4277-b10b-2565d4ab391b,2026-02-19T06:57:30,12.360588,-1.517583
leaderA-dc3bb5ee-282c-411f-96da-eebb88b52ea0,2026-02-19T06:58:00,12.360919,-1.517645
securityA-43c3c6c2-08da-4277-b10b-2565d4ab391b,2026-02-19T06:58:00,12.360919,-1.517645
securityA-43c3c6c2-08da-4277-b10b-2565d4ab391b,2026-02-19T06:58:30,12.361251,-1.517707
leaderA-dc3bb5ee-282c-411f-96da-eebb88b52ea0,2026-02-19T06:58:30,12.361251,-1.517707
securityA-43c3c6c2-08da-4277-b10b-2565d4ab391b,2026-02-19T06:59:00,12.361583,-1.517769
leaderA-dc3bb5ee-282c-411f-96da-eebb88b52ea0,2026-02-19T06:59:00,12.361583,-1.517769
securityA-43c3c6c2-08da-4277-b10b-2565d4ab391b,2026-02-19T06:59:30,12.361915,-1.51783
leaderA-dc3bb5ee-282c-411f-96da-eebb88b52ea0,2026-02-19T06:59:30,12.361915,-1.51783
civ-28e3c926-dff1-4f4d-b198-f41f8e19e995,2026-02-19T07:00:00,12.364028,-1.51556
civ-addbac30-de3f-45dd-be85-15b1d78268a6,2026-02-19T07:00:00,12.363914,-1.515336
civ-8f8b327d-f7f1-42f0-881d-7bdef090ca22,2026-02-19T07:00:00,12.364021,-1.515411
civ-98fa5aea-b48d-4ec3-90a3-4fd760a67d43,2026-02-19T07:00:00,12.364041,-1.515282
civ-5691e709-4e74-4634-a235-53f0b7fdc1a4,2026-02-19T07:00:00,12.36411,-1.515406
civ-b95ce5d9-6ea9-43f3-8605-97b5e39edf6b,2026-02-19T07:00:00,12.363979,-1.515295
civ-50eb3230-3043-4cd0-899b-09dcce2b679f,2026-02-19T07:00:00,12.363927,-1.51555
civ-f0734809-0a5b-49ba-a75a-8269ba71f2b5,2026-02-19T07:00:00,12.363984,-1.515395
civ-d1d4fe5f-4276-4177-86b8-919efbb94268,2026-02-19T07:00:00,12.364014,-1.515228
civ-f97264fd-1dd6-46a6-9f24-fa3fcc029959,2026-02-19T07:00:00,12.363849,-1.515351
civ-a46e336a-1741-44af-97ea-2626d01d79bb,2026-02-19T07:00:00,12.363992,-1.515359
civ-6e58cddb-f066-40fd-93ce-c3f65832b5c8,2026-02-19T07:00:00,12.363953,-1.515404
civ-9075b63e-e97c-46f9-a3c8-69a25b9a59b2,2026-02-19T07:00:00,12.364051,-1.515176
civ-3974acda-5ede-4a9e-96fe-fc5b41e9ccb8,2026-02-19T07:00:00,12.364058,-1.515461
civ-6c74c49f-2f8e-47db-8aaf-88e9d0df43af,2026-02-19T07:00:00,12.363969,-1.515433
civ-ff1c2d5f-d775-493c-b6ab-9c17941d7bec,2026-02-19T07:00:00,12.363894,-1.515499
civ-6c79e796-ecf0-4148-b577-e9ad6440d378,2026-02-19T07:00:00,12.364099,-1.515392
civ-a7217225-2ed7-48cc-adcf-8dc24e2e26ca,2026-02-19T07:00:00,12.363953,-1.515417
leaderA-dc3bb5ee-282c-411f-96da-eebb88b52ea0,2026-02-19T07:00:00,12.362247,-1.517892
civ-902ba6f8-d9fc-4e14-b688-ec82da41979a,2026-02-19T07:00:00,12.363932,-1.515319
civ-c5b89f4a-301f-4bd7-a8c6-ea9e76c9ec39,2026-02-19T07:00:00,12.36302,-1.522478
civ-b7ade4b1-efaa-4c82-abc5-c082489bbbda,2026-02-19T07:00:00,12.362997,-1.522407
civ-8ffb5ba4-8ed5-4232-85b9-74e53326acac,2026-02-19T07:00:00,12.362977,-1.522527
civ-08f553a5-8d10-425f-b874-effebb22696e,2026-02-19T07:00:00,12.362808,-1.522485
civ-abe9e5ae-33f8-455b-94d7-251c01e28121,2026-02-19T07:00:00,12.36296,-1.522489
civ-f211312e-29cd-440b-9cda-df5286cb33d5,2026-02-19T07:00:00,12.362863,-1.522405
civ-25524df0-5d0a-4a0b-badc-d060d9ca5fce,2026-02-19T07:00:00,12.362919,-1.522559
civ-d11dee26-622c-4794-8082-e83cc3669e65,2026-02-19T07:00:00,12.362864,-1.522583
civ-e168cc87-834e-4216-ab10-ea7082951513,2026-02-19T07:00:00,12.362946,-1.522433
civ-a72783df-0935-4184-8ddf-61250436eabf,2026-02-19T07:00:00,12.362826,-1.522527
civ-6019542f-0a95-4df4-ac20-84db8b0d4965,2026-02-19T07:00:00,12.362872,-1.522573
civ-16b71512-5113-4210-af4e-192c34f150d2,2026-02-19T07:00:00,12.362948,-1.522457
civ-817aea10-d8c8-4f4d-91ac-c942746db448,2026-02-19T07:00:00,12.362778,-1.522581
courierA-5459d08e-e00c-4174-9a21-c4b90ef20a87,2026-02-19T07:00:00,12.362507,-1.513117
civ-0175d933-63b0-45ad-9842-f76cc38eebc8,2026-02-19T07:00:00,12.362823,-1.522501
civ-c8e5a796-0357-461a-9fbc-1a1feacc1b46,2026-02-19T07:00:00,12.362841,-1.522588
civ-dd1cfc06-4257-4c11-bfc6-deba61e573e5,2026-02-19T07:00:00,12.362916,-1.522454
civ-66ad54ac-d4e0-48a7-a744-9ba4f026802e,2026-02-19T07:00:00,12.362844,-1.522384
civ-7c95c7d0-3447-48bb-8373-69ea557b10d5,2026-02-19T07:00:00,12.362946,-1.522534
civ-0b976539-e23a-407e-be73-67ef6f5efabb,2026-02-19T07:00:00,12.362839,-1.522466
civ-c415db65-0d03-48b8-a068-993b84a8b571,2026-02-19T07:00:00,12.363991,-1.515378
securityA-43c3c6c2-08da-4277-b10b-2565d4ab391b,2026-02-19T07:00:00,12.362247,-1.517892
civ-529d4c45-8650-417f-9170-92c3400a8a0d,2026-02-19T07:00:00,12.362859,-1.522509
securityA-43c3c6c2-08da-4277-b10b-2565d4ab391b,2026-02-19T07:00:30,12.362578,-1.517955
leaderA-dc3bb5ee-282c-411f-96da-eebb88b52ea0,2026-02-19T07:00:30,12.362578,-1.517955
securityA-43c3c6c2-08da-4277-b10b-2565d4ab391b,2026-02-19T07:01:00,12.36291,-1.518018
leaderA-dc3bb5ee-282c-411f-96da-eebb88b52ea0,2026-02-19T07:01:00,12.36291,-1.518018
securityA-43c3c6c2-08da-4277-b10b-2565d4ab391b,2026-02-19T07:01:30,12.363093,-1.51786
leaderA-dc3bb5ee-282c-411f-96da-eebb88b52ea0,2026-02-19T07:01:30,12.363093,-1.51786
securityA-43c3c6c2-08da-4277-b10b-2565d4ab391b,2026-02-19T07:02:00,12.363154,-1.517521
leaderA-dc3bb5ee-282c-411f-96da-eebb88b52ea0,2026-02-19T07:02:00,12.363154,-1.517521
leaderA-dc3bb5ee-282c-411f-96da-eebb88b52ea0,2026-02-19T07:02:30,12.363213,-1.517181
securityA-43c3c6c2-08da-4277-b10b-2565d4ab391b,2026-02-19T07:02:30,12.363213,-1.517181
securityA-43c3c6c2-08da-4277-b10b-2565d4ab391b,2026-02-19T07:03:00,12.363281,-1.516843
courierA-5459d08e-e00c-4174-9a21-c4b90ef20a87,2026-02-19T07:03:00,12.362506,-1.513107
leaderA-dc3bb5ee-282c-411f-96da-eebb88b52ea0,2026-02-19T07:03:00,12.363281,-1.516843
securityA-43c3c6c2-08da-4277-b10b-2565d4ab391b,2026-02-19T07:03:30,12.363349,-1.516504
leaderA-dc3bb5ee-282c-411f-96da-eebb88b52ea0,2026-02-19T07:03:30,12.363349,-1.516504
leaderA-dc3bb5ee-282c-411f-96da-eebb88b52ea0,2026-02-19T07:04:00,12.363412,-1.516165
securityA-43c3c6c2-08da-4277-b10b-2565d4ab391b,2026-02-19T07:04:00,12.363412,-1.516165
leaderA-dc3bb5ee-282c-411f-96da-eebb88b52ea0,2026-02-19T07:04:30,12.363487,-1.515829
securityA-43c3c6c2-08da-4277-b10b-2565d4ab391b,2026-02-19T07:04:30,12.363487,-1.515829
leaderA-dc3bb5ee-282c-411f-96da-eebb88b52ea0,2026-02-19T07:05:00,12.363562,-1.515492
securityA-43c3c6c2-08da-4277-b10b-2565d4ab391b,2026-02-19T07:05:00,12.363562,-1.515492
courierA-5459d08e-e00c-4174-9a21-c4b90ef20a87,2026-02-19T07:06:00,12.362503,-1.513102
logB-c23e4c99-d72b-4789-9397-006a7d765d4c,2026-02-19T08:00:00,12.362501,-1.513101
securityB-12f2e631-90a7-4ce7-87f7-c377db45e99c,2026-02-19T08:00:00,12.364466,-1.521212
leaderB-579ff0e7-77e4-4b16-9220-59c2c36ecc12,2026-02-19T08:00:00,12.364466,-1.521212
leaderB-579ff0e7-77e4-4b16-9220-59c2c36ecc12,2026-02-19T08:00:30,12.364527,-1.520872
securityB-12f2e631-90a7-4ce7-87f7-c377db45e99c,2026-02-19T08:00:30,12.364527,-1.520872
leaderB-579ff0e7-77e4-4b16-9220-59c2c36ecc12,2026-02-19T08:01:00,12.364588,-1.520533
securityB-12f2e631-90a7-4ce7-87f7-c377db45e99c,2026-02-19T08:01:00,12.364588,-1.520533
securityB-12f2e631-90a7-4ce7-87f7-c377db45e99c,2026-02-19T08:01:30,12.364651,-1.520194
leaderB-579ff0e7-77e4-4b16-9220-59c2c36ecc12,2026-02-19T08:01:30,12.364651,-1.520194
securityB-12f2e631-90a7-4ce7-87f7-c377db45e99c,2026-02-19T08:02:00,12.364714,-1.519855
leaderB-579ff0e7-77e4-4b16-9220-59c2c36ecc12,2026-02-19T08:02:00,12.364714,-1.519855
securityB-12f2e631-90a7-4ce7-87f7-c377db45e99c,2026-02-19T08:02:30,12.364775,-1.519515
leaderB-579ff0e7-77e4-4b16-9220-59c2c36ecc12,2026-02-19T08:02:30,12.364775,-1.519515
leaderB-579ff0e7-77e4-4b16-9220-59c2c36ecc12,2026-02-19T08:03:00,12.364843,-1.519177
logB-c23e4c99-d72b-4789-9397-006a7d765d4c,2026-02-19T08:03:00,12.362496,-1.513107
securityB-12f2e631-90a7-4ce7-87f7-c377db45e99c,2026-02-19T08:03:00,12.364843,-1.519177
leaderB-579ff0e7-77e4-4b16-9220-59c2c36ecc12,2026-02-19T08:03:30,12.36491,-1.518838
securityB-12f2e631-90a7-4ce7-87f7-c377db45e99c,2026-02-19T08:03:30,12.36491,-1.518838
leaderB-579ff0e7-77e4-4b16-9220-59c2c36ecc12,2026-02-19T08:04:00,12.364974,-1.518499
securityB-12f2e631-90a7-4ce7-87f7-c377db45e99c,2026-02-19T08:04:00,12.364974,-1.518499
leaderB-579ff0e7-77e4-4b16-9220-59c2c36ecc12,2026-02-19T08:04:30,12.364673,-1.518418
securityB-12f2e631-90a7-4ce7-87f7-c377db45e99c,2026-02-19T08:04:30,12.364673,-1.518418
securityB-12f2e631-90a7-4ce7-87f7-c377db45e99c,2026-02-19T08:05:00,12.364341,-1.518355
leaderB-579ff0e7-77e4-4b16-9220-59c2c36ecc12,2026-02-19T08:05:00,12.364341,-1.518355
leaderB-579ff0e7-77e4-4b16-9220-59c2c36ecc12,2026-02-19T08:05:30,12.364009,-1.518294
securityB-12f2e631-90a7-4ce7-87f7-c377db45e99c,2026-02-19T08:05:30,12.364009,-1.518294
logB-c23e4c99-d72b-4789-9397-006a7d765d4c,2026-02-19T08:06:00,12.362494,-1.513112
securityB-12f2e631-90a7-4ce7-87f7-c377db45e99c,2026-02-19T08:06:00,12.363677,-1.518233
leaderB-579ff0e7-77e4-4b16-9220-59c2c36ecc12,2026-02-19T08:06:00,12.363677,-1.518233
leaderB-579ff0e7-77e4-4b16-9220-59c2c36ecc12,2026-02-19T08:06:30,12.363345,-1.518172
securityB-12f2e631-90a7-4ce7-87f7-c377db45e99c,2026-02-19T08:06:30,12.363345,-1.518172
securityB-12f2e631-90a7-4ce7-87f7-c377db45e99c,2026-02-19T08:07:00,12.363013,-1.518111
leaderB-579ff0e7-77e4-4b16-9220-59c2c36ecc12,2026-02-19T08:07:00,12.363013,-1.518111
securityB-12f2e631-90a7-4ce7-87f7-c377db45e99c,2026-02-19T08:07:30,12.362682,-1.518049
leaderB-579ff0e7-77e4-4b16-9220-59c2c36ecc12,2026-02-19T08:07:30,12.362682,-1.518049
securityB-12f2e631-90a7-4ce7-87f7-c377db45e99c,2026-02-19T08:08:00,12.36235,-1.517985
leaderB-579ff0e7-77e4-4b16-9220-59c2c36ecc12,2026-02-19T08:08:00,12.36235,-1.517985
securityB-12f2e631-90a7-4ce7-87f7-c377db45e99c,2026-02-19T08:08:30,12.362019,-1.517922
leaderB-579ff0e7-77e4-4b16-9220-59c2c36ecc12,2026-02-19T08:08:30,12.362019,-1.517922
logB-c23e4c99-d72b-4789-9397-006a7d765d4c,2026-02-19T08:09:00,12.362499,-1.513115
securityB-12f2e631-90a7-4ce7-87f7-c377db45e99c,2026-02-19T08:09:00,12.361686,-1.517864
leaderB-579ff0e7-77e4-4b16-9220-59c2c36ecc12,2026-02-19T08:09:00,12.361686,-1.517864
securityB-12f2e631-90a7-4ce7-87f7-c377db45e99c,2026-02-19T08:09:30,12.361354,-1.517805
leaderB-579ff0e7-77e4-4b16-9220-59c2c36ecc12,2026-02-19T08:09:30,12.361354,-1.517805
securityB-12f2e631-90a7-4ce7-87f7-c377db45e99c,2026-02-19T08:10:00,12.361134,-1.517667
leaderB-579ff0e7-77e4-4b16-9220-59c2c36ecc12,2026-02-19T08:10:00,12.361134,-1.517667
securityB-12f2e631-90a7-4ce7-87f7-c377db45e99c,2026-02-19T08:10:30,12.361198,-1.517328
leaderB-579ff0e7-77e4-4b16-9220-59c2c36ecc12,2026-02-19T08:10:30,12.361198,-1.517328
securityB-12f2e631-90a7-4ce7-87f7-c377db45e99c,2026-02-19T08:11:00,12.361263,-1.516989
leaderB-579ff0e7-77e4-4b16-9220-59c2c36ecc12,2026-02-19T08:11:00,12.361263,-1.516989
leaderB-579ff0e7-77e4-4b16-9220-59c2c36ecc12,2026-02-19T08:11:30,12.361331,-1.516651
securityB-12f2e631-90a7-4ce7-87f7-c377db45e99c,2026-02-19T08:11:30,12.361331,-1.516651
logB-c23e4c99-d72b-4789-9397-006a7d765d4c,2026-02-19T08:12:00,12.362502,-1.5131
securityB-12f2e631-90a7-4ce7-87f7-c377db45e99c,2026-02-19T08:12:00,12.361398,-1.516312
leaderB-579ff0e7-77e4-4b16-9220-59c2c36ecc12,2026-02-19T08:12:00,12.361398,-1.516312
leaderB-579ff0e7-77e4-4b16-9220-59c2c36ecc12,2026-02-19T08:12:30,12.361403,-1.515982
securityB-12f2e631-90a7-4ce7-87f7-c377db45e99c,2026-02-19T08:12:30,12.361403,-1.515982
leaderB-579ff0e7-77e4-4b16-9220-59c2c36ecc12,2026-02-19T08:13:00,12.36147,-1.515644
securityB-12f2e631-90a7-4ce7-87f7-c377db45e99c,2026-02-19T08:13:00,12.36147,-1.515644
securityB-12f2e631-90a7-4ce7-87f7-c377db45e99c,2026-02-19T08:13:30,12.361536,-1.515305
leaderB-579ff0e7-77e4-4b16-9220-59c2c36ecc12,2026-02-19T08:13:30,12.361536,-1.515305
leaderB-579ff0e7-77e4-4b16-9220-59c2c36ecc12,2026-02-19T08:14:00,12.36147,-1.515001
securityB-12f2e631-90a7-4ce7-87f7-c377db45e99c,2026-02-19T08:14:00,12.36147,-1.515001
securityB-12f2e631-90a7-4ce7-87f7-c377db45e99c,2026-02-19T08:14:30,12.361625,-1.514735
leaderB-579ff0e7-77e4-4b16-9220-59c2c36ecc12,2026-02-19T08:14:30,12.361625,-1.514735
securityB-12f2e631-90a7-4ce7-87f7-c377db45e99c,2026-02-19T08:15:00,12.361721,-1.51443
leaderB-579ff0e7-77e4-4b16-9220-59c2c36ecc12,2026-02-19T08:15:00,12.361721,-1.51443
leaderB-579ff0e7-77e4-4b16-9220-59c2c36ecc12,2026-02-19T09:00:00,12.362512,-1.513106
securityB-12f2e631-90a7-4ce7-87f7-c377db45e99c,2026-02-19T09:00:00,12.362512,-1.513106
propB-775f6ffc-da47-48c0-82b1-4fe100d5ee88,2026-02-19T09:00:00,12.359001,-1.520905
securityB-12f2e631-90a7-4ce7-87f7-c377db45e99c,2026-02-19T09:03:00,12.362493,-1.513099
propB-775f6ffc-da47-48c0-82b1-4fe100d5ee88,2026-02-19T09:03:00,12.359028,-1.520888
leaderB-579ff0e7-77e4-4b16-9220-59c2c36ecc12,2026-02-19T09:03:00,12.362493,-1.513099
propB-775f6ffc-da47-48c0-82b1-4fe100d5ee88,2026-02-19T09:06:00,12.358989,-1.520898
securityB-12f2e631-90a7-4ce7-87f7-c377db45e99c,2026-02-19T09:06:00,12.362506,-1.513101
leaderB-579ff0e7-77e4-4b16-9220-59c2c36ecc12,2026-02-19T09:06:00,12.362506,-1.513101
propB-775f6ffc-da47-48c0-82b1-4fe100d5ee88,2026-02-19T09:09:00,12.358995,-1.520909
securityB-12f2e631-90a7-4ce7-87f7-c377db45e99c,2026-02-19T09:09:00,12.36251,-1.513095
leaderB-579ff0e7-77e4-4b16-9220-59c2c36ecc12,2026-02-19T09:09:00,12.36251,-1.513095
securityA-43c3c6c2-08da-4277-b10b-2565d4ab391b,2026-02-19T09:30:00,12.364007,-1.515406
leaderA-dc3bb5ee-282c-411f-96da-eebb88b52ea0,2026-02-19T09:30:00,12.364007,-1.515406
securityA-43c3c6c2-08da-4277-b10b-2565d4ab391b,2026-02-19T09:45:00,12.363981,-1.515402
leaderA-dc3bb5ee-282c-411f-96da-eebb88b52ea0,2026-02-19T09:45:00,12.363981,-1.515402
securityA-43c3c6c2-08da-4277-b10b-2565d4ab391b,2026-02-19T10:00:00,12.363998,-1.515404
leaderA-dc3bb5ee-282c-411f-96da-eebb88b52ea0,2026-02-19T10:00:00,12.363998,-1.515404
leaderA-dc3bb5ee-282c-411f-96da-eebb88b52ea0,2026-02-19T10:15:00,12.363999,-1.515398
securityA-43c3c6c2-08da-4277-b10b-2565d4ab391b,2026-02-19T10:15:00,12.363999,-1.515398
leaderA-dc3bb5ee-282c-411f-96da-eebb88b52ea0,2026-02-19T10:30:00,12.363999,-1.515411
securityA-43c3c6c2-08da-4277-b10b-2565d4ab391b,2026-02-19T10:30:00,12.363999,-1.515411
securityA-43c3c6c2-08da-4277-b10b-2565d4ab391b,2026-02-19T10:45:00,12.364004,-1.515418
leaderA-dc3bb5ee-282c-411f-96da-eebb88b52ea0,2026-02-19T10:45:00,12.364004,-1.515418
securityB-12f2e631-90a7-4ce7-87f7-c377db45e99c,2026-02-19T11:00:00,12.361831,-1.514451
leaderB-579ff0e7-77e4-4b16-9220-59c2c36ecc12,2026-02-19T11:00:00,12.361831,-1.514451
securityB-12f2e631-90a7-4ce7-87f7-c377db45e99c,2026-02-19T11:00:30,12.361806,-1.514771
leaderB-579ff0e7-77e4-4b16-9220-59c2c36ecc12,2026-02-19T11:00:30,12.361806,-1.514771
securityB-12f2e631-90a7-4ce7-87f7-c377db45e99c,2026-02-19T11:01:00,12.361843,-1.515081
leaderB-579ff0e7-77e4-4b16-9220-59c2c36ecc12,2026-02-19T11:01:00,12.361843,-1.515081
securityB-12f2e631-90a7-4ce7-87f7-c377db45e99c,2026-02-19T11:01:30,12.361661,-1.515329
leaderB-579ff0e7-77e4-4b16-9220-59c2c36ecc12,2026-02-19T11:01:30,12.361661,-1.515329
securityB-12f2e631-90a7-4ce7-87f7-c377db45e99c,2026-02-19T11:02:00,12.36159,-1.515666
leaderB-579ff0e7-77e4-4b16-9220-59c2c36ecc12,2026-02-19T11:02:00,12.36159,-1.515666
leaderB-579ff0e7-77e4-4b16-9220-59c2c36ecc12,2026-02-19T11:02:30,12.361521,-1.516004
securityB-12f2e631-90a7-4ce7-87f7-c377db45e99c,2026-02-19T11:02:30,12.361521,-1.516004
leaderB-579ff0e7-77e4-4b16-9220-59c2c36ecc12,2026-02-19T11:03:00,12.361398,-1.516308
securityB-12f2e631-90a7-4ce7-87f7-c377db45e99c,2026-02-19T11:03:00,12.361398,-1.516308
leaderB-579ff0e7-77e4-4b16-9220-59c2c36ecc12,2026-02-19T11:03:30,12.361331,-1.516647
securityB-12f2e631-90a7-4ce7-87f7-c377db45e99c,2026-02-19T11:03:30,12.361331,-1.516647
securityB-12f2e631-90a7-4ce7-87f7-c377db45e99c,2026-02-19T11:04:00,12.361264,-1.516985
leaderB-579ff0e7-77e4-4b16-9220-59c2c36ecc12,2026-02-19T11:04:00,12.361264,-1.516985
leaderB-579ff0e7-77e4-4b16-9220-59c2c36ecc12,2026-02-19T11:04:30,12.361199,-1.517324
securityB-12f2e631-90a7-4ce7-87f7-c377db45e99c,2026-02-19T11:04:30,12.361199,-1.517324
securityB-12f2e631-90a7-4ce7-87f7-c377db45e99c,2026-02-19T11:05:00,12.361135,-1.517663
leaderB-579ff0e7-77e4-4b16-9220-59c2c36ecc12,2026-02-19T11:05:00,12.361135,-1.517663
securityB-12f2e631-90a7-4ce7-87f7-c377db45e99c,2026-02-19T11:05:30,12.361441,-1.517742
leaderB-579ff0e7-77e4-4b16-9220-59c2c36ecc12,2026-02-19T11:05:30,12.361441,-1.517742
securityB-12f2e631-90a7-4ce7-87f7-c377db45e99c,2026-02-19T11:06:00,12.361773,-1.517804
leaderB-579ff0e7-77e4-4b16-9220-59c2c36ecc12,2026-02-19T11:06:00,12.361773,-1.517804
leaderB-579ff0e7-77e4-4b16-9220-59c2c36ecc12,2026-02-19T11:06:30,12.362105,-1.517865
securityB-12f2e631-90a7-4ce7-87f7-c377db45e99c,2026-02-19T11:06:30,12.362105,-1.517865
leaderB-579ff0e7-77e4-4b16-9220-59c2c36ecc12,2026-02-19T11:07:00,12.362436,-1.517928
securityB-12f2e631-90a7-4ce7-87f7-c377db45e99c,2026-02-19T11:07:00,12.362436,-1.517928
securityB-12f2e631-90a7-4ce7-87f7-c377db45e99c,2026-02-19T11:07:30,12.362768,-1.517991
leaderB-579ff0e7-77e4-4b16-9220-59c2c36ecc12,2026-02-19T11:07:30,12.362768,-1.517991
leaderB-579ff0e7-77e4-4b16-9220-59c2c36ecc12,2026-02-19T11:08:00,12.3631,-1.518054
securityB-12f2e631-90a7-4ce7-87f7-c377db45e99c,2026-02-19T11:08:00,12.3631,-1.518054
securityB-12f2e631-90a7-4ce7-87f7-c377db45e99c,2026-02-19T11:08:30,12.363431,-1.518117
leaderB-579ff0e7-77e4-4b16-9220-59c2c36ecc12,2026-02-19T11:08:30,12.363431,-1.518117
securityB-12f2e631-90a7-4ce7-87f7-c377db45e99c,2026-02-19T11:09:00,12.363763,-1.51818
leaderB-579ff0e7-77e4-4b16-9220-59c2c36ecc12,2026-02-19T11:09:00,12.363763,-1.51818
securityB-12f2e631-90a7-4ce7-87f7-c377db45e99c,2026-02-19T11:09:30,12.364095,-1.518242
leaderB-579ff0e7-77e4-4b16-9220-59c2c36ecc12,2026-02-19T11:09:30,12.364095,-1.518242
leaderB-579ff0e7-77e4-4b16-9220-59c2c36ecc12,2026-02-19T11:10:00,12.364427,-1.518301
securityB-12f2e631-90a7-4ce7-87f7-c377db45e99c,2026-02-19T11:10:00,12.364427,-1.518301
leaderB-579ff0e7-77e4-4b16-9220-59c2c36ecc12,2026-02-19T11:10:30,12.364759,-1.518362
securityB-12f2e631-90a7-4ce7-87f7-c377db45e99c,2026-02-19T11:10:30,12.364759,-1.518362
securityB-12f2e631-90a7-4ce7-87f7-c377db45e99c,2026-02-19T11:11:00,12.364973,-1.518506
leaderB-579ff0e7-77e4-4b16-9220-59c2c36ecc12,2026-02-19T11:11:00,12.364973,-1.518506
leaderB-579ff0e7-77e4-4b16-9220-59c2c36ecc12,2026-02-19T11:11:30,12.364908,-1.518845
securityB-12f2e631-90a7-4ce7-87f7-c377db45e99c,2026-02-19T11:11:30,12.364908,-1.518845
securityB-12f2e631-90a7-4ce7-87f7-c377db45e99c,2026-02-19T11:12:00,12.364842,-1.519183
leaderB-579ff0e7-77e4-4b16-9220-59c2c36ecc12,2026-02-19T11:12:00,12.364842,-1.519183
securityB-12f2e631-90a7-4ce7-87f7-c377db45e99c,2026-02-19T11:12:30,12.364774,-1.519521
leaderB-579ff0e7-77e4-4b16-9220-59c2c36ecc12,2026-02-19T11:12:30,12.364774,-1.519521
securityB-12f2e631-90a7-4ce7-87f7-c377db45e99c,2026-02-19T11:13:00,12.364713,-1.519861
leaderB-579ff0e7-77e4-4b16-9220-59c2c36ecc12,2026-02-19T11:13:00,12.364713,-1.519861
securityB-12f2e631-90a7-4ce7-87f7-c377db45e99c,2026-02-19T11:13:30,12.36465,-1.5202
leaderB-579ff0e7-77e4-4b16-9220-59c2c36ecc12,2026-02-19T11:13:30,12.36465,-1.5202
securityB-12f2e631-90a7-4ce7-87f7-c377db45e99c,2026-02-19T11:14:00,12.364587,-1.520539
leaderB-579ff0e7-77e4-4b16-9220-59c2c36ecc12,2026-02-19T11:14:00,12.364587,-1.520539
securityB-12f2e631-90a7-4ce7-87f7-c377db45e99c,2026-02-19T11:14:30,12.364526,-1.520879
leaderB-579ff0e7-77e4-4b16-9220-59c2c36ecc12,2026-02-19T11:14:30,12.364526,-1.520879
courierA-5459d08e-e00c-4174-9a21-c4b90ef20a87,2026-02-19T14:00:00,12.359413,-1.51634
propB-775f6ffc-da47-48c0-82b1-4fe100d5ee88,2026-02-19T14:00:00,12.362888,-1.522496
leaderB-579ff0e7-77e4-4b16-9220-59c2c36ecc12,2026-02-19T14:00:00,12.35898,-1.520905
securityB-12f2e631-90a7-4ce7-87f7-c377db45e99c,2026-02-19T14:00:00,12.35898,-1.520905
courierA-5459d08e-e00c-4174-9a21-c4b90ef20a87,2026-02-19T14:00:30,12.359346,-1.516678
courierA-5459d08e-e00c-4174-9a21-c4b90ef20a87,2026-02-19T14:01:00,12.359286,-1.517018
courierA-5459d08e-e00c-4174-9a21-c4b90ef20a87,2026-02-19T14:01:30,12.359261,-1.517335
courierA-5459d08e-e00c-4174-9a21-c4b90ef20a87,2026-02-19T14:02:00,12.359592,-1.517397
courierA-5459d08e-e00c-4174-9a21-c4b90ef20a87,2026-02-19T14:02:30,12.359924,-1.517459
securityB-12f2e631-90a7-4ce7-87f7-c377db45e99c,2026-02-19T14:03:00,12.358995,-1.520896
leaderB-579ff0e7-77e4-4b16-9220-59c2c36ecc12,2026-02-19T14:03:00,12.358995,-1.520896
courierA-5459d08e-e00c-4174-9a21-c4b90ef20a87,2026-02-19T14:03:00,12.360256,-1.517521
propB-775f6ffc-da47-48c0-82b1-4fe100d5ee88,2026-02-19T14:03:00,12.362894,-1.522491
courierA-5459d08e-e00c-4174-9a21-c4b90ef20a87,2026-02-19T14:03:30,12.360588,-1.517583
courierA-5459d08e-e00c-4174-9a21-c4b90ef20a87,2026-02-19T14:04:00,12.360919,-1.517645
courierA-5459d08e-e00c-4174-9a21-c4b90ef20a87,2026-02-19T14:04:30,12.361251,-1.517707
courierA-5459d08e-e00c-4174-9a21-c4b90ef20a87,2026-02-19T14:05:00,12.361583,-1.517769
courierA-5459d08e-e00c-4174-9a21-c4b90ef20a87,2026-02-19T14:05:30,12.361915,-1.51783
securityB-12f2e631-90a7-4ce7-87f7-c377db45e99c,2026-02-19T14:06:00,12.358976,-1.520877
propB-775f6ffc-da47-48c0-82b1-4fe100d5ee88,2026-02-19T14:06:00,12.362909,-1.522488
leaderB-579ff0e7-77e4-4b16-9220-59c2c36ecc12,2026-02-19T14:06:00,12.358976,-1.520877
courierA-5459d08e-e00c-4174-9a21-c4b90ef20a87,2026-02-19T14:06:00,12.362247,-1.517892
courierA-5459d08e-e00c-4174-9a21-c4b90ef20a87,2026-02-19T14:06:30,12.362578,-1.517955
courierA-5459d08e-e00c-4174-9a21-c4b90ef20a87,2026-02-19T14:07:00,12.36291,-1.518018
courierA-5459d08e-e00c-4174-9a21-c4b90ef20a87,2026-02-19T14:07:30,12.363093,-1.51786
courierA-5459d08e-e00c-4174-9a21-c4b90ef20a87,2026-02-19T14:08:00,12.363154,-1.517521
courierA-5459d08e-e00c-4174-9a21-c4b90ef20a87,2026-02-19T14:08:30,12.363213,-1.517181
courierA-5459d08e-e00c-4174-9a21-c4b90ef20a87,2026-02-19T14:09:00,12.363281,-1.516843
leaderB-579ff0e7-77e4-4b16-9220-59c2c36ecc12,2026-02-19T14:09:00,12.359005,-1.520899
securityB-12f2e631-90a7-4ce7-87f7-c377db45e99c,2026-02-19T14:09:00,12.359005,-1.520899
courierA-5459d08e-e00c-4174-9a21-c4b90ef20a87,2026-02-19T14:09:30,12.363349,-1.516504
courierA-5459d08e-e00c-4174-9a21-c4b90ef20a87,2026-02-19T14:10:00,12.363412,-1.516165
courierA-5459d08e-e00c-4174-9a21-c4b90ef20a87,2026-02-19T14:10:30,12.363487,-1.515829
courierA-5459d08e-e00c-4174-9a21-c4b90ef20a87,2026-02-19T14:11:00,12.363562,-1.515492
leaderB-579ff0e7-77e4-4b16-9220-59c2c36ecc12,2026-02-19T14:12:00,12.359011,-1.520879
securityB-12f2e631-90a7-4ce7-87f7-c377db45e99c,2026-02-19T14:12:00,12.359011,-1.520879
securityB-12f2e631-90a7-4ce7-87f7-c377db45e99c,2026-02-19T14:15:00,12.359008,-1.520891
leaderB-579ff0e7-77e4-4b16-9220-59c2c36ecc12,2026-02-19T14:15:00,12.359008,-1.520891
facA-1420f464-9589-439d-bdab-a216790c256e,2026-02-19T14:30:00,12.364008,-1.515411
facA-1420f464-9589-439d-bdab-a216790c256e,2026-02-19T14:33:00,12.364005,-1.515394
facA-1420f464-9589-439d-bdab-a216790c256e,2026-02-19T14:36:00,12.363983,-1.515399
facA-1420f464-9589-439d-bdab-a216790c256e,2026-02-19T14:39:00,12.363996,-1.515407
civ-b345090e-71fc-4856-888f-c7870791f873,2026-02-19T15:00:00,12.364006,-1.515437
civ-56d57c40-9b16-4919-80de-fca886c4ed7b,2026-02-19T15:00:00,12.362942,-1.522398
civ-7d88797f-9688-4565-aff8-74438cae022b,2026-02-19T15:00:00,12.364036,-1.515522
civ-6e8c15e7-44ee-4e67-a09a-1c117f15c68b,2026-02-19T15:00:00,12.364117,-1.515372
civ-e3f6f946-2a60-4588-9d41-234415dd8b0d,2026-02-19T15:00:00,12.364052,-1.515228
civ-8fe77ebf-800b-4b50-be7b-b7894ae1f75b,2026-02-19T15:00:00,12.362932,-1.522536
civ-649af8de-2a08-49ff-884a-a7b5e2570403,2026-02-19T15:00:00,12.364053,-1.515361
civ-706351a8-56cd-4422-ae4f-ad498484132f,2026-02-19T15:00:00,12.363911,-1.51531
civ-926fc9c5-4c9d-476e-8478-583cdb1da5f2,2026-02-19T15:00:00,12.364093,-1.515399
civ-2cb52a32-781b-4e3f-b2d2-22590a3379ad,2026-02-19T15:00:00,12.363926,-1.515432
civ-5d30c7e9-eaeb-486b-be31-5462ae06ab87,2026-02-19T15:00:00,12.364157,-1.515449
civ-ea45e0f1-07d4-4bc7-b11a-005546ebfa01,2026-02-19T15:00:00,12.362868,-1.522483
civ-2bac48df-9662-4ec9-9484-f7bb6a222e74,2026-02-19T15:00:00,12.362979,-1.522658
civ-46c42543-d0ee-4151-bd3f-63ee02cb1a88,2026-02-19T15:00:00,12.364164,-1.515489
civ-802ec9df-617c-4290-82bc-d49ddba3025e,2026-02-19T15:00:00,12.362877,-1.522574
civ-fe44dbbc-0014-4c55-824f-b74bf3e4668f,2026-02-19T15:00:00,12.362896,-1.522464
civ-487efac6-6e39-4e57-b901-6b83863bde60,2026-02-19T15:00:00,12.362886,-1.522424
civ-72f2d4fb-1b54-4cf2-a79b-6fdc988a834d,2026-02-19T15:00:00,12.362924,-1.5226
civ-080ff892-f865-42e5-bf87-c911c6ada6e4,2026-02-19T15:00:00,12.362957,-1.52243
civ-53f31f80-71f3-44fb-bf94-e1a3f6b5697b,2026-02-19T15:00:00,12.362917,-1.52241
civ-8e47cb06-8cdb-43bf-a573-f21eab2ede79,2026-02-19T15:00:00,12.362807,-1.52251
civ-7bafd2fa-fc26-4865-84c5-401424fbd3df,2026-02-19T15:00:00,12.362872,-1.522469
civ-14a7b42d-e0a6-4731-8a22-2a7674c4a151,2026-02-19T15:00:00,12.362906,-1.522552
civ-8048815b-8f56-4dd1-88ca-c105adc82510,2026-02-19T15:00:00,12.362942,-1.522515
civ-6e0c2ec0-8eae-4f28-b3ec-a23c06decf02,2026-02-19T15:00:00,12.362971,-1.522601
civ-cc065886-93d0-4147-bc29-85872a0229cf,2026-02-19T15:00:00,12.3629,-1.522411
civ-83d1d130-bee4-468d-82f7-1d7896035478,2026-02-19T15:00:00,12.362867,-1.522461
civ-0f8c6e72-ec04-4e3a-9c4c-e84f7fa919fd,2026-02-19T15:00:00,12.36301,-1.522419
civ-f5df4a90-0679-4fb8-a368-5834c2ed8aee,2026-02-19T15:00:00,12.362847,-1.522596
civ-e6502351-f020-413b-b2b4-dfbee90a7ab7,2026-02-19T15:00:00,12.363987,-1.515515
civ-02da199a-35cb-4762-bf98-0b1adf1b1734,2026-02-19T15:00:00,12.363026,-1.522425
civ-c3adfa76-cee5-4ec5-9714-66b7bb8c1591,2026-02-19T15:00:00,12.364011,-1.515371
civ-bb31d00c-1562-4cd3-b8e7-41296595c893,2026-02-19T15:00:00,12.363848,-1.515253
civ-5f8a29f2-c972-4e46-b5a3-64f0d8995117,2026-02-19T15:00:00,12.364001,-1.515417
civ-d17f4183-c42a-47a3-9f3e-687b01dccb48,2026-02-19T15:00:00,12.364115,-1.515347
civ-37bf891f-74f5-4c83-acf6-0817c411c0aa,2026-02-19T15:00:00,12.363947,-1.51541
courierA-5459d08e-e00c-4174-9a21-c4b90ef20a87,2026-02-19T15:00:00,12.364012,-1.515408
civ-b36e60cb-dfbf-4e0d-852d-602d9a1f8176,2026-02-19T15:00:00,12.363871,-1.515424
civ-87eca8e0-0725-486f-ad07-6f4e5e25a739,2026-02-19T15:00:00,12.364053,-1.515492
civ-43a03a45-5d09-407d-9719-009bd30f1315,2026-02-19T15:00:00,12.364075,-1.515365
civ-32169e00-1de6-4f0a-9118-b2f2a3ee702c,2026-02-19T15:00:00,12.363996,-1.515453
courierA-5459d08e-e00c-4174-9a21-c4b90ef20a87,2026-02-19T15:03:00,12.364006,-1.515403
courierA-5459d08e-e00c-4174-9a21-c4b90ef20a87,2026-02-19T15:06:00,12.363999,-1.515402
leaderA-dc3bb5ee-282c-411f-96da-eebb88b52ea0,2026-02-19T17:00:00,12.363601,-1.515311
securityA-43c3c6c2-08da-4277-b10b-2565d4ab391b,2026-02-19T17:00:00,12.363601,-1.515311
leaderA-dc3bb5ee-282c-411f-96da-eebb88b52ea0,2026-02-19T17:00:30,12.363528,-1.515648
securityA-43c3c6c2-08da-4277-b10b-2565d4ab391b,2026-02-19T17:00:30,12.363528,-1.515648
leaderA-dc3bb5ee-282c-411f-96da-eebb88b52ea0,2026-02-19T17:01:00,12.363452,-1.515984
securityA-43c3c6c2-08da-4277-b10b-2565d4ab391b,2026-02-19T17:01:00,12.363452,-1.515984
securityA-43c3c6c2-08da-4277-b10b-2565d4ab391b,2026-02-19T17:01:30,12.363383,-1.516322
leaderA-dc3bb5ee-282c-411f-96da-eebb88b52ea0,2026-02-19T17:01:30,12.363383,-1.516322
leaderA-dc3bb5ee-282c-411f-96da-eebb88b52ea0,2026-02-19T17:02:00,12.36332,-1.516662
securityA-43c3c6c2-08da-4277-b10b-2565d4ab391b,2026-02-19T17:02:00,12.36332,-1.516662
leaderA-dc3bb5ee-282c-411f-96da-eebb88b52ea0,2026-02-19T17:02:30,12.363247,-1.516999
securityA-43c3c6c2-08da-4277-b10b-2565d4ab391b,2026-02-19T17:02:30,12.363247,-1.516999
securityA-43c3c6c2-08da-4277-b10b-2565d4ab391b,2026-02-19T17:03:00,12.363186,-1.517338
leaderA-dc3bb5ee-282c-411f-96da-eebb88b52ea0,2026-02-19T17:03:00,12.363186,-1.517338
securityA-43c3c6c2-08da-4277-b10b-2565d4ab391b,2026-02-19T17:03:30,12.363126,-1.517678
leaderA-dc3bb5ee-282c-411f-96da-eebb88b52ea0,2026-02-19T17:03:30,12.363126,-1.517678
securityA-43c3c6c2-08da-4277-b10b-2565d4ab391b,2026-02-19T17:04:00,12.363065,-1.518017
leaderA-dc3bb5ee-282c-411f-96da-eebb88b52ea0,2026-02-19T17:04:00,12.363065,-1.518017
leaderA-dc3bb5ee-282c-411f-96da-eebb88b52ea0,2026-02-19T17:04:30,12.362813,-1.518074
securityA-43c3c6c2-08da-4277-b10b-2565d4ab391b,2026-02-19T17:04:30,12.362813,-1.518074
leaderA-dc3bb5ee-282c-411f-96da-eebb88b52ea0,2026-02-19T17:05:00,12.362481,-1.518011
securityA-43c3c6c2-08da-4277-b10b-2565d4ab391b,2026-02-19T17:05:00,12.362481,-1.518011
leaderA-dc3bb5ee-282c-411f-96da-eebb88b52ea0,2026-02-19T17:05:30,12.36215,-1.517947
securityA-43c3c6c2-08da-4277-b10b-2565d4ab391b,2026-02-19T17:05:30,12.36215,-1.517947
leaderA-dc3bb5ee-282c-411f-96da-eebb88b52ea0,2026-02-19T17:06:00,12.361817,-1.517887
securityA-43c3c6c2-08da-4277-b10b-2565d4ab391b,2026-02-19T17:06:00,12.361817,-1.517887
leaderA-dc3bb5ee-282c-411f-96da-eebb88b52ea0,2026-02-19T17:06:30,12.361485,-1.517828
securityA-43c3c6c2-08da-4277-b10b-2565d4ab391b,2026-02-19T17:06:30,12.361485,-1.517828
leaderA-dc3bb5ee-282c-411f-96da-eebb88b52ea0,2026-02-19T17:07:00,12.361153,-1.517769
securityA-43c3c6c2-08da-4277-b10b-2565d4ab391b,2026-02-19T17:07:00,12.361153,-1.517769
leaderA-dc3bb5ee-282c-411f-96da-eebb88b52ea0,2026-02-19T17:07:30,12.360821,-1.517709
securityA-43c3c6c2-08da-4277-b10b-2565d4ab391b,2026-02-19T17:07:30,12.360821,-1.517709
leaderA-dc3bb5ee-282c-411f-96da-eebb88b52ea0,2026-02-19T17:08:00,12.360489,-1.517649
securityA-43c3c6c2-08da-4277-b10b-2565d4ab391b,2026-02-19T17:08:00,12.360489,-1.517649
leaderA-dc3bb5ee-282c-411f-96da-eebb88b52ea0,2026-02-19T17:08:30,12.360157,-1.517588
securityA-43c3c6c2-08da-4277-b10b-2565d4ab391b,2026-02-19T17:08:30,12.360157,-1.517588
securityA-43c3c6c2-08da-4277-b10b-2565d4ab391b,2026-02-19T17:09:00,12.359825,-1.517527
leaderA-dc3bb5ee-282c-411f-96da-eebb88b52ea0,2026-02-19T17:09:00,12.359825,-1.517527
securityA-43c3c6c2-08da-4277-b10b-2565d4ab391b,2026-02-19T17:09:30,12.359493,-1.517467
leaderA-dc3bb5ee-282c-411f-96da-eebb88b52ea0,2026-02-19T17:09:30,12.359493,-1.517467
securityA-43c3c6c2-08da-4277-b10b-2565d4ab391b,2026-02-19T17:10:00,12.359229,-1.517357
leaderA-dc3bb5ee-282c-411f-96da-eebb88b52ea0,2026-02-19T17:10:00,12.359229,-1.517357
securityA-43c3c6c2-08da-4277-b10b-2565d4ab391b,2026-02-19T17:10:30,12.359286,-1.517017
leaderA-dc3bb5ee-282c-411f-96da-eebb88b52ea0,2026-02-19T17:10:30,12.359286,-1.517017
leaderA-dc3bb5ee-282c-411f-96da-eebb88b52ea0,2026-02-19T17:11:00,12.359346,-1.516677
securityA-43c3c6c2-08da-4277-b10b-2565d4ab391b,2026-02-19T17:11:00,12.359346,-1.516677
leaderA-dc3bb5ee-282c-411f-96da-eebb88b52ea0,2026-02-19T18:00:00,12.359682,-1.516393
securityA-43c3c6c2-08da-4277-b10b-2565d4ab391b,2026-02-19T18:00:00,12.359682,-1.516393
leaderA-dc3bb5ee-282c-411f-96da-eebb88b52ea0,2026-02-19T18:20:00,12.359705,-1.516401
securityA-43c3c6c2-08da-4277-b10b-2565d4ab391b,2026-02-19T18:20:00,12.359705,-1.516401
leaderA-dc3bb5ee-282c-411f-96da-eebb88b52ea0,2026-02-19T18:40:00,12.359687,-1.516406
securityA-43c3c6c2-08da-4277-b10b-2565d4ab391b,2026-02-19T18:40:00,12.359687,-1.516406
leaderA-dc3bb5ee-282c-411f-96da-eebb88b52ea0,2026-02-19T19:00:00,12.359698,-1.516414
securityA-43c3c6c2-08da-4277-b10b-2565d4ab391b,2026-02-19T19:00:00,12.359698,-1.516414
securityA-43c3c6c2-08da-4277-b10b-2565d4ab391b,2026-02-19T19:20:00,12.359693,-1.516394
leaderA-dc3bb5ee-282c-411f-96da-eebb88b52ea0,2026-02-19T19:20:00,12.359693,-1.516394
securityA-43c3c6c2-08da-4277-b10b-2565d4ab391b,2026-02-19T19:40:00,12.359713,-1.516404
leaderA-dc3bb5ee-282c-411f-96da-eebb88b52ea0,2026-02-19T19:40:00,12.359713,-1.516404
logB-c23e4c99-d72b-4789-9397-006a7d765d4c,2026-02-20T05:00:00,12.364466,-1.521212
logB-c23e4c99-d72b-4789-9397-006a7d765d4c,2026-02-20T05:00:30,12.364527,-1.520872
logB-c23e4c99-d72b-4789-9397-006a7d765d4c,2026-02-20T05:01:00,12.364588,-1.520533
logB-c23e4c99-d72b-4789-9397-006a7d765d4c,2026-02-20T05:01:30,12.364651,-1.520194
logB-c23e4c99-d72b-4789-9397-006a7d765d4c,2026-02-20T05:02:00,12.364714,-1.519855
logB-c23e4c99-d72b-4789-9397-006a7d765d4c,2026-02-20T05:02:30,12.364775,-1.519515
logB-c23e4c99-d72b-4789-9397-006a7d765d4c,2026-02-20T05:03:00,12.364843,-1.519177
logB-c23e4c99-d72b-4789-9397-006a7d765d4c,2026-02-20T05:03:30,12.36491,-1.518838
logB-c23e4c99-d72b-4789-9397-006a7d765d4c,2026-02-20T05:04:00,12.364974,-1.518499
logB-c23e4c99-d72b-4789-9397-006a7d765d4c,2026-02-20T05:04:30,12.364673,-1.518418
logB-c23e4c99-d72b-4789-9397-006a7d765d4c,2026-02-20T05:05:00,12.364341,-1.518355
logB-c23e4c99-d72b-4789-9397-006a7d765d4c,2026-02-20T05:05:30,12.364009,-1.518294
logB-c23e4c99-d72b-4789-9397-006a7d765d4c,2026-02-20T05:06:00,12.363677,-1.518233
logB-c23e4c99-d72b-4789-9397-006a7d765d4c,2026-02-20T05:06:30,12.363345,-1.518172
logB-c23e4c99-d72b-4789-9397-006a7d765d4c,2026-02-20T05:07:00,12.363013,-1.518111
logB-c23e4c99-d72b-4789-9397-006a7d765d4c,2026-02-20T05:07:30,12.362682,-1.518049
logB-c23e4c99-d72b-4789-9397-006a7d765d4c,2026-02-20T05:08:00,12.36235,-1.517985
logB-c23e4c99-d72b-4789-9397-006a7d765d4c,2026-02-20T05:08:30,12.362019,-1.517922
logB-c23e4c99-d72b-4789-9397-006a7d765d4c,2026-02-20T05:09:00,12.361686,-1.517864
logB-c23e4c99-d72b-4789-9397-006a7d765d4c,2026-02-20T05:09:30,12.361354,-1.517805
logB-c23e4c99-d72b-4789-9397-006a7d765d4c,2026-02-20T05:10:00,12.361134,-1.517667
logB-c23e4c99-d72b-4789-9397-006a7d765d4c,2026-02-20T05:10:30,12.361198,-1.517328
logB-c23e4c99-d72b-4789-9397-006a7d765d4c,2026-02-20T05:11:00,12.361263,-1.516989
logB-c23e4c99-d72b-4789-9397-006a7d765d4c,2026-02-20T05:11:30,12.361331,-1.516651
logB-c23e4c99-d72b-4789-9397-006a7d765d4c,2026-02-20T05:12:00,12.361398,-1.516312
logB-c23e4c99-d72b-4789-9397-006a7d765d4c,2026-02-20T05:12:30,12.361403,-1.515982
logB-c23e4c99-d72b-4789-9397-006a7d765d4c,2026-02-20T05:13:00,12.36147,-1.515644
logB-c23e4c99-d72b-4789-9397-006a7d765d4c,2026-02-20T05:13:30,12.361536,-1.515305
logB-c23e4c99-d72b-4789-9397-006a7d765d4c,2026-02-20T05:14:00,12.36147,-1.515001
logB-c23e4c99-d72b-4789-9397-006a7d765d4c,2026-02-20T05:14:30,12.361625,-1.514735
logB-c23e4c99-d72b-4789-9397-006a7d765d4c,2026-02-20T05:15:00,12.361721,-1.51443
securityA-43c3c6c2-08da-4277-b10b-2565d4ab391b,2026-02-20T05:30:00,12.359698,-1.516407
leaderA-dc3bb5ee-282c-411f-96da-eebb88b52ea0,2026-02-20T05:30:00,12.359698,-1.516407
securityA-43c3c6c2-08da-4277-b10b-2565d4ab391b,2026-02-20T05:33:00,12.359707,-1.51639
leaderA-dc3bb5ee-282c-411f-96da-eebb88b52ea0,2026-02-20T05:33:00,12.359707,-1.51639
securityA-43c3c6c2-08da-4277-b10b-2565d4ab391b,2026-02-20T05:36:00,12.359681,-1.5164
leaderA-dc3bb5ee-282c-411f-96da-eebb88b52ea0,2026-02-20T05:36:00,12.359681,-1.5164
securityA-43c3c6c2-08da-4277-b10b-2565d4ab391b,2026-02-20T05:39:00,12.35971,-1.516402
leaderA-dc3bb5ee-282c-411f-96da-eebb88b52ea0,2026-02-20T05:39:00,12.35971,-1.516402
leaderA-dc3bb5ee-282c-411f-96da-eebb88b52ea0,2026-02-20T05:42:00,12.359707,-1.516397
securityA-43c3c6c2-08da-4277-b10b-2565d4ab391b,2026-02-20T05:42:00,12.359707,-1.516397
courierA-5459d08e-e00c-4174-9a21-c4b90ef20a87,2026-02-20T06:00:00,12.359413,-1.51634
courierA-5459d08e-e00c-4174-9a21-c4b90ef20a87,2026-02-20T06:00:30,12.359483,-1.516002
courierA-5459d08e-e00c-4174-9a21-c4b90ef20a87,2026-02-20T06:01:00,12.359666,-1.515843
courierA-5459d08e-e00c-4174-9a21-c4b90ef20a87,2026-02-20T06:01:30,12.359996,-1.515914
courierA-5459d08e-e00c-4174-9a21-c4b90ef20a87,2026-02-20T06:02:00,12.360326,-1.515986
courierA-5459d08e-e00c-4174-9a21-c4b90ef20a87,2026-02-20T06:02:30,12.360656,-1.516057
courierA-5459d08e-e00c-4174-9a21-c4b90ef20a87,2026-02-20T06:03:00,12.360986,-1.516128
courierA-5459d08e-e00c-4174-9a21-c4b90ef20a87,2026-02-20T06:03:30,12.361316,-1.516199
courierA-5459d08e-e00c-4174-9a21-c4b90ef20a87,2026-02-20T06:04:00,12.361417,-1.515912
courierA-5459d08e-e00c-4174-9a21-c4b90ef20a87,2026-02-20T06:04:30,12.361484,-1.515573
courierA-5459d08e-e00c-4174-9a21-c4b90ef20a87,2026-02-20T06:05:00,12.361549,-1.515235
courierA-5459d08e-e00c-4174-9a21-c4b90ef20a87,2026-02-20T06:05:30,12.361465,-1.51493
courierA-5459d08e-e00c-4174-9a21-c4b90ef20a87,2026-02-20T06:06:00,12.361664,-1.514691
courierA-5459d08e-e00c-4174-9a21-c4b90ef20a87,2026-02-20T06:06:30,12.36179,-1.514443
facA-1420f464-9589-439d-bdab-a216790c256e,2026-02-20T06:30:00,12.362909,-1.522495
facA-1420f464-9589-439d-bdab-a216790c256e,2026-02-20T06:33:00,12.362902,-1.522499
facA-1420f464-9589-439d-bdab-a216790c256e,2026-02-20T06:36:00,12.362904,-1.522498
facA-1420f464-9589-439d-bdab-a216790c256e,2026-02-20T06:39:00,12.362891,-1.5225
civ-7fff0387-8b7f-450a-9275-1a2ff85dc557,2026-02-20T07:00:00,12.362893,-1.522499
civ-7c8bb6c8-0b7d-4f62-bd76-fd0d92b86445,2026-02-20T07:00:00,12.362957,-1.52243
civ-adfe5ec3-469d-4922-ba0a-215c08e8269b,2026-02-20T07:00:00,12.362845,-1.522581
courierA-5459d08e-e00c-4174-9a21-c4b90ef20a87,2026-02-20T07:00:00,12.362501,-1.513106
civ-fec0d609-8dcc-493a-8044-286597972c97,2026-02-20T07:00:00,12.362864,-1.522511
civ-a756cdd2-3d93-473a-933d-f68e4ffe9f5e,2026-02-20T07:00:00,12.36292,-1.522649
civ-dede507b-a72d-45f8-bbf4-63dabcfdf6da,2026-02-20T07:00:00,12.362922,-1.522592
civ-e8e119de-e701-4e5e-a408-4afbd9c9805b,2026-02-20T07:00:00,12.363944,-1.515394
civ-5fe73857-6bf0-48ec-b5e3-79058c25003f,2026-02-20T07:00:00,12.36294,-1.52237
civ-c8b927d1-dc46-4c58-b8e8-c58d560e1cb8,2026-02-20T07:00:00,12.363904,-1.515348
civ-2e6a7fa0-af86-4ae5-8819-05064c1f7962,2026-02-20T07:00:00,12.364079,-1.515439
civ-8227d1e0-d06b-45c4-bdea-a3bae87aa12f,2026-02-20T07:00:00,12.364086,-1.515459
civ-dbdaf061-85a7-4fd9-b2c5-634bb549ea8d,2026-02-20T07:00:00,12.36402,-1.51537
civ-fe9b122a-7f3f-457e-882f-6e8c94298628,2026-02-20T07:00:00,12.36409,-1.515456
civ-90807193-3089-4a50-aeb6-463429e1fb2c,2026-02-20T07:00:00,12.363883,-1.515254
civ-ce6c3d19-5f83-4d31-a8de-0c8e73c90ecd,2026-02-20T07:00:00,12.36397,-1.515453
civ-cd04ca77-7683-4f7d-bbfb-1ece282a1e3e,2026-02-20T07:00:00,12.363941,-1.515482
civ-ad288ed0-7f24-4c16-8ecb-92f541487283,2026-02-20T07:00:00,12.364093,-1.515214
civ-029f96b6-3ad1-43b0-8376-97a3d595bbd8,2026-02-20T07:00:00,12.363966,-1.515507
civ-33351303-d014-44d6-b5a5-5598e200ee0a,2026-02-20T07:00:00,12.364059,-1.515369
civ-91744e12-be8b-4f53-b0c4-0144e2150c06,2026-02-20T07:00:00,12.363957,-1.515512
civ-d3c8fc85-09aa-4752-9d7a-d417112afbc1,2026-02-20T07:00:00,12.36407,-1.515401
civ-2a9fa1b3-a396-4cc5-b8ce-256cfdeb8d36,2026-02-20T07:00:00,12.364054,-1.515353
civ-dae2c69c-8dac-4fd0-a5fd-3257771a18cb,2026-02-20T07:00:00,12.362854,-1.522503
civ-11c20f1a-3192-4b95-80ae-dac6ebdb7e6d,2026-02-20T07:00:00,12.36294,-1.522543
civ-e67ce75e-d987-4481-9b12-56a4b7acb85f,2026-02-20T07:00:00,12.362767,-1.522531
civ-d48230b8-b823-4982-98cf-5765cda9c4bb,2026-02-20T07:00:00,12.363993,-1.515461
civ-43efb9dc-7b0d-41b7-aa15-171f38c1c2a0,2026-02-20T07:00:00,12.36393,-1.515439
civ-779458f9-c82a-4ade-8561-1b8285792854,2026-02-20T07:00:00,12.362839,-1.522433
civ-f11a4a6c-e345-4cb5-9f7f-c21fb1a600c0,2026-02-20T07:00:00,12.363914,-1.51535
civ-993d80c5-77c8-4d96-808a-40c59aa6d8fe,2026-02-20T07:00:00,12.363894,-1.515491
civ-a3817b20-7db5-40c8-9fa8-52d1df27561b,2026-02-20T07:00:00,12.362806,-1.522633
civ-39cb2d17-d32d-4ad8-933f-201c5b1a092f,2026-02-20T07:00:00,12.362891,-1.522499
civ-ea3cdf97-61b7-44dc-ae08-bd326d7861bc,2026-02-20T07:00:00,12.362916,-1.522532
civ-1e12ab32-1e37-4241-9a27-3d9938ce0531,2026-02-20T07:00:00,12.362886,-1.522474
civ-5b78db92-2e7f-42df-b803-14854b95c60d,2026-02-20T07:00:00,12.362975,-1.522641
civ-f98491f9-ef76-4c9f-9dd2-de3bdedb04fd,2026-02-20T07:00:00,12.362873,-1.522485
civ-c098caa4-9b73-42a4-9259-fc1c482ba9a0,2026-02-20T07:00:00,12.362834,-1.522375
civ-af2d86c2-a581-4476-99a2-f07d45fbfd44,2026-02-20T07:00:00,12.36397,-1.515344
civ-f15c864e-8181-4d74-b298-c839199ee620,2026-02-20T07:00:00,12.362974,-1.522524
civ-1aab55bf-51f4-4e95-84d5-31147ee2138b,2026-02-20T07:00:00,12.36287,-1.522572
courierA-5459d08e-e00c-4174-9a21-c4b90ef20a87,2026-02-20T07:03:00,12.362484,-1.513106
courierA-5459d08e-e00c-4174-9a21-c4b90ef20a87,2026-02-20T07:06:00,12.362487,-1.513085
securityA-43c3c6c2-08da-4277-b10b-2565d4ab391b,2026-02-20T07:32:00,12.359413,-1.51634
leaderA-dc3bb5ee-282c-411f-96da-eebb88b52ea0,2026-02-20T07:32:00,12.359413,-1.51634
leaderA-dc3bb5ee-282c-411f-96da-eebb88b52ea0,2026-02-20T07:32:30,12.359346,-1.516678
securityA-43c3c6c2-08da-4277-b10b-2565d4ab391b,2026-02-20T07:32:30,12.359346,-1.516678
leaderA-dc3bb5ee-282c-411f-96da-eebb88b52ea0,2026-02-20T07:33:00,12.359286,-1.517018
securityA-43c3c6c2-08da-4277-b10b-2565d4ab391b,2026-02-20T07:33:00,12.359286,-1.517018
securityA-43c3c6c2-08da-4277-b10b-2565d4ab391b,2026-02-20T07:33:30,12.359261,-1.517335
leaderA-dc3bb5ee-282c-411f-96da-eebb88b52ea0,2026-02-20T07:33:30,12.359261,-1.517335
leaderA-dc3bb5ee-282c-411f-96da-eebb88b52ea0,2026-02-20T07:34:00,12.359592,-1.517397
securityA-43c3c6c2-08da-4277-b10b-2565d4ab391b,2026-02-20T07:34:00,12.359592,-1.517397
leaderA-dc3bb5ee-282c-411f-96da-eebb88b52ea0,2026-02-20T07:34:30,12.359924,-1.517459
securityA-43c3c6c2-08da-4277-b10b-2565d4ab391b,2026-02-20T07:34:30,12.359924,-1.517459
leaderA-dc3bb5ee-282c-411f-96da-eebb88b52ea0,2026-02-20T07:35:00,12.360256,-1.517521
securityA-43c3c6c2-08da-4277-b10b-2565d4ab391b,2026-02-20T07:35:00,12.360256,-1.517521
leaderA-dc3bb5ee-282c-411f-96da-eebb88b52ea0,2026-02-20T07:35:30,12.360588,-1.517583
securityA-43c3c6c2-08da-4277-b10b-2565d4ab391b,2026-02-20T07:35:30,12.360588,-1.517583
leaderA-dc3bb5ee-282c-411f-96da-eebb88b52ea0,2026-02-20T07:36:00,12.360919,-1.517645
securityA-43c3c6c2-08da-4277-b10b-2565d4ab391b,2026-02-20T07:36:00,12.360919,-1.517645
leaderA-dc3bb5ee-282c-411f-96da-eebb88b52ea0,2026-02-20T07:36:30,12.361251,-1.517707
securityA-43c3c6c2-08da-4277-b10b-2565d4ab391b,2026-02-20T07:36:30,12.361251,-1.517707
leaderA-dc3bb5ee-282c-411f-96da-eebb88b52ea0,2026-02-20T07:37:00,12.361583,-1.517769
securityA-43c3c6c2-08da-4277-b10b-2565d4ab391b,2026-02-20T07:37:00,12.361583,-1.517769
leaderA-dc3bb5ee-282c-411f-96da-eebb88b52ea0,2026-02-20T07:37:30,12.361915,-1.51783
securityA-43c3c6c2-08da-4277-b10b-2565d4ab391b,2026-02-20T07:37:30,12.361915,-1.51783
securityA-43c3c6c2-08da-4277-b10b-2565d4ab391b,2026-02-20T07:38:00,12.362247,-1.517892
leaderA-dc3bb5ee-282c-411f-96da-eebb88b52ea0,2026-02-20T07:38:00,12.362247,-1.517892
securityA-43c3c6c2-08da-4277-b10b-2565d4ab391b,2026-02-20T07:38:30,12.362578,-1.517955
leaderA-dc3bb5ee-282c-411f-96da-eebb88b52ea0,2026-02-20T07:38:30,12.362578,-1.517955
leaderA-dc3bb5ee-282c-411f-96da-eebb88b52ea0,2026-02-20T07:39:00,12.36291,-1.518018
securityA-43c3c6c2-08da-4277-b10b-2565d4ab391b,2026-02-20T07:39:00,12.36291,-1.518018
securityA-43c3c6c2-08da-4277-b10b-2565d4ab391b,2026-02-20T07:39:30,12.363093,-1.51786
leaderA-dc3bb5ee-282c-411f-96da-eebb88b52ea0,2026-02-20T07:39:30,12.363093,-1.51786
leaderA-dc3bb5ee-282c-411f-96da-eebb88b52ea0,2026-02-20T07:40:00,12.363154,-1.517521
securityA-43c3c6c2-08da-4277-b10b-2565d4ab391b,2026-02-20T07:40:00,12.363154,-1.517521
securityA-43c3c6c2-08da-4277-b10b-2565d4ab391b,2026-02-20T07:40:30,12.363213,-1.517181
leaderA-dc3bb5ee-282c-411f-96da-eebb88b52ea0,2026-02-20T07:40:30,12.363213,-1.517181
leaderA-dc3bb5ee-282c-411f-96da-eebb88b52ea0,2026-02-20T07:41:00,12.363281,-1.516843
securityA-43c3c6c2-08da-4277-b10b-2565d4ab391b,2026-02-20T07:41:00,12.363281,-1.516843
securityA-43c3c6c2-08da-4277-b10b-2565d4ab391b,2026-02-20T07:41:30,12.363349,-1.516504
leaderA-dc3bb5ee-282c-411f-96da-eebb88b52ea0,2026-02-20T07:41:30,12.363349,-1.516504
leaderA-dc3bb5ee-282c-411f-96da-eebb88b52ea0,2026-02-20T07:42:00,12.363412,-1.516165
securityA-43c3c6c2-08da-4277-b10b-2565d4ab391b,2026-02-20T07:42:00,12.363412,-1.516165
securityA-43c3c6c2-08da-4277-b10b-2565d4ab391b,2026-02-20T07:42:30,12.363487,-1.515829
leaderA-dc3bb5ee-282c-411f-96da-eebb88b52ea0,2026-02-20T07:42:30,12.363487,-1.515829
securityA-43c3c6c2-08da-4277-b10b-2565d4ab391b,2026-02-20T07:43:00,12.363562,-1.515492
leaderA-dc3bb5ee-282c-411f-96da-eebb88b52ea0,2026-02-20T07:43:00,12.363562,-1.515492
leaderB-579ff0e7-77e4-4b16-9220-59c2c36ecc12,2026-02-20T08:00:00,12.364466,-1.521212
securityB-12f2e631-90a7-4ce7-87f7-c377db45e99c,2026-02-20T08:00:00,12.364466,-1.521212
logB-c23e4c99-d72b-4789-9397-006a7d765d4c,2026-02-20T08:00:00,12.362504,-1.513093
leaderB-579ff0e7-77e4-4b16-9220-59c2c36ecc12,2026-02-20T08:00:30,12.364527,-1.520872
securityB-12f2e631-90a7-4ce7-87f7-c377db45e99c,2026-02-20T08:00:30,12.364527,-1.520872
securityB-12f2e631-90a7-4ce7-87f7-c377db45e99c,2026-02-20T08:01:00,12.364588,-1.520533
leaderB-579ff0e7-77e4-4b16-9220-59c2c36ecc12,2026-02-20T08:01:00,12.364588,-1.520533
securityB-12f2e631-90a7-4ce7-87f7-c377db45e99c,2026-02-20T08:01:30,12.364651,-1.520194
leaderB-579ff0e7-77e4-4b16-9220-59c2c36ecc12,2026-02-20T08:01:30,12.364651,-1.520194
securityB-12f2e631-90a7-4ce7-87f7-c377db45e99c,2026-02-20T08:02:00,12.364714,-1.519855
leaderB-579ff0e7-77e4-4b16-9220-59c2c36ecc12,2026-02-20T08:02:00,12.364714,-1.519855
securityB-12f2e631-90a7-4ce7-87f7-c377db45e99c,2026-02-20T08:02:30,12.364775,-1.519515
leaderB-579ff0e7-77e4-4b16-9220-59c2c36ecc12,2026-02-20T08:02:30,12.364775,-1.519515
logB-c23e4c99-d72b-4789-9397-006a7d765d4c,2026-02-20T08:03:00,12.362494,-1.513106
securityB-12f2e631-90a7-4ce7-87f7-c377db45e99c,2026-02-20T08:03:00,12.364843,-1.519177
leaderB-579ff0e7-77e4-4b16-9220-59c2c36ecc12,2026-02-20T08:03:00,12.364843,-1.519177
securityB-12f2e631-90a7-4ce7-87f7-c377db45e99c,2026-02-20T08:03:30,12.36491,-1.518838
leaderB-579ff0e7-77e4-4b16-9220-59c2c36ecc12,2026-02-20T08:03:30,12.36491,-1.518838
securityB-12f2e631-90a7-4ce7-87f7-c377db45e99c,2026-02-20T08:04:00,12.364974,-1.518499
leaderB-579ff0e7-77e4-4b16-9220-59c2c36ecc12,2026-02-20T08:04:00,12.364974,-1.518499
leaderB-579ff0e7-77e4-4b16-9220-59c2c36ecc12,2026-02-20T08:04:30,12.364673,-1.518418
securityB-12f2e631-90a7-4ce7-87f7-c377db45e99c,2026-02-20T08:04:30,12.364673,-1.518418
securityB-12f2e631-90a7-4ce7-87f7-c377db45e99c,2026-02-20T08:05:00,12.364341,-1.518355
leaderB-579ff0e7-77e4-4b16-9220-59c2c36ecc12,2026-02-20T08:05:00,12.364341,-1.518355
securityB-12f2e631-90a7-4ce7-87f7-c377db45e99c,2026-02-20T08:05:30,12.364009,-1.518294
leaderB-579ff0e7-77e4-4b16-9220-59c2c36ecc12,2026-02-20T08:05:30,12.364009,-1.518294
securityB-12f2e631-90a7-4ce7-87f7-c377db45e99c,2026-02-20T08:06:00,12.363677,-1.518233
leaderB-579ff0e7-77e4-4b16-9220-59c2c36ecc12,2026-02-20T08:06:00,12.363677,-1.518233
logB-c23e4c99-d72b-4789-9397-006a7d765d4c,2026-02-20T08:06:00,12.362495,-1.513095
securityB-12f2e631-90a7-4ce7-87f7-c377db45e99c,2026-02-20T08:06:30,12.363345,-1.518172
leaderB-579ff0e7-77e4-4b16-9220-59c2c36ecc12,2026-02-20T08:06:30,12.363345,-1.518172
leaderB-579ff0e7-77e4-4b16-9220-59c2c36ecc12,2026-02-20T08:07:00,12.363013,-1.518111
securityB-12f2e631-90a7-4ce7-87f7-c377db45e99c,2026-02-20T08:07:00,12.363013,-1.518111
securityB-12f2e631-90a7-4ce7-87f7-c377db45e99c,2026-02-20T08:07:30,12.362682,-1.518049
leaderB-579ff0e7-77e4-4b16-9220-59c2c36ecc12,2026-02-20T08:07:30,12.362682,-1.518049
leaderB-579ff0e7-77e4-4b16-9220-59c2c36ecc12,2026-02-20T08:08:00,12.36235,-1.517985
securityB-12f2e631-90a7-4ce7-87f7-c377db45e99c,2026-02-20T08:08:00,12.36235,-1.517985
securityB-12f2e631-90a7-4ce7-87f7-c377db45e99c,2026-02-20T08:08:30,12.362019,-1.517922
leaderB-579ff0e7-77e4-4b16-9220-59c2c36ecc12,2026-02-20T08:08:30,12.362019,-1.517922
leaderB-579ff0e7-77e4-4b16-9220-59c2c36ecc12,2026-02-20T08:09:00,12.361686,-1.517864
logB-c23e4c99-d72b-4789-9397-006a7d765d4c,2026-02-20T08:09:00,12.362509,-1.513104
securityB-12f2e631-90a7-4ce7-87f7-c377db45e99c,2026-02-20T08:09:00,12.361686,-1.517864
leaderB-579ff0e7-77e4-4b16-9220-59c2c36ecc12,2026-02-20T08:09:30,12.361354,-1.517805
securityB-12f2e631-90a7-4ce7-87f7-c377db45e99c,2026-02-20T08:09:30,12.361354,-1.517805
leaderB-579ff0e7-77e4-4b16-9220-59c2c36ecc12,2026-02-20T08:10:00,12.361134,-1.517667
securityB-12f2e631-90a7-4ce7-87f7-c377db45e99c,2026-02-20T08:10:00,12.361134,-1.517667
securityB-12f2e631-90a7-4ce7-87f7-c377db45e99c,2026-02-20T08:10:30,12.361198,-1.517328
leaderB-579ff0e7-77e4-4b16-9220-59c2c36ecc12,2026-02-20T08:10:30,12.361198,-1.517328
securityB-12f2e631-90a7-4ce7-87f7-c377db45e99c,2026-02-20T08:11:00,12.361263,-1.516989
leaderB-579ff0e7-77e4-4b16-9220-59c2c36ecc12,2026-02-20T08:11:00,12.361263,-1.516989
securityB-12f2e631-90a7-4ce7-87f7-c377db45e99c,2026-02-20T08:11:30,12.361331,-1.516651
leaderB-579ff0e7-77e4-4b16-9220-59c2c36ecc12,2026-02-20T08:11:30,12.361331,-1.516651
logB-c23e4c99-d72b-4789-9397-006a7d765d4c,2026-02-20T08:12:00,12.362508,-1.513099
securityB-12f2e631-90a7-4ce7-87f7-c377db45e99c,2026-02-20T08:12:00,12.361398,-1.516312
leaderB-579ff0e7-77e4-4b16-9220-59c2c36ecc12,2026-02-20T08:12:00,12.361398,-1.516312
leaderB-579ff0e7-77e4-4b16-9220-59c2c36ecc12,2026-02-20T08:12:30,12.361403,-1.515982
securityB-12f2e631-90a7-4ce7-87f7-c377db45e99c,2026-02-20T08:12:30,12.361403,-1.515982
leaderB-579ff0e7-77e4-4b16-9220-59c2c36ecc12,2026-02-20T08:13:00,12.36147,-1.515644
securityB-12f2e631-90a7-4ce7-87f7-c377db45e99c,2026-02-20T08:13:00,12.36147,-1.515644
leaderB-579ff0e7-77e4-4b16-9220-59c2c36ecc12,2026-02-20T08:13:30,12.361536,-1.515305
securityB-12f2e631-90a7-4ce7-87f7-c377db45e99c,2026-02-20T08:13:30,12.361536,-1.515305
securityB-12f2e631-90a7-4ce7-87f7-c377db45e99c,2026-02-20T08:14:00,12.36147,-1.515001
leaderB-579ff0e7-77e4-4b16-9220-59c2c36ecc12,2026-02-20T08:14:00,12.36147,-1.515001
securityB-12f2e631-90a7-4ce7-87f7-c377db45e99c,2026-02-20T08:14:30,12.361625,-1.514735
leaderB-579ff0e7-77e4-4b16-9220-59c2c36ecc12,2026-02-20T08:14:30,12.361625,-1.514735
securityB-12f2e631-90a7-4ce7-87f7-c377db45e99c,2026-02-20T08:15:00,12.361721,-1.51443
leaderB-579ff0e7-77e4-4b16-9220-59c2c36ecc12,2026-02-20T08:15:00,12.361721,-1.51443
leaderB-579ff0e7-77e4-4b16-9220-59c2c36ecc12,2026-02-20T09:00:00,12.362515,-1.513105
securityB-12f2e631-90a7-4ce7-87f7-c377db45e99c,2026-02-20T09:00:00,12.362515,-1.513105
propB-775f6ffc-da47-48c0-82b1-4fe100d5ee88,2026-02-20T09:00:00,12.358999,-1.520902
propB-775f6ffc-da47-48c0-82b1-4fe100d5ee88,2026-02-20T09:03:00,12.359007,-1.520897
securityB-12f2e631-90a7-4ce7-87f7-c377db45e99c,2026-02-20T09:03:00,12.362486,-1.513093
leaderB-579ff0e7-77e4-4b16-9220-59c2c36ecc12,2026-02-20T09:03:00,12.362486,-1.513093
propB-775f6ffc-da47-48c0-82b1-4fe100d5ee88,2026-02-20T09:06:00,12.35902,-1.520908
securityB-12f2e631-90a7-4ce7-87f7-c377db45e99c,2026-02-20T09:06:00,12.362488,-1.513104
leaderB-579ff0e7-77e4-4b16-9220-59c2c36ecc12,2026-02-20T09:06:00,12.362488,-1.513104
leaderB-579ff0e7-77e4-4b16-9220-59c2c36ecc12,2026-02-20T09:09:00,12.362498,-1.513101
propB-775f6ffc-da47-48c0-82b1-4fe100d5ee88,2026-02-20T09:09:00,12.359005,-1.520905
securityB-12f2e631-90a7-4ce7-87f7-c377db45e99c,2026-02-20T09:09:00,12.362498,-1.513101
leaderA-dc3bb5ee-282c-411f-96da-eebb88b52ea0,2026-02-20T09:30:00,12.364003,-1.515402
securityA-43c3c6c2-08da-4277-b10b-2565d4ab391b,2026-02-20T09:30:00,12.364003,-1.515402
leaderA-dc3bb5ee-282c-411f-96da-eebb88b52ea0,2026-02-20T09:45:00,12.363989,-1.51541
securityA-43c3c6c2-08da-4277-b10b-2565d4ab391b,2026-02-20T09:45:00,12.363989,-1.51541
securityA-43c3c6c2-08da-4277-b10b-2565d4ab391b,2026-02-20T10:00:00,12.364006,-1.5154
leaderA-dc3bb5ee-282c-411f-96da-eebb88b52ea0,2026-02-20T10:00:00,12.364006,-1.5154
leaderA-dc3bb5ee-282c-411f-96da-eebb88b52ea0,2026-02-20T10:15:00,12.363999,-1.515404
securityA-43c3c6c2-08da-4277-b10b-2565d4ab391b,2026-02-20T10:15:00,12.363999,-1.515404
leaderA-dc3bb5ee-282c-411f-96da-eebb88b52ea0,2026-02-20T10:30:00,12.363997,-1.515391
securityA-43c3c6c2-08da-4277-b10b-2565d4ab391b,2026-02-20T10:30:00,12.363997,-1.515391
leaderA-dc3bb5ee-282c-411f-96da-eebb88b52ea0,2026-02-20T10:45:00,12.363997,-1.515412
securityA-43c3c6c2-08da-4277-b10b-2565d4ab391b,2026-02-20T10:45:00,12.363997,-1.515412
leaderB-579ff0e7-77e4-4b16-9220-59c2c36ecc12,2026-02-20T11:00:00,12.361831,-1.514451
securityB-12f2e631-90a7-4ce7-87f7-c377db45e99c,2026-02-20T11:00:00,12.361831,-1.514451
securityB-12f2e631-90a7-4ce7-87f7-c377db45e99c,2026-02-20T11:00:30,12.361806,-1.514771
leaderB-579ff0e7-77e4-4b16-9220-59c2c36ecc12,2026-02-20T11:00:30,12.361806,-1.514771
securityB-12f2e631-90a7-4ce7-87f7-c377db45e99c,2026-02-20T11:01:00,12.361843,-1.515081
leaderB-579ff0e7-77e4-4b16-9220-59c2c36ecc12,2026-02-20T11:01:00,12.361843,-1.515081
leaderB-579ff0e7-77e4-4b16-9220-59c2c36ecc12,2026-02-20T11:01:30,12.361661,-1.515329
securityB-12f2e631-90a7-4ce7-87f7-c377db45e99c,2026-02-20T11:01:30,12.361661,-1.515329
leaderB-579ff0e7-77e4-4b16-9220-59c2c36ecc12,2026-02-20T11:02:00,12.36159,-1.515666
securityB-12f2e631-90a7-4ce7-87f7-c377db45e99c,2026-02-20T11:02:00,12.36159,-1.515666
leaderB-579ff0e7-77e4-4b16-9220-59c2c36ecc12,2026-02-20T11:02:30,12.361521,-1.516004
securityB-12f2e631-90a7-4ce7-87f7-c377db45e99c,2026-02-20T11:02:30,12.361521,-1.516004
securityB-12f2e631-90a7-4ce7-87f7-c377db45e99c,2026-02-20T11:03:00,12.361398,-1.516308
leaderB-579ff0e7-77e4-4b16-9220-59c2c36ecc12,2026-02-20T11:03:00,12.361398,-1.516308
leaderB-579ff0e7-77e4-4b16-9220-59c2c36ecc12,2026-02-20T11:03:30,12.361331,-1.516647
securityB-12f2e631-90a7-4ce7-87f7-c377db45e99c,2026-02-20T11:03:30,12.361331,-1.516647
leaderB-579ff0e7-77e4-4b16-9220-59c2c36ecc12,2026-02-20T11:04:00,12.361264,-1.516985
securityB-12f2e631-90a7-4ce7-87f7-c377db45e99c,2026-02-20T11:04:00,12.361264,-1.516985
securityB-12f2e631-90a7-4ce7-87f7-c377db45e99c,2026-02-20T11:04:30,12.361199,-1.517324
leaderB-579ff0e7-77e4-4b16-9220-59c2c36ecc12,2026-02-20T11:04:30,12.361199,-1.517324
securityB-12f2e631-90a7-4ce7-87f7-c377db45e99c,2026-02-20T11:05:00,12.361135,-1.517663
leaderB-579ff0e7-77e4-4b16-9220-59c2c36ecc12,2026-02-20T11:05:00,12.361135,-1.517663
leaderB-579ff0e7-77e4-4b16-9220-59c2c36ecc12,2026-02-20T11:05:30,12.361441,-1.517742
securityB-12f2e631-90a7-4ce7-87f7-c377db45e99c,2026-02-20T11:05:30,12.361441,-1.517742
leaderB-579ff0e7-77e4-4b16-9220-59c2c36ecc12,2026-02-20T11:06:00,12.361773,-1.517804
securityB-12f2e631-90a7-4ce7-87f7-c377db45e99c,2026-02-20T11:06:00,12.361773,-1.517804
leaderB-579ff0e7-77e4-4b16-9220-59c2c36ecc12,2026-02-20T11:06:30,12.362105,-1.517865
securityB-12f2e631-90a7-4ce7-87f7-c377db45e99c,2026-02-20T11:06:30,12.362105,-1.517865
securityB-12f2e631-90a7-4ce7-87f7-c377db45e99c,2026-02-20T11:07:00,12.362436,-1.517928
leaderB-579ff0e7-77e4-4b16-9220-59c2c36ecc12,2026-02-20T11:07:00,12.362436,-1.517928
leaderB-579ff0e7-77e4-4b16-9220-59c2c36ecc12,2026-02-20T11:07:30,12.362768,-1.517991
securityB-12f2e631-90a7-4ce7-87f7-c377db45e99c,2026-02-20T11:07:30,12.362768,-1.517991
securityB-12f2e631-90a7-4ce7-87f7-c377db45e99c,2026-02-20T11:08:00,12.3631,-1.518054
leaderB-579ff0e7-77e4-4b16-9220-59c2c36ecc12,2026-02-20T11:08:00,12.3631,-1.518054
securityB-12f2e631-90a7-4ce7-87f7-c377db45e99c,2026-02-20T11:08:30,12.363431,-1.518117
leaderB-579ff0e7-77e4-4b16-9220-59c2c36ecc12,2026-02-20T11:08:30,12.363431,-1.518117
leaderB-579ff0e7-77e4-4b16-9220-59c2c36ecc12,2026-02-20T11:09:00,12.363763,-1.51818
securityB-12f2e631-90a7-4ce7-87f7-c377db45e99c,2026-02-20T11:09:00,12.363763,-1.51818
leaderB-579ff0e7-77e4-4b16-9220-59c2c36ecc12,2026-02-20T11:09:30,12.364095,-1.518242
securityB-12f2e631-90a7-4ce7-87f7-c377db45e99c,2026-02-20T11:09:30,12.364095,-1.518242
securityB-12f2e631-90a7-4ce7-87f7-c377db45e99c,2026-02-20T11:10:00,12.364427,-1.518301
leaderB-579ff0e7-77e4-4b16-9220-59c2c36ecc12,2026-02-20T11:10:00,12.364427,-1.518301
securityB-12f2e631-90a7-4ce7-87f7-c377db45e99c,2026-02-20T11:10:30,12.364759,-1.518362
leaderB-579ff0e7-77e4-4b16-9220-59c2c36ecc12,2026-02-20T11:10:30,12.364759,-1.518362
securityB-12f2e631-90a7-4ce7-87f7-c377db45e99c,2026-02-20T11:11:00,12.364973,-1.518506
leaderB-579ff0e7-77e4-4b16-9220-59c2c36ecc12,2026-02-20T11:11:00,12.364973,-1.518506
leaderB-579ff0e7-77e4-4b16-9220-59c2c36ecc12,2026-02-20T11:11:30,12.364908,-1.518845
securityB-12f2e631-90a7-4ce7-87f7-c377db45e99c,2026-02-20T11:11:30,12.364908,-1.518845
leaderB-579ff0e7-77e4-4b16-9220-59c2c36ecc12,2026-02-20T11:12:00,12.364842,-1.519183
securityB-12f2e631-90a7-4ce7-87f7-c377db45e99c,2026-02-20T11:12:00,12.364842,-1.519183
securityB-12f2e631-90a7-4ce7-87f7-c377db45e99c,2026-02-20T11:12:30,12.364774,-1.519521
leaderB-579ff0e7-77e4-4b16-9220-59c2c36ecc12,2026-02-20T11:12:30,12.364774,-1.519521
leaderB-579ff0e7-77e4-4b16-9220-59c2c36ecc12,2026-02-20T11:13:00,12.364713,-1.519861
securityB-12f2e631-90a7-4ce7-87f7-c377db45e99c,2026-02-20T11:13:00,12.364713,-1.519861
securityB-12f2e631-90a7-4ce7-87f7-c377db45e99c,2026-02-20T11:13:30,12.36465,-1.5202
leaderB-579ff0e7-77e4-4b16-9220-59c2c36ecc12,2026-02-20T11:13:30,12.36465,-1.5202
securityB-12f2e631-90a7-4ce7-87f7-c377db45e99c,2026-02-20T11:14:00,12.364587,-1.520539
leaderB-579ff0e7-77e4-4b16-9220-59c2c36ecc12,2026-02-20T11:14:00,12.364587,-1.520539
leaderB-579ff0e7-77e4-4b16-9220-59c2c36ecc12,2026-02-20T11:14:30,12.364526,-1.520879
securityB-12f2e631-90a7-4ce7-87f7-c377db45e99c,2026-02-20T11:14:30,12.364526,-1.520879
securityB-12f2e631-90a7-4ce7-87f7-c377db45e99c,2026-02-20T14:00:00,12.359006,-1.520906
propB-775f6ffc-da47-48c0-82b1-4fe100d5ee88,2026-02-20T14:00:00,12.362892,-1.5225
leaderB-579ff0e7-77e4-4b16-9220-59c2c36ecc12,2026-02-20T14:00:00,12.359006,-1.520906
courierA-5459d08e-e00c-4174-9a21-c4b90ef20a87,2026-02-20T14:00:00,12.359413,-1.51634
securityA-43c3c6c2-08da-4277-b10b-2565d4ab391b,2026-02-20T14:00:00,12.363601,-1.515311
leaderA-dc3bb5ee-282c-411f-96da-eebb88b52ea0,2026-02-20T14:00:00,12.363601,-1.515311
courierA-5459d08e-e00c-4174-9a21-c4b90ef20a87,2026-02-20T14:00:30,12.359346,-1.516678
securityA-43c3c6c2-08da-4277-b10b-2565d4ab391b,2026-02-20T14:00:30,12.363477,-1.515566
leaderA-dc3bb5ee-282c-411f-96da-eebb88b52ea0,2026-02-20T14:00:30,12.363477,-1.515566
courierA-5459d08e-e00c-4174-9a21-c4b90ef20a87,2026-02-20T14:01:00,12.359286,-1.517018
leaderA-dc3bb5ee-282c-411f-96da-eebb88b52ea0,2026-02-20T14:01:00,12.363149,-1.515489
securityA-43c3c6c2-08da-4277-b10b-2565d4ab391b,2026-02-20T14:01:00,12.363149,-1.515489
leaderA-dc3bb5ee-282c-411f-96da-eebb88b52ea0,2026-02-20T14:01:30,12.36282,-1.515412
courierA-5459d08e-e00c-4174-9a21-c4b90ef20a87,2026-02-20T14:01:30,12.359261,-1.517335
securityA-43c3c6c2-08da-4277-b10b-2565d4ab391b,2026-02-20T14:01:30,12.36282,-1.515412
courierA-5459d08e-e00c-4174-9a21-c4b90ef20a87,2026-02-20T14:02:00,12.359592,-1.517397
leaderA-dc3bb5ee-282c-411f-96da-eebb88b52ea0,2026-02-20T14:02:00,12.362491,-1.515335
securityA-43c3c6c2-08da-4277-b10b-2565d4ab391b,2026-02-20T14:02:00,12.362491,-1.515335
leaderA-dc3bb5ee-282c-411f-96da-eebb88b52ea0,2026-02-20T14:02:30,12.362163,-1.515258
courierA-5459d08e-e00c-4174-9a21-c4b90ef20a87,2026-02-20T14:02:30,12.359924,-1.517459
securityA-43c3c6c2-08da-4277-b10b-2565d4ab391b,2026-02-20T14:02:30,12.362163,-1.515258
leaderA-dc3bb5ee-282c-411f-96da-eebb88b52ea0,2026-02-20T14:03:00,12.361834,-1.515181
courierA-5459d08e-e00c-4174-9a21-c4b90ef20a87,2026-02-20T14:03:00,12.360256,-1.517521
securityA-43c3c6c2-08da-4277-b10b-2565d4ab391b,2026-02-20T14:03:00,12.361834,-1.515181
leaderB-579ff0e7-77e4-4b16-9220-59c2c36ecc12,2026-02-20T14:03:00,12.358998,-1.5209
propB-775f6ffc-da47-48c0-82b1-4fe100d5ee88,2026-02-20T14:03:00,12.362901,-1.522474
securityB-12f2e631-90a7-4ce7-87f7-c377db45e99c,2026-02-20T14:03:00,12.358998,-1.5209
courierA-5459d08e-e00c-4174-9a21-c4b90ef20a87,2026-02-20T14:03:30,12.360588,-1.517583
leaderA-dc3bb5ee-282c-411f-96da-eebb88b52ea0,2026-02-20T14:03:30,12.361519,-1.515097
securityA-43c3c6c2-08da-4277-b10b-2565d4ab391b,2026-02-20T14:03:30,12.361519,-1.515097
leaderA-dc3bb5ee-282c-411f-96da-eebb88b52ea0,2026-02-20T14:04:00,12.361532,-1.514788
securityA-43c3c6c2-08da-4277-b10b-2565d4ab391b,2026-02-20T14:04:00,12.361532,-1.514788
courierA-5459d08e-e00c-4174-9a21-c4b90ef20a87,2026-02-20T14:04:00,12.360919,-1.517645
courierA-5459d08e-e00c-4174-9a21-c4b90ef20a87,2026-02-20T14:04:30,12.361251,-1.517707
securityA-43c3c6c2-08da-4277-b10b-2565d4ab391b,2026-02-20T14:04:30,12.361695,-1.514531
leaderA-dc3bb5ee-282c-411f-96da-eebb88b52ea0,2026-02-20T14:04:30,12.361695,-1.514531
courierA-5459d08e-e00c-4174-9a21-c4b90ef20a87,2026-02-20T14:05:00,12.361583,-1.517769
courierA-5459d08e-e00c-4174-9a21-c4b90ef20a87,2026-02-20T14:05:30,12.361915,-1.51783
propB-775f6ffc-da47-48c0-82b1-4fe100d5ee88,2026-02-20T14:06:00,12.362898,-1.52251
securityB-12f2e631-90a7-4ce7-87f7-c377db45e99c,2026-02-20T14:06:00,12.359001,-1.520899
leaderB-579ff0e7-77e4-4b16-9220-59c2c36ecc12,2026-02-20T14:06:00,12.359001,-1.520899
courierA-5459d08e-e00c-4174-9a21-c4b90ef20a87,2026-02-20T14:06:00,12.362247,-1.517892
courierA-5459d08e-e00c-4174-9a21-c4b90ef20a87,2026-02-20T14:06:30,12.362578,-1.517955
courierA-5459d08e-e00c-4174-9a21-c4b90ef20a87,2026-02-20T14:07:00,12.36291,-1.518018
courierA-5459d08e-e00c-4174-9a21-c4b90ef20a87,2026-02-20T14:07:30,12.363093,-1.51786
courierA-5459d08e-e00c-4174-9a21-c4b90ef20a87,2026-02-20T14:08:00,12.363154,-1.517521
courierA-5459d08e-e00c-4174-9a21-c4b90ef20a87,2026-02-20T14:08:30,12.363213,-1.517181
securityB-12f2e631-90a7-4ce7-87f7-c377db45e99c,2026-02-20T14:09:00,12.359004,-1.520892
leaderB-579ff0e7-77e4-4b16-9220-59c2c36ecc12,2026-02-20T14:09:00,12.359004,-1.520892
courierA-5459d08e-e00c-4174-9a21-c4b90ef20a87,2026-02-20T14:09:00,12.363281,-1.516843
courierA-5459d08e-e00c-4174-9a21-c4b90ef20a87,2026-02-20T14:09:30,12.363349,-1.516504
courierA-5459d08e-e00c-4174-9a21-c4b90ef20a87,2026-02-20T14:10:00,12.363412,-1.516165
courierA-5459d08e-e00c-4174-9a21-c4b90ef20a87,2026-02-20T14:10:30,12.363487,-1.515829
courierA-5459d08e-e00c-4174-9a21-c4b90ef20a87,2026-02-20T14:11:00,12.363562,-1.515492
securityB-12f2e631-90a7-4ce7-87f7-c377db45e99c,2026-02-20T14:12:00,12.359004,-1.520896
leaderB-579ff0e7-77e4-4b16-9220-59c2c36ecc12,2026-02-20T14:12:00,12.359004,-1.520896
securityB-12f2e631-90a7-4ce7-87f7-c377db45e99c,2026-02-20T14:15:00,12.358986,-1.5209
leaderB-579ff0e7-77e4-4b16-9220-59c2c36ecc12,2026-02-20T14:15:00,12.358986,-1.5209
facA-1420f464-9589-439d-bdab-a216790c256e,2026-02-20T14:30:00,12.36399,-1.515399
facA-1420f464-9589-439d-bdab-a216790c256e,2026-02-20T14:33:00,12.363996,-1.515377
facA-1420f464-9589-439d-bdab-a216790c256e,2026-02-20T14:36:00,12.364,-1.515413
facA-1420f464-9589-439d-bdab-a216790c256e,2026-02-20T14:39:00,12.363999,-1.515395
civ-76a4a23d-fbb3-41a4-972b-6fd04186df31,2026-02-20T15:00:00,12.362926,-1.522464
civ-7f406a46-d65c-474c-9165-7b794a0676f5,2026-02-20T15:00:00,12.362863,-1.522586
civ-387fd548-be7b-45d2-aaca-3461fd61d9b9,2026-02-20T15:00:00,12.362908,-1.522578
civ-d631d08e-3fbf-4b31-9ef4-565a5e9b55e3,2026-02-20T15:00:00,12.362887,-1.522471
civ-f4e85ae6-3ca3-42d4-95b9-870f42c0f472,2026-02-20T15:00:00,12.362913,-1.52244
civ-308c1ef0-4433-4b39-9090-f62187ddfaeb,2026-02-20T15:00:00,12.362884,-1.522567
civ-9f9f7095-188f-4f20-84a2-cf79b0887323,2026-02-20T15:00:00,12.363111,-1.522577
civ-b6af2b7d-0e39-4a08-82a3-58d9391a3a96,2026-02-20T15:00:00,12.362869,-1.52247
civ-9eba25b4-f62e-43df-bdf1-93bb8add8911,2026-02-20T15:00:00,12.362943,-1.522431
civ-daae27c2-242f-407f-b39a-ed2d387e7cb2,2026-02-20T15:00:00,12.36303,-1.522464
civ-d172a57d-c302-4ade-af0c-ba9b92fbf12d,2026-02-20T15:00:00,12.362824,-1.522519
civ-e02c98e1-7da0-41e9-8fac-d3330f57555a,2026-02-20T15:00:00,12.362922,-1.522351
civ-05737efa-d3c6-4fbc-b736-2539f6c8b721,2026-02-20T15:00:00,12.362799,-1.522413
leaderA-dc3bb5ee-282c-411f-96da-eebb88b52ea0,2026-02-20T15:00:00,12.362507,-1.513102
civ-68a1b4e8-2966-4cd2-9c0e-b315ee8f2636,2026-02-20T15:00:00,12.363029,-1.522499
civ-ec23fd3f-0e31-495a-81d8-771e3b7a66ab,2026-02-20T15:00:00,12.36405,-1.51538
civ-3c444b5f-117b-4b2d-a803-0c9f3084e84f,2026-02-20T15:00:00,12.364074,-1.515357
civ-7b59ac09-6ee5-42be-8e71-62dc2d61823a,2026-02-20T15:00:00,12.363986,-1.515361
civ-96bee5a6-0cd8-41b9-855f-e4529206f620,2026-02-20T15:00:00,12.363891,-1.515416
civ-193e15ec-b556-47d2-aca5-8f63addcf96d,2026-02-20T15:00:00,12.363953,-1.515419
civ-ef90e6ab-09bb-4b4d-99e7-0c2474191048,2026-02-20T15:00:00,12.363942,-1.515386
civ-4b9698d3-f5e5-496f-86a3-b45af9684363,2026-02-20T15:00:00,12.36398,-1.515311
civ-d5c04622-3d2d-4fce-a308-7c02db4e71eb,2026-02-20T15:00:00,12.363945,-1.51547
civ-3c90f202-e375-41f9-b3bd-3afdbdf8d430,2026-02-20T15:00:00,12.363991,-1.515461
civ-1ba89f20-c4a3-48f2-b0a7-44486ec6157d,2026-02-20T15:00:00,12.363981,-1.515322
civ-76d66c2c-18ac-44fe-8668-6d965b0a9a32,2026-02-20T15:00:00,12.363954,-1.515353
civ-090f8191-9e29-4f72-ba22-b1700e651e7a,2026-02-20T15:00:00,12.364062,-1.51536
civ-ef6559d9-673b-4a73-8943-648780032d68,2026-02-20T15:00:00,12.362826,-1.522496
civ-0abec168-2384-4e23-9483-65fc76a3fcfc,2026-02-20T15:00:00,12.364006,-1.515345
civ-c178c144-c1fd-484f-85aa-616d18607c81,2026-02-20T15:00:00,12.364095,-1.515412
civ-e54d7842-df1d-4cd9-9cf0-f57775e0f86c,2026-02-20T15:00:00,12.363892,-1.515466
civ-8a441a4c-095c-48c5-ab9f-404829b9c02f,2026-02-20T15:00:00,12.364113,-1.515367
civ-3fecfc85-2c0e-4b0b-bc8a-7b12092146ad,2026-02-20T15:00:00,12.363956,-1.515334
civ-d255115f-26d4-4220-b89b-4d59e1a64cb2,2026-02-20T15:00:00,12.363912,-1.515302
civ-53c63953-d467-4506-ae5f-17a72445b83e,2026-02-20T15:00:00,12.364117,-1.51537
civ-bab3decf-a7ea-468d-83cc-8f30e70b0f9b,2026-02-20T15:00:00,12.363985,-1.515423
civ-2d7b9a31-42d0-4aea-a9e7-4d70f8a903e9,2026-02-20T15:00:00,12.362984,-1.522536
civ-b76a4792-bda2-4d34-be05-347c189496f1,2026-02-20T15:00:00,12.362921,-1.522537
civ-2373db38-caa1-4e86-8ab3-c013ce62a001,2026-02-20T15:00:00,12.362911,-1.522445
civ-2e04381d-2639-4c07-a89f-34d43bb58102,2026-02-20T15:00:00,12.362876,-1.522537
civ-334e1849-10e7-4eba-a61b-3b024c0fb92b,2026-02-20T15:00:00,12.363071,-1.52244
securityA-43c3c6c2-08da-4277-b10b-2565d4ab391b,2026-02-20T15:00:00,12.362507,-1.513102
courierA-5459d08e-e00c-4174-9a21-c4b90ef20a87,2026-02-20T15:00:00,12.363999,-1.515403
courierA-5459d08e-e00c-4174-9a21-c4b90ef20a87,2026-02-20T15:03:00,12.364008,-1.51541
courierA-5459d08e-e00c-4174-9a21-c4b90ef20a87,2026-02-20T15:06:00,12.363993,-1.515399
leaderA-dc3bb5ee-282c-411f-96da-eebb88b52ea0,2026-02-20T15:10:00,12.3625,-1.513086
securityA-43c3c6c2-08da-4277-b10b-2565d4ab391b,2026-02-20T15:10:00,12.3625,-1.513086
securityA-43c3c6c2-08da-4277-b10b-2565d4ab391b,2026-02-20T15:20:00,12.3625,-1.513097
leaderA-dc3bb5ee-282c-411f-96da-eebb88b52ea0,2026-02-20T15:20:00,12.3625,-1.513097
securityA-43c3c6c2-08da-4277-b10b-2565d4ab391b,2026-02-20T15:30:00,12.362489,-1.513102
leaderA-dc3bb5ee-282c-411f-96da-eebb88b52ea0,2026-02-20T15:30:00,12.362489,-1.513102
securityA-43c3c6c2-08da-4277-b10b-2565d4ab391b,2026-02-20T15:40:00,12.362505,-1.513114
leaderA-dc3bb5ee-282c-411f-96da-eebb88b52ea0,2026-02-20T15:40:00,12.362505,-1.513114
securityA-43c3c6c2-08da-4277-b10b-2565d4ab391b,2026-02-20T15:50:00,12.362502,-1.513099
leaderA-dc3bb5ee-282c-411f-96da-eebb88b52ea0,2026-02-20T15:50:00,12.362502,-1.513099
leaderA-dc3bb5ee-282c-411f-96da-eebb88b52ea0,2026-02-20T17:00:00,12.361831,-1.514451
securityA-43c3c6c2-08da-4277-b10b-2565d4ab391b,2026-02-20T17:00:00,12.361831,-1.514451
securityA-43c3c6c2-08da-4277-b10b-2565d4ab391b,2026-02-20T17:00:30,12.361806,-1.514771
leaderA-dc3bb5ee-282c-411f-96da-eebb88b52ea0,2026-02-20T17:00:30,12.361806,-1.514771
leaderA-dc3bb5ee-282c-411f-96da-eebb88b52ea0,2026-02-20T17:01:00,12.361843,-1.515081
securityA-43c3c6c2-08da-4277-b10b-2565d4ab391b,2026-02-20T17:01:00,12.361843,-1.515081
leaderA-dc3bb5ee-282c-411f-96da-eebb88b52ea0,2026-02-20T17:01:30,12.361661,-1.515329
securityA-43c3c6c2-08da-4277-b10b-2565d4ab391b,2026-02-20T17:01:30,12.361661,-1.515329
leaderA-dc3bb5ee-282c-411f-96da-eebb88b52ea0,2026-02-20T17:02:00,12.36159,-1.515666
securityA-43c3c6c2-08da-4277-b10b-2565d4ab391b,2026-02-20T17:02:00,12.36159,-1.515666
leaderA-dc3bb5ee-282c-411f-96da-eebb88b52ea0,2026-02-20T17:02:30,12.361521,-1.516004
securityA-43c3c6c2-08da-4277-b10b-2565d4ab391b,2026-02-20T17:02:30,12.361521,-1.516004
securityA-43c3c6c2-08da-4277-b10b-2565d4ab391b,2026-02-20T17:03:00,12.361373,-1.516212
leaderA-dc3bb5ee-282c-411f-96da-eebb88b52ea0,2026-02-20T17:03:00,12.361373,-1.516212
leaderA-dc3bb5ee-282c-411f-96da-eebb88b52ea0,2026-02-20T17:03:30,12.361043,-1.51614
securityA-43c3c6c2-08da-4277-b10b-2565d4ab391b,2026-02-20T17:03:30,12.361043,-1.51614
securityA-43c3c6c2-08da-4277-b10b-2565d4ab391b,2026-02-20T17:04:00,12.360713,-1.516069
leaderA-dc3bb5ee-282c-411f-96da-eebb88b52ea0,2026-02-20T17:04:00,12.360713,-1.516069
leaderA-dc3bb5ee-282c-411f-96da-eebb88b52ea0,2026-02-20T17:04:30,12.360383,-1.515998
securityA-43c3c6c2-08da-4277-b10b-2565d4ab391b,2026-02-20T17:04:30,12.360383,-1.515998
leaderA-dc3bb5ee-282c-411f-96da-eebb88b52ea0,2026-02-20T17:05:00,12.360053,-1.515927
securityA-43c3c6c2-08da-4277-b10b-2565d4ab391b,2026-02-20T17:05:00,12.360053,-1.515927
leaderA-dc3bb5ee-282c-411f-96da-eebb88b52ea0,2026-02-20T17:05:30,12.359723,-1.515855
securityA-43c3c6c2-08da-4277-b10b-2565d4ab391b,2026-02-20T17:05:30,12.359723,-1.515855
leaderA-dc3bb5ee-282c-411f-96da-eebb88b52ea0,2026-02-20T17:06:00,12.359495,-1.515944
securityA-43c3c6c2-08da-4277-b10b-2565d4ab391b,2026-02-20T17:06:00,12.359495,-1.515944
leaderA-dc3bb5ee-282c-411f-96da-eebb88b52ea0,2026-02-20T17:06:30,12.359425,-1.516282
securityA-43c3c6c2-08da-4277-b10b-2565d4ab391b,2026-02-20T17:06:30,12.359425,-1.516282
securityA-43c3c6c2-08da-4277-b10b-2565d4ab391b,2026-02-20T18:00:00,12.3597,-1.516391
leaderA-dc3bb5ee-282c-411f-96da-eebb88b52ea0,2026-02-20T18:00:00,12.3597,-1.516391
leaderA-dc3bb5ee-282c-411f-96da-eebb88b52ea0,2026-02-20T18:20:00,12.359703,-1.516387
securityA-43c3c6c2-08da-4277-b10b-2565d4ab391b,2026-02-20T18:20:00,12.359703,-1.516387
securityA-43c3c6c2-08da-4277-b10b-2565d4ab391b,2026-02-20T18:40:00,12.359691,-1.516399
leaderA-dc3bb5ee-282c-411f-96da-eebb88b52ea0,2026-02-20T18:40:00,12.359691,-1.516399
leaderA-dc3bb5ee-282c-411f-96da-eebb88b52ea0,2026-02-20T19:00:00,12.359701,-1.51641
securityA-43c3c6c2-08da-4277-b10b-2565d4ab391b,2026-02-20T19:00:00,12.359701,-1.51641
securityA-43c3c6c2-08da-4277-b10b-2565d4ab391b,2026-02-20T19:20:00,12.359709,-1.516379
leaderA-dc3bb5ee-282c-411f-96da-eebb88b52ea0,2026-02-20T19:20:00,12.359709,-1.516379
securityA-43c3c6c2-08da-4277-b10b-2565d4ab391b,2026-02-20T19:40:00,12.3597,-1.516395
leaderA-dc3bb5ee-282c-411f-96da-eebb88b52ea0,2026-02-20T19:40:00,12.3597,-1.516395
logB-c23e4c99-d72b-4789-9397-006a7d765d4c,2026-02-21T05:00:00,12.364466,-1.521212
logB-c23e4c99-d72b-4789-9397-006a7d765d4c,2026-02-21T05:00:30,12.364527,-1.520872
logB-c23e4c99-d72b-4789-9397-006a7d765d4c,2026-02-21T05:01:00,12.364588,-1.520533
logB-c23e4c99-d72b-4789-9397-006a7d765d4c,2026-02-21T05:01:30,12.364651,-1.520194
logB-c23e4c99-d72b-4789-9397-006a7d765d4c,2026-02-21T05:02:00,12.364714,-1.519855
logB-c23e4c99-d72b-4789-9397-006a7d765d4c,2026-02-21T05:02:30,12.364775,-1.519515
logB-c23e4c99-d72b-4789-9397-006a7d765d4c,2026-02-21T05:03:00,12.364843,-1.519177
logB-c23e4c99-d72b-4789-9397-006a7d765d4c,2026-02-21T05:03:30,12.36491,-1.518838
logB-c23e4c99-d72b-4789-9397-006a7d765d4c,2026-02-21T05:04:00,12.364974,-1.518499
logB-c23e4c99-d72b-4789-9397-006a7d765d4c,2026-02-21T05:04:30,12.364673,-1.518418
logB-c23e4c99-d72b-4789-9397-006a7d765d4c,2026-02-21T05:05:00,12.364341,-1.518355
logB-c23e4c99-d72b-4789-9397-006a7d765d4c,2026-02-21T05:05:30,12.364009,-1.518294
logB-c23e4c99-d72b-4789-9397-006a7d765d4c,2026-02-21T05:06:00,12.363677,-1.518233
logB-c23e4c99-d72b-4789-9397-006a7d765d4c,2026-02-21T05:06:30,12.363345,-1.518172
logB-c23e4c99-d72b-4789-9397-006a7d765d4c,2026-02-21T05:07:00,12.363013,-1.518111
logB-c23e4c99-d72b-4789-9397-006a7d765d4c,2026-02-21T05:07:30,12.362682,-1.518049
logB-c23e4c99-d72b-4789-9397-006a7d765d4c,2026-02-21T05:08:00,12.36235,-1.517985
logB-c23e4c99-d72b-4789-9397-006a7d765d4c,2026-02-21T05:08:30,12.362019,-1.517922
logB-c23e4c99-d72b-4789-9397-006a7d765d4c,2026-02-21T05:09:00,12.361686,-1.517864
logB-c23e4c99-d72b-4789-9397-006a7d765d4c,2026-02-21T05:09:30,12.361354,-1.517805
logB-c23e4c99-d72b-4789-9397-006a7d765d4c,2026-02-21T05:10:00,12.361134,-1.517667
logB-c23e4c99-d72b-4789-9397-006a7d765d4c,2026-02-21T05:10:30,12.361198,-1.517328
logB-c23e4c99-d72b-4789-9397-006a7d765d4c,2026-02-21T05:11:00,12.361263,-1.516989
logB-c23e4c99-d72b-4789-9397-006a7d765d4c,2026-02-21T05:11:30,12.361331,-1.516651
logB-c23e4c99-d72b-4789-9397-006a7d765d4c,2026-02-21T05:12:00,12.361398,-1.516312
logB-c23e4c99-d72b-4789-9397-006a7d765d4c,2026-02-21T05:12:30,12.361403,-1.515982
logB-c23e4c99-d72b-4789-9397-006a7d765d4c,2026-02-21T05:13:00,12.36147,-1.515644
logB-c23e4c99-d72b-4789-9397-006a7d765d4c,2026-02-21T05:13:30,12.361536,-1.515305
logB-c23e4c99-d72b-4789-9397-006a7d765d4c,2026-02-21T05:14:00,12.36147,-1.515001
logB-c23e4c99-d72b-4789-9397-006a7d765d4c,2026-02-21T05:14:30,12.361625,-1.514735
logB-c23e4c99-d72b-4789-9397-006a7d765d4c,2026-02-21T05:15:00,12.361721,-1.51443
leaderA-dc3bb5ee-282c-411f-96da-eebb88b52ea0,2026-02-21T05:30:00,12.359702,-1.516411
securityA-43c3c6c2-08da-4277-b10b-2565d4ab391b,2026-02-21T05:30:00,12.359702,-1.516411
leaderA-dc3bb5ee-282c-411f-96da-eebb88b52ea0,2026-02-21T05:33:00,12.35971,-1.516398
securityA-43c3c6c2-08da-4277-b10b-2565d4ab391b,2026-02-21T05:33:00,12.35971,-1.516398
securityA-43c3c6c2-08da-4277-b10b-2565d4ab391b,2026-02-21T05:36:00,12.359702,-1.5164
leaderA-dc3bb5ee-282c-411f-96da-eebb88b52ea0,2026-02-21T05:36:00,12.359702,-1.5164
securityA-43c3c6c2-08da-4277-b10b-2565d4ab391b,2026-02-21T05:39:00,12.359695,-1.516398
leaderA-dc3bb5ee-282c-411f-96da-eebb88b52ea0,2026-02-21T05:39:00,12.359695,-1.516398
securityA-43c3c6c2-08da-4277-b10b-2565d4ab391b,2026-02-21T05:42:00,12.359704,-1.516416
leaderA-dc3bb5ee-282c-411f-96da-eebb88b52ea0,2026-02-21T05:42:00,12.359704,-1.516416
courierA-5459d08e-e00c-4174-9a21-c4b90ef20a87,2026-02-21T06:00:00,12.359413,-1.51634
courierA-5459d08e-e00c-4174-9a21-c4b90ef20a87,2026-02-21T06:00:30,12.359483,-1.516002
courierA-5459d08e-e00c-4174-9a21-c4b90ef20a87,2026-02-21T06:01:00,12.359666,-1.515843
courierA-5459d08e-e00c-4174-9a21-c4b90ef20a87,2026-02-21T06:01:30,12.359996,-1.515914
courierA-5459d08e-e00c-4174-9a21-c4b90ef20a87,2026-02-21T06:02:00,12.360326,-1.515986
courierA-5459d08e-e00c-4174-9a21-c4b90ef20a87,2026-02-21T06:02:30,12.360656,-1.516057
courierA-5459d08e-e00c-4174-9a21-c4b90ef20a87,2026-02-21T06:03:00,12.360986,-1.516128
courierA-5459d08e-e00c-4174-9a21-c4b90ef20a87,2026-02-21T06:03:30,12.361316,-1.516199
courierA-5459d08e-e00c-4174-9a21-c4b90ef20a87,2026-02-21T06:04:00,12.361417,-1.515912
courierA-5459d08e-e00c-4174-9a21-c4b90ef20a87,2026-02-21T06:04:30,12.361484,-1.515573
courierA-5459d08e-e00c-4174-9a21-c4b90ef20a87,2026-02-21T06:05:00,12.361549,-1.515235
courierA-5459d08e-e00c-4174-9a21-c4b90ef20a87,2026-02-21T06:05:30,12.361465,-1.51493
courierA-5459d08e-e00c-4174-9a21-c4b90ef20a87,2026-02-21T06:06:00,12.361664,-1.514691
courierA-5459d08e-e00c-4174-9a21-c4b90ef20a87,2026-02-21T06:06:30,12.36179,-1.514443
facA-1420f464-9589-439d-bdab-a216790c256e,2026-02-21T06:30:00,12.362905,-1.522505
facA-1420f464-9589-439d-bdab-a216790c256e,2026-02-21T06:33:00,12.362895,-1.522506
facA-1420f464-9589-439d-bdab-a216790c256e,2026-02-21T06:36:00,12.362892,-1.522485
facA-1420f464-9589-439d-bdab-a216790c256e,2026-02-21T06:39:00,12.362908,-1.5225
securityA-43c3c6c2-08da-4277-b10b-2565d4ab391b,2026-02-21T06:57:00,12.359413,-1.51634
leaderA-dc3bb5ee-282c-411f-96da-eebb88b52ea0,2026-02-21T06:57:00,12.359413,-1.51634
leaderA-dc3bb5ee-282c-411f-96da-eebb88b52ea0,2026-02-21T06:57:30,12.359346,-1.516678
securityA-43c3c6c2-08da-4277-b10b-2565d4ab391b,2026-02-21T06:57:30,12.359346,-1.516678
leaderA-dc3bb5ee-282c-411f-96da-eebb88b52ea0,2026-02-21T06:58:00,12.359286,-1.517018
securityA-43c3c6c2-08da-4277-b10b-2565d4ab391b,2026-02-21T06:58:00,12.359286,-1.517018
securityA-43c3c6c2-08da-4277-b10b-2565d4ab391b,2026-02-21T06:58:30,12.359261,-1.517335
leaderA-dc3bb5ee-282c-411f-96da-eebb88b52ea0,2026-02-21T06:58:30,12.359261,-1.517335
securityA-43c3c6c2-08da-4277-b10b-2565d4ab391b,2026-02-21T06:59:00,12.359592,-1.517397
leaderA-dc3bb5ee-282c-411f-96da-eebb88b52ea0,2026-02-21T06:59:00,12.359592,-1.517397
leaderA-dc3bb5ee-282c-411f-96da-eebb88b52ea0,2026-02-21T06:59:30,12.359924,-1.517459
securityA-43c3c6c2-08da-4277-b10b-2565d4ab391b,2026-02-21T06:59:30,12.359924,-1.517459
civ-e758c958-7b24-4522-9a31-15e5a4460d25,2026-02-21T07:00:00,12.363974,-1.51552
civ-dde1e20d-07c6-4fc6-a24b-a614d13d8c8c,2026-02-21T07:00:00,12.364088,-1.515414
civ-380c5833-7275-43c9-a2f3-6bbfefb313ee,2026-02-21T07:00:00,12.364122,-1.51528
civ-84fc25b0-97b5-4203-9114-3642fcd7137a,2026-02-21T07:00:00,12.363911,-1.515331
civ-868d8409-b362-43e5-a625-144710c5d8a0,2026-02-21T07:00:00,12.363924,-1.515425
civ-7c74b9e6-3b53-43ff-a7ba-19e03bc43a20,2026-02-21T07:00:00,12.363988,-1.51522
civ-6654dc51-13c1-4125-8d1c-5bc91b6eb4d8,2026-02-21T07:00:00,12.364147,-1.515366
civ-70335f78-c2e5-47f7-a438-03a3cbc28ba4,2026-02-21T07:00:00,12.363938,-1.515444
civ-dfde89c8-3924-441f-a100-86cfe11636eb,2026-02-21T07:00:00,12.364093,-1.515454
civ-aef4bf05-0e41-4722-a14a-fa6af40035c2,2026-02-21T07:00:00,12.363987,-1.515408
civ-b746fdfb-0f39-49a0-a7d5-6adcdce305d8,2026-02-21T07:00:00,12.364081,-1.515399
civ-67ebebbd-16dd-4007-9605-0704140f98cf,2026-02-21T07:00:00,12.363965,-1.515304
civ-8bbd0f69-cf7c-4079-82e4-b8918054ae2a,2026-02-21T07:00:00,12.364054,-1.515444
civ-e22bdf4b-48d4-460b-b0fe-4b8b0366a20f,2026-02-21T07:00:00,12.363946,-1.515448
civ-81d8fe0f-227d-4310-b136-407e692e52cf,2026-02-21T07:00:00,12.363911,-1.515508
courierA-5459d08e-e00c-4174-9a21-c4b90ef20a87,2026-02-21T07:00:00,12.362512,-1.513103
civ-810b5364-dba9-43a3-8880-0fa7b33b80d5,2026-02-21T07:00:00,12.362887,-1.522501
civ-d1d28085-94c0-4aa2-9aee-50306f366e5a,2026-02-21T07:00:00,12.364095,-1.515385
civ-3b89cb0c-e383-402f-afc1-87c3d80b2336,2026-02-21T07:00:00,12.362925,-1.522504
leaderA-dc3bb5ee-282c-411f-96da-eebb88b52ea0,2026-02-21T07:00:00,12.360256,-1.517521
civ-d5f0a13a-f5b8-450f-8f1a-615fb7c69faa,2026-02-21T07:00:00,12.362825,-1.522515
civ-220398ce-b4ab-48b4-879f-195c6ed20191,2026-02-21T07:00:00,12.362868,-1.522492
civ-430cd908-535b-4031-9f72-58f4fcd22c9d,2026-02-21T07:00:00,12.362923,-1.522601
civ-e8a11eb9-87b6-425c-9ef0-024a102cefc5,2026-02-21T07:00:00,12.362803,-1.522373
civ-4d319897-b5d9-4fef-90c0-c411e78a2698,2026-02-21T07:00:00,12.362954,-1.522516
civ-0dacc5f0-dac1-4058-abdc-160bbc6fc544,2026-02-21T07:00:00,12.362839,-1.522539
civ-781a613e-bb78-46a3-81a4-d50385749ffb,2026-02-21T07:00:00,12.362857,-1.522546
civ-49eb5b32-4195-48ed-bd60-77533c69375a,2026-02-21T07:00:00,12.364005,-1.515324
civ-73f2d66e-3e99-46c2-ac20-dc10e0465b8d,2026-02-21T07:00:00,12.363995,-1.515504
civ-a22d7cda-d256-4e94-b24c-3b05eefaa596,2026-02-21T07:00:00,12.363988,-1.515354
civ-c25edf08-0086-40d7-8f7a-e07916a64d63,2026-02-21T07:00:00,12.36393,-1.515371
securityA-43c3c6c2-08da-4277-b10b-2565d4ab391b,2026-02-21T07:00:00,12.360256,-1.517521
civ-32c8e17f-ff9a-4ac6-9276-b0ba2a4c6e5b,2026-02-21T07:00:00,12.362855,-1.52252
civ-a35f5a4a-167c-45ae-a418-f5bb9e985529,2026-02-21T07:00:00,12.36297,-1.522399
civ-bc466afc-a941-4962-8d86-0df0dba65c59,2026-02-21T07:00:00,12.363023,-1.52258
civ-df42e749-9ccf-4c57-8886-cd745b77e634,2026-02-21T07:00:00,12.362888,-1.522382
civ-519e2551-e008-4090-9f05-afaf551929f0,2026-02-21T07:00:00,12.362873,-1.522536
civ-e5dee4fa-8f96-4c46-884e-0aebbaeffad3,2026-02-21T07:00:00,12.363009,-1.522473
civ-12a108f5-d957-4b95-8355-6b3c3903988e,2026-02-21T07:00:00,12.362876,-1.522491
civ-c3331a2e-f853-4695-99fb-83a1b9391bc8,2026-02-21T07:00:00,12.362921,-1.522482
civ-85eed8ff-71dd-4a14-9b7e-9c260c0f7c3e,2026-02-21T07:00:00,12.362758,-1.522502
civ-6d64a4aa-e679-4f8f-a49c-2ea9cf89d948,2026-02-21T07:00:00,12.362978,-1.522554
civ-8633f750-da09-4758-94e9-9ed8f28052cf,2026-02-21T07:00:00,12.362897,-1.522453
leaderA-dc3bb5ee-282c-411f-96da-eebb88b52ea0,2026-02-21T07:00:30,12.360588,-1.517583
securityA-43c3c6c2-08da-4277-b10b-2565d4ab391b,2026-02-21T07:00:30,12.360588,-1.517583
securityA-43c3c6c2-08da-4277-b10b-2565d4ab391b,2026-02-21T07:01:00,12.360919,-1.517645
leaderA-dc3bb5ee-282c-411f-96da-eebb88b52ea0,2026-02-21T07:01:00,12.360919,-1.517645
securityA-43c3c6c2-08da-4277-b10b-2565d4ab391b,2026-02-21T07:01:30,12.361251,-1.517707
leaderA-dc3bb5ee-282c-411f-96da-eebb88b52ea0,2026-02-21T07:01:30,12.361251,-1.517707
securityA-43c3c6c2-08da-4277-b10b-2565d4ab391b,2026-02-21T07:02:00,12.361583,-1.517769
leaderA-dc3bb5ee-282c-411f-96da-eebb88b52ea0,2026-02-21T07:02:00,12.361583,-1.517769
leaderA-dc3bb5ee-282c-411f-96da-eebb88b52ea0,2026-02-21T07:02:30,12.361915,-1.51783
securityA-43c3c6c2-08da-4277-b10b-2565d4ab391b,2026-02-21T07:02:30,12.361915,-1.51783
leaderA-dc3bb5ee-282c-411f-96da-eebb88b52ea0,2026-02-21T07:03:00,12.362247,-1.517892
securityA-43c3c6c2-08da-4277-b10b-2565d4ab391b,2026-02-21T07:03:00,12.362247,-1.517892
courierA-5459d08e-e00c-4174-9a21-c4b90ef20a87,2026-02-21T07:03:00,12.362496,-1.513086
leaderA-dc3bb5ee-282c-411f-96da-eebb88b52ea0,2026-02-21T07:03:30,12.362578,-1.517955
securityA-43c3c6c2-08da-4277-b10b-2565d4ab391b,2026-02-21T07:03:30,12.362578,-1.517955
leaderA-dc3bb5ee-282c-411f-96da-eebb88b52ea0,2026-02-21T07:04:00,12.36291,-1.518018
securityA-43c3c6c2-08da-4277-b10b-2565d4ab391b,2026-02-21T07:04:00,12.36291,-1.518018
securityA-43c3c6c2-08da-4277-b10b-2565d4ab391b,2026-02-21T07:04:30,12.363093,-1.51786
leaderA-dc3bb5ee-282c-411f-96da-eebb88b52ea0,2026-02-21T07:04:30,12.363093,-1.51786
leaderA-dc3bb5ee-282c-411f-96da-eebb88b52ea0,2026-02-21T07:05:00,12.363154,-1.517521
securityA-43c3c6c2-08da-4277-b10b-2565d4ab391b,2026-02-21T07:05:00,12.363154,-1.517521
securityA-43c3c6c2-08da-4277-b10b-2565d4ab391b,2026-02-21T07:05:30,12.363213,-1.517181
leaderA-dc3bb5ee-282c-411f-96da-eebb88b52ea0,2026-02-21T07:05:30,12.363213,-1.517181
courierA-5459d08e-e00c-4174-9a21-c4b90ef20a87,2026-02-21T07:06:00,12.362489,-1.51311
securityA-43c3c6c2-08da-4277-b10b-2565d4ab391b,2026-02-21T07:06:00,12.363281,-1.516843
leaderA-dc3bb5ee-282c-411f-96da-eebb88b52ea0,2026-02-21T07:06:00,12.363281,-1.516843
securityA-43c3c6c2-08da-4277-b10b-2565d4ab391b,2026-02-21T07:06:30,12.363349,-1.516504
leaderA-dc3bb5ee-282c-411f-96da-eebb88b52ea0,2026-02-21T07:06:30,12.363349,-1.516504
leaderA-dc3bb5ee-282c-411f-96da-eebb88b52ea0,2026-02-21T07:07:00,12.363412,-1.516165
securityA-43c3c6c2-08da-4277-b10b-2565d4ab391b,2026-02-21T07:07:00,12.363412,-1.516165
leaderA-dc3bb5ee-282c-411f-96da-eebb88b52ea0,2026-02-21T07:07:30,12.363487,-1.515829
securityA-43c3c6c2-08da-4277-b10b-2565d4ab391b,2026-02-21T07:07:30,12.363487,-1.515829
leaderA-dc3bb5ee-282c-411f-96da-eebb88b52ea0,2026-02-21T07:08:00,12.363562,-1.515492
securityA-43c3c6c2-08da-4277-b10b-2565d4ab391b,2026-02-21T07:08:00,12.363562,-1.515492
securityB-12f2e631-90a7-4ce7-87f7-c377db45e99c,2026-02-21T08:00:00,12.364466,-1.521212
logB-c23e4c99-d72b-4789-9397-006a7d765d4c,2026-02-21T08:00:00,12.362494,-1.513094
leaderB-579ff0e7-77e4-4b16-9220-59c2c36ecc12,2026-02-21T08:00:00,12.364466,-1.521212
leaderB-579ff0e7-77e4-4b16-9220-59c2c36ecc12,2026-02-21T08:00:30,12.364527,-1.520872
securityB-12f2e631-90a7-4ce7-87f7-c377db45e99c,2026-02-21T08:00:30,12.364527,-1.520872
leaderB-579ff0e7-77e4-4b16-9220-59c2c36ecc12,2026-02-21T08:01:00,12.364588,-1.520533
securityB-12f2e631-90a7-4ce7-87f7-c377db45e99c,2026-02-21T08:01:00,12.364588,-1.520533
leaderB-579ff0e7-77e4-4b16-9220-59c2c36ecc12,2026-02-21T08:01:30,12.364651,-1.520194
securityB-12f2e631-90a7-4ce7-87f7-c377db45e99c,2026-02-21T08:01:30,12.364651,-1.520194
leaderB-579ff0e7-77e4-4b16-9220-59c2c36ecc12,2026-02-21T08:02:00,12.364714,-1.519855
securityB-12f2e631-90a7-4ce7-87f7-c377db45e99c,2026-02-21T08:02:00,12.364714,-1.519855
leaderB-579ff0e7-77e4-4b16-9220-59c2c36ecc12,2026-02-21T08:02:30,12.364775,-1.519515
securityB-12f2e631-90a7-4ce7-87f7-c377db45e99c,2026-02-21T08:02:30,12.364775,-1.519515
securityB-12f2e631-90a7-4ce7-87f7-c377db45e99c,2026-02-21T08:03:00,12.364843,-1.519177
logB-c23e4c99-d72b-4789-9397-006a7d765d4c,2026-02-21T08:03:00,12.362497,-1.513118
leaderB-579ff0e7-77e4-4b16-9220-59c2c36ecc12,2026-02-21T08:03:00,12.364843,-1.519177
leaderB-579ff0e7-77e4-4b16-9220-59c2c36ecc12,2026-02-21T08:03:30,12.36491,-1.518838
securityB-12f2e631-90a7-4ce7-87f7-c377db45e99c,2026-02-21T08:03:30,12.36491,-1.518838
leaderB-579ff0e7-77e4-4b16-9220-59c2c36ecc12,2026-02-21T08:04:00,12.364974,-1.518499
securityB-12f2e631-90a7-4ce7-87f7-c377db45e99c,2026-02-21T08:04:00,12.364974,-1.518499
securityB-12f2e631-90a7-4ce7-87f7-c377db45e99c,2026-02-21T08:04:30,12.364673,-1.518418
leaderB-579ff0e7-77e4-4b16-9220-59c2c36ecc12,2026-02-21T08:04:30,12.364673,-1.518418
securityB-12f2e631-90a7-4ce7-87f7-c377db45e99c,2026-02-21T08:05:00,12.364341,-1.518355
leaderB-579ff0e7-77e4-4b16-9220-59c2c36ecc12,2026-02-21T08:05:00,12.364341,-1.518355
securityB-12f2e631-90a7-4ce7-87f7-c377db45e99c,2026-02-21T08:05:30,12.364009,-1.518294
leaderB-579ff0e7-77e4-4b16-9220-59c2c36ecc12,2026-02-21T08:05:30,12.364009,-1.518294
securityB-12f2e631-90a7-4ce7-87f7-c377db45e99c,2026-02-21T08:06:00,12.363677,-1.518233
leaderB-579ff0e7-77e4-4b16-9220-59c2c36ecc12,2026-02-21T08:06:00,12.363677,-1.518233
logB-c23e4c99-d72b-4789-9397-006a7d765d4c,2026-02-21T08:06:00,12.362495,-1.513111
leaderB-579ff0e7-77e4-4b16-9220-59c2c36ecc12,2026-02-21T08:06:30,12.363345,-1.518172
securityB-12f2e631-90a7-4ce7-87f7-c377db45e99c,2026-02-21T08:06:30,12.363345,-1.518172
securityB-12f2e631-90a7-4ce7-87f7-c377db45e99c,2026-02-21T08:07:00,12.363013,-1.518111
leaderB-579ff0e7-77e4-4b16-9220-59c2c36ecc12,2026-02-21T08:07:00,12.363013,-1.518111
securityB-12f2e631-90a7-4ce7-87f7-c377db45e99c,2026-02-21T08:07:30,12.362682,-1.518049
leaderB-579ff0e7-77e4-4b16-9220-59c2c36ecc12,2026-02-21T08:07:30,12.362682,-1.518049
securityB-12f2e631-90a7-4ce7-87f7-c377db45e99c,2026-02-21T08:08:00,12.36235,-1.517985
leaderB-579ff0e7-77e4-4b16-9220-59c2c36ecc12,2026-02-21T08:08:00,12.36235,-1.517985
leaderB-579ff0e7-77e4-4b16-9220-59c2c36ecc12,2026-02-21T08:08:30,12.362019,-1.517922
securityB-12f2e631-90a7-4ce7-87f7-c377db45e99c,2026-02-21T08:08:30,12.362019,-1.517922
logB-c23e4c99-d72b-4789-9397-006a7d765d4c,2026-02-21T08:09:00,12.3625,-1.513111
securityB-12f2e631-90a7-4ce7-87f7-c377db45e99c,2026-02-21T08:09:00,12.361686,-1.517864
leaderB-579ff0e7-77e4-4b16-9220-59c2c36ecc12,2026-02-21T08:09:00,12.361686,-1.517864
securityB-12f2e631-90a7-4ce7-87f7-c377db45e99c,2026-02-21T08:09:30,12.361354,-1.517805
leaderB-579ff0e7-77e4-4b16-9220-59c2c36ecc12,2026-02-21T08:09:30,12.361354,-1.517805
leaderB-579ff0e7-77e4-4b16-9220-59c2c36ecc12,2026-02-21T08:10:00,12.361134,-1.517667
securityB-12f2e631-90a7-4ce7-87f7-c377db45e99c,2026-02-21T08:10:00,12.361134,-1.517667
leaderB-579ff0e7-77e4-4b16-9220-59c2c36ecc12,2026-02-21T08:10:30,12.361198,-1.517328
securityB-12f2e631-90a7-4ce7-87f7-c377db45e99c,2026-02-21T08:10:30,12.361198,-1.517328
leaderB-579ff0e7-77e4-4b16-9220-59c2c36ecc12,2026-02-21T08:11:00,12.361263,-1.516989
securityB-12f2e631-90a7-4ce7-87f7-c377db45e99c,2026-02-21T08:11:00,12.361263,-1.516989
securityB-12f2e631-90a7-4ce7-87f7-c377db45e99c,2026-02-21T08:11:30,12.361331,-1.516651
leaderB-579ff0e7-77e4-4b16-9220-59c2c36ecc12,2026-02-21T08:11:30,12.361331,-1.516651
leaderB-579ff0e7-77e4-4b16-9220-59c2c36ecc12,2026-02-21T08:12:00,12.361398,-1.516312
logB-c23e4c99-d72b-4789-9397-006a7d765d4c,2026-02-21T08:12:00,12.362508,-1.513101
securityB-12f2e631-90a7-4ce7-87f7-c377db45e99c,2026-02-21T08:12:00,12.361398,-1.516312
securityB-12f2e631-90a7-4ce7-87f7-c377db45e99c,2026-02-21T08:12:30,12.361403,-1.515982
leaderB-579ff0e7-77e4-4b16-9220-59c2c36ecc12,2026-02-21T08:12:30,12.361403,-1.515982
securityB-12f2e631-90a7-4ce7-87f7-c377db45e99c,2026-02-21T08:13:00,12.36147,-1.515644
leaderB-579ff0e7-77e4-4b16-9220-59c2c36ecc12,2026-02-21T08:13:00,12.36147,-1.515644
securityB-12f2e631-90a7-4ce7-87f7-c377db45e99c,2026-02-21T08:13:30,12.361536,-1.515305
leaderB-579ff0e7-77e4-4b16-9220-59c2c36ecc12,2026-02-21T08:13:30,12.361536,-1.515305
leaderB-579ff0e7-77e4-4b16-9220-59c2c36ecc12,2026-02-21T08:14:00,12.36147,-1.515001
securityB-12f2e631-90a7-4ce7-87f7-c377db45e99c,2026-02-21T08:14:00,12.36147,-1.515001
leaderB-579ff0e7-77e4-4b16-9220-59c2c36ecc12,2026-02-21T08:14:30,12.361625,-1.514735
securityB-12f2e631-90a7-4ce7-87f7-c377db45e99c,2026-02-21T08:14:30,12.361625,-1.514735
leaderB-579ff0e7-77e4-4b16-9220-59c2c36ecc12,2026-02-21T08:15:00,12.361721,-1.51443
securityB-12f2e631-90a7-4ce7-87f7-c377db45e99c,2026-02-21T08:15:00,12.361721,-1.51443
propB-775f6ffc-da47-48c0-82b1-4fe100d5ee88,2026-02-21T09:00:00,12.358998,-1.520894
leaderB-579ff0e7-77e4-4b16-9220-59c2c36ecc12,2026-02-21T09:00:00,12.362487,-1.513093
securityB-12f2e631-90a7-4ce7-87f7-c377db45e99c,2026-02-21T09:00:00,12.362487,-1.513093
leaderB-579ff0e7-77e4-4b16-9220-59c2c36ecc12,2026-02-21T09:03:00,12.362502,-1.513093
securityB-12f2e631-90a7-4ce7-87f7-c377db45e99c,2026-02-21T09:03:00,12.362502,-1.513093
propB-775f6ffc-da47-48c0-82b1-4fe100d5ee88,2026-02-21T09:03:00,12.359009,-1.5209
securityB-12f2e631-90a7-4ce7-87f7-c377db45e99c,2026-02-21T09:06:00,12.362483,-1.513097
leaderB-579ff0e7-77e4-4b16-9220-59c2c36ecc12,2026-02-21T09:06:00,12.362483,-1.513097
propB-775f6ffc-da47-48c0-82b1-4fe100d5ee88,2026-02-21T09:06:00,12.358993,-1.520916
leaderB-579ff0e7-77e4-4b16-9220-59c2c36ecc12,2026-02-21T09:09:00,12.362489,-1.513104
securityB-12f2e631-90a7-4ce7-87f7-c377db45e99c,2026-02-21T09:09:00,12.362489,-1.513104
propB-775f6ffc-da47-48c0-82b1-4fe100d5ee88,2026-02-21T09:09:00,12.358994,-1.520906
securityA-43c3c6c2-08da-4277-b10b-2565d4ab391b,2026-02-21T09:30:00,12.363995,-1.515402
leaderA-dc3bb5ee-282c-411f-96da-eebb88b52ea0,2026-02-21T09:30:00,12.363995,-1.515402
leaderA-dc3bb5ee-282c-411f-96da-eebb88b52ea0,2026-02-21T09:45:00,12.364002,-1.515389
securityA-43c3c6c2-08da-4277-b10b-2565d4ab391b,2026-02-21T09:45:00,12.364002,-1.515389
leaderA-dc3bb5ee-282c-411f-96da-eebb88b52ea0,2026-02-21T10:00:00,12.363993,-1.515404
securityA-43c3c6c2-08da-4277-b10b-2565d4ab391b,2026-02-21T10:00:00,12.363993,-1.515404
leaderA-dc3bb5ee-282c-411f-96da-eebb88b52ea0,2026-02-21T10:15:00,12.363995,-1.515407
securityA-43c3c6c2-08da-4277-b10b-2565d4ab391b,2026-02-21T10:15:00,12.363995,-1.515407
leaderA-dc3bb5ee-282c-411f-96da-eebb88b52ea0,2026-02-21T10:30:00,12.363997,-1.515393
securityA-43c3c6c2-08da-4277-b10b-2565d4ab391b,2026-02-21T10:30:00,12.363997,-1.515393
securityA-43c3c6c2-08da-4277-b10b-2565d4ab391b,2026-02-21T10:45:00,12.363991,-1.515396
leaderA-dc3bb5ee-282c-411f-96da-eebb88b52ea0,2026-02-21T10:45:00,12.363991,-1.515396
securityB-12f2e631-90a7-4ce7-87f7-c377db45e99c,2026-02-21T11:00:00,12.361831,-1.514451
leaderB-579ff0e7-77e4-4b16-9220-59c2c36ecc12,2026-02-21T11:00:00,12.361831,-1.514451
leaderB-579ff0e7-77e4-4b16-9220-59c2c36ecc12,2026-02-21T11:00:30,12.361806,-1.514771
securityB-12f2e631-90a7-4ce7-87f7-c377db45e99c,2026-02-21T11:00:30,12.361806,-1.514771
leaderB-579ff0e7-77e4-4b16-9220-59c2c36ecc12,2026-02-21T11:01:00,12.361843,-1.515081
securityB-12f2e631-90a7-4ce7-87f7-c377db45e99c,2026-02-21T11:01:00,12.361843,-1.515081
leaderB-579ff0e7-77e4-4b16-9220-59c2c36ecc12,2026-02-21T11:01:30,12.361661,-1.515329
securityB-12f2e631-90a7-4ce7-87f7-c377db45e99c,2026-02-21T11:01:30,12.361661,-1.515329
leaderB-579ff0e7-77e4-4b16-9220-59c2c36ecc12,2026-02-21T11:02:00,12.36159,-1.515666
securityB-12f2e631-90a7-4ce7-87f7-c377db45e99c,2026-02-21T11:02:00,12.36159,-1.515666
leaderB-579ff0e7-77e4-4b16-9220-59c2c36ecc12,2026-02-21T11:02:30,12.361521,-1.516004
securityB-12f2e631-90a7-4ce7-87f7-c377db45e99c,2026-02-21T11:02:30,12.361521,-1.516004
leaderB-579ff0e7-77e4-4b16-9220-59c2c36ecc12,2026-02-21T11:03:00,12.361398,-1.516308
securityB-12f2e631-90a7-4ce7-87f7-c377db45e99c,2026-02-21T11:03:00,12.361398,-1.516308
securityB-12f2e631-90a7-4ce7-87f7-c377db45e99c,2026-02-21T11:03:30,12.361331,-1.516647
leaderB-579ff0e7-77e4-4b16-9220-59c2c36ecc12,2026-02-21T11:03:30,12.361331,-1.516647
securityB-12f2e631-90a7-4ce7-87f7-c377db45e99c,2026-02-21T11:04:00,12.361264,-1.516985
leaderB-579ff0e7-77e4-4b16-9220-59c2c36ecc12,2026-02-21T11:04:00,12.361264,-1.516985
securityB-12f2e631-90a7-4ce7-87f7-c377db45e99c,2026-02-21T11:04:30,12.361199,-1.517324
leaderB-579ff0e7-77e4-4b16-9220-59c2c36ecc12,2026-02-21T11:04:30,12.361199,-1.517324
leaderB-579ff0e7-77e4-4b16-9220-59c2c36ecc12,2026-02-21T11:05:00,12.361135,-1.517663
securityB-12f2e631-90a7-4ce7-87f7-c377db45e99c,2026-02-21T11:05:00,12.361135,-1.517663
leaderB-579ff0e7-77e4-4b16-9220-59c2c36ecc12,2026-02-21T11:05:30,12.361441,-1.517742
securityB-12f2e631-90a7-4ce7-87f7-c377db45e99c,2026-02-21T11:05:30,12.361441,-1.517742
leaderB-579ff0e7-77e4-4b16-9220-59c2c36ecc12,2026-02-21T11:06:00,12.361773,-1.517804
securityB-12f2e631-90a7-4ce7-87f7-c377db45e99c,2026-02-21T11:06:00,12.361773,-1.517804
leaderB-579ff0e7-77e4-4b16-9220-59c2c36ecc12,2026-02-21T11:06:30,12.362105,-1.517865
securityB-12f2e631-90a7-4ce7-87f7-c377db45e99c,2026-02-21T11:06:30,12.362105,-1.517865
leaderB-579ff0e7-77e4-4b16-9220-59c2c36ecc12,2026-02-21T11:07:00,12.362436,-1.517928
securityB-12f2e631-90a7-4ce7-87f7-c377db45e99c,2026-02-21T11:07:00,12.362436,-1.517928
securityB-12f2e631-90a7-4ce7-87f7-c377db45e99c,2026-02-21T11:07:30,12.362768,-1.517991
leaderB-579ff0e7-77e4-4b16-9220-59c2c36ecc12,2026-02-21T11:07:30,12.362768,-1.517991
securityB-12f2e631-90a7-4ce7-87f7-c377db45e99c,2026-02-21T11:08:00,12.3631,-1.518054
leaderB-579ff0e7-77e4-4b16-9220-59c2c36ecc12,2026-02-21T11:08:00,12.3631,-1.518054
securityB-12f2e631-90a7-4ce7-87f7-c377db45e99c,2026-02-21T11:08:30,12.363431,-1.518117
leaderB-579ff0e7-77e4-4b16-9220-59c2c36ecc12,2026-02-21T11:08:30,12.363431,-1.518117
leaderB-579ff0e7-77e4-4b16-9220-59c2c36ecc12,2026-02-21T11:09:00,12.363763,-1.51818
securityB-12f2e631-90a7-4ce7-87f7-c377db45e99c,2026-02-21T11:09:00,12.363763,-1.51818
leaderB-579ff0e7-77e4-4b16-9220-59c2c36ecc12,2026-02-21T11:09:30,12.364095,-1.518242
securityB-12f2e631-90a7-4ce7-87f7-c377db45e99c,2026-02-21T11:09:30,12.364095,-1.518242
leaderB-579ff0e7-77e4-4b16-9220-59c2c36ecc12,2026-02-21T11:10:00,12.364427,-1.518301
securityB-12f2e631-90a7-4ce7-87f7-c377db45e99c,2026-02-21T11:10:00,12.364427,-1.518301
securityB-12f2e631-90a7-4ce7-87f7-c377db45e99c,2026-02-21T11:10:30,12.364759,-1.518362
leaderB-579ff0e7-77e4-4b16-9220-59c2c36ecc12,2026-02-21T11:10:30,12.364759,-1.518362
leaderB-579ff0e7-77e4-4b16-9220-59c2c36ecc12,2026-02-21T11:11:00,12.364973,-1.518506
securityB-12f2e631-90a7-4ce7-87f7-c377db45e99c,2026-02-21T11:11:00,12.364973,-1.518506
securityB-12f2e631-90a7-4ce7-87f7-c377db45e99c,2026-02-21T11:11:30,12.364908,-1.518845
leaderB-579ff0e7-77e4-4b16-9220-59c2c36ecc12,2026-02-21T11:11:30,12.364908,-1.518845
securityB-12f2e631-90a7-4ce7-87f7-c377db45e99c,2026-02-21T11:12:00,12.364842,-1.519183
leaderB-579ff0e7-77e4-4b16-9220-59c2c36ecc12,2026-02-21T11:12:00,12.364842,-1.519183
securityB-12f2e631-90a7-4ce7-87f7-c377db45e99c,2026-02-21T11:12:30,12.364774,-1.519521
leaderB-579ff0e7-77e4-4b16-9220-59c2c36ecc12,2026-02-21T11:12:30,12.364774,-1.519521
securityB-12f2e631-90a7-4ce7-87f7-c377db45e99c,2026-02-21T11:13:00,12.364713,-1.519861
leaderB-579ff0e7-77e4-4b16-9220-59c2c36ecc12,2026-02-21T11:13:00,12.364713,-1.519861
securityB-12f2e631-90a7-4ce7-87f7-c377db45e99c,2026-02-21T11:13:30,12.36465,-1.5202
leaderB-579ff0e7-77e4-4b16-9220-59c2c36ecc12,2026-02-21T11:13:30,12.36465,-1.5202
leaderB-579ff0e7-77e4-4b16-9220-59c2c36ecc12,2026-02-21T11:14:00,12.364587,-1.520539
securityB-12f2e631-90a7-4ce7-87f7-c377db45e99c,2026-02-21T11:14:00,12.364587,-1.520539
securityB-12f2e631-90a7-4ce7-87f7-c377db45e99c,2026-02-21T11:14:30,12.364526,-1.520879
leaderB-579ff0e7-77e4-4b16-9220-59c2c36ecc12,2026-02-21T11:14:30,12.364526,-1.520879
leaderA-dc3bb5ee-282c-411f-96da-eebb88b52ea0,2026-02-21T14:00:00,12.363601,-1.515311
securityB-12f2e631-90a7-4ce7-87f7-c377db45e99c,2026-02-21T14:00:00,12.359005,-1.520899
leaderB-579ff0e7-77e4-4b16-9220-59c2c36ecc12,2026-02-21T14:00:00,12.359005,-1.520899
securityA-43c3c6c2-08da-4277-b10b-2565d4ab391b,2026-02-21T14:00:00,12.363601,-1.515311
propB-775f6ffc-da47-48c0-82b1-4fe100d5ee88,2026-02-21T14:00:00,12.362901,-1.522503
courierA-5459d08e-e00c-4174-9a21-c4b90ef20a87,2026-02-21T14:00:00,12.359413,-1.51634
leaderA-dc3bb5ee-282c-411f-96da-eebb88b52ea0,2026-02-21T14:00:30,12.363477,-1.515566
securityA-43c3c6c2-08da-4277-b10b-2565d4ab391b,2026-02-21T14:00:30,12.363477,-1.515566
courierA-5459d08e-e00c-4174-9a21-c4b90ef20a87,2026-02-21T14:00:30,12.359346,-1.516678
leaderA-dc3bb5ee-282c-411f-96da-eebb88b52ea0,2026-02-21T14:01:00,12.363149,-1.515489
securityA-43c3c6c2-08da-4277-b10b-2565d4ab391b,2026-02-21T14:01:00,12.363149,-1.515489
courierA-5459d08e-e00c-4174-9a21-c4b90ef20a87,2026-02-21T14:01:00,12.359286,-1.517018
leaderA-dc3bb5ee-282c-411f-96da-eebb88b52ea0,2026-02-21T14:01:30,12.36282,-1.515412
securityA-43c3c6c2-08da-4277-b10b-2565d4ab391b,2026-02-21T14:01:30,12.36282,-1.515412
courierA-5459d08e-e00c-4174-9a21-c4b90ef20a87,2026-02-21T14:01:30,12.359261,-1.517335
courierA-5459d08e-e00c-4174-9a21-c4b90ef20a87,2026-02-21T14:02:00,12.359592,-1.517397
leaderA-dc3bb5ee-282c-411f-96da-eebb88b52ea0,2026-02-21T14:02:00,12.362491,-1.515335
securityA-43c3c6c2-08da-4277-b10b-2565d4ab391b,2026-02-21T14:02:00,12.362491,-1.515335
leaderA-dc3bb5ee-282c-411f-96da-eebb88b52ea0,2026-02-21T14:02:30,12.362163,-1.515258
courierA-5459d08e-e00c-4174-9a21-c4b90ef20a87,2026-02-21T14:02:30,12.359924,-1.517459
securityA-43c3c6c2-08da-4277-b10b-2565d4ab391b,2026-02-21T14:02:30,12.362163,-1.515258
securityA-43c3c6c2-08da-4277-b10b-2565d4ab391b,2026-02-21T14:03:00,12.361834,-1.515181
leaderA-dc3bb5ee-282c-411f-96da-eebb88b52ea0,2026-02-21T14:03:00,12.361834,-1.515181
propB-775f6ffc-da47-48c0-82b1-4fe100d5ee88,2026-02-21T14:03:00,12.362906,-1.522506
courierA-5459d08e-e00c-4174-9a21-c4b90ef20a87,2026-02-21T14:03:00,12.360256,-1.517521
securityB-12f2e631-90a7-4ce7-87f7-c377db45e99c,2026-02-21T14:03:00,12.358992,-1.5209
leaderB-579ff0e7-77e4-4b16-9220-59c2c36ecc12,2026-02-21T14:03:00,12.358992,-1.5209
courierA-5459d08e-e00c-4174-9a21-c4b90ef20a87,2026-02-21T14:03:30,12.360588,-1.517583
securityA-43c3c6c2-08da-4277-b10b-2565d4ab391b,2026-02-21T14:03:30,12.361519,-1.515097
leaderA-dc3bb5ee-282c-411f-96da-eebb88b52ea0,2026-02-21T14:03:30,12.361519,-1.515097
securityA-43c3c6c2-08da-4277-b10b-2565d4ab391b,2026-02-21T14:04:00,12.361532,-1.514788
leaderA-dc3bb5ee-282c-411f-96da-eebb88b52ea0,2026-02-21T14:04:00,12.361532,-1.514788
courierA-5459d08e-e00c-4174-9a21-c4b90ef20a87,2026-02-21T14:04:00,12.360919,-1.517645
leaderA-dc3bb5ee-282c-411f-96da-eebb88b52ea0,2026-02-21T14:04:30,12.361695,-1.514531
courierA-5459d08e-e00c-4174-9a21-c4b90ef20a87,2026-02-21T14:04:30,12.361251,-1.517707
securityA-43c3c6c2-08da-4277-b10b-2565d4ab391b,2026-02-21T14:04:30,12.361695,-1.514531
courierA-5459d08e-e00c-4174-9a21-c4b90ef20a87,2026-02-21T14:05:00,12.361583,-1.517769
courierA-5459d08e-e00c-4174-9a21-c4b90ef20a87,2026-02-21T14:05:30,12.361915,-1.51783
leaderB-579ff0e7-77e4-4b16-9220-59c2c36ecc12,2026-02-21T14:06:00,12.358986,-1.52089
propB-775f6ffc-da47-48c0-82b1-4fe100d5ee88,2026-02-21T14:06:00,12.362899,-1.522489
securityB-12f2e631-90a7-4ce7-87f7-c377db45e99c,2026-02-21T14:06:00,12.358986,-1.52089
courierA-5459d08e-e00c-4174-9a21-c4b90ef20a87,2026-02-21T14:06:00,12.362247,-1.517892
courierA-5459d08e-e00c-4174-9a21-c4b90ef20a87,2026-02-21T14:06:30,12.362578,-1.517955
courierA-5459d08e-e00c-4174-9a21-c4b90ef20a87,2026-02-21T14:07:00,12.36291,-1.518018
courierA-5459d08e-e00c-4174-9a21-c4b90ef20a87,2026-02-21T14:07:30,12.363093,-1.51786
courierA-5459d08e-e00c-4174-9a21-c4b90ef20a87,2026-02-21T14:08:00,12.363154,-1.517521
courierA-5459d08e-e00c-4174-9a21-c4b90ef20a87,2026-02-21T14:08:30,12.363213,-1.517181
securityB-12f2e631-90a7-4ce7-87f7-c377db45e99c,2026-02-21T14:09:00,12.358998,-1.52089
leaderB-579ff0e7-77e4-4b16-9220-59c2c36ecc12,2026-02-21T14:09:00,12.358998,-1.52089
courierA-5459d08e-e00c-4174-9a21-c4b90ef20a87,2026-02-21T14:09:00,12.363281,-1.516843
courierA-5459d08e-e00c-4174-9a21-c4b90ef20a87,2026-02-21T14:09:30,12.363349,-1.516504
courierA-5459d08e-e00c-4174-9a21-c4b90ef20a87,2026-02-21T14:10:00,12.363412,-1.516165
courierA-5459d08e-e00c-4174-9a21-c4b90ef20a87,2026-02-21T14:10:30,12.363487,-1.515829
courierA-5459d08e-e00c-4174-9a21-c4b90ef20a87,2026-02-21T14:11:00,12.363562,-1.515492
leaderB-579ff0e7-77e4-4b16-9220-59c2c36ecc12,2026-02-21T14:12:00,12.358995,-1.520905
securityB-12f2e631-90a7-4ce7-87f7-c377db45e99c,2026-02-21T14:12:00,12.358995,-1.520905
securityB-12f2e631-90a7-4ce7-87f7-c377db45e99c,2026-02-21T14:15:00,12.358993,-1.520892
leaderB-579ff0e7-77e4-4b16-9220-59c2c36ecc12,2026-02-21T14:15:00,12.358993,-1.520892
facA-1420f464-9589-439d-bdab-a216790c256e,2026-02-21T14:30:00,12.364012,-1.515414
facA-1420f464-9589-439d-bdab-a216790c256e,2026-02-21T14:33:00,12.363988,-1.51542
facA-1420f464-9589-439d-bdab-a216790c256e,2026-02-21T14:36:00,12.363994,-1.515399
facA-1420f464-9589-439d-bdab-a216790c256e,2026-02-21T14:39:00,12.364001,-1.515399
civ-76e474fd-98c6-4d12-bdbf-bcc89eed2544,2026-02-21T15:00:00,12.364002,-1.51535
civ-3e228497-03fc-4637-bcd1-6b4d547718c7,2026-02-21T15:00:00,12.364078,-1.51535
civ-5f390a8e-45f9-4b4b-8f03-840eaff5de6a,2026-02-21T15:00:00,12.36402,-1.515472
civ-097f91de-5675-4f8d-bead-e946723ecdda,2026-02-21T15:00:00,12.364,-1.515438
civ-df097ed9-bfbf-4fae-ad82-c188db807095,2026-02-21T15:00:00,12.363975,-1.515427
civ-6b9c0068-7971-4255-b6d1-bc7874983a5a,2026-02-21T15:00:00,12.363929,-1.515541
civ-95d0737d-fc49-401f-b4f8-42d53bf8b3a5,2026-02-21T15:00:00,12.363952,-1.515386
civ-a6d109be-18ea-4be2-914d-d582aa101a64,2026-02-21T15:00:00,12.363903,-1.515399
civ-b6ccdd5f-75a0-435a-943a-93efabb583f0,2026-02-21T15:00:00,12.364137,-1.515326
civ-b46d5b02-3f79-4ab8-a3a5-d102a03a8558,2026-02-21T15:00:00,12.364118,-1.515372
civ-f7db92bb-27df-4608-abcc-ec7870fd67be,2026-02-21T15:00:00,12.364084,-1.515452
civ-d3cdf3d4-b0dc-4c80-8582-cfaec2074180,2026-02-21T15:00:00,12.363954,-1.515597
civ-faa0b8d9-70a4-4b9c-8c63-82f0140e1bc7,2026-02-21T15:00:00,12.364085,-1.515289
civ-b33cedae-0d29-4927-a901-ab7ce19f8666,2026-02-21T15:00:00,12.36396,-1.515418
civ-fdba4cc6-59c4-42cf-930b-a7c7711295e0,2026-02-21T15:00:00,12.363946,-1.515372
civ-228fc92f-12a0-433d-8645-865d3c0beb13,2026-02-21T15:00:00,12.363955,-1.515346
civ-cf247f32-79f7-48e3-9f55-ba74619c3244,2026-02-21T15:00:00,12.363925,-1.515402
civ-9ffe678a-01da-456b-963c-ba0911a595af,2026-02-21T15:00:00,12.362951,-1.522462
civ-5d5fac27-de06-45e5-8b6d-9dd4c97af91d,2026-02-21T15:00:00,12.36291,-1.522469
civ-fc2d862a-e153-41a8-b33d-200bf108c235,2026-02-21T15:00:00,12.362912,-1.5226
civ-919e9655-b471-4de4-83ff-09c9cfc72049,2026-02-21T15:00:00,12.362865,-1.522439
civ-35a19ebf-a096-4cc6-ae30-e61bea884c91,2026-02-21T15:00:00,12.362824,-1.522682
civ-5b67be6d-5acf-4bc1-8a58-312971975198,2026-02-21T15:00:00,12.362884,-1.52251
civ-0bcfb89c-b2cc-47d1-a7c0-51780a0a88ca,2026-02-21T15:00:00,12.36291,-1.522448
civ-10fd99ce-ac62-46ad-8a2f-d36c723d9c78,2026-02-21T15:00:00,12.362946,-1.522481
civ-51426b09-da63-4af1-9e10-f622933d5c98,2026-02-21T15:00:00,12.362986,-1.522609
civ-32a50a7b-479b-4194-a4e7-c97cddc7c44d,2026-02-21T15:00:00,12.362936,-1.522455
civ-f7fab25d-c02a-4c3b-bc2f-48e090c75dca,2026-02-21T15:00:00,12.362728,-1.522446
civ-4bf14f97-0617-4e98-ba3a-5336763c0910,2026-02-21T15:00:00,12.362891,-1.522547
civ-a9fbe7d1-22fd-433a-949b-9533e26703df,2026-02-21T15:00:00,12.362931,-1.522592
civ-6abce85c-c2be-4268-b646-023c65ac474f,2026-02-21T15:00:00,12.362873,-1.52235
civ-51d4162f-5d12-49a6-887b-65524b2c77cc,2026-02-21T15:00:00,12.36287,-1.522426
civ-1657988e-0fd5-4187-8cbb-0b6f8ec5611e,2026-02-21T15:00:00,12.362849,-1.522528
civ-9ab31400-d771-4100-953a-8707270711c3,2026-02-21T15:00:00,12.362742,-1.522385
civ-49895b7a-7e1e-409e-9177-0b2199202646,2026-02-21T15:00:00,12.363998,-1.515344
civ-7fb8966f-0461-4e75-ae70-b14adaf519c3,2026-02-21T15:00:00,12.362906,-1.522497
civ-d4271ee5-bca7-4b35-8a8a-4da6843d8547,2026-02-21T15:00:00,12.364029,-1.51542
civ-6d01a79d-fcdc-48e3-87c7-69cf3f18e505,2026-02-21T15:00:00,12.362865,-1.522421
securityA-43c3c6c2-08da-4277-b10b-2565d4ab391b,2026-02-21T15:00:00,12.362485,-1.513105
leaderA-dc3bb5ee-282c-411f-96da-eebb88b52ea0,2026-02-21T15:00:00,12.362485,-1.513105
courierA-5459d08e-e00c-4174-9a21-c4b90ef20a87,2026-02-21T15:00:00,12.36399,-1.515401
civ-4aa5f594-bd58-417f-be35-92eeba87f894,2026-02-21T15:00:00,12.363041,-1.522468
civ-4ead76f7-514e-467f-9dc6-973d727e3d4f,2026-02-21T15:00:00,12.364081,-1.515525
courierA-5459d08e-e00c-4174-9a21-c4b90ef20a87,2026-02-21T15:03:00,12.364004,-1.515393
courierA-5459d08e-e00c-4174-9a21-c4b90ef20a87,2026-02-21T15:06:00,12.364023,-1.51542
leaderA-dc3bb5ee-282c-411f-96da-eebb88b52ea0,2026-02-21T15:10:00,12.362497,-1.513085
securityA-43c3c6c2-08da-4277-b10b-2565d4ab391b,2026-02-21T15:10:00,12.362497,-1.513085
leaderA-dc3bb5ee-282c-411f-96da-eebb88b52ea0,2026-02-21T15:20:00,12.362498,-1.51312
securityA-43c3c6c2-08da-4277-b10b-2565d4ab391b,2026-02-21T15:20:00,12.362498,-1.51312
leaderA-dc3bb5ee-282c-411f-96da-eebb88b52ea0,2026-02-21T15:30:00,12.362482,-1.5131
securityA-43c3c6c2-08da-4277-b10b-2565d4ab391b,2026-02-21T15:30:00,12.362482,-1.5131
securityA-43c3c6c2-08da-4277-b10b-2565d4ab391b,2026-02-21T15:40:00,12.362506,-1.513097
leaderA-dc3bb5ee-282c-411f-96da-eebb88b52ea0,2026-02-21T15:40:00,12.362506,-1.513097
leaderA-dc3bb5ee-282c-411f-96da-eebb88b52ea0,2026-02-21T15:50:00,12.362502,-1.51309
securityA-43c3c6c2-08da-4277-b10b-2565d4ab391b,2026-02-21T15:50:00,12.362502,-1.51309
leaderA-dc3bb5ee-282c-411f-96da-eebb88b52ea0,2026-02-21T17:00:00,12.361831,-1.514451
securityA-43c3c6c2-08da-4277-b10b-2565d4ab391b,2026-02-21T17:00:00,12.361831,-1.514451
leaderA-dc3bb5ee-282c-411f-96da-eebb88b52ea0,2026-02-21T17:00:30,12.361806,-1.514771
securityA-43c3c6c2-08da-4277-b10b-2565d4ab391b,2026-02-21T17:00:30,12.361806,-1.514771
securityA-43c3c6c2-08da-4277-b10b-2565d4ab391b,2026-02-21T17:01:00,12.361843,-1.515081
leaderA-dc3bb5ee-282c-411f-96da-eebb88b52ea0,2026-02-21T17:01:00,12.361843,-1.515081
securityA-43c3c6c2-08da-4277-b10b-2565d4ab391b,2026-02-21T17:01:30,12.361661,-1.515329
leaderA-dc3bb5ee-282c-411f-96da-eebb88b52ea0,2026-02-21T17:01:30,12.361661,-1.515329
leaderA-dc3bb5ee-282c-411f-96da-eebb88b52ea0,2026-02-21T17:02:00,12.36159,-1.515666
securityA-43c3c6c2-08da-4277-b10b-2565d4ab391b,2026-02-21T17:02:00,12.36159,-1.515666
securityA-43c3c6c2-08da-4277-b10b-2565d4ab391b,2026-02-21T17:02:30,12.361521,-1.516004
leaderA-dc3bb5ee-282c-411f-96da-eebb88b52ea0,2026-02-21T17:02:30,12.361521,-1.516004
securityA-43c3c6c2-08da-4277-b10b-2565d4ab391b,2026-02-21T17:03:00,12.361373,-1.516212
leaderA-dc3bb5ee-282c-411f-96da-eebb88b52ea0,2026-02-21T17:03:00,12.361373,-1.516212
securityA-43c3c6c2-08da-4277-b10b-2565d4ab391b,2026-02-21T17:03:30,12.361043,-1.51614
leaderA-dc3bb5ee-282c-411f-96da-eebb88b52ea0,2026-02-21T17:03:30,12.361043,-1.51614
leaderA-dc3bb5ee-282c-411f-96da-eebb88b52ea0,2026-02-21T17:04:00,12.360713,-1.516069
securityA-43c3c6c2-08da-4277-b10b-2565d4ab391b,2026-02-21T17:04:00,12.360713,-1.516069
leaderA-dc3bb5ee-282c-411f-96da-eebb88b52ea0,2026-02-21T17:04:30,12.360383,-1.515998
securityA-43c3c6c2-08da-4277-b10b-2565d4ab391b,2026-02-21T17:04:30,12.360383,-1.515998
securityA-43c3c6c2-08da-4277-b10b-2565d4ab391b,2026-02-21T17:05:00,12.360053,-1.515927
leaderA-dc3bb5ee-282c-411f-96da-eebb88b52ea0,2026-02-21T17:05:00,12.360053,-1.515927
leaderA-dc3bb5ee-282c-411f-96da-eebb88b52ea0,2026-02-21T17:05:30,12.359723,-1.515855
securityA-43c3c6c2-08da-4277-b10b-2565d4ab391b,2026-02-21T17:05:30,12.359723,-1.515855
securityA-43c3c6c2-08da-4277-b10b-2565d4ab391b,2026-02-21T17:06:00,12.359495,-1.515944
leaderA-dc3bb5ee-282c-411f-96da-eebb88b52ea0,2026-02-21T17:06:00,12.359495,-1.515944
leaderA-dc3bb5ee-282c-411f-96da-eebb88b52ea0,2026-02-21T17:06:30,12.359425,-1.516282
securityA-43c3c6c2-08da-4277-b10b-2565d4ab391b,2026-02-21T17:06:30,12.359425,-1.516282
leaderA-dc3bb5ee-282c-411f-96da-eebb88b52ea0,2026-02-21T18:00:00,12.359695,-1.516392
securityA-43c3c6c2-08da-4277-b10b-2565d4ab391b,2026-02-21T18:00:00,12.359695,-1.516392
leaderA-dc3bb5ee-282c-411f-96da-eebb88b52ea0,2026-02-21T18:20:00,12.359685,-1.516408
securityA-43c3c6c2-08da-4277-b10b-2565d4ab391b,2026-02-21T18:20:00,12.359685,-1.516408
leaderA-dc3bb5ee-282c-411f-96da-eebb88b52ea0,2026-02-21T18:40:00,12.359684,-1.516402
securityA-43c3c6c2-08da-4277-b10b-2565d4ab391b,2026-02-21T18:40:00,12.359684,-1.516402
leaderA-dc3bb5ee-282c-411f-96da-eebb88b52ea0,2026-02-21T19:00:00,12.3597,-1.516399
securityA-43c3c6c2-08da-4277-b10b-2565d4ab391b,2026-02-21T19:00:00,12.3597,-1.516399
leaderA-dc3bb5ee-282c-411f-96da-eebb88b52ea0,2026-02-21T19:20:00,12.359701,-1.516408
securityA-43c3c6c2-08da-4277-b10b-2565d4ab391b,2026-02-21T19:20:00,12.359701,-1.516408
leaderA-dc3bb5ee-282c-411f-96da-eebb88b52ea0,2026-02-21T19:40:00,12.359698,-1.516413
securityA-43c3c6c2-08da-4277-b10b-2565d4ab391b,2026-02-21T19:40:00,12.359698,-1.516413
