mid,dtg,y,x
LR-ASC-003,2026-03-01T05:00:00,12.364466,-1.521212
LR-ASC-003,2026-03-01T06:00:00,12.36251,-1.51308
ST-DEV-001,2026-03-01T06:00:00,12.359673,-1.516403
LR-ASC-003,2026-03-01T06:05:00,12.362517,-1.513088
LR-ASC-003,2026-03-01T06:10:00,12.362494,-1.513086
ST-DEV-001,2026-03-01T06:10:00,12.359702,-1.51637
LR-ASC-003,2026-03-01T06:15:00,12.362486,-1.513104
ST-DEV-001,2026-03-01T06:20:00,12.359654,-1.516359
LR-ASC-003,2026-03-01T06:20:00,12.362491,-1.513099
LR-ASC-003,2026-03-01T06:25:00,12.362542,-1.513134
ST-DEV-001,2026-03-01T06:30:00,12.359696,-1.516412
LR-ASC-003,2026-03-01T06:30:00,12.362512,-1.513129
LR-ASC-003,2026-03-01T06:35:00,12.362492,-1.51308
ST-DEV-001,2026-03-01T06:40:00,12.359673,-1.516445
LR-ASC-003,2026-03-01T06:40:00,12.362501,-1.513119
LR-ASC-003,2026-03-01T06:45:00,12.362487,-1.513088
ST-DEV-001,2026-03-01T06:50:00,12.359722,-1.516398
LR-ASC-003,2026-03-01T06:50:00,12.362487,-1.513096
LR-ASC-003,2026-03-01T06:55:00,12.362501,-1.513112
ST-DEV-001,2026-03-01T07:00:00,12.359665,-1.516435
LR-ASC-003,2026-03-01T07:00:00,12.361831,-1.514451
ST-ASC-003,2026-03-01T07:00:00,12.359413,-1.51634
ST-DEV-001,2026-03-01T07:00:00,12.359413,-1.51634
ST-DEV-001,2026-03-01T07:10:00,12.359691,-1.516355
ST-DEV-001,2026-03-01T07:20:00,12.359693,-1.516441
ST-DEV-001,2026-03-01T07:30:00,12.359693,-1.516407
ST-DEV-001,2026-03-01T07:40:00,12.359627,-1.516401
ST-DEV-001,2026-03-01T07:50:00,12.359694,-1.516381
civ-2b45e74d-42d2-4d50-aa6a-7a3af2caaec1,2026-03-01T07:50:00,12.364075,-1.515599
civ-1493bb27-c9aa-4752-bb59-eebcef0baefb,2026-03-01T07:51:00,12.362957,-1.522296
civ-6cef502b-9aa9-492d-9076-f4fe51c3d513,2026-03-01T07:51:00,12.363976,-1.515488
civ-817b1ac2-8b62-4963-9676-fdfe05160ec2,2026-03-01T07:51:00,12.362937,-1.522331
civ-9c199966-6fe0-4d08-8c17-ef6131c70e92,2026-03-01T07:52:00,12.364002,-1.515249
civ-5f19587d-f9d4-45e1-95cc-4a1462e1221d,2026-03-01T07:53:00,12.36403,-1.515437
civ-f752f7b2-d4eb-47df-a259-72cae2081fed,2026-03-01T07:55:00,12.36401,-1.515335
civ-cdb53c5f-9a7a-48fb-8815-1b5e444c506b,2026-03-01T07:55:00,12.36283,-1.522612
civ-611fe07a-a2f0-442f-9fc5-a72c5ee34037,2026-03-01T07:57:00,12.364016,-1.515378
civ-3b925994-a234-43bf-a3fb-1518a0494ff0,2026-03-01T07:57:00,12.364068,-1.515483
civ-2fdc0436-1a04-434c-9d37-9bde6f249a5a,2026-03-01T07:58:00,12.362975,-1.522577
ST-ASC-003,2026-03-01T08:00:00,12.362482,-1.51311
LR-ASC-003,2026-03-01T08:00:00,12.362539,-1.513115
ST-ASC-003,2026-03-01T08:00:00,12.3625,-1.513116
ST-DEV-001,2026-03-01T08:00:00,12.35975,-1.51637
ST-DEV-001,2026-03-01T08:00:00,12.364009,-1.515402
civ-642e97d3-8d95-46fd-b10b-62983c9c93b8,2026-03-01T08:01:00,12.363959,-1.515476
civ-15f8c388-2b33-4e47-b91d-53cd3a04bf48,2026-03-01T08:01:00,12.364143,-1.515446
civ-6bacced4-8959-468d-8041-f082312ed83e,2026-03-01T08:02:00,12.36384,-1.515265
civ-6465e4c0-d8dc-4972-bee7-bb6306b5fdfb,2026-03-01T08:03:00,12.364021,-1.515331
civ-0204c6dc-5f86-412c-9d05-0a31fa7ffb2d,2026-03-01T08:04:00,12.364093,-1.515446
ST-ASC-003,2026-03-01T08:05:00,12.362501,-1.513112
ST-ASC-003,2026-03-01T08:05:00,12.362502,-1.513109
civ-c4f94f5c-24ad-4bf5-9583-d3aea6586d8c,2026-03-01T08:05:00,12.364078,-1.515278
LR-ASC-003,2026-03-01T08:05:00,12.362485,-1.513111
civ-bc1e3457-fde8-443c-9c92-d09856ab0271,2026-03-01T08:06:00,12.364043,-1.51538
civ-d3964bd1-513b-42c0-b2da-9d4cde522505,2026-03-01T08:06:00,12.362929,-1.52252
civ-7547f95b-ca80-463d-81af-64baaecebbbf,2026-03-01T08:07:00,12.362959,-1.522505
civ-0772b70c-5227-404f-abb9-6f4bf823ce9a,2026-03-01T08:07:00,12.36422,-1.515388
civ-28886a71-a8de-4e8c-8ebc-a1265ae6176c,2026-03-01T08:08:00,12.36286,-1.522466
ST-ASC-003,2026-03-01T08:10:00,12.362472,-1.513099
ST-DEV-001,2026-03-01T08:10:00,12.364012,-1.515373
ST-DEV-001,2026-03-01T08:10:00,12.359693,-1.51643
civ-1c8aeb44-c08d-4761-bb57-9bf0fb45ca2d,2026-03-01T08:10:00,12.362829,-1.522458
LR-ASC-003,2026-03-01T08:10:00,12.362462,-1.513109
civ-99965e45-072a-4918-b9b1-21e5c468122b,2026-03-01T08:10:00,12.364006,-1.515443
ST-ASC-003,2026-03-01T08:10:00,12.362518,-1.513103
civ-1c8aeb44-c08d-4761-bb57-9bf0fb45ca2d,2026-03-01T08:10:00,12.364169,-1.515279
civ-0772b70c-5227-404f-abb9-6f4bf823ce9a,2026-03-01T08:13:00,12.362925,-1.522601
civ-0204c6dc-5f86-412c-9d05-0a31fa7ffb2d,2026-03-01T08:13:00,12.362943,-1.52247
civ-fc9771b7-c1ef-4ca0-b8a3-720ac96c75fe,2026-03-01T08:14:00,12.363867,-1.515297
ST-ASC-003,2026-03-01T08:15:00,12.362485,-1.513106
LR-ASC-003,2026-03-01T08:15:00,12.362486,-1.513097
ST-ASC-003,2026-03-01T08:15:00,12.362481,-1.513091
ST-ASC-003,2026-03-01T08:20:00,12.362507,-1.51311
LR-ASC-003,2026-03-01T08:20:00,12.362506,-1.513066
ST-DEV-001,2026-03-01T08:20:00,12.363996,-1.515404
ST-DEV-001,2026-03-01T08:20:00,12.359769,-1.516398
ST-ASC-003,2026-03-01T08:20:00,12.362483,-1.513072
ST-ASC-003,2026-03-01T08:25:00,12.362485,-1.513096
LR-ASC-003,2026-03-01T08:25:00,12.362517,-1.51311
ST-ASC-003,2026-03-01T08:25:00,12.362486,-1.513106
ST-DEV-001,2026-03-01T08:30:00,12.3597,-1.516401
LR-ASC-003,2026-03-01T08:30:00,12.362484,-1.513091
ST-ASC-003,2026-03-01T08:30:00,12.362504,-1.513109
ST-ASC-003,2026-03-01T08:30:00,12.362515,-1.513122
ST-DEV-001,2026-03-01T08:30:00,12.364028,-1.515386
LR-ASC-003,2026-03-01T08:35:00,12.362476,-1.513067
ST-ASC-003,2026-03-01T08:35:00,12.362504,-1.513076
ST-ASC-003,2026-03-01T08:35:00,12.362492,-1.513096
ST-DEV-001,2026-03-01T08:40:00,12.359705,-1.516404
ST-ASC-003,2026-03-01T08:40:00,12.362474,-1.513125
ST-DEV-001,2026-03-01T08:40:00,12.363992,-1.51539
LR-ASC-003,2026-03-01T08:40:00,12.362521,-1.513108
ST-ASC-003,2026-03-01T08:40:00,12.362471,-1.513097
ST-ASC-003,2026-03-01T08:45:00,12.362505,-1.513086
ST-ASC-003,2026-03-01T08:45:00,12.362487,-1.513104
LR-ASC-003,2026-03-01T08:45:00,12.362469,-1.513076
ST-DEV-001,2026-03-01T08:50:00,12.363992,-1.515408
ST-DEV-001,2026-03-01T08:50:00,12.359685,-1.516415
ST-ASC-003,2026-03-01T08:50:00,12.362506,-1.513073
ST-ASC-003,2026-03-01T08:50:00,12.362478,-1.513124
LR-ASC-003,2026-03-01T08:50:00,12.362498,-1.513078
ST-ASC-003,2026-03-01T08:55:00,12.362509,-1.513095
ST-ASC-003,2026-03-01T08:55:00,12.362515,-1.513103
LR-ASC-003,2026-03-01T08:55:00,12.362471,-1.513111
LR-ASC-003,2026-03-01T09:00:00,12.364466,-1.521212
NEW-DEV-X3,2026-03-01T09:00:00,12.358984,-1.520925
ST-ASC-003,2026-03-01T09:00:00,12.3625,-1.513118
NEW-DEV-X1,2026-03-01T09:00:00,12.358983,-1.520888
ST-ASC-003,2026-03-01T09:00:00,12.361831,-1.514451
ST-DEV-001,2026-03-01T09:00:00,12.364004,-1.515434
LR-ASC-003,2026-03-01T09:00:00,12.3625,-1.513099
NEW-DEV-X1,2026-03-01T09:05:00,12.359019,-1.520932
ST-ASC-003,2026-03-01T09:05:00,12.3625,-1.513105
LR-ASC-003,2026-03-01T09:05:00,12.362492,-1.513089
NEW-DEV-X3,2026-03-01T09:05:00,12.359017,-1.520866
ST-DEV-001,2026-03-01T09:10:00,12.363969,-1.51541
LR-ASC-003,2026-03-01T09:10:00,12.362481,-1.513103
ST-ASC-003,2026-03-01T09:10:00,12.362506,-1.513115
NEW-DEV-X1,2026-03-01T09:10:00,12.358979,-1.520937
NEW-DEV-X3,2026-03-01T09:10:00,12.358975,-1.52089
LR-ASC-003,2026-03-01T09:15:00,12.362502,-1.513091
ST-ASC-003,2026-03-01T09:15:00,12.362509,-1.513072
NEW-DEV-X1,2026-03-01T09:15:00,12.358995,-1.520887
NEW-DEV-X3,2026-03-01T09:15:00,12.358988,-1.520909
NEW-DEV-X1,2026-03-01T09:20:00,12.359027,-1.520899
LR-ASC-003,2026-03-01T09:20:00,12.362513,-1.51312
ST-DEV-001,2026-03-01T09:20:00,12.363982,-1.515394
NEW-DEV-X3,2026-03-01T09:20:00,12.358989,-1.520916
ST-ASC-003,2026-03-01T09:20:00,12.362498,-1.513093
LR-ASC-003,2026-03-01T09:25:00,12.362472,-1.513077
ST-ASC-003,2026-03-01T09:25:00,12.362512,-1.513107
NEW-DEV-X1,2026-03-01T09:25:00,12.359029,-1.520925
NEW-DEV-X3,2026-03-01T09:25:00,12.359001,-1.520915
ST-DEV-001,2026-03-01T09:30:00,12.363984,-1.515425
LR-ASC-003,2026-03-01T09:30:00,12.362506,-1.513113
ST-ASC-003,2026-03-01T09:30:00,12.362504,-1.5131
NEW-DEV-X1,2026-03-01T09:30:00,12.358969,-1.520901
NEW-DEV-X3,2026-03-01T09:30:00,12.359005,-1.520901
NEW-DEV-X1,2026-03-01T09:35:00,12.359007,-1.520901
NEW-DEV-X3,2026-03-01T09:35:00,12.358996,-1.520916
ST-ASC-003,2026-03-01T09:35:00,12.362502,-1.513114
LR-ASC-003,2026-03-01T09:35:00,12.362528,-1.513098
NEW-DEV-X1,2026-03-01T09:40:00,12.358963,-1.520902
ST-DEV-001,2026-03-01T09:40:00,12.364026,-1.515404
LR-ASC-003,2026-03-01T09:40:00,12.362521,-1.513099
NEW-DEV-X3,2026-03-01T09:40:00,12.35899,-1.520886
ST-ASC-003,2026-03-01T09:40:00,12.3625,-1.513091
LR-ASC-003,2026-03-01T09:45:00,12.362537,-1.513068
NEW-DEV-X3,2026-03-01T09:45:00,12.359009,-1.520918
NEW-DEV-X1,2026-03-01T09:45:00,12.358977,-1.520888
ST-ASC-003,2026-03-01T09:45:00,12.362526,-1.513083
LR-ASC-003,2026-03-01T09:50:00,12.362496,-1.513083
ST-DEV-001,2026-03-01T09:50:00,12.364001,-1.515426
NEW-DEV-X3,2026-03-01T09:50:00,12.359002,-1.520886
NEW-DEV-X1,2026-03-01T09:50:00,12.359007,-1.520917
ST-ASC-003,2026-03-01T09:50:00,12.362539,-1.513114
NEW-DEV-X3,2026-03-01T09:55:00,12.35897,-1.52089
ST-ASC-003,2026-03-01T09:55:00,12.362516,-1.513097
LR-ASC-003,2026-03-01T09:55:00,12.362512,-1.513075
NEW-DEV-X1,2026-03-01T09:55:00,12.358991,-1.520919
LR-ASC-003,2026-03-01T10:00:00,12.362539,-1.513089
ST-DEV-001,2026-03-01T10:00:00,12.36399,-1.515398
NEW-DEV-X1,2026-03-01T10:00:00,12.358999,-1.520883
NEW-DEV-X3,2026-03-01T10:00:00,12.358988,-1.52089
NEW-DEV-X3,2026-03-01T10:05:00,12.358986,-1.520932
NEW-DEV-X1,2026-03-01T10:05:00,12.358982,-1.520891
LR-ASC-003,2026-03-01T10:05:00,12.362464,-1.513097
NEW-DEV-X1,2026-03-01T10:10:00,12.35899,-1.520914
LR-ASC-003,2026-03-01T10:10:00,12.362488,-1.513085
ST-DEV-001,2026-03-01T10:10:00,12.363979,-1.515393
NEW-DEV-X3,2026-03-01T10:10:00,12.358971,-1.520899
LR-ASC-003,2026-03-01T10:15:00,12.362486,-1.513102
NEW-DEV-X1,2026-03-01T10:15:00,12.358998,-1.520919
NEW-DEV-X3,2026-03-01T10:15:00,12.359005,-1.520916
LR-ASC-003,2026-03-01T10:20:00,12.362509,-1.513084
NEW-DEV-X1,2026-03-01T10:20:00,12.35899,-1.520922
ST-DEV-001,2026-03-01T10:20:00,12.363989,-1.515405
NEW-DEV-X3,2026-03-01T10:20:00,12.359011,-1.52093
LR-ASC-003,2026-03-01T10:25:00,12.362478,-1.513106
NEW-DEV-X1,2026-03-01T10:25:00,12.359035,-1.520899
NEW-DEV-X3,2026-03-01T10:25:00,12.358999,-1.520922
NEW-DEV-X1,2026-03-01T10:30:00,12.358987,-1.520896
LR-ASC-003,2026-03-01T10:30:00,12.362491,-1.513112
ST-DEV-001,2026-03-01T10:30:00,12.363989,-1.515367
NEW-DEV-X3,2026-03-01T10:30:00,12.358988,-1.520899
LR-ASC-003,2026-03-01T10:35:00,12.362532,-1.513093
NEW-DEV-X1,2026-03-01T10:35:00,12.358998,-1.520904
NEW-DEV-X3,2026-03-01T10:35:00,12.358985,-1.520907
NEW-DEV-X1,2026-03-01T10:40:00,12.359011,-1.520886
NEW-DEV-X3,2026-03-01T10:40:00,12.359018,-1.52091
LR-ASC-003,2026-03-01T10:40:00,12.362477,-1.513083
ST-DEV-001,2026-03-01T10:40:00,12.364,-1.515419
LR-ASC-003,2026-03-01T10:45:00,12.362538,-1.513081
NEW-DEV-X1,2026-03-01T10:45:00,12.35899,-1.52091
NEW-DEV-X3,2026-03-01T10:45:00,12.359015,-1.52092
ST-DEV-001,2026-03-01T10:50:00,12.364015,-1.515422
NEW-DEV-X3,2026-03-01T10:50:00,12.35901,-1.520874
LR-ASC-003,2026-03-01T10:50:00,12.362473,-1.513109
NEW-DEV-X1,2026-03-01T10:50:00,12.358995,-1.520941
LR-ASC-003,2026-03-01T10:55:00,12.362523,-1.513113
NEW-DEV-X1,2026-03-01T10:55:00,12.358973,-1.520875
NEW-DEV-X3,2026-03-01T10:55:00,12.358956,-1.520914
ST-DEV-001,2026-03-01T11:00:00,12.364004,-1.515435
NEW-DEV-X1,2026-03-01T11:00:00,12.35903,-1.520904
LR-ASC-003,2026-03-01T11:00:00,12.362508,-1.513086
NEW-DEV-X3,2026-03-01T11:00:00,12.35901,-1.520904
LR-ASC-003,2026-03-01T11:05:00,12.362483,-1.513101
NEW-DEV-X3,2026-03-01T11:05:00,12.359007,-1.520911
NEW-DEV-X1,2026-03-01T11:05:00,12.35901,-1.520894
NEW-DEV-X1,2026-03-01T11:10:00,12.359055,-1.52088
ST-DEV-001,2026-03-01T11:10:00,12.363976,-1.515396
LR-ASC-003,2026-03-01T11:10:00,12.362442,-1.513118
NEW-DEV-X3,2026-03-01T11:10:00,12.359002,-1.520903
NEW-DEV-X3,2026-03-01T11:15:00,12.359021,-1.520895
NEW-DEV-X1,2026-03-01T11:15:00,12.358998,-1.520917
LR-ASC-003,2026-03-01T11:15:00,12.362495,-1.513122
ST-DEV-001,2026-03-01T11:20:00,12.364013,-1.515397
NEW-DEV-X1,2026-03-01T11:20:00,12.358971,-1.520896
LR-ASC-003,2026-03-01T11:20:00,12.362529,-1.513126
NEW-DEV-X3,2026-03-01T11:20:00,12.359006,-1.520907
NEW-DEV-X3,2026-03-01T11:25:00,12.358991,-1.520908
NEW-DEV-X1,2026-03-01T11:25:00,12.358986,-1.520926
LR-ASC-003,2026-03-01T11:25:00,12.362492,-1.513098
NEW-DEV-X1,2026-03-01T11:30:00,12.358988,-1.520919
NEW-DEV-X3,2026-03-01T11:30:00,12.359007,-1.520908
LR-ASC-003,2026-03-01T11:30:00,12.362526,-1.513126
NEW-DEV-X1,2026-03-01T11:35:00,12.35903,-1.520884
NEW-DEV-X3,2026-03-01T11:35:00,12.359005,-1.520863
LR-ASC-003,2026-03-01T11:35:00,12.362521,-1.5131
NEW-DEV-X1,2026-03-01T11:40:00,12.359,-1.520873
NEW-DEV-X3,2026-03-01T11:40:00,12.359016,-1.520906
LR-ASC-003,2026-03-01T11:40:00,12.362482,-1.513092
NEW-DEV-X1,2026-03-01T11:45:00,12.359001,-1.520916
NEW-DEV-X3,2026-03-01T11:45:00,12.359022,-1.520907
LR-ASC-003,2026-03-01T11:45:00,12.362504,-1.513111
NEW-DEV-X3,2026-03-01T11:50:00,12.358963,-1.520918
NEW-DEV-X1,2026-03-01T11:50:00,12.359027,-1.52089
LR-ASC-003,2026-03-01T11:50:00,12.362501,-1.513107
NEW-DEV-X3,2026-03-01T11:55:00,12.358966,-1.520906
LR-ASC-003,2026-03-01T11:55:00,12.362502,-1.513088
NEW-DEV-X1,2026-03-01T11:55:00,12.358981,-1.520903
veh-stage-3,2026-03-01T12:00:00,12.362507,-1.513089
veh-stage-1,2026-03-01T12:00:00,12.362519,-1.513091
LR-ASC-003,2026-03-01T12:00:00,12.362529,-1.513122
veh-stage-0,2026-03-01T12:00:00,12.362504,-1.513102
veh-stage-2,2026-03-01T12:00:00,12.362485,-1.513087
LR-ASC-003,2026-03-01T12:05:00,12.362538,-1.513135
veh-stage-1,2026-03-01T12:10:00,12.362505,-1.513082
LR-ASC-003,2026-03-01T12:10:00,12.362497,-1.513089
veh-stage-0,2026-03-01T12:10:00,12.36249,-1.513093
veh-stage-2,2026-03-01T12:10:00,12.36249,-1.513098
veh-stage-3,2026-03-01T12:10:00,12.36251,-1.513081
LR-ASC-003,2026-03-01T12:15:00,12.362505,-1.513111
LR-ASC-003,2026-03-01T12:20:00,12.362496,-1.513109
veh-stage-2,2026-03-01T12:20:00,12.362546,-1.513102
veh-stage-3,2026-03-01T12:20:00,12.362515,-1.513092
veh-stage-0,2026-03-01T12:20:00,12.362499,-1.51308
veh-stage-1,2026-03-01T12:20:00,12.36253,-1.513082
LR-ASC-003,2026-03-01T12:25:00,12.362489,-1.513085
veh-stage-2,2026-03-01T12:30:00,12.362521,-1.513113
LR-ASC-003,2026-03-01T12:30:00,12.362506,-1.513112
ST-DEV-001,2026-03-01T12:30:00,12.363601,-1.515311
veh-stage-0,2026-03-01T12:30:00,12.362502,-1.513097
veh-stage-1,2026-03-01T12:30:00,12.362467,-1.513123
veh-stage-3,2026-03-01T12:30:00,12.362499,-1.51313
LR-DEV-001,2026-03-01T12:30:00,12.35903,-1.520731
LR-ASC-003,2026-03-01T12:35:00,12.362516,-1.513094
veh-stage-0,2026-03-01T12:40:00,12.362493,-1.513101
LR-ASC-003,2026-03-01T12:40:00,12.362515,-1.513089
veh-stage-3,2026-03-01T12:40:00,12.362508,-1.513096
veh-stage-1,2026-03-01T12:40:00,12.362489,-1.5131
veh-stage-2,2026-03-01T12:40:00,12.362499,-1.513068
LR-ASC-003,2026-03-01T12:45:00,12.362485,-1.51311
veh-stage-0,2026-03-01T12:50:00,12.362506,-1.513131
veh-stage-1,2026-03-01T12:50:00,12.362509,-1.513113
veh-stage-2,2026-03-01T12:50:00,12.362489,-1.513067
LR-ASC-003,2026-03-01T12:50:00,12.362513,-1.513089
veh-stage-3,2026-03-01T12:50:00,12.362505,-1.513123
LR-ASC-003,2026-03-01T12:55:00,12.3625,-1.513098
escort-armed,2026-03-01T13:00:00,12.362499,-1.513115
ST-DEV-001,2026-03-01T13:00:00,12.362498,-1.513105
LR-ASC-003,2026-03-01T13:00:00,12.362523,-1.513111
veh-stage-0,2026-03-01T13:00:00,12.362476,-1.513087
LR-DEV-001,2026-03-01T13:00:00,12.362505,-1.513094
veh-stage-3,2026-03-01T13:00:00,12.362481,-1.513081
veh-stage-2,2026-03-01T13:00:00,12.362513,-1.51311
veh-stage-1,2026-03-01T13:00:00,12.362503,-1.513114
LR-ASC-003,2026-03-01T13:05:00,12.36251,-1.513104
veh-stage-3,2026-03-01T13:10:00,12.362499,-1.513088
LR-DEV-001,2026-03-01T13:10:00,12.362488,-1.513096
veh-stage-2,2026-03-01T13:10:00,12.362511,-1.513082
escort-armed,2026-03-01T13:10:00,12.362481,-1.513097
LR-ASC-003,2026-03-01T13:10:00,12.362496,-1.51308
veh-stage-0,2026-03-01T13:10:00,12.362503,-1.513103
ST-DEV-001,2026-03-01T13:10:00,12.362473,-1.513113
veh-stage-1,2026-03-01T13:10:00,12.362489,-1.513125
LR-ASC-003,2026-03-01T13:15:00,12.362515,-1.513085
veh-stage-0,2026-03-01T13:20:00,12.3625,-1.513094
veh-stage-3,2026-03-01T13:20:00,12.362501,-1.513099
veh-stage-1,2026-03-01T13:20:00,12.362483,-1.513124
ST-DEV-001,2026-03-01T13:20:00,12.362492,-1.513081
escort-armed,2026-03-01T13:20:00,12.362493,-1.513059
veh-stage-2,2026-03-01T13:20:00,12.362511,-1.513128
LR-ASC-003,2026-03-01T13:20:00,12.362523,-1.5131
LR-DEV-001,2026-03-01T13:20:00,12.362505,-1.513113
LR-ASC-003,2026-03-01T13:25:00,12.362512,-1.513106
veh-stage-1,2026-03-01T13:30:00,12.362482,-1.513081
veh-stage-2,2026-03-01T13:30:00,12.362487,-1.513104
veh-stage-0,2026-03-01T13:30:00,12.36249,-1.513114
escort-armed,2026-03-01T13:30:00,12.362428,-1.513071
veh-stage-3,2026-03-01T13:30:00,12.362517,-1.513109
ST-DEV-001,2026-03-01T13:30:00,12.362506,-1.513132
LR-DEV-001,2026-03-01T13:30:00,12.362534,-1.513091
LR-ASC-003,2026-03-01T13:30:00,12.362506,-1.513102
LR-ASC-003,2026-03-01T13:35:00,12.362502,-1.513089
veh-stage-0,2026-03-01T13:40:00,12.362504,-1.513118
escort-armed,2026-03-01T13:40:00,12.362534,-1.513156
veh-stage-1,2026-03-01T13:40:00,12.362483,-1.513053
veh-stage-2,2026-03-01T13:40:00,12.362499,-1.513089
LR-DEV-001,2026-03-01T13:40:00,12.362479,-1.513088
veh-stage-3,2026-03-01T13:40:00,12.362502,-1.513108
ST-DEV-001,2026-03-01T13:40:00,12.362506,-1.513107
LR-ASC-003,2026-03-01T13:40:00,12.362485,-1.513062
LR-ASC-003,2026-03-01T13:45:00,12.362482,-1.513122
ST-DEV-001,2026-03-01T13:50:00,12.362488,-1.513089
LR-ASC-003,2026-03-01T13:50:00,12.362521,-1.513086
veh-stage-0,2026-03-01T13:50:00,12.362507,-1.513131
escort-armed,2026-03-01T13:50:00,12.362491,-1.51311
veh-stage-1,2026-03-01T13:50:00,12.362509,-1.513097
veh-stage-2,2026-03-01T13:50:00,12.362503,-1.513124
veh-stage-3,2026-03-01T13:50:00,12.362492,-1.513106
LR-DEV-001,2026-03-01T13:50:00,12.362482,-1.513086
LR-ASC-003,2026-03-01T13:55:00,12.362511,-1.513089
escort-armed,2026-03-01T14:00:00,12.362462,-1.513121
LR-DEV-001,2026-03-01T14:00:00,12.362521,-1.513115
ST-DEV-001,2026-03-01T14:00:00,12.362519,-1.513083
ST-DEV-001,2026-03-01T14:10:00,12.362485,-1.513106
escort-armed,2026-03-01T14:10:00,12.36247,-1.513053
LR-DEV-001,2026-03-01T14:10:00,12.362517,-1.513093
escort-armed,2026-03-01T14:20:00,12.362525,-1.513066
LR-DEV-001,2026-03-01T14:20:00,12.362515,-1.513066
ST-DEV-001,2026-03-01T14:20:00,12.362506,-1.513082
ST-DEV-001,2026-03-01T14:30:00,12.362491,-1.513103
LR-DEV-001,2026-03-01T14:30:00,12.362496,-1.513114
escort-armed,2026-03-01T14:30:00,12.362519,-1.51313
ST-DEV-001,2026-03-01T14:40:00,12.36248,-1.513122
LR-DEV-001,2026-03-01T14:40:00,12.362484,-1.513115
escort-armed,2026-03-01T14:40:00,12.362486,-1.513087
ST-DEV-001,2026-03-01T14:50:00,12.362515,-1.513076
LR-DEV-001,2026-03-01T14:50:00,12.362499,-1.513094
escort-armed,2026-03-01T14:50:00,12.362467,-1.513081
ST-DEV-001,2026-03-01T15:00:00,12.362499,-1.513082
LR-DEV-001,2026-03-01T15:00:00,12.362505,-1.513085
escort-armed,2026-03-01T15:00:00,12.362494,-1.51311
ST-DEV-001,2026-03-01T15:10:00,12.362507,-1.513112
LR-DEV-001,2026-03-01T15:10:00,12.3625,-1.513074
escort-armed,2026-03-01T15:10:00,12.362519,-1.513088
escort-armed,2026-03-01T15:20:00,12.36249,-1.513069
ST-DEV-001,2026-03-01T15:20:00,12.362507,-1.513072
LR-DEV-001,2026-03-01T15:20:00,12.362495,-1.513051
LR-DEV-001,2026-03-01T15:30:00,12.362511,-1.513115
ST-DEV-001,2026-03-01T15:30:00,12.362499,-1.513072
escort-armed,2026-03-01T15:30:00,12.362471,-1.513083
ST-DEV-001,2026-03-01T15:40:00,12.362453,-1.513085
LR-DEV-001,2026-03-01T15:40:00,12.362481,-1.513091
escort-armed,2026-03-01T15:40:00,12.362516,-1.513108
LR-DEV-001,2026-03-01T15:50:00,12.362496,-1.513087
ST-DEV-001,2026-03-01T15:50:00,12.362502,-1.513105
escort-armed,2026-03-01T15:50:00,12.362509,-1.513134
ST-DEV-001,2026-03-01T16:00:00,12.362502,-1.513136
escort-armed,2026-03-01T16:00:00,12.362525,-1.513105
LR-DEV-001,2026-03-01T16:00:00,12.362509,-1.513101
ST-DEV-001,2026-03-01T16:10:00,12.362496,-1.513094
escort-armed,2026-03-01T16:10:00,12.362486,-1.513072
LR-DEV-001,2026-03-01T16:10:00,12.362485,-1.513127
escort-armed,2026-03-01T16:20:00,12.362481,-1.513138
ST-DEV-001,2026-03-01T16:20:00,12.362527,-1.513109
LR-DEV-001,2026-03-01T16:20:00,12.362492,-1.513085
LR-DEV-001,2026-03-01T16:30:00,12.362504,-1.513122
escort-armed,2026-03-01T16:30:00,12.362458,-1.513084
ST-DEV-001,2026-03-01T16:30:00,12.362485,-1.513109
ST-DEV-001,2026-03-01T16:40:00,12.362516,-1.513094
LR-DEV-001,2026-03-01T16:40:00,12.362503,-1.513093
escort-armed,2026-03-01T16:40:00,12.362465,-1.513053
LR-DEV-001,2026-03-01T16:50:00,12.362484,-1.513097
escort-armed,2026-03-01T16:50:00,12.362444,-1.513054
ST-DEV-001,2026-03-01T16:50:00,12.36249,-1.513091
LR-DEV-001,2026-03-01T17:00:00,12.362501,-1.513121
ST-DEV-001,2026-03-01T17:00:00,12.362502,-1.513083
ST-DEV-001,2026-03-01T17:10:00,12.362487,-1.513106
LR-DEV-001,2026-03-01T17:10:00,12.362506,-1.51309
ST-DEV-001,2026-03-01T17:20:00,12.362493,-1.513126
LR-DEV-001,2026-03-01T17:20:00,12.362519,-1.513081
ST-DEV-001,2026-03-01T17:30:00,12.362505,-1.513095
LR-DEV-001,2026-03-01T17:30:00,12.362475,-1.513117
ST-DEV-001,2026-03-01T17:40:00,12.3625,-1.513104
LR-DEV-001,2026-03-01T17:40:00,12.362509,-1.513091
ST-DEV-001,2026-03-01T17:50:00,12.362475,-1.513108
LR-DEV-001,2026-03-01T17:50:00,12.362509,-1.513031
LR-DEV-001,2026-03-01T18:00:00,12.361831,-1.514451
ST-DEV-001,2026-03-01T18:15:00,12.361831,-1.514451
ST-DEV-001,2026-03-01T19:00:00,12.359694,-1.516414
ST-DEV-001,2026-03-01T19:15:00,12.359697,-1.516393
ST-DEV-001,2026-03-01T19:30:00,12.359734,-1.516397
ST-DEV-001,2026-03-01T19:45:00,12.359705,-1.516401
ST-DEV-001,2026-03-01T20:00:00,12.359665,-1.5164
ST-DEV-001,2026-03-01T20:15:00,12.359701,-1.516356
ST-DEV-001,2026-03-01T20:30:00,12.359697,-1.516395
ST-DEV-001,2026-03-01T20:45:00,12.359699,-1.516421
ST-DEV-001,2026-03-01T21:00:00,12.359721,-1.516386
ST-DEV-001,2026-03-01T21:15:00,12.359714,-1.516416
ST-DEV-001,2026-03-01T21:30:00,12.359725,-1.516425
ST-DEV-001,2026-03-01T21:45:00,12.359711,-1.516361
LR-ASC-003,2026-03-02T05:00:00,12.364466,-1.521212
ST-DEV-001,2026-03-02T06:00:00,12.359733,-1.516384
LR-ASC-003,2026-03-02T06:00:00,12.362488,-1.513109
LR-ASC-003,2026-03-02T06:05:00,12.362494,-1.513092
ST-DEV-001,2026-03-02T06:10:00,12.359694,-1.516426
LR-ASC-003,2026-03-02T06:10:00,12.362509,-1.51311
LR-ASC-003,2026-03-02T06:15:00,12.3625,-1.513061
ST-DEV-001,2026-03-02T06:20:00,12.35969,-1.516371
LR-ASC-003,2026-03-02T06:20:00,12.362531,-1.513092
LR-ASC-003,2026-03-02T06:25:00,12.362501,-1.513098
ST-DEV-001,2026-03-02T06:30:00,12.359751,-1.516358
LR-ASC-003,2026-03-02T06:30:00,12.362511,-1.513118
LR-ASC-003,2026-03-02T06:35:00,12.362495,-1.51313
ST-DEV-001,2026-03-02T06:40:00,12.359687,-1.51643
LR-ASC-003,2026-03-02T06:40:00,12.362507,-1.513088
LR-ASC-003,2026-03-02T06:45:00,12.362491,-1.513072
ST-DEV-001,2026-03-02T06:50:00,12.359704,-1.516448
LR-ASC-003,2026-03-02T06:50:00,12.362478,-1.513126
LR-ASC-003,2026-03-02T06:55:00,12.362504,-1.513081
ST-DEV-001,2026-03-02T07:00:00,12.359709,-1.516404
ST-DEV-001,2026-03-02T07:00:00,12.359413,-1.51634
LR-ASC-003,2026-03-02T07:00:00,12.361831,-1.514451
ST-ASC-003,2026-03-02T07:00:00,12.359413,-1.51634
ST-DEV-001,2026-03-02T07:10:00,12.359687,-1.516443
ST-DEV-001,2026-03-02T07:20:00,12.359714,-1.516414
ST-DEV-001,2026-03-02T07:30:00,12.359668,-1.516478
ST-DEV-001,2026-03-02T07:40:00,12.359699,-1.516352
civ-6110ef6a-22a3-44c0-91e3-46b0a21ed53d,2026-03-02T07:50:00,12.363039,-1.522319
ST-DEV-001,2026-03-02T07:50:00,12.359745,-1.516412
civ-d91719a4-535b-4455-af7a-04938597798e,2026-03-02T07:51:00,12.362826,-1.5225
civ-611fe07a-a2f0-442f-9fc5-a72c5ee34037,2026-03-02T07:51:00,12.363948,-1.515347
civ-1c8aeb44-c08d-4761-bb57-9bf0fb45ca2d,2026-03-02T07:52:00,12.362893,-1.522511
civ-e59c9d8d-85b9-4043-bed5-94294d0fff92,2026-03-02T07:52:00,12.362797,-1.522517
civ-b55cc047-f0fb-4020-abd8-8445961805c3,2026-03-02T07:52:00,12.364116,-1.515339
civ-bc1e3457-fde8-443c-9c92-d09856ab0271,2026-03-02T07:53:00,12.362835,-1.522668
civ-2fdc0436-1a04-434c-9d37-9bde6f249a5a,2026-03-02T07:53:00,12.363929,-1.515342
civ-e5251cef-2ef8-4f32-8c86-222cadbbdd62,2026-03-02T07:54:00,12.363908,-1.515233
civ-cfd611de-41a6-4b73-a764-0ddcbf9dae14,2026-03-02T07:54:00,12.364108,-1.515455
civ-6cef502b-9aa9-492d-9076-f4fe51c3d513,2026-03-02T07:55:00,12.36402,-1.515316
civ-f752f7b2-d4eb-47df-a259-72cae2081fed,2026-03-02T07:55:00,12.364008,-1.515267
civ-4ee5f652-6dec-4a3e-9da8-5028cc7be1d1,2026-03-02T07:56:00,12.364065,-1.515434
civ-d3964bd1-513b-42c0-b2da-9d4cde522505,2026-03-02T07:57:00,12.363011,-1.522498
civ-7efa278e-c726-4661-b9fa-cf4ddf158e57,2026-03-02T07:57:00,12.362888,-1.52261
civ-bf1bf079-dbe2-4b80-9863-61ba0331f41f,2026-03-02T07:57:00,12.36415,-1.515364
civ-71a08559-d00a-4cd6-99e9-fbee460cf42c,2026-03-02T07:57:00,12.362772,-1.522658
civ-6bacced4-8959-468d-8041-f082312ed83e,2026-03-02T07:59:00,12.36407,-1.51545
ST-ASC-003,2026-03-02T08:00:00,12.362474,-1.51314
ST-DEV-001,2026-03-02T08:00:00,12.359684,-1.516387
ST-DEV-001,2026-03-02T08:00:00,12.364004,-1.515409
ST-ASC-003,2026-03-02T08:00:00,12.362521,-1.513122
LR-ASC-003,2026-03-02T08:00:00,12.362482,-1.513083
civ-1be46b08-c711-4559-bde1-07761caecd83,2026-03-02T08:02:00,12.36282,-1.522539
civ-6cef502b-9aa9-492d-9076-f4fe51c3d513,2026-03-02T08:04:00,12.363055,-1.522536
civ-642e97d3-8d95-46fd-b10b-62983c9c93b8,2026-03-02T08:05:00,12.363988,-1.515399
civ-a468a114-5d61-4d4c-ae4e-95320b02f785,2026-03-02T08:05:00,12.364028,-1.515247
civ-cfd611de-41a6-4b73-a764-0ddcbf9dae14,2026-03-02T08:05:00,12.362792,-1.52246
civ-14e44a92-a8ac-4e10-9f18-39df3c5ace1d,2026-03-02T08:05:00,12.362849,-1.522483
LR-ASC-003,2026-03-02T08:05:00,12.362482,-1.513104
ST-ASC-003,2026-03-02T08:05:00,12.362508,-1.513109
ST-ASC-003,2026-03-02T08:05:00,12.362511,-1.513087
civ-f752f7b2-d4eb-47df-a259-72cae2081fed,2026-03-02T08:06:00,12.362963,-1.522414
civ-65555717-54c0-4722-8fb0-05d7bd119bb4,2026-03-02T08:07:00,12.36395,-1.51517
civ-5f19587d-f9d4-45e1-95cc-4a1462e1221d,2026-03-02T08:07:00,12.362968,-1.522466
civ-0772b70c-5227-404f-abb9-6f4bf823ce9a,2026-03-02T08:08:00,12.362885,-1.522541
civ-fc9771b7-c1ef-4ca0-b8a3-720ac96c75fe,2026-03-02T08:09:00,12.362951,-1.522658
civ-b5361b11-82a9-4927-a9e5-a18eae93320e,2026-03-02T08:10:00,12.362889,-1.522462
ST-DEV-001,2026-03-02T08:10:00,12.359673,-1.516392
ST-ASC-003,2026-03-02T08:10:00,12.362495,-1.513075
LR-ASC-003,2026-03-02T08:10:00,12.36251,-1.513117
ST-ASC-003,2026-03-02T08:10:00,12.362482,-1.513087
ST-DEV-001,2026-03-02T08:10:00,12.364023,-1.515416
civ-2b45e74d-42d2-4d50-aa6a-7a3af2caaec1,2026-03-02T08:11:00,12.364022,-1.515166
civ-817b1ac2-8b62-4963-9676-fdfe05160ec2,2026-03-02T08:12:00,12.362992,-1.522447
civ-39928994-47f1-47b0-b156-d57f97cb60d5,2026-03-02T08:12:00,12.364136,-1.515343
civ-7efa278e-c726-4661-b9fa-cf4ddf158e57,2026-03-02T08:12:00,12.363981,-1.515477
civ-c4f94f5c-24ad-4bf5-9583-d3aea6586d8c,2026-03-02T08:15:00,12.363086,-1.522391
ST-ASC-003,2026-03-02T08:15:00,12.362504,-1.51311
civ-28886a71-a8de-4e8c-8ebc-a1265ae6176c,2026-03-02T08:15:00,12.362763,-1.522386
ST-ASC-003,2026-03-02T08:15:00,12.362497,-1.513098
LR-ASC-003,2026-03-02T08:15:00,12.362502,-1.513124
ST-DEV-001,2026-03-02T08:20:00,12.363997,-1.515408
ST-DEV-001,2026-03-02T08:20:00,12.359721,-1.516367
ST-ASC-003,2026-03-02T08:20:00,12.362477,-1.513084
ST-ASC-003,2026-03-02T08:20:00,12.362497,-1.5131
LR-ASC-003,2026-03-02T08:20:00,12.362489,-1.513094
ST-ASC-003,2026-03-02T08:25:00,12.36248,-1.513126
LR-ASC-003,2026-03-02T08:25:00,12.362471,-1.513092
ST-ASC-003,2026-03-02T08:25:00,12.362512,-1.513102
LR-ASC-003,2026-03-02T08:30:00,12.3625,-1.51309
ST-DEV-001,2026-03-02T08:30:00,12.364026,-1.515396
ST-ASC-003,2026-03-02T08:30:00,12.362529,-1.513115
ST-DEV-001,2026-03-02T08:30:00,12.359697,-1.516405
ST-ASC-003,2026-03-02T08:30:00,12.362533,-1.513119
LR-ASC-003,2026-03-02T08:35:00,12.362504,-1.513075
ST-ASC-003,2026-03-02T08:35:00,12.362482,-1.513139
ST-ASC-003,2026-03-02T08:35:00,12.362473,-1.513112
LR-ASC-003,2026-03-02T08:40:00,12.362502,-1.513108
ST-ASC-003,2026-03-02T08:40:00,12.362488,-1.513124
ST-ASC-003,2026-03-02T08:40:00,12.362499,-1.513096
ST-DEV-001,2026-03-02T08:40:00,12.359676,-1.516422
ST-DEV-001,2026-03-02T08:40:00,12.364019,-1.515427
ST-ASC-003,2026-03-02T08:45:00,12.36253,-1.513082
LR-ASC-003,2026-03-02T08:45:00,12.362502,-1.51309
ST-ASC-003,2026-03-02T08:45:00,12.362496,-1.513094
LR-ASC-003,2026-03-02T08:50:00,12.362501,-1.513099
ST-ASC-003,2026-03-02T08:50:00,12.362477,-1.513074
ST-DEV-001,2026-03-02T08:50:00,12.359694,-1.51639
ST-ASC-003,2026-03-02T08:50:00,12.362488,-1.513059
ST-DEV-001,2026-03-02T08:50:00,12.364005,-1.515384
ST-ASC-003,2026-03-02T08:55:00,12.362518,-1.513106
LR-ASC-003,2026-03-02T08:55:00,12.362487,-1.513112
ST-ASC-003,2026-03-02T08:55:00,12.362499,-1.51308
LR-ASC-003,2026-03-02T09:00:00,12.364466,-1.521212
LR-ASC-003,2026-03-02T09:00:00,12.362475,-1.513069
ST-ASC-003,2026-03-02T09:00:00,12.362455,-1.513059
ST-DEV-001,2026-03-02T09:00:00,12.364001,-1.515381
ST-ASC-003,2026-03-02T09:00:00,12.361831,-1.514451
NEW-DEV-X2,2026-03-02T09:00:00,12.35901,-1.520916
NEW-DEV-X1,2026-03-02T09:00:00,12.358998,-1.520854
NEW-DEV-X3,2026-03-02T09:00:00,12.358988,-1.520881
NEW-DEV-X1,2026-03-02T09:05:00,12.358986,-1.52087
NEW-DEV-X3,2026-03-02T09:05:00,12.358989,-1.520867
LR-ASC-003,2026-03-02T09:05:00,12.362478,-1.513112
ST-ASC-003,2026-03-02T09:05:00,12.362475,-1.51313
NEW-DEV-X2,2026-03-02T09:05:00,12.359001,-1.5209
ST-ASC-003,2026-03-02T09:10:00,12.362518,-1.513056
NEW-DEV-X2,2026-03-02T09:10:00,12.35902,-1.520891
NEW-DEV-X3,2026-03-02T09:10:00,12.359012,-1.520909
NEW-DEV-X1,2026-03-02T09:10:00,12.35903,-1.52091
ST-DEV-001,2026-03-02T09:10:00,12.363991,-1.515375
LR-ASC-003,2026-03-02T09:10:00,12.362487,-1.513084
LR-ASC-003,2026-03-02T09:15:00,12.362495,-1.513078
NEW-DEV-X1,2026-03-02T09:15:00,12.35901,-1.520871
NEW-DEV-X3,2026-03-02T09:15:00,12.359039,-1.520911
NEW-DEV-X2,2026-03-02T09:15:00,12.359,-1.520885
ST-ASC-003,2026-03-02T09:15:00,12.362525,-1.51309
NEW-DEV-X1,2026-03-02T09:20:00,12.358993,-1.520904
NEW-DEV-X2,2026-03-02T09:20:00,12.359025,-1.52089
ST-ASC-003,2026-03-02T09:20:00,12.362511,-1.513085
ST-DEV-001,2026-03-02T09:20:00,12.364041,-1.515407
LR-ASC-003,2026-03-02T09:20:00,12.362488,-1.513095
NEW-DEV-X3,2026-03-02T09:20:00,12.359013,-1.520895
ST-ASC-003,2026-03-02T09:25:00,12.362514,-1.513095
NEW-DEV-X1,2026-03-02T09:25:00,12.35899,-1.520918
NEW-DEV-X3,2026-03-02T09:25:00,12.359023,-1.520872
NEW-DEV-X2,2026-03-02T09:25:00,12.359,-1.520924
LR-ASC-003,2026-03-02T09:25:00,12.362485,-1.513061
NEW-DEV-X1,2026-03-02T09:30:00,12.358988,-1.520922
ST-DEV-001,2026-03-02T09:30:00,12.363992,-1.515374
ST-ASC-003,2026-03-02T09:30:00,12.362502,-1.513101
NEW-DEV-X3,2026-03-02T09:30:00,12.359001,-1.520914
LR-ASC-003,2026-03-02T09:30:00,12.362479,-1.513094
NEW-DEV-X2,2026-03-02T09:30:00,12.358981,-1.520905
ST-ASC-003,2026-03-02T09:35:00,12.362486,-1.513105
NEW-DEV-X3,2026-03-02T09:35:00,12.359008,-1.520912
LR-ASC-003,2026-03-02T09:35:00,12.362511,-1.513093
NEW-DEV-X1,2026-03-02T09:35:00,12.359001,-1.520914
NEW-DEV-X2,2026-03-02T09:35:00,12.358989,-1.520903
ST-DEV-001,2026-03-02T09:40:00,12.364028,-1.515409
ST-ASC-003,2026-03-02T09:40:00,12.36247,-1.513102
NEW-DEV-X2,2026-03-02T09:40:00,12.359001,-1.52089
NEW-DEV-X3,2026-03-02T09:40:00,12.359036,-1.520898
NEW-DEV-X1,2026-03-02T09:40:00,12.359004,-1.520928
LR-ASC-003,2026-03-02T09:40:00,12.362497,-1.513102
NEW-DEV-X1,2026-03-02T09:45:00,12.359006,-1.520885
LR-ASC-003,2026-03-02T09:45:00,12.362501,-1.513103
ST-ASC-003,2026-03-02T09:45:00,12.362482,-1.51312
NEW-DEV-X3,2026-03-02T09:45:00,12.358993,-1.520897
NEW-DEV-X2,2026-03-02T09:45:00,12.358999,-1.520891
NEW-DEV-X1,2026-03-02T09:50:00,12.358964,-1.520893
NEW-DEV-X2,2026-03-02T09:50:00,12.359001,-1.520936
LR-ASC-003,2026-03-02T09:50:00,12.362517,-1.51306
ST-ASC-003,2026-03-02T09:50:00,12.362503,-1.513075
ST-DEV-001,2026-03-02T09:50:00,12.363992,-1.515405
NEW-DEV-X3,2026-03-02T09:50:00,12.358976,-1.520917
LR-ASC-003,2026-03-02T09:55:00,12.36249,-1.513125
NEW-DEV-X3,2026-03-02T09:55:00,12.359022,-1.520912
NEW-DEV-X2,2026-03-02T09:55:00,12.358983,-1.520903
NEW-DEV-X1,2026-03-02T09:55:00,12.359022,-1.520922
ST-ASC-003,2026-03-02T09:55:00,12.362517,-1.513128
NEW-DEV-X3,2026-03-02T10:00:00,12.358981,-1.52089
ST-DEV-001,2026-03-02T10:00:00,12.363976,-1.515417
NEW-DEV-X2,2026-03-02T10:00:00,12.358978,-1.520889
LR-ASC-003,2026-03-02T10:00:00,12.36253,-1.513108
NEW-DEV-X1,2026-03-02T10:00:00,12.35903,-1.520892
NEW-DEV-X3,2026-03-02T10:05:00,12.359021,-1.520887
NEW-DEV-X2,2026-03-02T10:05:00,12.359028,-1.520878
LR-ASC-003,2026-03-02T10:05:00,12.362519,-1.513101
NEW-DEV-X1,2026-03-02T10:05:00,12.358987,-1.520901
NEW-DEV-X1,2026-03-02T10:10:00,12.35901,-1.520899
ST-DEV-001,2026-03-02T10:10:00,12.363982,-1.515414
NEW-DEV-X2,2026-03-02T10:10:00,12.358996,-1.520873
NEW-DEV-X3,2026-03-02T10:10:00,12.359018,-1.520914
LR-ASC-003,2026-03-02T10:10:00,12.362497,-1.513084
NEW-DEV-X3,2026-03-02T10:15:00,12.358974,-1.520873
NEW-DEV-X1,2026-03-02T10:15:00,12.35901,-1.520917
NEW-DEV-X2,2026-03-02T10:15:00,12.359003,-1.520906
LR-ASC-003,2026-03-02T10:15:00,12.362512,-1.513128
LR-ASC-003,2026-03-02T10:20:00,12.362527,-1.513075
NEW-DEV-X3,2026-03-02T10:20:00,12.358994,-1.520905
ST-DEV-001,2026-03-02T10:20:00,12.363999,-1.515396
NEW-DEV-X1,2026-03-02T10:20:00,12.359003,-1.520925
NEW-DEV-X2,2026-03-02T10:20:00,12.358989,-1.520905
NEW-DEV-X3,2026-03-02T10:25:00,12.359024,-1.52089
NEW-DEV-X2,2026-03-02T10:25:00,12.358993,-1.520897
NEW-DEV-X1,2026-03-02T10:25:00,12.358998,-1.520916
LR-ASC-003,2026-03-02T10:25:00,12.362489,-1.513093
NEW-DEV-X3,2026-03-02T10:30:00,12.359008,-1.520861
NEW-DEV-X2,2026-03-02T10:30:00,12.359003,-1.5209
ST-DEV-001,2026-03-02T10:30:00,12.364028,-1.515418
NEW-DEV-X1,2026-03-02T10:30:00,12.358987,-1.520878
LR-ASC-003,2026-03-02T10:30:00,12.362509,-1.513095
NEW-DEV-X1,2026-03-02T10:35:00,12.35902,-1.520889
NEW-DEV-X2,2026-03-02T10:35:00,12.359008,-1.520879
NEW-DEV-X3,2026-03-02T10:35:00,12.358988,-1.520883
LR-ASC-003,2026-03-02T10:35:00,12.36249,-1.513112
NEW-DEV-X3,2026-03-02T10:40:00,12.359001,-1.520895
ST-DEV-001,2026-03-02T10:40:00,12.364018,-1.515404
LR-ASC-003,2026-03-02T10:40:00,12.3625,-1.513079
NEW-DEV-X1,2026-03-02T10:40:00,12.35898,-1.520906
NEW-DEV-X2,2026-03-02T10:40:00,12.359017,-1.520927
NEW-DEV-X2,2026-03-02T10:45:00,12.358954,-1.520883
NEW-DEV-X3,2026-03-02T10:45:00,12.359028,-1.520891
NEW-DEV-X1,2026-03-02T10:45:00,12.359022,-1.520897
LR-ASC-003,2026-03-02T10:45:00,12.36251,-1.513107
NEW-DEV-X2,2026-03-02T10:50:00,12.358975,-1.520904
NEW-DEV-X3,2026-03-02T10:50:00,12.35901,-1.520881
NEW-DEV-X1,2026-03-02T10:50:00,12.359042,-1.520893
ST-DEV-001,2026-03-02T10:50:00,12.363999,-1.515388
LR-ASC-003,2026-03-02T10:50:00,12.362514,-1.513151
NEW-DEV-X2,2026-03-02T10:55:00,12.358979,-1.520932
NEW-DEV-X1,2026-03-02T10:55:00,12.359003,-1.520906
LR-ASC-003,2026-03-02T10:55:00,12.362521,-1.513131
NEW-DEV-X3,2026-03-02T10:55:00,12.358993,-1.520915
NEW-DEV-X3,2026-03-02T11:00:00,12.358981,-1.520935
NEW-DEV-X1,2026-03-02T11:00:00,12.359002,-1.520903
NEW-DEV-X2,2026-03-02T11:00:00,12.35901,-1.520886
ST-DEV-001,2026-03-02T11:00:00,12.36398,-1.515393
LR-ASC-003,2026-03-02T11:00:00,12.362493,-1.51312
LR-ASC-003,2026-03-02T11:05:00,12.362477,-1.513079
NEW-DEV-X3,2026-03-02T11:05:00,12.359037,-1.52092
NEW-DEV-X1,2026-03-02T11:05:00,12.359013,-1.520883
NEW-DEV-X2,2026-03-02T11:05:00,12.35899,-1.520947
ST-DEV-001,2026-03-02T11:10:00,12.364003,-1.515391
NEW-DEV-X2,2026-03-02T11:10:00,12.35899,-1.520893
NEW-DEV-X1,2026-03-02T11:10:00,12.358986,-1.520924
LR-ASC-003,2026-03-02T11:10:00,12.362492,-1.513094
NEW-DEV-X3,2026-03-02T11:10:00,12.358996,-1.520905
NEW-DEV-X3,2026-03-02T11:15:00,12.359006,-1.520885
NEW-DEV-X1,2026-03-02T11:15:00,12.358967,-1.520891
LR-ASC-003,2026-03-02T11:15:00,12.362499,-1.513091
NEW-DEV-X2,2026-03-02T11:15:00,12.358973,-1.520897
NEW-DEV-X3,2026-03-02T11:20:00,12.359015,-1.52091
ST-DEV-001,2026-03-02T11:20:00,12.364005,-1.515356
NEW-DEV-X1,2026-03-02T11:20:00,12.35898,-1.520939
LR-ASC-003,2026-03-02T11:20:00,12.362501,-1.513123
NEW-DEV-X2,2026-03-02T11:20:00,12.359,-1.52089
LR-ASC-003,2026-03-02T11:25:00,12.362518,-1.513109
NEW-DEV-X2,2026-03-02T11:25:00,12.359002,-1.520918
NEW-DEV-X1,2026-03-02T11:25:00,12.359007,-1.520855
NEW-DEV-X3,2026-03-02T11:25:00,12.358997,-1.520895
NEW-DEV-X1,2026-03-02T11:30:00,12.359,-1.520885
NEW-DEV-X3,2026-03-02T11:30:00,12.358996,-1.520871
NEW-DEV-X2,2026-03-02T11:30:00,12.359022,-1.520903
LR-ASC-003,2026-03-02T11:30:00,12.362472,-1.513108
NEW-DEV-X2,2026-03-02T11:35:00,12.359,-1.520917
NEW-DEV-X1,2026-03-02T11:35:00,12.359001,-1.520902
NEW-DEV-X3,2026-03-02T11:35:00,12.359009,-1.520887
LR-ASC-003,2026-03-02T11:35:00,12.362527,-1.513085
LR-ASC-003,2026-03-02T11:40:00,12.362494,-1.513106
NEW-DEV-X2,2026-03-02T11:40:00,12.358992,-1.520916
NEW-DEV-X1,2026-03-02T11:40:00,12.359017,-1.520905
NEW-DEV-X3,2026-03-02T11:40:00,12.359012,-1.520879
NEW-DEV-X1,2026-03-02T11:45:00,12.359005,-1.520894
LR-ASC-003,2026-03-02T11:45:00,12.362494,-1.513063
NEW-DEV-X3,2026-03-02T11:45:00,12.359003,-1.520923
NEW-DEV-X2,2026-03-02T11:45:00,12.358997,-1.520869
LR-ASC-003,2026-03-02T11:50:00,12.362507,-1.513092
NEW-DEV-X3,2026-03-02T11:50:00,12.359007,-1.520912
NEW-DEV-X2,2026-03-02T11:50:00,12.358975,-1.520929
NEW-DEV-X1,2026-03-02T11:50:00,12.358988,-1.520882
NEW-DEV-X3,2026-03-02T11:55:00,12.35899,-1.520889
NEW-DEV-X1,2026-03-02T11:55:00,12.358997,-1.520914
LR-ASC-003,2026-03-02T11:55:00,12.362519,-1.513096
NEW-DEV-X2,2026-03-02T11:55:00,12.359026,-1.520904
LR-ASC-003,2026-03-02T12:00:00,12.362495,-1.513104
veh-stage-2,2026-03-02T12:00:00,12.362503,-1.513106
veh-stage-3,2026-03-02T12:00:00,12.362522,-1.513073
veh-stage-1,2026-03-02T12:00:00,12.362501,-1.513085
veh-stage-0,2026-03-02T12:00:00,12.362491,-1.513117
LR-ASC-003,2026-03-02T12:05:00,12.362499,-1.513101
veh-stage-2,2026-03-02T12:10:00,12.362506,-1.513105
LR-ASC-003,2026-03-02T12:10:00,12.362513,-1.513099
veh-stage-3,2026-03-02T12:10:00,12.362518,-1.513108
veh-stage-0,2026-03-02T12:10:00,12.362502,-1.513071
veh-stage-1,2026-03-02T12:10:00,12.362509,-1.513115
LR-ASC-003,2026-03-02T12:15:00,12.362513,-1.513101
veh-stage-0,2026-03-02T12:20:00,12.362506,-1.513105
LR-ASC-003,2026-03-02T12:20:00,12.362501,-1.513136
veh-stage-1,2026-03-02T12:20:00,12.362488,-1.513081
veh-stage-2,2026-03-02T12:20:00,12.362503,-1.513076
veh-stage-3,2026-03-02T12:20:00,12.362507,-1.5131
LR-ASC-003,2026-03-02T12:25:00,12.362516,-1.513094
LR-DEV-001,2026-03-02T12:30:00,12.35903,-1.520731
ST-DEV-001,2026-03-02T12:30:00,12.363601,-1.515311
veh-stage-0,2026-03-02T12:30:00,12.362495,-1.513128
veh-stage-2,2026-03-02T12:30:00,12.362482,-1.513079
veh-stage-1,2026-03-02T12:30:00,12.362494,-1.513107
LR-ASC-003,2026-03-02T12:30:00,12.362518,-1.513152
veh-stage-3,2026-03-02T12:30:00,12.362484,-1.513094
LR-ASC-003,2026-03-02T12:35:00,12.362538,-1.513103
veh-stage-3,2026-03-02T12:40:00,12.362479,-1.513079
veh-stage-1,2026-03-02T12:40:00,12.362483,-1.513092
veh-stage-0,2026-03-02T12:40:00,12.362516,-1.513101
LR-ASC-003,2026-03-02T12:40:00,12.36252,-1.513119
veh-stage-2,2026-03-02T12:40:00,12.362524,-1.513102
LR-ASC-003,2026-03-02T12:45:00,12.362511,-1.513119
veh-stage-0,2026-03-02T12:50:00,12.362497,-1.513043
LR-ASC-003,2026-03-02T12:50:00,12.362489,-1.513066
veh-stage-1,2026-03-02T12:50:00,12.362537,-1.513119
veh-stage-2,2026-03-02T12:50:00,12.362462,-1.513111
veh-stage-3,2026-03-02T12:50:00,12.362492,-1.513096
LR-ASC-003,2026-03-02T12:55:00,12.362497,-1.513096
veh-stage-2,2026-03-02T13:00:00,12.362523,-1.5131
LR-DEV-001,2026-03-02T13:00:00,12.362506,-1.513092
escort-armed,2026-03-02T13:00:00,12.362525,-1.513122
veh-stage-3,2026-03-02T13:00:00,12.362505,-1.513105
LR-ASC-003,2026-03-02T13:00:00,12.362516,-1.513091
veh-stage-0,2026-03-02T13:00:00,12.362505,-1.513114
veh-stage-1,2026-03-02T13:00:00,12.3625,-1.513075
ST-DEV-001,2026-03-02T13:00:00,12.362489,-1.51311
LR-ASC-003,2026-03-02T13:05:00,12.362503,-1.513093
veh-stage-2,2026-03-02T13:10:00,12.362482,-1.513109
veh-stage-3,2026-03-02T13:10:00,12.362511,-1.513109
LR-DEV-001,2026-03-02T13:10:00,12.36251,-1.513092
ST-DEV-001,2026-03-02T13:10:00,12.362489,-1.51311
escort-armed,2026-03-02T13:10:00,12.36254,-1.513107
veh-stage-0,2026-03-02T13:10:00,12.362492,-1.513079
LR-ASC-003,2026-03-02T13:10:00,12.362543,-1.513101
veh-stage-1,2026-03-02T13:10:00,12.362499,-1.513092
LR-ASC-003,2026-03-02T13:15:00,12.362504,-1.513081
LR-DEV-001,2026-03-02T13:20:00,12.362512,-1.513076
ST-DEV-001,2026-03-02T13:20:00,12.362489,-1.513079
escort-armed,2026-03-02T13:20:00,12.362499,-1.51312
veh-stage-2,2026-03-02T13:20:00,12.362515,-1.51309
veh-stage-0,2026-03-02T13:20:00,12.362502,-1.513126
LR-ASC-003,2026-03-02T13:20:00,12.36252,-1.513079
veh-stage-1,2026-03-02T13:20:00,12.362481,-1.513092
veh-stage-3,2026-03-02T13:20:00,12.362516,-1.513124
LR-ASC-003,2026-03-02T13:25:00,12.362511,-1.513121
veh-stage-3,2026-03-02T13:30:00,12.362502,-1.513065
veh-stage-1,2026-03-02T13:30:00,12.362497,-1.513082
escort-armed,2026-03-02T13:30:00,12.362435,-1.513076
veh-stage-2,2026-03-02T13:30:00,12.362496,-1.513107
veh-stage-0,2026-03-02T13:30:00,12.362517,-1.513112
ST-DEV-001,2026-03-02T13:30:00,12.362526,-1.51311
LR-ASC-003,2026-03-02T13:30:00,12.362529,-1.513121
LR-DEV-001,2026-03-02T13:30:00,12.362504,-1.513087
LR-ASC-003,2026-03-02T13:35:00,12.362505,-1.513114
ST-DEV-001,2026-03-02T13:40:00,12.362485,-1.513092
LR-ASC-003,2026-03-02T13:40:00,12.362499,-1.513094
LR-DEV-001,2026-03-02T13:40:00,12.362498,-1.513074
veh-stage-2,2026-03-02T13:40:00,12.362493,-1.513117
escort-armed,2026-03-02T13:40:00,12.36252,-1.513108
veh-stage-1,2026-03-02T13:40:00,12.362521,-1.513053
veh-stage-0,2026-03-02T13:40:00,12.362534,-1.513081
veh-stage-3,2026-03-02T13:40:00,12.362482,-1.513112
LR-ASC-003,2026-03-02T13:45:00,12.362506,-1.513092
escort-armed,2026-03-02T13:50:00,12.362502,-1.513086
LR-ASC-003,2026-03-02T13:50:00,12.362529,-1.513092
LR-DEV-001,2026-03-02T13:50:00,12.362488,-1.513068
veh-stage-1,2026-03-02T13:50:00,12.36251,-1.513094
veh-stage-2,2026-03-02T13:50:00,12.362529,-1.513106
veh-stage-3,2026-03-02T13:50:00,12.362509,-1.513097
veh-stage-0,2026-03-02T13:50:00,12.362492,-1.513077
ST-DEV-001,2026-03-02T13:50:00,12.36249,-1.513089
LR-ASC-003,2026-03-02T13:55:00,12.362496,-1.513083
escort-armed,2026-03-02T14:00:00,12.362458,-1.513114
ST-DEV-001,2026-03-02T14:00:00,12.362504,-1.513127
LR-DEV-001,2026-03-02T14:00:00,12.362499,-1.513126
LR-DEV-001,2026-03-02T14:10:00,12.362502,-1.513112
escort-armed,2026-03-02T14:10:00,12.362521,-1.513134
ST-DEV-001,2026-03-02T14:10:00,12.362528,-1.513068
ST-DEV-001,2026-03-02T14:20:00,12.362489,-1.513107
escort-armed,2026-03-02T14:20:00,12.362508,-1.513137
LR-DEV-001,2026-03-02T14:20:00,12.362515,-1.513112
LR-DEV-001,2026-03-02T14:30:00,12.362492,-1.513134
ST-DEV-001,2026-03-02T14:30:00,12.362505,-1.513094
escort-armed,2026-03-02T14:30:00,12.362513,-1.513101
LR-DEV-001,2026-03-02T14:40:00,12.362492,-1.513144
escort-armed,2026-03-02T14:40:00,12.362456,-1.513069
ST-DEV-001,2026-03-02T14:40:00,12.362512,-1.513064
escort-armed,2026-03-02T14:50:00,12.36248,-1.513122
LR-DEV-001,2026-03-02T14:50:00,12.362471,-1.513086
ST-DEV-001,2026-03-02T14:50:00,12.362497,-1.513114
escort-armed,2026-03-02T15:00:00,12.362505,-1.513069
LR-DEV-001,2026-03-02T15:00:00,12.362514,-1.513092
ST-DEV-001,2026-03-02T15:00:00,12.362475,-1.513113
escort-armed,2026-03-02T15:10:00,12.362473,-1.513098
ST-DEV-001,2026-03-02T15:10:00,12.362499,-1.513068
LR-DEV-001,2026-03-02T15:10:00,12.362483,-1.513101
escort-armed,2026-03-02T15:20:00,12.362512,-1.513081
ST-DEV-001,2026-03-02T15:20:00,12.362491,-1.513096
LR-DEV-001,2026-03-02T15:20:00,12.3625,-1.513121
escort-armed,2026-03-02T15:30:00,12.362505,-1.51311
ST-DEV-001,2026-03-02T15:30:00,12.3625,-1.513079
LR-DEV-001,2026-03-02T15:30:00,12.362527,-1.513084
ST-DEV-001,2026-03-02T15:40:00,12.362545,-1.51311
escort-armed,2026-03-02T15:40:00,12.362478,-1.513098
LR-DEV-001,2026-03-02T15:40:00,12.362496,-1.5131
ST-DEV-001,2026-03-02T15:50:00,12.362491,-1.513081
LR-DEV-001,2026-03-02T15:50:00,12.362504,-1.513137
escort-armed,2026-03-02T15:50:00,12.362471,-1.513179
escort-armed,2026-03-02T16:00:00,12.362512,-1.513076
LR-DEV-001,2026-03-02T16:00:00,12.362496,-1.513112
ST-DEV-001,2026-03-02T16:00:00,12.362512,-1.513067
ST-DEV-001,2026-03-02T16:10:00,12.362511,-1.513106
LR-DEV-001,2026-03-02T16:10:00,12.362482,-1.513105
escort-armed,2026-03-02T16:10:00,12.362436,-1.513127
ST-DEV-001,2026-03-02T16:20:00,12.362511,-1.51308
escort-armed,2026-03-02T16:20:00,12.362517,-1.513044
LR-DEV-001,2026-03-02T16:20:00,12.362532,-1.513088
escort-armed,2026-03-02T16:30:00,12.362501,-1.51312
LR-DEV-001,2026-03-02T16:30:00,12.36249,-1.51309
ST-DEV-001,2026-03-02T16:30:00,12.362515,-1.513091
LR-DEV-001,2026-03-02T16:40:00,12.362525,-1.513083
escort-armed,2026-03-02T16:40:00,12.362495,-1.513063
ST-DEV-001,2026-03-02T16:40:00,12.362519,-1.513079
escort-armed,2026-03-02T16:50:00,12.362483,-1.513122
LR-DEV-001,2026-03-02T16:50:00,12.362501,-1.513112
ST-DEV-001,2026-03-02T16:50:00,12.362525,-1.513088
LR-DEV-001,2026-03-02T17:00:00,12.362513,-1.513093
ST-DEV-001,2026-03-02T17:00:00,12.362497,-1.513097
LR-DEV-001,2026-03-02T17:10:00,12.362516,-1.513089
ST-DEV-001,2026-03-02T17:10:00,12.362522,-1.513115
ST-DEV-001,2026-03-02T17:20:00,12.362507,-1.513107
LR-DEV-001,2026-03-02T17:20:00,12.362519,-1.51311
LR-DEV-001,2026-03-02T17:30:00,12.362524,-1.513096
ST-DEV-001,2026-03-02T17:30:00,12.362501,-1.513077
LR-DEV-001,2026-03-02T17:40:00,12.362537,-1.513112
ST-DEV-001,2026-03-02T17:40:00,12.362503,-1.513099
ST-DEV-001,2026-03-02T17:50:00,12.362476,-1.513087
LR-DEV-001,2026-03-02T17:50:00,12.362531,-1.513096
LR-DEV-001,2026-03-02T18:00:00,12.361831,-1.514451
ST-DEV-001,2026-03-02T18:15:00,12.361831,-1.514451
ST-DEV-001,2026-03-02T19:00:00,12.359712,-1.516361
ST-DEV-001,2026-03-02T19:15:00,12.359694,-1.516396
ST-DEV-001,2026-03-02T19:30:00,12.359704,-1.516372
ST-DEV-001,2026-03-02T19:45:00,12.359698,-1.516395
ST-DEV-001,2026-03-02T20:00:00,12.359711,-1.516397
ST-DEV-001,2026-03-02T20:15:00,12.359692,-1.516397
ST-DEV-001,2026-03-02T20:30:00,12.359719,-1.516418
ST-DEV-001,2026-03-02T20:45:00,12.359702,-1.516413
ST-DEV-001,2026-03-02T21:00:00,12.359722,-1.516427
ST-DEV-001,2026-03-02T21:15:00,12.35969,-1.516393
ST-DEV-001,2026-03-02T21:30:00,12.359728,-1.516401
ST-DEV-001,2026-03-02T21:45:00,12.35969,-1.516366
LR-ASC-003,2026-03-03T05:00:00,12.364466,-1.521212
ST-DEV-001,2026-03-03T06:00:00,12.359671,-1.516429
LR-ASC-003,2026-03-03T06:00:00,12.362488,-1.513068
LR-DEV-001,2026-03-03T06:00:00,12.358966,-1.520898
LR-ASC-003,2026-03-03T06:05:00,12.362479,-1.513083
ST-DEV-001,2026-03-03T06:10:00,12.359718,-1.516431
LR-ASC-003,2026-03-03T06:10:00,12.362518,-1.513112
LR-DEV-001,2026-03-03T06:10:00,12.358997,-1.520888
LR-ASC-003,2026-03-03T06:15:00,12.362525,-1.513105
ST-DEV-001,2026-03-03T06:20:00,12.359718,-1.516388
LR-ASC-003,2026-03-03T06:20:00,12.362505,-1.513095
LR-DEV-001,2026-03-03T06:20:00,12.359004,-1.520914
LR-ASC-003,2026-03-03T06:25:00,12.362498,-1.513085
LR-DEV-001,2026-03-03T06:30:00,12.358994,-1.520914
LR-ASC-003,2026-03-03T06:30:00,12.362514,-1.513131
ST-DEV-001,2026-03-03T06:30:00,12.359653,-1.516418
LR-ASC-003,2026-03-03T06:35:00,12.362523,-1.51313
LR-DEV-001,2026-03-03T06:40:00,12.359019,-1.5209
LR-ASC-003,2026-03-03T06:40:00,12.362519,-1.51308
ST-DEV-001,2026-03-03T06:40:00,12.359732,-1.516426
LR-ASC-003,2026-03-03T06:45:00,12.36248,-1.513107
LR-ASC-003,2026-03-03T06:50:00,12.36248,-1.513104
ST-DEV-001,2026-03-03T06:50:00,12.359687,-1.516388
LR-DEV-001,2026-03-03T06:50:00,12.359034,-1.520901
LR-ASC-003,2026-03-03T06:55:00,12.362494,-1.513086
ST-ASC-003,2026-03-03T07:00:00,12.359413,-1.51634
LR-ASC-003,2026-03-03T07:00:00,12.361831,-1.514451
LR-DEV-001,2026-03-03T07:00:00,12.358987,-1.520927
ST-DEV-001,2026-03-03T07:00:00,12.359413,-1.51634
ST-DEV-001,2026-03-03T07:00:00,12.359721,-1.516407
LR-DEV-001,2026-03-03T07:10:00,12.358968,-1.520929
ST-DEV-001,2026-03-03T07:10:00,12.359684,-1.516362
LR-DEV-001,2026-03-03T07:20:00,12.359005,-1.520891
ST-DEV-001,2026-03-03T07:20:00,12.359747,-1.516374
ST-DEV-001,2026-03-03T07:30:00,12.359702,-1.516422
LR-DEV-001,2026-03-03T07:30:00,12.358972,-1.520884
ST-DEV-001,2026-03-03T07:40:00,12.359678,-1.516386
LR-DEV-001,2026-03-03T07:40:00,12.358991,-1.520897
ST-DEV-001,2026-03-03T07:50:00,12.359711,-1.516362
LR-DEV-001,2026-03-03T07:50:00,12.359029,-1.520884
civ-6110ef6a-22a3-44c0-91e3-46b0a21ed53d,2026-03-03T07:51:00,12.362889,-1.522364
civ-b023d061-90e5-4380-80b5-217bc9a0f61f,2026-03-03T07:51:00,12.363832,-1.515309
civ-6bacced4-8959-468d-8041-f082312ed83e,2026-03-03T07:52:00,12.362666,-1.522482
civ-89a22776-d969-4bbf-a4ce-5a3e4cfc6c0c,2026-03-03T07:53:00,12.364067,-1.515416
civ-89a22776-d969-4bbf-a4ce-5a3e4cfc6c0c,2026-03-03T07:54:00,12.362868,-1.522558
civ-99965e45-072a-4918-b9b1-21e5c468122b,2026-03-03T07:54:00,12.362863,-1.522438
civ-88501974-47f7-4216-97e8-ca2826aea818,2026-03-03T07:55:00,12.362883,-1.522417
civ-28886a71-a8de-4e8c-8ebc-a1265ae6176c,2026-03-03T07:55:00,12.363046,-1.522491
civ-d3964bd1-513b-42c0-b2da-9d4cde522505,2026-03-03T07:56:00,12.363887,-1.515346
civ-1be46b08-c711-4559-bde1-07761caecd83,2026-03-03T07:57:00,12.363078,-1.522641
civ-cedf7edb-54e6-40cd-ba57-81048f7ce03d,2026-03-03T07:58:00,12.362961,-1.522393
civ-0772b70c-5227-404f-abb9-6f4bf823ce9a,2026-03-03T07:58:00,12.364111,-1.515496
civ-1493bb27-c9aa-4752-bb59-eebcef0baefb,2026-03-03T07:59:00,12.363942,-1.515281
civ-cdb53c5f-9a7a-48fb-8815-1b5e444c506b,2026-03-03T08:00:00,12.36408,-1.515438
LR-ASC-003,2026-03-03T08:00:00,12.362511,-1.513122
civ-611fe07a-a2f0-442f-9fc5-a72c5ee34037,2026-03-03T08:00:00,12.362723,-1.52242
LR-DEV-001,2026-03-03T08:00:00,12.358995,-1.520916
ST-DEV-001,2026-03-03T08:00:00,12.364006,-1.515391
ST-ASC-003,2026-03-03T08:00:00,12.362511,-1.513153
ST-ASC-003,2026-03-03T08:00:00,12.362539,-1.513103
ST-DEV-001,2026-03-03T08:00:00,12.359718,-1.516441
civ-a468a114-5d61-4d4c-ae4e-95320b02f785,2026-03-03T08:01:00,12.364079,-1.515441
civ-99965e45-072a-4918-b9b1-21e5c468122b,2026-03-03T08:01:00,12.36401,-1.515347
civ-e5251cef-2ef8-4f32-8c86-222cadbbdd62,2026-03-03T08:03:00,12.362931,-1.522544
civ-7efa278e-c726-4661-b9fa-cf4ddf158e57,2026-03-03T08:03:00,12.362838,-1.522429
civ-c4f94f5c-24ad-4bf5-9583-d3aea6586d8c,2026-03-03T08:04:00,12.362769,-1.522501
ST-ASC-003,2026-03-03T08:05:00,12.362502,-1.51309
ST-ASC-003,2026-03-03T08:05:00,12.362512,-1.513096
LR-ASC-003,2026-03-03T08:05:00,12.362501,-1.513095
civ-5f19587d-f9d4-45e1-95cc-4a1462e1221d,2026-03-03T08:07:00,12.362861,-1.522506
civ-2b45e74d-42d2-4d50-aa6a-7a3af2caaec1,2026-03-03T08:07:00,12.363958,-1.515376
civ-cedf7edb-54e6-40cd-ba57-81048f7ce03d,2026-03-03T08:09:00,12.36384,-1.515371
ST-DEV-001,2026-03-03T08:10:00,12.359728,-1.516427
LR-ASC-003,2026-03-03T08:10:00,12.362524,-1.513124
civ-b55cc047-f0fb-4020-abd8-8445961805c3,2026-03-03T08:10:00,12.363028,-1.522554
ST-ASC-003,2026-03-03T08:10:00,12.362501,-1.513069
LR-DEV-001,2026-03-03T08:10:00,12.358961,-1.520913
civ-d91719a4-535b-4455-af7a-04938597798e,2026-03-03T08:10:00,12.362939,-1.522464
ST-DEV-001,2026-03-03T08:10:00,12.364011,-1.51538
ST-ASC-003,2026-03-03T08:10:00,12.3625,-1.513107
civ-cdb53c5f-9a7a-48fb-8815-1b5e444c506b,2026-03-03T08:11:00,12.362787,-1.522467
civ-5f19587d-f9d4-45e1-95cc-4a1462e1221d,2026-03-03T08:11:00,12.364189,-1.515422
civ-e5251cef-2ef8-4f32-8c86-222cadbbdd62,2026-03-03T08:11:00,12.363939,-1.515397
civ-8ccee825-f8ec-424c-9e98-42119c6bd5fa,2026-03-03T08:12:00,12.364001,-1.515486
civ-1f3d1602-74c8-4bee-b7ea-a61cfa1ba919,2026-03-03T08:12:00,12.363955,-1.515407
civ-bf1bf079-dbe2-4b80-9863-61ba0331f41f,2026-03-03T08:13:00,12.363891,-1.515334
civ-37446b6c-c563-41ba-9897-901eff57cc85,2026-03-03T08:13:00,12.362819,-1.52262
ST-ASC-003,2026-03-03T08:15:00,12.36252,-1.513083
ST-ASC-003,2026-03-03T08:15:00,12.362489,-1.513096
LR-ASC-003,2026-03-03T08:15:00,12.362446,-1.513097
ST-DEV-001,2026-03-03T08:20:00,12.35969,-1.516393
ST-ASC-003,2026-03-03T08:20:00,12.362486,-1.513093
ST-ASC-003,2026-03-03T08:20:00,12.362487,-1.513124
LR-ASC-003,2026-03-03T08:20:00,12.362532,-1.513078
ST-DEV-001,2026-03-03T08:20:00,12.364007,-1.515404
LR-DEV-001,2026-03-03T08:20:00,12.358996,-1.520918
ST-ASC-003,2026-03-03T08:25:00,12.362489,-1.513101
LR-ASC-003,2026-03-03T08:25:00,12.362504,-1.513109
ST-ASC-003,2026-03-03T08:25:00,12.362483,-1.513125
LR-ASC-003,2026-03-03T08:30:00,12.362515,-1.513118
ST-ASC-003,2026-03-03T08:30:00,12.362489,-1.513084
ST-DEV-001,2026-03-03T08:30:00,12.359754,-1.516316
ST-DEV-001,2026-03-03T08:30:00,12.364012,-1.515366
LR-DEV-001,2026-03-03T08:30:00,12.358998,-1.520899
ST-ASC-003,2026-03-03T08:30:00,12.362492,-1.513112
ST-ASC-003,2026-03-03T08:35:00,12.362517,-1.513091
LR-ASC-003,2026-03-03T08:35:00,12.362509,-1.513091
ST-ASC-003,2026-03-03T08:35:00,12.362475,-1.513101
ST-ASC-003,2026-03-03T08:40:00,12.362473,-1.513086
ST-DEV-001,2026-03-03T08:40:00,12.359716,-1.516405
LR-DEV-001,2026-03-03T08:40:00,12.358996,-1.520912
ST-DEV-001,2026-03-03T08:40:00,12.363998,-1.515418
LR-ASC-003,2026-03-03T08:40:00,12.362519,-1.51305
ST-ASC-003,2026-03-03T08:40:00,12.362513,-1.513091
ST-ASC-003,2026-03-03T08:45:00,12.362488,-1.513092
LR-ASC-003,2026-03-03T08:45:00,12.362507,-1.513109
ST-ASC-003,2026-03-03T08:45:00,12.362501,-1.513126
ST-DEV-001,2026-03-03T08:50:00,12.359714,-1.516376
LR-DEV-001,2026-03-03T08:50:00,12.359003,-1.520892
ST-ASC-003,2026-03-03T08:50:00,12.362514,-1.513086
ST-DEV-001,2026-03-03T08:50:00,12.36402,-1.515402
LR-ASC-003,2026-03-03T08:50:00,12.3625,-1.513132
ST-ASC-003,2026-03-03T08:50:00,12.362494,-1.513114
LR-ASC-003,2026-03-03T08:55:00,12.362487,-1.513107
ST-ASC-003,2026-03-03T08:55:00,12.362506,-1.513076
ST-ASC-003,2026-03-03T08:55:00,12.362521,-1.513087
ST-ASC-003,2026-03-03T09:00:00,12.362506,-1.513081
LR-ASC-003,2026-03-03T09:00:00,12.364466,-1.521212
ST-DEV-001,2026-03-03T09:00:00,12.363961,-1.515385
NEW-DEV-X1,2026-03-03T09:00:00,12.358956,-1.520902
LR-ASC-003,2026-03-03T09:00:00,12.362491,-1.513097
LR-DEV-001,2026-03-03T09:00:00,12.35898,-1.520875
NEW-DEV-X3,2026-03-03T09:00:00,12.358978,-1.520926
ST-ASC-003,2026-03-03T09:00:00,12.361831,-1.514451
ST-ASC-003,2026-03-03T09:05:00,12.3625,-1.513116
LR-ASC-003,2026-03-03T09:05:00,12.362485,-1.51308
NEW-DEV-X3,2026-03-03T09:05:00,12.359003,-1.520899
NEW-DEV-X1,2026-03-03T09:05:00,12.359026,-1.520883
LR-DEV-001,2026-03-03T09:10:00,12.358998,-1.5209
ST-ASC-003,2026-03-03T09:10:00,12.362497,-1.513113
NEW-DEV-X3,2026-03-03T09:10:00,12.359003,-1.520896
LR-ASC-003,2026-03-03T09:10:00,12.3625,-1.5131
ST-DEV-001,2026-03-03T09:10:00,12.36399,-1.515402
NEW-DEV-X1,2026-03-03T09:10:00,12.359017,-1.520878
ST-ASC-003,2026-03-03T09:15:00,12.362488,-1.513103
NEW-DEV-X3,2026-03-03T09:15:00,12.358996,-1.520873
NEW-DEV-X1,2026-03-03T09:15:00,12.359002,-1.520896
LR-ASC-003,2026-03-03T09:15:00,12.362494,-1.513097
LR-DEV-001,2026-03-03T09:20:00,12.359013,-1.520896
NEW-DEV-X1,2026-03-03T09:20:00,12.358989,-1.520906
ST-ASC-003,2026-03-03T09:20:00,12.362486,-1.513106
ST-DEV-001,2026-03-03T09:20:00,12.364006,-1.515397
NEW-DEV-X3,2026-03-03T09:20:00,12.358971,-1.520915
LR-ASC-003,2026-03-03T09:20:00,12.362515,-1.513116
NEW-DEV-X1,2026-03-03T09:25:00,12.359011,-1.520878
NEW-DEV-X3,2026-03-03T09:25:00,12.358998,-1.52093
LR-ASC-003,2026-03-03T09:25:00,12.362488,-1.513105
ST-ASC-003,2026-03-03T09:25:00,12.362466,-1.513096
ST-ASC-003,2026-03-03T09:30:00,12.3625,-1.513115
LR-ASC-003,2026-03-03T09:30:00,12.362476,-1.513115
ST-DEV-001,2026-03-03T09:30:00,12.364013,-1.515408
LR-DEV-001,2026-03-03T09:30:00,12.359017,-1.520895
NEW-DEV-X3,2026-03-03T09:30:00,12.358997,-1.52087
NEW-DEV-X1,2026-03-03T09:30:00,12.358997,-1.520908
ST-ASC-003,2026-03-03T09:35:00,12.362512,-1.513083
NEW-DEV-X3,2026-03-03T09:35:00,12.359,-1.520896
LR-ASC-003,2026-03-03T09:35:00,12.362491,-1.513084
NEW-DEV-X1,2026-03-03T09:35:00,12.359,-1.520889
ST-DEV-001,2026-03-03T09:40:00,12.364009,-1.515405
LR-DEV-001,2026-03-03T09:40:00,12.358989,-1.520893
NEW-DEV-X3,2026-03-03T09:40:00,12.358977,-1.520911
LR-ASC-003,2026-03-03T09:40:00,12.362505,-1.513097
ST-ASC-003,2026-03-03T09:40:00,12.362471,-1.513114
NEW-DEV-X1,2026-03-03T09:40:00,12.358974,-1.520941
NEW-DEV-X1,2026-03-03T09:45:00,12.35899,-1.520922
LR-ASC-003,2026-03-03T09:45:00,12.362515,-1.513102
NEW-DEV-X3,2026-03-03T09:45:00,12.358993,-1.520906
ST-ASC-003,2026-03-03T09:45:00,12.362486,-1.513117
ST-DEV-001,2026-03-03T09:50:00,12.364013,-1.515389
LR-ASC-003,2026-03-03T09:50:00,12.362507,-1.513102
NEW-DEV-X3,2026-03-03T09:50:00,12.359023,-1.52089
LR-DEV-001,2026-03-03T09:50:00,12.358979,-1.520898
ST-ASC-003,2026-03-03T09:50:00,12.362515,-1.513103
NEW-DEV-X1,2026-03-03T09:50:00,12.358991,-1.520903
NEW-DEV-X1,2026-03-03T09:55:00,12.358992,-1.520874
LR-ASC-003,2026-03-03T09:55:00,12.362505,-1.51311
NEW-DEV-X3,2026-03-03T09:55:00,12.35898,-1.520896
ST-ASC-003,2026-03-03T09:55:00,12.362495,-1.513136
ST-DEV-001,2026-03-03T10:00:00,12.363983,-1.51538
LR-ASC-003,2026-03-03T10:00:00,12.362524,-1.513075
NEW-DEV-X3,2026-03-03T10:00:00,12.359009,-1.520879
LR-DEV-001,2026-03-03T10:00:00,12.358999,-1.520904
NEW-DEV-X1,2026-03-03T10:00:00,12.359006,-1.520895
LR-ASC-003,2026-03-03T10:05:00,12.36249,-1.513104
NEW-DEV-X3,2026-03-03T10:05:00,12.359028,-1.520918
NEW-DEV-X1,2026-03-03T10:05:00,12.359011,-1.52092
LR-DEV-001,2026-03-03T10:10:00,12.358998,-1.520934
LR-ASC-003,2026-03-03T10:10:00,12.36247,-1.513115
ST-DEV-001,2026-03-03T10:10:00,12.36399,-1.515385
NEW-DEV-X1,2026-03-03T10:10:00,12.359019,-1.520901
NEW-DEV-X3,2026-03-03T10:10:00,12.358985,-1.520923
LR-ASC-003,2026-03-03T10:15:00,12.362517,-1.513071
NEW-DEV-X1,2026-03-03T10:15:00,12.359012,-1.520919
NEW-DEV-X3,2026-03-03T10:15:00,12.358996,-1.520892
NEW-DEV-X3,2026-03-03T10:20:00,12.359018,-1.520901
NEW-DEV-X1,2026-03-03T10:20:00,12.358972,-1.520885
ST-DEV-001,2026-03-03T10:20:00,12.364007,-1.515367
LR-DEV-001,2026-03-03T10:20:00,12.35899,-1.520898
LR-ASC-003,2026-03-03T10:20:00,12.362478,-1.513111
NEW-DEV-X1,2026-03-03T10:25:00,12.359007,-1.520916
NEW-DEV-X3,2026-03-03T10:25:00,12.358994,-1.520897
LR-ASC-003,2026-03-03T10:25:00,12.3625,-1.513095
ST-DEV-001,2026-03-03T10:30:00,12.363996,-1.515406
NEW-DEV-X1,2026-03-03T10:30:00,12.358984,-1.52088
NEW-DEV-X3,2026-03-03T10:30:00,12.358985,-1.520862
LR-DEV-001,2026-03-03T10:30:00,12.359003,-1.520918
LR-ASC-003,2026-03-03T10:30:00,12.362485,-1.513092
NEW-DEV-X3,2026-03-03T10:35:00,12.358971,-1.520897
LR-ASC-003,2026-03-03T10:35:00,12.362491,-1.5131
NEW-DEV-X1,2026-03-03T10:35:00,12.358979,-1.52087
NEW-DEV-X1,2026-03-03T10:40:00,12.358984,-1.520889
ST-DEV-001,2026-03-03T10:40:00,12.364,-1.515405
LR-DEV-001,2026-03-03T10:40:00,12.359023,-1.520916
LR-ASC-003,2026-03-03T10:40:00,12.36251,-1.5131
NEW-DEV-X3,2026-03-03T10:40:00,12.359036,-1.5209
NEW-DEV-X3,2026-03-03T10:45:00,12.358997,-1.520906
LR-ASC-003,2026-03-03T10:45:00,12.362492,-1.513102
NEW-DEV-X1,2026-03-03T10:45:00,12.358994,-1.520889
NEW-DEV-X1,2026-03-03T10:50:00,12.35899,-1.520903
NEW-DEV-X3,2026-03-03T10:50:00,12.358997,-1.520875
ST-DEV-001,2026-03-03T10:50:00,12.364014,-1.515429
LR-ASC-003,2026-03-03T10:50:00,12.362498,-1.513107
LR-DEV-001,2026-03-03T10:50:00,12.359017,-1.520892
NEW-DEV-X1,2026-03-03T10:55:00,12.359001,-1.520918
LR-ASC-003,2026-03-03T10:55:00,12.362495,-1.513071
NEW-DEV-X3,2026-03-03T10:55:00,12.35896,-1.520872
NEW-DEV-X3,2026-03-03T11:00:00,12.358974,-1.520905
LR-ASC-003,2026-03-03T11:00:00,12.36251,-1.513105
NEW-DEV-X1,2026-03-03T11:00:00,12.359013,-1.520909
ST-DEV-001,2026-03-03T11:00:00,12.363981,-1.515419
LR-ASC-003,2026-03-03T11:05:00,12.362513,-1.513106
NEW-DEV-X3,2026-03-03T11:05:00,12.358992,-1.520889
NEW-DEV-X1,2026-03-03T11:05:00,12.358996,-1.520918
NEW-DEV-X1,2026-03-03T11:10:00,12.358954,-1.520903
LR-ASC-003,2026-03-03T11:10:00,12.362521,-1.513093
NEW-DEV-X3,2026-03-03T11:10:00,12.358971,-1.520892
ST-DEV-001,2026-03-03T11:10:00,12.364017,-1.515369
LR-ASC-003,2026-03-03T11:15:00,12.362498,-1.513092
NEW-DEV-X1,2026-03-03T11:15:00,12.359043,-1.520886
NEW-DEV-X3,2026-03-03T11:15:00,12.359036,-1.520925
NEW-DEV-X3,2026-03-03T11:20:00,12.359003,-1.520912
ST-DEV-001,2026-03-03T11:20:00,12.363998,-1.515403
LR-ASC-003,2026-03-03T11:20:00,12.362472,-1.51312
NEW-DEV-X1,2026-03-03T11:20:00,12.359,-1.520905
NEW-DEV-X1,2026-03-03T11:25:00,12.359,-1.52089
NEW-DEV-X3,2026-03-03T11:25:00,12.359008,-1.5209
LR-ASC-003,2026-03-03T11:25:00,12.362479,-1.513097
NEW-DEV-X1,2026-03-03T11:30:00,12.358979,-1.52088
NEW-DEV-X3,2026-03-03T11:30:00,12.358988,-1.520891
LR-ASC-003,2026-03-03T11:30:00,12.362531,-1.51306
LR-ASC-003,2026-03-03T11:35:00,12.362511,-1.513091
NEW-DEV-X1,2026-03-03T11:35:00,12.359013,-1.520887
NEW-DEV-X3,2026-03-03T11:35:00,12.359032,-1.520903
NEW-DEV-X3,2026-03-03T11:40:00,12.359013,-1.520923
LR-ASC-003,2026-03-03T11:40:00,12.362468,-1.51311
NEW-DEV-X1,2026-03-03T11:40:00,12.359008,-1.5209
NEW-DEV-X3,2026-03-03T11:45:00,12.358983,-1.520891
LR-ASC-003,2026-03-03T11:45:00,12.362486,-1.513111
NEW-DEV-X1,2026-03-03T11:45:00,12.359012,-1.520889
NEW-DEV-X3,2026-03-03T11:50:00,12.359027,-1.520894
LR-ASC-003,2026-03-03T11:50:00,12.362497,-1.513108
NEW-DEV-X1,2026-03-03T11:50:00,12.358994,-1.52091
LR-ASC-003,2026-03-03T11:55:00,12.362464,-1.513087
NEW-DEV-X1,2026-03-03T11:55:00,12.359002,-1.520872
NEW-DEV-X3,2026-03-03T11:55:00,12.358994,-1.5209
veh-stage-1,2026-03-03T12:00:00,12.362516,-1.51309
veh-stage-0,2026-03-03T12:00:00,12.362494,-1.513068
veh-stage-3,2026-03-03T12:00:00,12.362506,-1.513101
LR-ASC-003,2026-03-03T12:00:00,12.362481,-1.513096
veh-stage-2,2026-03-03T12:00:00,12.362468,-1.513093
LR-ASC-003,2026-03-03T12:05:00,12.362537,-1.513117
veh-stage-3,2026-03-03T12:10:00,12.362501,-1.513114
veh-stage-1,2026-03-03T12:10:00,12.362509,-1.513099
veh-stage-0,2026-03-03T12:10:00,12.362504,-1.513091
veh-stage-2,2026-03-03T12:10:00,12.362481,-1.513124
LR-ASC-003,2026-03-03T12:10:00,12.362454,-1.513105
LR-ASC-003,2026-03-03T12:15:00,12.36252,-1.513065
veh-stage-0,2026-03-03T12:20:00,12.362512,-1.513092
veh-stage-1,2026-03-03T12:20:00,12.3625,-1.513112
veh-stage-3,2026-03-03T12:20:00,12.362496,-1.513117
veh-stage-2,2026-03-03T12:20:00,12.362473,-1.51308
LR-ASC-003,2026-03-03T12:20:00,12.362478,-1.513091
LR-ASC-003,2026-03-03T12:25:00,12.362492,-1.513102
veh-stage-0,2026-03-03T12:30:00,12.362515,-1.513111
veh-stage-1,2026-03-03T12:30:00,12.362513,-1.513092
veh-stage-3,2026-03-03T12:30:00,12.362516,-1.513081
veh-stage-2,2026-03-03T12:30:00,12.362489,-1.513072
LR-ASC-003,2026-03-03T12:30:00,12.362548,-1.513127
LR-ASC-003,2026-03-03T12:35:00,12.362505,-1.513092
veh-stage-3,2026-03-03T12:40:00,12.362467,-1.513117
veh-stage-0,2026-03-03T12:40:00,12.36249,-1.51312
veh-stage-2,2026-03-03T12:40:00,12.36249,-1.513131
LR-ASC-003,2026-03-03T12:40:00,12.36252,-1.513098
veh-stage-1,2026-03-03T12:40:00,12.362509,-1.513109
LR-ASC-003,2026-03-03T12:45:00,12.362506,-1.513107
veh-stage-2,2026-03-03T12:50:00,12.36248,-1.513078
veh-stage-0,2026-03-03T12:50:00,12.362508,-1.513086
LR-ASC-003,2026-03-03T12:50:00,12.362505,-1.513106
veh-stage-3,2026-03-03T12:50:00,12.362473,-1.513112
veh-stage-1,2026-03-03T12:50:00,12.362461,-1.51308
LR-ASC-003,2026-03-03T12:55:00,12.362511,-1.513107
veh-stage-3,2026-03-03T13:00:00,12.362498,-1.513126
veh-stage-2,2026-03-03T13:00:00,12.362497,-1.51311
LR-ASC-003,2026-03-03T13:00:00,12.362507,-1.513101
veh-stage-1,2026-03-03T13:00:00,12.362491,-1.513116
veh-stage-0,2026-03-03T13:00:00,12.362508,-1.51307
LR-ASC-003,2026-03-03T13:05:00,12.36252,-1.513101
veh-stage-2,2026-03-03T13:10:00,12.362503,-1.513091
LR-ASC-003,2026-03-03T13:10:00,12.362468,-1.513077
veh-stage-0,2026-03-03T13:10:00,12.3625,-1.513088
veh-stage-1,2026-03-03T13:10:00,12.362512,-1.513107
veh-stage-3,2026-03-03T13:10:00,12.362483,-1.513118
LR-ASC-003,2026-03-03T13:15:00,12.362484,-1.513112
veh-stage-1,2026-03-03T13:20:00,12.362519,-1.513089
LR-ASC-003,2026-03-03T13:20:00,12.362489,-1.513075
veh-stage-0,2026-03-03T13:20:00,12.36248,-1.513107
veh-stage-2,2026-03-03T13:20:00,12.36252,-1.513074
veh-stage-3,2026-03-03T13:20:00,12.362504,-1.513099
LR-ASC-003,2026-03-03T13:25:00,12.362462,-1.513044
veh-stage-3,2026-03-03T13:30:00,12.362487,-1.513097
veh-stage-2,2026-03-03T13:30:00,12.362494,-1.513124
veh-stage-1,2026-03-03T13:30:00,12.362512,-1.513125
LR-ASC-003,2026-03-03T13:30:00,12.362519,-1.513096
veh-stage-0,2026-03-03T13:30:00,12.362513,-1.513085
LR-ASC-003,2026-03-03T13:35:00,12.362499,-1.513095
veh-stage-3,2026-03-03T13:40:00,12.36249,-1.513105
veh-stage-2,2026-03-03T13:40:00,12.362493,-1.513095
LR-ASC-003,2026-03-03T13:40:00,12.362509,-1.513088
veh-stage-1,2026-03-03T13:40:00,12.362522,-1.513095
veh-stage-0,2026-03-03T13:40:00,12.362495,-1.513101
LR-ASC-003,2026-03-03T13:45:00,12.36251,-1.513098
veh-stage-0,2026-03-03T13:50:00,12.362473,-1.513106
LR-ASC-003,2026-03-03T13:50:00,12.362496,-1.513103
veh-stage-3,2026-03-03T13:50:00,12.36253,-1.513076
veh-stage-1,2026-03-03T13:50:00,12.362493,-1.513097
veh-stage-2,2026-03-03T13:50:00,12.362483,-1.513117
LR-ASC-003,2026-03-03T13:55:00,12.362496,-1.51308
ST-DEV-001,2026-03-03T18:15:00,12.361831,-1.514451
ST-DEV-001,2026-03-03T19:00:00,12.359701,-1.516379
ST-DEV-001,2026-03-03T19:15:00,12.359683,-1.516396
ST-DEV-001,2026-03-03T19:30:00,12.359718,-1.516391
ST-DEV-001,2026-03-03T19:45:00,12.359703,-1.516382
ST-DEV-001,2026-03-03T20:00:00,12.359651,-1.516388
ST-DEV-001,2026-03-03T20:15:00,12.359688,-1.516433
ST-DEV-001,2026-03-03T20:30:00,12.359709,-1.516375
ST-DEV-001,2026-03-03T20:45:00,12.359698,-1.516383
ST-DEV-001,2026-03-03T21:00:00,12.359729,-1.516376
ST-DEV-001,2026-03-03T21:15:00,12.35973,-1.516387
ST-DEV-001,2026-03-03T21:30:00,12.359701,-1.516429
ST-DEV-001,2026-03-03T21:45:00,12.359696,-1.516415
LR-ASC-003,2026-03-04T05:00:00,12.364466,-1.521212
LR-ASC-003,2026-03-04T06:00:00,12.362506,-1.513128
ST-DEV-001,2026-03-04T06:00:00,12.359659,-1.516476
LR-DEV-001,2026-03-04T06:00:00,12.358953,-1.5209
LR-ASC-003,2026-03-04T06:05:00,12.362502,-1.513105
LR-ASC-003,2026-03-04T06:10:00,12.362512,-1.513105
LR-DEV-001,2026-03-04T06:10:00,12.359006,-1.520883
ST-DEV-001,2026-03-04T06:10:00,12.359688,-1.516385
LR-ASC-003,2026-03-04T06:15:00,12.362494,-1.513087
ST-DEV-001,2026-03-04T06:20:00,12.359732,-1.516413
LR-DEV-001,2026-03-04T06:20:00,12.358982,-1.520898
LR-ASC-003,2026-03-04T06:20:00,12.362506,-1.513094
LR-ASC-003,2026-03-04T06:25:00,12.362508,-1.513128
LR-ASC-003,2026-03-04T06:30:00,12.362514,-1.513089
ST-DEV-001,2026-03-04T06:30:00,12.359689,-1.516369
LR-DEV-001,2026-03-04T06:30:00,12.358983,-1.520895
LR-ASC-003,2026-03-04T06:35:00,12.362482,-1.513104
LR-ASC-003,2026-03-04T06:40:00,12.362499,-1.513102
LR-DEV-001,2026-03-04T06:40:00,12.358984,-1.520907
ST-DEV-001,2026-03-04T06:40:00,12.35965,-1.51641
LR-ASC-003,2026-03-04T06:45:00,12.362506,-1.513074
LR-DEV-001,2026-03-04T06:50:00,12.358982,-1.520888
ST-DEV-001,2026-03-04T06:50:00,12.359705,-1.516388
LR-ASC-003,2026-03-04T06:50:00,12.362519,-1.513124
LR-ASC-003,2026-03-04T06:55:00,12.362511,-1.513076
ST-DEV-001,2026-03-04T07:00:00,12.359413,-1.51634
ST-DEV-001,2026-03-04T07:00:00,12.359686,-1.516399
ST-ASC-003,2026-03-04T07:00:00,12.359413,-1.51634
LR-ASC-003,2026-03-04T07:00:00,12.361831,-1.514451
LR-DEV-001,2026-03-04T07:00:00,12.359015,-1.520904
ST-DEV-001,2026-03-04T07:10:00,12.359633,-1.516418
LR-DEV-001,2026-03-04T07:10:00,12.359001,-1.520926
ST-DEV-001,2026-03-04T07:20:00,12.359712,-1.516427
LR-DEV-001,2026-03-04T07:20:00,12.358995,-1.520901
LR-DEV-001,2026-03-04T07:30:00,12.359047,-1.52092
ST-DEV-001,2026-03-04T07:30:00,12.359702,-1.516388
LR-DEV-001,2026-03-04T07:40:00,12.359026,-1.520882
ST-DEV-001,2026-03-04T07:40:00,12.359691,-1.516395
LR-DEV-001,2026-03-04T07:50:00,12.359005,-1.520868
ST-DEV-001,2026-03-04T07:50:00,12.359674,-1.516406
civ-bf1bf079-dbe2-4b80-9863-61ba0331f41f,2026-03-04T07:51:00,12.363014,-1.522576
civ-817b1ac2-8b62-4963-9676-fdfe05160ec2,2026-03-04T07:52:00,12.362814,-1.522493
civ-6cef502b-9aa9-492d-9076-f4fe51c3d513,2026-03-04T07:54:00,12.362798,-1.522283
civ-d91719a4-535b-4455-af7a-04938597798e,2026-03-04T07:56:00,12.363828,-1.515477
civ-611fe07a-a2f0-442f-9fc5-a72c5ee34037,2026-03-04T07:56:00,12.364082,-1.51539
civ-39928994-47f1-47b0-b156-d57f97cb60d5,2026-03-04T07:57:00,12.362892,-1.522381
civ-6bacced4-8959-468d-8041-f082312ed83e,2026-03-04T07:57:00,12.36403,-1.515414
civ-88501974-47f7-4216-97e8-ca2826aea818,2026-03-04T07:57:00,12.364136,-1.515346
civ-4ee5f652-6dec-4a3e-9da8-5028cc7be1d1,2026-03-04T07:57:00,12.362889,-1.522492
civ-fc9771b7-c1ef-4ca0-b8a3-720ac96c75fe,2026-03-04T07:59:00,12.362932,-1.522551
LR-DEV-001,2026-03-04T08:00:00,12.359007,-1.520893
LR-ASC-003,2026-03-04T08:00:00,12.362504,-1.51312
ST-ASC-003,2026-03-04T08:00:00,12.36251,-1.513117
ST-DEV-001,2026-03-04T08:00:00,12.363977,-1.515385
ST-ASC-003,2026-03-04T08:00:00,12.36251,-1.513132
ST-DEV-001,2026-03-04T08:00:00,12.359716,-1.516396
civ-e5251cef-2ef8-4f32-8c86-222cadbbdd62,2026-03-04T08:00:00,12.362847,-1.522407
civ-cdb53c5f-9a7a-48fb-8815-1b5e444c506b,2026-03-04T08:00:00,12.362923,-1.522612
civ-bc1e3457-fde8-443c-9c92-d09856ab0271,2026-03-04T08:02:00,12.364097,-1.515442
civ-0772b70c-5227-404f-abb9-6f4bf823ce9a,2026-03-04T08:03:00,12.36405,-1.51552
civ-7547f95b-ca80-463d-81af-64baaecebbbf,2026-03-04T08:03:00,12.362863,-1.52233
ST-ASC-003,2026-03-04T08:05:00,12.362494,-1.513095
civ-39928994-47f1-47b0-b156-d57f97cb60d5,2026-03-04T08:05:00,12.363884,-1.515526
ST-ASC-003,2026-03-04T08:05:00,12.362492,-1.513105
civ-1493bb27-c9aa-4752-bb59-eebcef0baefb,2026-03-04T08:05:00,12.362728,-1.522506
civ-bf1bf079-dbe2-4b80-9863-61ba0331f41f,2026-03-04T08:05:00,12.364049,-1.515382
LR-ASC-003,2026-03-04T08:05:00,12.362489,-1.513115
LR-ASC-003,2026-03-04T08:10:00,12.362489,-1.51311
ST-ASC-003,2026-03-04T08:10:00,12.362518,-1.513083
LR-DEV-001,2026-03-04T08:10:00,12.358999,-1.520878
ST-DEV-001,2026-03-04T08:10:00,12.359684,-1.516394
ST-DEV-001,2026-03-04T08:10:00,12.364015,-1.515421
ST-ASC-003,2026-03-04T08:10:00,12.362503,-1.513052
civ-a468a114-5d61-4d4c-ae4e-95320b02f785,2026-03-04T08:11:00,12.36411,-1.515423
civ-b55cc047-f0fb-4020-abd8-8445961805c3,2026-03-04T08:11:00,12.363877,-1.515221
civ-99965e45-072a-4918-b9b1-21e5c468122b,2026-03-04T08:12:00,12.362924,-1.522385
civ-f752f7b2-d4eb-47df-a259-72cae2081fed,2026-03-04T08:14:00,12.364044,-1.515539
civ-99965e45-072a-4918-b9b1-21e5c468122b,2026-03-04T08:14:00,12.364066,-1.515374
civ-6110ef6a-22a3-44c0-91e3-46b0a21ed53d,2026-03-04T08:14:00,12.364006,-1.515419
LR-ASC-003,2026-03-04T08:15:00,12.36249,-1.513085
ST-ASC-003,2026-03-04T08:15:00,12.362506,-1.513118
civ-fc9771b7-c1ef-4ca0-b8a3-720ac96c75fe,2026-03-04T08:15:00,12.363836,-1.515376
civ-b5361b11-82a9-4927-a9e5-a18eae93320e,2026-03-04T08:15:00,12.363851,-1.515486
ST-ASC-003,2026-03-04T08:15:00,12.362478,-1.513099
ST-ASC-003,2026-03-04T08:20:00,12.362498,-1.513132
LR-ASC-003,2026-03-04T08:20:00,12.36248,-1.513096
ST-DEV-001,2026-03-04T08:20:00,12.359719,-1.516455
ST-ASC-003,2026-03-04T08:20:00,12.362487,-1.513123
LR-DEV-001,2026-03-04T08:20:00,12.35902,-1.520911
ST-DEV-001,2026-03-04T08:20:00,12.364015,-1.515372
ST-ASC-003,2026-03-04T08:25:00,12.362499,-1.513115
LR-ASC-003,2026-03-04T08:25:00,12.362522,-1.513109
ST-ASC-003,2026-03-04T08:25:00,12.362496,-1.513106
ST-ASC-003,2026-03-04T08:30:00,12.362516,-1.51311
LR-ASC-003,2026-03-04T08:30:00,12.362487,-1.513104
ST-ASC-003,2026-03-04T08:30:00,12.362544,-1.513092
ST-DEV-001,2026-03-04T08:30:00,12.359731,-1.516409
LR-DEV-001,2026-03-04T08:30:00,12.358976,-1.520904
ST-DEV-001,2026-03-04T08:30:00,12.36398,-1.515417
ST-ASC-003,2026-03-04T08:35:00,12.362498,-1.513111
ST-ASC-003,2026-03-04T08:35:00,12.362475,-1.51311
LR-ASC-003,2026-03-04T08:35:00,12.362521,-1.513097
ST-ASC-003,2026-03-04T08:40:00,12.362531,-1.513106
ST-DEV-001,2026-03-04T08:40:00,12.364018,-1.515395
LR-ASC-003,2026-03-04T08:40:00,12.36249,-1.513091
ST-DEV-001,2026-03-04T08:40:00,12.359711,-1.516368
ST-ASC-003,2026-03-04T08:40:00,12.362518,-1.513062
LR-DEV-001,2026-03-04T08:40:00,12.358986,-1.520901
ST-ASC-003,2026-03-04T08:45:00,12.362533,-1.513085
ST-ASC-003,2026-03-04T08:45:00,12.362471,-1.513134
LR-ASC-003,2026-03-04T08:45:00,12.36248,-1.513088
ST-DEV-001,2026-03-04T08:50:00,12.359663,-1.516419
ST-ASC-003,2026-03-04T08:50:00,12.362509,-1.513093
ST-ASC-003,2026-03-04T08:50:00,12.362534,-1.513093
ST-DEV-001,2026-03-04T08:50:00,12.36401,-1.515394
LR-ASC-003,2026-03-04T08:50:00,12.362507,-1.513106
LR-DEV-001,2026-03-04T08:50:00,12.359022,-1.520908
ST-ASC-003,2026-03-04T08:55:00,12.362507,-1.513135
ST-ASC-003,2026-03-04T08:55:00,12.362484,-1.51309
LR-ASC-003,2026-03-04T08:55:00,12.362485,-1.513116
LR-ASC-003,2026-03-04T09:00:00,12.36251,-1.513078
ST-DEV-001,2026-03-04T09:00:00,12.364007,-1.515424
LR-DEV-001,2026-03-04T09:00:00,12.358999,-1.520899
ST-ASC-003,2026-03-04T09:00:00,12.361831,-1.514451
LR-ASC-003,2026-03-04T09:00:00,12.364466,-1.521212
ST-ASC-003,2026-03-04T09:00:00,12.362495,-1.513085
NEW-DEV-X2,2026-03-04T09:00:00,12.359014,-1.520896
LR-ASC-003,2026-03-04T09:05:00,12.362489,-1.513092
NEW-DEV-X2,2026-03-04T09:05:00,12.359009,-1.520829
ST-ASC-003,2026-03-04T09:05:00,12.362499,-1.513125
LR-DEV-001,2026-03-04T09:10:00,12.359015,-1.52094
ST-DEV-001,2026-03-04T09:10:00,12.364019,-1.515379
NEW-DEV-X2,2026-03-04T09:10:00,12.358962,-1.520869
LR-ASC-003,2026-03-04T09:10:00,12.362462,-1.513111
ST-ASC-003,2026-03-04T09:10:00,12.362499,-1.513069
ST-ASC-003,2026-03-04T09:15:00,12.362522,-1.513101
LR-ASC-003,2026-03-04T09:15:00,12.362499,-1.513116
NEW-DEV-X2,2026-03-04T09:15:00,12.358995,-1.520895
NEW-DEV-X2,2026-03-04T09:20:00,12.358999,-1.520908
ST-DEV-001,2026-03-04T09:20:00,12.363996,-1.515401
LR-DEV-001,2026-03-04T09:20:00,12.358989,-1.520896
LR-ASC-003,2026-03-04T09:20:00,12.362483,-1.513112
ST-ASC-003,2026-03-04T09:20:00,12.362517,-1.513107
NEW-DEV-X2,2026-03-04T09:25:00,12.35899,-1.520894
LR-ASC-003,2026-03-04T09:25:00,12.362505,-1.513103
ST-ASC-003,2026-03-04T09:25:00,12.362469,-1.513117
LR-DEV-001,2026-03-04T09:30:00,12.359022,-1.520909
ST-ASC-003,2026-03-04T09:30:00,12.362528,-1.513105
NEW-DEV-X2,2026-03-04T09:30:00,12.358973,-1.520886
LR-ASC-003,2026-03-04T09:30:00,12.36246,-1.513138
ST-DEV-001,2026-03-04T09:30:00,12.363972,-1.515391
ST-ASC-003,2026-03-04T09:35:00,12.362496,-1.513105
LR-ASC-003,2026-03-04T09:35:00,12.362489,-1.513092
NEW-DEV-X2,2026-03-04T09:35:00,12.358993,-1.52092
ST-DEV-001,2026-03-04T09:40:00,12.36401,-1.515401
ST-ASC-003,2026-03-04T09:40:00,12.362534,-1.513071
LR-DEV-001,2026-03-04T09:40:00,12.358966,-1.520889
NEW-DEV-X2,2026-03-04T09:40:00,12.358992,-1.520877
LR-ASC-003,2026-03-04T09:40:00,12.362451,-1.513109
NEW-DEV-X2,2026-03-04T09:45:00,12.35899,-1.520894
ST-ASC-003,2026-03-04T09:45:00,12.36254,-1.513103
LR-ASC-003,2026-03-04T09:45:00,12.362491,-1.513075
ST-DEV-001,2026-03-04T09:50:00,12.36402,-1.515406
NEW-DEV-X2,2026-03-04T09:50:00,12.358987,-1.520886
ST-ASC-003,2026-03-04T09:50:00,12.362505,-1.513127
LR-ASC-003,2026-03-04T09:50:00,12.362493,-1.513093
LR-DEV-001,2026-03-04T09:50:00,12.358989,-1.520921
NEW-DEV-X2,2026-03-04T09:55:00,12.359012,-1.520867
LR-ASC-003,2026-03-04T09:55:00,12.362503,-1.513138
ST-ASC-003,2026-03-04T09:55:00,12.362527,-1.513121
LR-ASC-003,2026-03-04T10:00:00,12.362507,-1.51308
ST-DEV-001,2026-03-04T10:00:00,12.36401,-1.515418
LR-DEV-001,2026-03-04T10:00:00,12.358989,-1.520903
NEW-DEV-X2,2026-03-04T10:00:00,12.358997,-1.520888
NEW-DEV-X2,2026-03-04T10:05:00,12.359002,-1.520877
LR-ASC-003,2026-03-04T10:05:00,12.362536,-1.513082
LR-DEV-001,2026-03-04T10:10:00,12.358989,-1.52094
LR-ASC-003,2026-03-04T10:10:00,12.362504,-1.513081
ST-DEV-001,2026-03-04T10:10:00,12.364,-1.515403
NEW-DEV-X2,2026-03-04T10:10:00,12.358987,-1.520887
NEW-DEV-X2,2026-03-04T10:15:00,12.358996,-1.520901
LR-ASC-003,2026-03-04T10:15:00,12.362503,-1.5131
ST-DEV-001,2026-03-04T10:20:00,12.364004,-1.515407
LR-ASC-003,2026-03-04T10:20:00,12.362494,-1.513072
NEW-DEV-X2,2026-03-04T10:20:00,12.359002,-1.520895
LR-DEV-001,2026-03-04T10:20:00,12.359016,-1.520877
LR-ASC-003,2026-03-04T10:25:00,12.362485,-1.513072
NEW-DEV-X2,2026-03-04T10:25:00,12.358998,-1.520896
NEW-DEV-X2,2026-03-04T10:30:00,12.359028,-1.520882
LR-ASC-003,2026-03-04T10:30:00,12.362509,-1.513125
LR-DEV-001,2026-03-04T10:30:00,12.359012,-1.52092
ST-DEV-001,2026-03-04T10:30:00,12.363998,-1.515385
NEW-DEV-X2,2026-03-04T10:35:00,12.359016,-1.520908
LR-ASC-003,2026-03-04T10:35:00,12.362507,-1.513138
LR-DEV-001,2026-03-04T10:40:00,12.358996,-1.5209
ST-DEV-001,2026-03-04T10:40:00,12.363992,-1.515429
NEW-DEV-X2,2026-03-04T10:40:00,12.358984,-1.520883
LR-ASC-003,2026-03-04T10:40:00,12.362511,-1.513084
NEW-DEV-X2,2026-03-04T10:45:00,12.359016,-1.520873
LR-ASC-003,2026-03-04T10:45:00,12.362489,-1.513098
NEW-DEV-X2,2026-03-04T10:50:00,12.358989,-1.520904
LR-DEV-001,2026-03-04T10:50:00,12.359011,-1.520888
LR-ASC-003,2026-03-04T10:50:00,12.362535,-1.513109
ST-DEV-001,2026-03-04T10:50:00,12.364031,-1.515375
LR-ASC-003,2026-03-04T10:55:00,12.362481,-1.513073
NEW-DEV-X2,2026-03-04T10:55:00,12.35897,-1.520907
ST-DEV-001,2026-03-04T11:00:00,12.363977,-1.515388
LR-ASC-003,2026-03-04T11:00:00,12.362535,-1.5131
NEW-DEV-X2,2026-03-04T11:00:00,12.359018,-1.520908
LR-ASC-003,2026-03-04T11:05:00,12.362518,-1.513076
NEW-DEV-X2,2026-03-04T11:05:00,12.359012,-1.520903
NEW-DEV-X2,2026-03-04T11:10:00,12.359006,-1.520921
LR-ASC-003,2026-03-04T11:10:00,12.362487,-1.513109
ST-DEV-001,2026-03-04T11:10:00,12.363991,-1.515395
NEW-DEV-X2,2026-03-04T11:15:00,12.359002,-1.520954
LR-ASC-003,2026-03-04T11:15:00,12.362522,-1.51307
NEW-DEV-X2,2026-03-04T11:20:00,12.358997,-1.520929
ST-DEV-001,2026-03-04T11:20:00,12.364005,-1.515404
LR-ASC-003,2026-03-04T11:20:00,12.36251,-1.513116
NEW-DEV-X2,2026-03-04T11:25:00,12.359022,-1.520886
LR-ASC-003,2026-03-04T11:25:00,12.362536,-1.51311
NEW-DEV-X2,2026-03-04T11:30:00,12.359008,-1.520873
LR-ASC-003,2026-03-04T11:30:00,12.362494,-1.513094
NEW-DEV-X2,2026-03-04T11:35:00,12.358983,-1.520869
LR-ASC-003,2026-03-04T11:35:00,12.362528,-1.513085
NEW-DEV-X2,2026-03-04T11:40:00,12.359017,-1.520904
LR-ASC-003,2026-03-04T11:40:00,12.362507,-1.513092
LR-ASC-003,2026-03-04T11:45:00,12.362501,-1.51309
NEW-DEV-X2,2026-03-04T11:45:00,12.35902,-1.52092
LR-ASC-003,2026-03-04T11:50:00,12.362454,-1.513105
NEW-DEV-X2,2026-03-04T11:50:00,12.358985,-1.520911
NEW-DEV-X2,2026-03-04T11:55:00,12.35899,-1.520919
LR-ASC-003,2026-03-04T11:55:00,12.362504,-1.513121
veh-stage-2,2026-03-04T12:00:00,12.362498,-1.513116
veh-stage-1,2026-03-04T12:00:00,12.362497,-1.513087
veh-stage-3,2026-03-04T12:00:00,12.362476,-1.513086
veh-stage-0,2026-03-04T12:00:00,12.362487,-1.513085
LR-ASC-003,2026-03-04T12:00:00,12.362507,-1.513104
LR-ASC-003,2026-03-04T12:05:00,12.362532,-1.513072
veh-stage-0,2026-03-04T12:10:00,12.36253,-1.513081
veh-stage-2,2026-03-04T12:10:00,12.362515,-1.513107
LR-ASC-003,2026-03-04T12:10:00,12.362492,-1.513103
veh-stage-3,2026-03-04T12:10:00,12.362482,-1.513114
veh-stage-1,2026-03-04T12:10:00,12.362466,-1.513076
LR-ASC-003,2026-03-04T12:15:00,12.362499,-1.513108
LR-ASC-003,2026-03-04T12:20:00,12.362504,-1.513114
veh-stage-3,2026-03-04T12:20:00,12.362474,-1.513109
veh-stage-2,2026-03-04T12:20:00,12.362448,-1.513107
veh-stage-0,2026-03-04T12:20:00,12.362487,-1.513093
veh-stage-1,2026-03-04T12:20:00,12.362501,-1.513107
LR-ASC-003,2026-03-04T12:25:00,12.36248,-1.513089
LR-DEV-001,2026-03-04T12:30:00,12.35903,-1.520731
veh-stage-0,2026-03-04T12:30:00,12.362477,-1.51309
LR-ASC-003,2026-03-04T12:30:00,12.362511,-1.513114
veh-stage-1,2026-03-04T12:30:00,12.362498,-1.513101
ST-DEV-001,2026-03-04T12:30:00,12.363601,-1.515311
veh-stage-3,2026-03-04T12:30:00,12.362518,-1.513091
veh-stage-2,2026-03-04T12:30:00,12.362481,-1.513129
LR-ASC-003,2026-03-04T12:35:00,12.362516,-1.513111
veh-stage-3,2026-03-04T12:40:00,12.362518,-1.513091
veh-stage-2,2026-03-04T12:40:00,12.362478,-1.513098
LR-ASC-003,2026-03-04T12:40:00,12.362505,-1.513085
veh-stage-0,2026-03-04T12:40:00,12.362508,-1.513134
veh-stage-1,2026-03-04T12:40:00,12.362469,-1.513073
LR-ASC-003,2026-03-04T12:45:00,12.362499,-1.513092
veh-stage-1,2026-03-04T12:50:00,12.362501,-1.513092
LR-ASC-003,2026-03-04T12:50:00,12.362491,-1.513104
veh-stage-0,2026-03-04T12:50:00,12.362479,-1.513105
veh-stage-3,2026-03-04T12:50:00,12.36248,-1.513106
veh-stage-2,2026-03-04T12:50:00,12.362524,-1.513094
LR-ASC-003,2026-03-04T12:55:00,12.362496,-1.513113
LR-DEV-001,2026-03-04T13:00:00,12.362487,-1.513099
escort-armed,2026-03-04T13:00:00,12.362492,-1.513121
LR-ASC-003,2026-03-04T13:00:00,12.362497,-1.513128
veh-stage-1,2026-03-04T13:00:00,12.362517,-1.513118
ST-DEV-001,2026-03-04T13:00:00,12.362486,-1.513112
veh-stage-0,2026-03-04T13:00:00,12.362495,-1.513122
veh-stage-3,2026-03-04T13:00:00,12.362486,-1.513076
veh-stage-2,2026-03-04T13:00:00,12.362489,-1.513092
LR-ASC-003,2026-03-04T13:05:00,12.362491,-1.513105
veh-stage-1,2026-03-04T13:10:00,12.362509,-1.513105
ST-DEV-001,2026-03-04T13:10:00,12.362484,-1.513115
LR-ASC-003,2026-03-04T13:10:00,12.362495,-1.513104
escort-armed,2026-03-04T13:10:00,12.362547,-1.513123
veh-stage-2,2026-03-04T13:10:00,12.362492,-1.513113
veh-stage-0,2026-03-04T13:10:00,12.362507,-1.513095
veh-stage-3,2026-03-04T13:10:00,12.362478,-1.513084
LR-DEV-001,2026-03-04T13:10:00,12.362508,-1.513074
LR-ASC-003,2026-03-04T13:15:00,12.362499,-1.513091
veh-stage-0,2026-03-04T13:20:00,12.362497,-1.513114
ST-DEV-001,2026-03-04T13:20:00,12.362499,-1.513113
escort-armed,2026-03-04T13:20:00,12.362485,-1.513094
veh-stage-1,2026-03-04T13:20:00,12.362515,-1.513138
veh-stage-3,2026-03-04T13:20:00,12.362516,-1.513067
veh-stage-2,2026-03-04T13:20:00,12.362479,-1.513132
LR-DEV-001,2026-03-04T13:20:00,12.362513,-1.513086
LR-ASC-003,2026-03-04T13:20:00,12.362516,-1.513112
LR-ASC-003,2026-03-04T13:25:00,12.362478,-1.513119
LR-ASC-003,2026-03-04T13:30:00,12.362491,-1.513106
veh-stage-0,2026-03-04T13:30:00,12.362519,-1.51307
veh-stage-2,2026-03-04T13:30:00,12.362493,-1.513097
veh-stage-1,2026-03-04T13:30:00,12.362498,-1.513111
escort-armed,2026-03-04T13:30:00,12.362468,-1.513111
ST-DEV-001,2026-03-04T13:30:00,12.362512,-1.513073
veh-stage-3,2026-03-04T13:30:00,12.362493,-1.513087
LR-DEV-001,2026-03-04T13:30:00,12.362502,-1.513075
LR-ASC-003,2026-03-04T13:35:00,12.362486,-1.513123
LR-ASC-003,2026-03-04T13:40:00,12.362492,-1.513097
veh-stage-3,2026-03-04T13:40:00,12.362541,-1.513111
veh-stage-1,2026-03-04T13:40:00,12.362508,-1.513092
veh-stage-2,2026-03-04T13:40:00,12.362498,-1.513107
escort-armed,2026-03-04T13:40:00,12.362509,-1.513109
veh-stage-0,2026-03-04T13:40:00,12.362491,-1.513111
ST-DEV-001,2026-03-04T13:40:00,12.36249,-1.513096
LR-DEV-001,2026-03-04T13:40:00,12.362507,-1.513115
LR-ASC-003,2026-03-04T13:45:00,12.362511,-1.51311
LR-DEV-001,2026-03-04T13:50:00,12.362525,-1.513087
escort-armed,2026-03-04T13:50:00,12.362497,-1.513114
ST-DEV-001,2026-03-04T13:50:00,12.362509,-1.513092
veh-stage-1,2026-03-04T13:50:00,12.362487,-1.513113
veh-stage-0,2026-03-04T13:50:00,12.362509,-1.513106
veh-stage-3,2026-03-04T13:50:00,12.362472,-1.513134
veh-stage-2,2026-03-04T13:50:00,12.362483,-1.513089
LR-ASC-003,2026-03-04T13:50:00,12.362493,-1.513117
LR-ASC-003,2026-03-04T13:55:00,12.362499,-1.513115
LR-DEV-001,2026-03-04T14:00:00,12.362492,-1.513109
escort-armed,2026-03-04T14:00:00,12.362459,-1.513091
ST-DEV-001,2026-03-04T14:00:00,12.362501,-1.513087
ST-DEV-001,2026-03-04T14:10:00,12.362509,-1.513122
escort-armed,2026-03-04T14:10:00,12.362547,-1.5131
LR-DEV-001,2026-03-04T14:10:00,12.362505,-1.513092
escort-armed,2026-03-04T14:20:00,12.362506,-1.513081
ST-DEV-001,2026-03-04T14:20:00,12.362516,-1.513084
LR-DEV-001,2026-03-04T14:20:00,12.362504,-1.513094
ST-DEV-001,2026-03-04T14:30:00,12.362486,-1.513099
escort-armed,2026-03-04T14:30:00,12.362466,-1.513054
LR-DEV-001,2026-03-04T14:30:00,12.362531,-1.513081
LR-DEV-001,2026-03-04T14:40:00,12.362503,-1.513083
ST-DEV-001,2026-03-04T14:40:00,12.362512,-1.513104
escort-armed,2026-03-04T14:40:00,12.362505,-1.513056
ST-DEV-001,2026-03-04T14:50:00,12.362519,-1.513057
escort-armed,2026-03-04T14:50:00,12.36248,-1.513051
LR-DEV-001,2026-03-04T14:50:00,12.362481,-1.513093
LR-DEV-001,2026-03-04T15:00:00,12.362533,-1.513104
ST-DEV-001,2026-03-04T15:00:00,12.362486,-1.513125
escort-armed,2026-03-04T15:00:00,12.362521,-1.513085
ST-DEV-001,2026-03-04T15:10:00,12.362505,-1.513087
LR-DEV-001,2026-03-04T15:10:00,12.362485,-1.513112
escort-armed,2026-03-04T15:10:00,12.362506,-1.513107
ST-DEV-001,2026-03-04T15:20:00,12.362496,-1.513074
escort-armed,2026-03-04T15:20:00,12.362532,-1.513096
LR-DEV-001,2026-03-04T15:20:00,12.36248,-1.513114
ST-DEV-001,2026-03-04T15:30:00,12.362476,-1.513088
escort-armed,2026-03-04T15:30:00,12.362447,-1.51313
LR-DEV-001,2026-03-04T15:30:00,12.362493,-1.513125
escort-armed,2026-03-04T15:40:00,12.362495,-1.513092
ST-DEV-001,2026-03-04T15:40:00,12.362489,-1.513069
LR-DEV-001,2026-03-04T15:40:00,12.3625,-1.513084
escort-armed,2026-03-04T15:50:00,12.362498,-1.513067
ST-DEV-001,2026-03-04T15:50:00,12.362536,-1.513114
LR-DEV-001,2026-03-04T15:50:00,12.362484,-1.513073
escort-armed,2026-03-04T16:00:00,12.362447,-1.513096
ST-DEV-001,2026-03-04T16:00:00,12.36249,-1.513085
LR-DEV-001,2026-03-04T16:00:00,12.362509,-1.513081
LR-DEV-001,2026-03-04T16:10:00,12.362488,-1.513085
ST-DEV-001,2026-03-04T16:10:00,12.362493,-1.513101
escort-armed,2026-03-04T16:10:00,12.362451,-1.513079
LR-DEV-001,2026-03-04T16:20:00,12.36248,-1.513084
escort-armed,2026-03-04T16:20:00,12.362497,-1.513089
ST-DEV-001,2026-03-04T16:20:00,12.3625,-1.513135
ST-DEV-001,2026-03-04T16:30:00,12.3625,-1.513112
LR-DEV-001,2026-03-04T16:30:00,12.362503,-1.51309
escort-armed,2026-03-04T16:30:00,12.362477,-1.513065
LR-DEV-001,2026-03-04T16:40:00,12.362479,-1.513116
escort-armed,2026-03-04T16:40:00,12.362528,-1.513084
ST-DEV-001,2026-03-04T16:40:00,12.362491,-1.513074
escort-armed,2026-03-04T16:50:00,12.362497,-1.513084
ST-DEV-001,2026-03-04T16:50:00,12.362477,-1.513085
LR-DEV-001,2026-03-04T16:50:00,12.362511,-1.513117
LR-DEV-001,2026-03-04T17:00:00,12.362508,-1.513125
ST-DEV-001,2026-03-04T17:00:00,12.362495,-1.513105
LR-DEV-001,2026-03-04T17:10:00,12.362515,-1.513122
ST-DEV-001,2026-03-04T17:10:00,12.362514,-1.513094
LR-DEV-001,2026-03-04T17:20:00,12.36251,-1.513089
ST-DEV-001,2026-03-04T17:20:00,12.36251,-1.513083
LR-DEV-001,2026-03-04T17:30:00,12.362487,-1.51309
ST-DEV-001,2026-03-04T17:30:00,12.362494,-1.513111
ST-DEV-001,2026-03-04T17:40:00,12.36248,-1.513115
LR-DEV-001,2026-03-04T17:40:00,12.362505,-1.51311
ST-DEV-001,2026-03-04T17:50:00,12.362553,-1.513078
LR-DEV-001,2026-03-04T17:50:00,12.362482,-1.513135
LR-DEV-001,2026-03-04T18:00:00,12.361831,-1.514451
ST-DEV-001,2026-03-04T18:15:00,12.361831,-1.514451
ST-DEV-001,2026-03-04T19:00:00,12.359676,-1.516424
ST-DEV-001,2026-03-04T19:15:00,12.359709,-1.51639
ST-DEV-001,2026-03-04T19:30:00,12.35971,-1.516405
ST-DEV-001,2026-03-04T19:45:00,12.359698,-1.516394
ST-DEV-001,2026-03-04T20:00:00,12.359702,-1.51644
ST-DEV-001,2026-03-04T20:15:00,12.359696,-1.516415
ST-DEV-001,2026-03-04T20:30:00,12.359703,-1.516346
ST-DEV-001,2026-03-04T20:45:00,12.359707,-1.516406
ST-DEV-001,2026-03-04T21:00:00,12.359717,-1.516391
ST-DEV-001,2026-03-04T21:15:00,12.359708,-1.516389
ST-DEV-001,2026-03-04T21:30:00,12.359737,-1.51642
ST-DEV-001,2026-03-04T21:45:00,12.359709,-1.516417
LR-ASC-003,2026-03-05T05:00:00,12.364466,-1.521212
ST-DEV-001,2026-03-05T06:00:00,12.35969,-1.516436
LR-ASC-003,2026-03-05T06:00:00,12.362493,-1.513098
LR-DEV-001,2026-03-05T06:00:00,12.364395,-1.521171
LR-ASC-003,2026-03-05T06:05:00,12.362492,-1.513104
LR-DEV-001,2026-03-05T06:10:00,12.364412,-1.521202
ST-DEV-001,2026-03-05T06:10:00,12.359681,-1.516386
LR-ASC-003,2026-03-05T06:10:00,12.362498,-1.513101
LR-ASC-003,2026-03-05T06:15:00,12.362501,-1.513119
LR-ASC-003,2026-03-05T06:20:00,12.362487,-1.513123
ST-DEV-001,2026-03-05T06:20:00,12.359709,-1.516395
LR-DEV-001,2026-03-05T06:20:00,12.364391,-1.521206
LR-ASC-003,2026-03-05T06:25:00,12.362518,-1.513138
LR-ASC-003,2026-03-05T06:30:00,12.362521,-1.513075
LR-DEV-001,2026-03-05T06:30:00,12.364408,-1.521199
ST-DEV-001,2026-03-05T06:30:00,12.359673,-1.516405
LR-ASC-003,2026-03-05T06:35:00,12.362495,-1.513147
ST-DEV-001,2026-03-05T06:40:00,12.359641,-1.516395
LR-DEV-001,2026-03-05T06:40:00,12.364389,-1.521203
LR-ASC-003,2026-03-05T06:40:00,12.362493,-1.513101
LR-ASC-003,2026-03-05T06:45:00,12.362482,-1.513109
LR-ASC-003,2026-03-05T06:50:00,12.362528,-1.513088
LR-DEV-001,2026-03-05T06:50:00,12.364401,-1.521238
ST-DEV-001,2026-03-05T06:50:00,12.359739,-1.51644
LR-ASC-003,2026-03-05T06:55:00,12.362483,-1.513129
ST-DEV-001,2026-03-05T07:00:00,12.359684,-1.516391
ST-ASC-003,2026-03-05T07:00:00,12.359413,-1.51634
ST-DEV-001,2026-03-05T07:00:00,12.359413,-1.51634
LR-DEV-001,2026-03-05T07:00:00,12.364408,-1.521218
LR-ASC-003,2026-03-05T07:00:00,12.361831,-1.514451
LR-DEV-001,2026-03-05T07:10:00,12.364379,-1.52123
ST-DEV-001,2026-03-05T07:10:00,12.359734,-1.516412
ST-DEV-001,2026-03-05T07:20:00,12.359681,-1.516453
LR-DEV-001,2026-03-05T07:20:00,12.364368,-1.521224
ST-DEV-001,2026-03-05T07:30:00,12.359703,-1.516345
LR-DEV-001,2026-03-05T07:30:00,12.364387,-1.521165
LR-DEV-001,2026-03-05T07:40:00,12.364391,-1.521197
ST-DEV-001,2026-03-05T07:40:00,12.359707,-1.516401
civ-cedf7edb-54e6-40cd-ba57-81048f7ce03d,2026-03-05T07:50:00,12.362977,-1.522575
ST-DEV-001,2026-03-05T07:50:00,12.359709,-1.5164
civ-449026e2-0932-48dd-b2e5-589a4a6d9aab,2026-03-05T07:50:00,12.364084,-1.51542
LR-DEV-001,2026-03-05T07:50:00,12.364407,-1.521198
civ-cfd611de-41a6-4b73-a764-0ddcbf9dae14,2026-03-05T07:50:00,12.363871,-1.515518
civ-89a22776-d969-4bbf-a4ce-5a3e4cfc6c0c,2026-03-05T07:52:00,12.362849,-1.52247
civ-fc9771b7-c1ef-4ca0-b8a3-720ac96c75fe,2026-03-05T07:52:00,12.36301,-1.522405
civ-c4f94f5c-24ad-4bf5-9583-d3aea6586d8c,2026-03-05T07:52:00,12.363853,-1.515561
civ-f752f7b2-d4eb-47df-a259-72cae2081fed,2026-03-05T07:57:00,12.362718,-1.522487
civ-1c8aeb44-c08d-4761-bb57-9bf0fb45ca2d,2026-03-05T07:57:00,12.362971,-1.522511
civ-7547f95b-ca80-463d-81af-64baaecebbbf,2026-03-05T07:58:00,12.363892,-1.515608
civ-dd01804d-8340-43eb-9071-e6ff8db1c60d,2026-03-05T07:58:00,12.363124,-1.522476
civ-cfd611de-41a6-4b73-a764-0ddcbf9dae14,2026-03-05T07:59:00,12.362938,-1.522496
ST-DEV-001,2026-03-05T08:00:00,12.359678,-1.516378
LR-DEV-001,2026-03-05T08:00:00,12.364399,-1.521222
ST-ASC-003,2026-03-05T08:00:00,12.362472,-1.513095
LR-ASC-003,2026-03-05T08:00:00,12.362508,-1.513095
ST-DEV-001,2026-03-05T08:00:00,12.364013,-1.515434
ST-ASC-003,2026-03-05T08:00:00,12.362487,-1.513117
civ-2b45e74d-42d2-4d50-aa6a-7a3af2caaec1,2026-03-05T08:00:00,12.363015,-1.522514
civ-7efa278e-c726-4661-b9fa-cf4ddf158e57,2026-03-05T08:01:00,12.363987,-1.515372
civ-5f19587d-f9d4-45e1-95cc-4a1462e1221d,2026-03-05T08:01:00,12.364078,-1.515428
civ-28886a71-a8de-4e8c-8ebc-a1265ae6176c,2026-03-05T08:01:00,12.363984,-1.51541
civ-6465e4c0-d8dc-4972-bee7-bb6306b5fdfb,2026-03-05T08:03:00,12.364048,-1.515324
civ-a468a114-5d61-4d4c-ae4e-95320b02f785,2026-03-05T08:03:00,12.362916,-1.522389
civ-a468a114-5d61-4d4c-ae4e-95320b02f785,2026-03-05T08:04:00,12.364054,-1.515477
civ-817b1ac2-8b62-4963-9676-fdfe05160ec2,2026-03-05T08:04:00,12.364045,-1.515304
civ-817b1ac2-8b62-4963-9676-fdfe05160ec2,2026-03-05T08:04:00,12.362844,-1.522448
civ-b55cc047-f0fb-4020-abd8-8445961805c3,2026-03-05T08:05:00,12.364096,-1.515269
ST-ASC-003,2026-03-05T08:05:00,12.36252,-1.513091
LR-ASC-003,2026-03-05T08:05:00,12.362494,-1.513093
ST-ASC-003,2026-03-05T08:05:00,12.362522,-1.513107
civ-4ee5f652-6dec-4a3e-9da8-5028cc7be1d1,2026-03-05T08:07:00,12.363192,-1.522292
civ-2fdc0436-1a04-434c-9d37-9bde6f249a5a,2026-03-05T08:08:00,12.364025,-1.515592
civ-611fe07a-a2f0-442f-9fc5-a72c5ee34037,2026-03-05T08:09:00,12.362853,-1.522378
LR-ASC-003,2026-03-05T08:10:00,12.362498,-1.513092
ST-ASC-003,2026-03-05T08:10:00,12.3625,-1.513111
LR-DEV-001,2026-03-05T08:10:00,12.364426,-1.521167
ST-DEV-001,2026-03-05T08:10:00,12.359706,-1.5164
ST-ASC-003,2026-03-05T08:10:00,12.362519,-1.513089
ST-DEV-001,2026-03-05T08:10:00,12.363993,-1.515392
civ-15f8c388-2b33-4e47-b91d-53cd3a04bf48,2026-03-05T08:11:00,12.362859,-1.522514
civ-7efa278e-c726-4661-b9fa-cf4ddf158e57,2026-03-05T08:12:00,12.362818,-1.522575
civ-0204c6dc-5f86-412c-9d05-0a31fa7ffb2d,2026-03-05T08:14:00,12.362991,-1.522514
LR-ASC-003,2026-03-05T08:15:00,12.362491,-1.513103
civ-14e44a92-a8ac-4e10-9f18-39df3c5ace1d,2026-03-05T08:15:00,12.36299,-1.522347
ST-ASC-003,2026-03-05T08:15:00,12.362541,-1.513127
ST-ASC-003,2026-03-05T08:15:00,12.36248,-1.513085
ST-DEV-001,2026-03-05T08:20:00,12.364003,-1.515392
ST-ASC-003,2026-03-05T08:20:00,12.362523,-1.513079
LR-ASC-003,2026-03-05T08:20:00,12.362482,-1.513101
ST-DEV-001,2026-03-05T08:20:00,12.359674,-1.516365
LR-DEV-001,2026-03-05T08:20:00,12.36437,-1.521218
ST-ASC-003,2026-03-05T08:20:00,12.362516,-1.513128
LR-ASC-003,2026-03-05T08:25:00,12.362485,-1.51312
ST-ASC-003,2026-03-05T08:25:00,12.362482,-1.513082
ST-ASC-003,2026-03-05T08:25:00,12.362529,-1.51309
ST-DEV-001,2026-03-05T08:30:00,12.359718,-1.516415
LR-DEV-001,2026-03-05T08:30:00,12.364395,-1.521217
LR-ASC-003,2026-03-05T08:30:00,12.362505,-1.513096
ST-DEV-001,2026-03-05T08:30:00,12.364004,-1.515377
ST-ASC-003,2026-03-05T08:30:00,12.362506,-1.513104
ST-ASC-003,2026-03-05T08:30:00,12.362525,-1.513124
LR-ASC-003,2026-03-05T08:35:00,12.362514,-1.513108
ST-ASC-003,2026-03-05T08:35:00,12.362475,-1.513103
ST-ASC-003,2026-03-05T08:35:00,12.362485,-1.513113
ST-DEV-001,2026-03-05T08:40:00,12.363983,-1.515412
ST-DEV-001,2026-03-05T08:40:00,12.359727,-1.516413
ST-ASC-003,2026-03-05T08:40:00,12.362537,-1.5131
LR-DEV-001,2026-03-05T08:40:00,12.364409,-1.521213
ST-ASC-003,2026-03-05T08:40:00,12.362509,-1.513068
LR-ASC-003,2026-03-05T08:40:00,12.362507,-1.51309
ST-ASC-003,2026-03-05T08:45:00,12.362514,-1.513114
LR-ASC-003,2026-03-05T08:45:00,12.362508,-1.513115
ST-ASC-003,2026-03-05T08:45:00,12.362513,-1.513104
ST-ASC-003,2026-03-05T08:50:00,12.362486,-1.513081
ST-DEV-001,2026-03-05T08:50:00,12.359679,-1.516421
ST-DEV-001,2026-03-05T08:50:00,12.363986,-1.515385
LR-ASC-003,2026-03-05T08:50:00,12.362503,-1.513093
LR-DEV-001,2026-03-05T08:50:00,12.364439,-1.521179
ST-ASC-003,2026-03-05T08:50:00,12.362482,-1.513078
ST-ASC-003,2026-03-05T08:55:00,12.362476,-1.513107
ST-ASC-003,2026-03-05T08:55:00,12.362483,-1.513071
LR-ASC-003,2026-03-05T08:55:00,12.3625,-1.513138
ST-ASC-003,2026-03-05T09:00:00,12.362501,-1.513098
ST-ASC-003,2026-03-05T09:00:00,12.361831,-1.514451
LR-ASC-003,2026-03-05T09:00:00,12.364466,-1.521212
LR-ASC-003,2026-03-05T09:00:00,12.362503,-1.51306
ST-DEV-001,2026-03-05T09:00:00,12.364016,-1.515392
LR-DEV-001,2026-03-05T09:00:00,12.364404,-1.521182
LR-ASC-003,2026-03-05T09:05:00,12.362494,-1.513113
ST-ASC-003,2026-03-05T09:05:00,12.362497,-1.513093
ST-ASC-003,2026-03-05T09:10:00,12.362512,-1.513087
LR-DEV-001,2026-03-05T09:10:00,12.36442,-1.52121
LR-ASC-003,2026-03-05T09:10:00,12.362507,-1.513094
ST-DEV-001,2026-03-05T09:10:00,12.364021,-1.515421
ST-ASC-003,2026-03-05T09:15:00,12.362482,-1.513105
LR-ASC-003,2026-03-05T09:15:00,12.362521,-1.513123
LR-DEV-001,2026-03-05T09:20:00,12.364385,-1.521199
LR-ASC-003,2026-03-05T09:20:00,12.362513,-1.513089
ST-DEV-001,2026-03-05T09:20:00,12.36403,-1.515373
ST-ASC-003,2026-03-05T09:20:00,12.362522,-1.513084
LR-ASC-003,2026-03-05T09:25:00,12.362497,-1.513094
ST-ASC-003,2026-03-05T09:25:00,12.362475,-1.513094
LR-DEV-001,2026-03-05T09:30:00,12.364416,-1.521197
ST-ASC-003,2026-03-05T09:30:00,12.362464,-1.513099
ST-DEV-001,2026-03-05T09:30:00,12.364013,-1.515368
LR-ASC-003,2026-03-05T09:30:00,12.362519,-1.513084
ST-ASC-003,2026-03-05T09:35:00,12.362534,-1.513117
LR-ASC-003,2026-03-05T09:35:00,12.362479,-1.513085
LR-ASC-003,2026-03-05T09:40:00,12.362499,-1.513099
ST-ASC-003,2026-03-05T09:40:00,12.362485,-1.513086
LR-DEV-001,2026-03-05T09:40:00,12.364372,-1.521214
ST-DEV-001,2026-03-05T09:40:00,12.36397,-1.515409
ST-ASC-003,2026-03-05T09:45:00,12.362472,-1.513111
LR-ASC-003,2026-03-05T09:45:00,12.362501,-1.513103
ST-DEV-001,2026-03-05T09:50:00,12.363987,-1.515387
ST-ASC-003,2026-03-05T09:50:00,12.362511,-1.513111
LR-ASC-003,2026-03-05T09:50:00,12.362521,-1.513102
LR-DEV-001,2026-03-05T09:50:00,12.364399,-1.521201
ST-ASC-003,2026-03-05T09:55:00,12.362496,-1.513087
LR-ASC-003,2026-03-05T09:55:00,12.36248,-1.513107
ST-DEV-001,2026-03-05T10:00:00,12.363981,-1.515386
LR-ASC-003,2026-03-05T10:00:00,12.362494,-1.513104
LR-DEV-001,2026-03-05T10:00:00,12.364436,-1.521225
LR-ASC-003,2026-03-05T10:05:00,12.362509,-1.51311
LR-ASC-003,2026-03-05T10:10:00,12.362509,-1.513065
LR-DEV-001,2026-03-05T10:10:00,12.364409,-1.521173
ST-DEV-001,2026-03-05T10:10:00,12.364025,-1.515387
LR-ASC-003,2026-03-05T10:15:00,12.362515,-1.513101
LR-ASC-003,2026-03-05T10:20:00,12.362497,-1.513106
ST-DEV-001,2026-03-05T10:20:00,12.364005,-1.515418
LR-DEV-001,2026-03-05T10:20:00,12.364441,-1.521207
LR-ASC-003,2026-03-05T10:25:00,12.362521,-1.513111
LR-ASC-003,2026-03-05T10:30:00,12.362501,-1.513099
ST-DEV-001,2026-03-05T10:30:00,12.363985,-1.515378
LR-DEV-001,2026-03-05T10:30:00,12.364409,-1.52119
LR-ASC-003,2026-03-05T10:35:00,12.362491,-1.513125
LR-ASC-003,2026-03-05T10:40:00,12.362506,-1.513101
LR-DEV-001,2026-03-05T10:40:00,12.364404,-1.521202
ST-DEV-001,2026-03-05T10:40:00,12.364014,-1.515401
LR-ASC-003,2026-03-05T10:45:00,12.362509,-1.51311
LR-ASC-003,2026-03-05T10:50:00,12.362522,-1.513116
LR-DEV-001,2026-03-05T10:50:00,12.364408,-1.521246
ST-DEV-001,2026-03-05T10:50:00,12.363992,-1.515436
LR-ASC-003,2026-03-05T10:55:00,12.362531,-1.513131
ST-DEV-001,2026-03-05T11:00:00,12.363981,-1.515366
LR-ASC-003,2026-03-05T11:00:00,12.362508,-1.513091
LR-ASC-003,2026-03-05T11:05:00,12.362486,-1.513092
LR-ASC-003,2026-03-05T11:10:00,12.362523,-1.51314
ST-DEV-001,2026-03-05T11:10:00,12.363977,-1.515397
LR-ASC-003,2026-03-05T11:15:00,12.362509,-1.513145
ST-DEV-001,2026-03-05T11:20:00,12.364018,-1.515423
LR-ASC-003,2026-03-05T11:20:00,12.362483,-1.513071
LR-ASC-003,2026-03-05T11:25:00,12.36249,-1.513121
LR-ASC-003,2026-03-05T11:30:00,12.362496,-1.513063
LR-ASC-003,2026-03-05T11:35:00,12.362467,-1.513119
LR-ASC-003,2026-03-05T11:40:00,12.362527,-1.513067
LR-ASC-003,2026-03-05T11:45:00,12.362498,-1.513122
LR-ASC-003,2026-03-05T11:50:00,12.362538,-1.513071
LR-ASC-003,2026-03-05T11:55:00,12.362512,-1.513115
LR-ASC-003,2026-03-05T12:00:00,12.362499,-1.513103
veh-stage-1,2026-03-05T12:00:00,12.36252,-1.513108
veh-stage-0,2026-03-05T12:00:00,12.362499,-1.513097
veh-stage-2,2026-03-05T12:00:00,12.362475,-1.513097
veh-stage-3,2026-03-05T12:00:00,12.362493,-1.513082
LR-ASC-003,2026-03-05T12:05:00,12.362506,-1.513074
veh-stage-3,2026-03-05T12:10:00,12.362525,-1.513087
veh-stage-2,2026-03-05T12:10:00,12.36248,-1.513127
veh-stage-1,2026-03-05T12:10:00,12.362497,-1.513126
veh-stage-0,2026-03-05T12:10:00,12.362488,-1.513079
LR-ASC-003,2026-03-05T12:10:00,12.362516,-1.513119
LR-ASC-003,2026-03-05T12:15:00,12.362525,-1.513094
veh-stage-3,2026-03-05T12:20:00,12.362508,-1.513093
LR-ASC-003,2026-03-05T12:20:00,12.362512,-1.513074
veh-stage-0,2026-03-05T12:20:00,12.362479,-1.513091
veh-stage-2,2026-03-05T12:20:00,12.362487,-1.513079
veh-stage-1,2026-03-05T12:20:00,12.362491,-1.513091
LR-ASC-003,2026-03-05T12:25:00,12.36248,-1.513101
veh-stage-0,2026-03-05T12:30:00,12.362521,-1.513091
LR-ASC-003,2026-03-05T12:30:00,12.36249,-1.513128
ST-DEV-001,2026-03-05T12:30:00,12.363601,-1.515311
veh-stage-1,2026-03-05T12:30:00,12.362523,-1.51312
LR-DEV-001,2026-03-05T12:30:00,12.35903,-1.520731
veh-stage-3,2026-03-05T12:30:00,12.36249,-1.513102
veh-stage-2,2026-03-05T12:30:00,12.362517,-1.513096
LR-ASC-003,2026-03-05T12:35:00,12.362506,-1.513055
veh-stage-3,2026-03-05T12:40:00,12.36253,-1.513117
veh-stage-1,2026-03-05T12:40:00,12.362493,-1.513103
LR-ASC-003,2026-03-05T12:40:00,12.362467,-1.513101
veh-stage-0,2026-03-05T12:40:00,12.362496,-1.51311
veh-stage-2,2026-03-05T12:40:00,12.362472,-1.513104
LR-ASC-003,2026-03-05T12:45:00,12.362512,-1.513098
veh-stage-2,2026-03-05T12:50:00,12.362505,-1.513097
veh-stage-3,2026-03-05T12:50:00,12.362529,-1.513106
veh-stage-1,2026-03-05T12:50:00,12.362475,-1.513089
LR-ASC-003,2026-03-05T12:50:00,12.362498,-1.513123
veh-stage-0,2026-03-05T12:50:00,12.362519,-1.513126
LR-ASC-003,2026-03-05T12:55:00,12.362504,-1.513114
LR-ASC-003,2026-03-05T13:00:00,12.362461,-1.513078
veh-stage-2,2026-03-05T13:00:00,12.362467,-1.513116
escort-armed,2026-03-05T13:00:00,12.362452,-1.513087
veh-stage-3,2026-03-05T13:00:00,12.362524,-1.513125
veh-stage-1,2026-03-05T13:00:00,12.362487,-1.513104
veh-stage-0,2026-03-05T13:00:00,12.362483,-1.513107
LR-DEV-001,2026-03-05T13:00:00,12.362512,-1.513098
ST-DEV-001,2026-03-05T13:00:00,12.362503,-1.513083
LR-ASC-003,2026-03-05T13:05:00,12.362517,-1.513099
veh-stage-1,2026-03-05T13:10:00,12.362492,-1.513114
ST-DEV-001,2026-03-05T13:10:00,12.3625,-1.513048
LR-ASC-003,2026-03-05T13:10:00,12.362504,-1.513081
veh-stage-0,2026-03-05T13:10:00,12.362522,-1.513093
veh-stage-2,2026-03-05T13:10:00,12.362499,-1.51309
escort-armed,2026-03-05T13:10:00,12.362451,-1.513133
LR-DEV-001,2026-03-05T13:10:00,12.362496,-1.513063
veh-stage-3,2026-03-05T13:10:00,12.362511,-1.513113
LR-ASC-003,2026-03-05T13:15:00,12.362504,-1.513084
ST-DEV-001,2026-03-05T13:20:00,12.36247,-1.513081
LR-DEV-001,2026-03-05T13:20:00,12.362488,-1.513107
LR-ASC-003,2026-03-05T13:20:00,12.362495,-1.513076
veh-stage-0,2026-03-05T13:20:00,12.362483,-1.513106
veh-stage-3,2026-03-05T13:20:00,12.362475,-1.513096
escort-armed,2026-03-05T13:20:00,12.362444,-1.513102
veh-stage-1,2026-03-05T13:20:00,12.3625,-1.513104
veh-stage-2,2026-03-05T13:20:00,12.36246,-1.513103
LR-ASC-003,2026-03-05T13:25:00,12.362506,-1.513097
escort-armed,2026-03-05T13:30:00,12.362496,-1.513109
ST-DEV-001,2026-03-05T13:30:00,12.362497,-1.513086
veh-stage-0,2026-03-05T13:30:00,12.362489,-1.513113
LR-ASC-003,2026-03-05T13:30:00,12.362477,-1.513095
veh-stage-2,2026-03-05T13:30:00,12.362503,-1.513085
veh-stage-3,2026-03-05T13:30:00,12.362518,-1.513115
veh-stage-1,2026-03-05T13:30:00,12.362493,-1.513113
LR-DEV-001,2026-03-05T13:30:00,12.362536,-1.513115
LR-ASC-003,2026-03-05T13:35:00,12.362485,-1.513111
veh-stage-1,2026-03-05T13:40:00,12.362506,-1.51307
LR-ASC-003,2026-03-05T13:40:00,12.362485,-1.513119
veh-stage-3,2026-03-05T13:40:00,12.362473,-1.513102
veh-stage-0,2026-03-05T13:40:00,12.362518,-1.513125
escort-armed,2026-03-05T13:40:00,12.362472,-1.513132
LR-DEV-001,2026-03-05T13:40:00,12.36249,-1.513103
ST-DEV-001,2026-03-05T13:40:00,12.362508,-1.513113
veh-stage-2,2026-03-05T13:40:00,12.362512,-1.51309
LR-ASC-003,2026-03-05T13:45:00,12.362538,-1.513076
LR-DEV-001,2026-03-05T13:50:00,12.362515,-1.513096
veh-stage-0,2026-03-05T13:50:00,12.362529,-1.513085
veh-stage-3,2026-03-05T13:50:00,12.362498,-1.51309
LR-ASC-003,2026-03-05T13:50:00,12.362535,-1.513122
escort-armed,2026-03-05T13:50:00,12.362513,-1.513115
veh-stage-1,2026-03-05T13:50:00,12.362503,-1.513082
ST-DEV-001,2026-03-05T13:50:00,12.362504,-1.513133
veh-stage-2,2026-03-05T13:50:00,12.362486,-1.513134
LR-ASC-003,2026-03-05T13:55:00,12.362501,-1.513123
escort-armed,2026-03-05T14:00:00,12.362509,-1.513124
LR-DEV-001,2026-03-05T14:00:00,12.362477,-1.51311
ST-DEV-001,2026-03-05T14:00:00,12.362511,-1.513095
LR-DEV-001,2026-03-05T14:10:00,12.362489,-1.513101
ST-DEV-001,2026-03-05T14:10:00,12.362511,-1.513081
escort-armed,2026-03-05T14:10:00,12.362505,-1.513065
escort-armed,2026-03-05T14:20:00,12.362516,-1.513111
ST-DEV-001,2026-03-05T14:20:00,12.362507,-1.513097
LR-DEV-001,2026-03-05T14:20:00,12.362508,-1.513092
escort-armed,2026-03-05T14:30:00,12.362507,-1.513106
LR-DEV-001,2026-03-05T14:30:00,12.362468,-1.513081
ST-DEV-001,2026-03-05T14:30:00,12.362484,-1.513113
ST-DEV-001,2026-03-05T14:40:00,12.362521,-1.513074
LR-DEV-001,2026-03-05T14:40:00,12.362505,-1.513075
escort-armed,2026-03-05T14:40:00,12.3625,-1.513109
ST-DEV-001,2026-03-05T14:50:00,12.362496,-1.513099
LR-DEV-001,2026-03-05T14:50:00,12.362508,-1.51308
escort-armed,2026-03-05T14:50:00,12.362496,-1.513094
ST-DEV-001,2026-03-05T15:00:00,12.362484,-1.513079
LR-DEV-001,2026-03-05T15:00:00,12.362508,-1.513076
escort-armed,2026-03-05T15:00:00,12.362473,-1.513127
ST-DEV-001,2026-03-05T15:10:00,12.362512,-1.513065
LR-DEV-001,2026-03-05T15:10:00,12.362509,-1.513102
escort-armed,2026-03-05T15:10:00,12.362463,-1.513143
escort-armed,2026-03-05T15:20:00,12.362467,-1.513096
LR-DEV-001,2026-03-05T15:20:00,12.362541,-1.513084
ST-DEV-001,2026-03-05T15:20:00,12.362484,-1.513107
ST-DEV-001,2026-03-05T15:30:00,12.362504,-1.513088
LR-DEV-001,2026-03-05T15:30:00,12.36251,-1.513123
escort-armed,2026-03-05T15:30:00,12.362476,-1.513086
ST-DEV-001,2026-03-05T15:40:00,12.362496,-1.513116
LR-DEV-001,2026-03-05T15:40:00,12.362477,-1.513095
escort-armed,2026-03-05T15:40:00,12.362501,-1.513153
ST-DEV-001,2026-03-05T15:50:00,12.362516,-1.513087
escort-armed,2026-03-05T15:50:00,12.362518,-1.513078
LR-DEV-001,2026-03-05T15:50:00,12.362503,-1.513111
escort-armed,2026-03-05T16:00:00,12.362473,-1.513089
LR-DEV-001,2026-03-05T16:00:00,12.362503,-1.513071
ST-DEV-001,2026-03-05T16:00:00,12.362484,-1.513076
escort-armed,2026-03-05T16:10:00,12.362477,-1.513097
ST-DEV-001,2026-03-05T16:10:00,12.362521,-1.513098
LR-DEV-001,2026-03-05T16:10:00,12.362513,-1.513121
ST-DEV-001,2026-03-05T16:20:00,12.362501,-1.51309
escort-armed,2026-03-05T16:20:00,12.362466,-1.513148
LR-DEV-001,2026-03-05T16:20:00,12.362498,-1.513114
escort-armed,2026-03-05T16:30:00,12.36249,-1.513103
ST-DEV-001,2026-03-05T16:30:00,12.362484,-1.513099
LR-DEV-001,2026-03-05T16:30:00,12.362493,-1.513107
escort-armed,2026-03-05T16:40:00,12.362489,-1.513132
ST-DEV-001,2026-03-05T16:40:00,12.362461,-1.513084
LR-DEV-001,2026-03-05T16:40:00,12.362491,-1.513123
ST-DEV-001,2026-03-05T16:50:00,12.362472,-1.513073
LR-DEV-001,2026-03-05T16:50:00,12.362498,-1.51311
escort-armed,2026-03-05T16:50:00,12.362489,-1.513093
ST-DEV-001,2026-03-05T17:00:00,12.362494,-1.513104
LR-DEV-001,2026-03-05T17:00:00,12.362447,-1.513063
LR-DEV-001,2026-03-05T17:10:00,12.36252,-1.513107
ST-DEV-001,2026-03-05T17:10:00,12.362489,-1.513105
ST-DEV-001,2026-03-05T17:20:00,12.362526,-1.513145
LR-DEV-001,2026-03-05T17:20:00,12.3625,-1.513121
ST-DEV-001,2026-03-05T17:30:00,12.362523,-1.513094
LR-DEV-001,2026-03-05T17:30:00,12.362531,-1.513066
LR-DEV-001,2026-03-05T17:40:00,12.362503,-1.513082
ST-DEV-001,2026-03-05T17:40:00,12.362478,-1.513119
ST-DEV-001,2026-03-05T17:50:00,12.36253,-1.513117
LR-DEV-001,2026-03-05T17:50:00,12.362503,-1.513124
LR-DEV-001,2026-03-05T18:00:00,12.361831,-1.514451
ST-DEV-001,2026-03-05T18:15:00,12.361831,-1.514451
ST-DEV-001,2026-03-05T19:00:00,12.359679,-1.51638
ST-DEV-001,2026-03-05T19:15:00,12.359706,-1.516417
ST-DEV-001,2026-03-05T19:30:00,12.359704,-1.516418
ST-DEV-001,2026-03-05T19:45:00,12.35972,-1.516381
ST-DEV-001,2026-03-05T20:00:00,12.35971,-1.516393
ST-DEV-001,2026-03-05T20:15:00,12.359732,-1.5164
ST-DEV-001,2026-03-05T20:30:00,12.359679,-1.516392
ST-DEV-001,2026-03-05T20:45:00,12.359738,-1.516418
ST-DEV-001,2026-03-05T21:00:00,12.359693,-1.516393
ST-DEV-001,2026-03-05T21:15:00,12.359699,-1.516418
ST-DEV-001,2026-03-05T21:30:00,12.35972,-1.516358
ST-DEV-001,2026-03-05T21:45:00,12.359704,-1.516416
LR-ASC-003,2026-03-06T05:00:00,12.364466,-1.521212
LR-ASC-003,2026-03-06T06:00:00,12.362491,-1.513089
ST-DEV-001,2026-03-06T06:00:00,12.359684,-1.516412
LR-ASC-003,2026-03-06T06:05:00,12.3625,-1.513125
LR-ASC-003,2026-03-06T06:10:00,12.362482,-1.513096
ST-DEV-001,2026-03-06T06:10:00,12.359723,-1.516355
LR-ASC-003,2026-03-06T06:15:00,12.362499,-1.51311
LR-ASC-003,2026-03-06T06:20:00,12.362491,-1.513087
ST-DEV-001,2026-03-06T06:20:00,12.359678,-1.516371
LR-ASC-003,2026-03-06T06:25:00,12.362491,-1.513102
LR-ASC-003,2026-03-06T06:30:00,12.362539,-1.513126
ST-DEV-001,2026-03-06T06:30:00,12.359641,-1.516432
LR-ASC-003,2026-03-06T06:35:00,12.362467,-1.513086
ST-DEV-001,2026-03-06T06:40:00,12.359674,-1.516437
LR-ASC-003,2026-03-06T06:40:00,12.362488,-1.513106
LR-ASC-003,2026-03-06T06:45:00,12.362486,-1.513105
LR-ASC-003,2026-03-06T06:50:00,12.362529,-1.513086
ST-DEV-001,2026-03-06T06:50:00,12.359657,-1.516389
LR-ASC-003,2026-03-06T06:55:00,12.362516,-1.513125
ST-DEV-001,2026-03-06T07:00:00,12.359413,-1.51634
ST-ASC-003,2026-03-06T07:00:00,12.359413,-1.51634
ST-DEV-001,2026-03-06T07:00:00,12.359694,-1.51639
LR-ASC-003,2026-03-06T07:00:00,12.361831,-1.514451
ST-DEV-001,2026-03-06T07:10:00,12.359719,-1.516393
ST-DEV-001,2026-03-06T07:20:00,12.359718,-1.516402
ST-DEV-001,2026-03-06T07:30:00,12.359668,-1.516371
ST-DEV-001,2026-03-06T07:40:00,12.359684,-1.516425
civ-fc9771b7-c1ef-4ca0-b8a3-720ac96c75fe,2026-03-06T07:50:00,12.363921,-1.515391
ST-DEV-001,2026-03-06T07:50:00,12.359695,-1.516425
civ-1c8aeb44-c08d-4761-bb57-9bf0fb45ca2d,2026-03-06T07:51:00,12.364038,-1.515452
civ-b023d061-90e5-4380-80b5-217bc9a0f61f,2026-03-06T07:51:00,12.364103,-1.515373
civ-cedf7edb-54e6-40cd-ba57-81048f7ce03d,2026-03-06T07:51:00,12.362824,-1.52245
civ-5f19587d-f9d4-45e1-95cc-4a1462e1221d,2026-03-06T07:51:00,12.364043,-1.515265
civ-7efa278e-c726-4661-b9fa-cf4ddf158e57,2026-03-06T07:52:00,12.363896,-1.51552
civ-6cef502b-9aa9-492d-9076-f4fe51c3d513,2026-03-06T07:52:00,12.36291,-1.522465
civ-6465e4c0-d8dc-4972-bee7-bb6306b5fdfb,2026-03-06T07:53:00,12.36295,-1.522439
civ-6cef502b-9aa9-492d-9076-f4fe51c3d513,2026-03-06T07:55:00,12.364029,-1.515284
civ-817b1ac2-8b62-4963-9676-fdfe05160ec2,2026-03-06T07:55:00,12.363874,-1.515305
civ-4ee5f652-6dec-4a3e-9da8-5028cc7be1d1,2026-03-06T07:56:00,12.364077,-1.515362
civ-65555717-54c0-4722-8fb0-05d7bd119bb4,2026-03-06T07:57:00,12.362976,-1.522454
civ-e59c9d8d-85b9-4043-bed5-94294d0fff92,2026-03-06T07:57:00,12.362897,-1.522644
civ-65555717-54c0-4722-8fb0-05d7bd119bb4,2026-03-06T07:59:00,12.363958,-1.515332
ST-ASC-003,2026-03-06T08:00:00,12.362504,-1.513137
ST-DEV-001,2026-03-06T08:00:00,12.359689,-1.516391
LR-ASC-003,2026-03-06T08:00:00,12.3625,-1.513094
ST-ASC-003,2026-03-06T08:00:00,12.362487,-1.51307
ST-DEV-001,2026-03-06T08:00:00,12.364017,-1.515401
civ-fc9771b7-c1ef-4ca0-b8a3-720ac96c75fe,2026-03-06T08:01:00,12.362726,-1.522569
civ-71a08559-d00a-4cd6-99e9-fbee460cf42c,2026-03-06T08:03:00,12.364117,-1.515351
LR-ASC-003,2026-03-06T08:05:00,12.362533,-1.513106
ST-ASC-003,2026-03-06T08:05:00,12.36251,-1.51311
ST-ASC-003,2026-03-06T08:05:00,12.362496,-1.5131
civ-7efa278e-c726-4661-b9fa-cf4ddf158e57,2026-03-06T08:05:00,12.363014,-1.522474
civ-15f8c388-2b33-4e47-b91d-53cd3a04bf48,2026-03-06T08:06:00,12.364079,-1.5154
civ-0772b70c-5227-404f-abb9-6f4bf823ce9a,2026-03-06T08:07:00,12.362792,-1.522474
civ-0204c6dc-5f86-412c-9d05-0a31fa7ffb2d,2026-03-06T08:08:00,12.362848,-1.522604
civ-e5251cef-2ef8-4f32-8c86-222cadbbdd62,2026-03-06T08:08:00,12.362936,-1.522586
ST-DEV-001,2026-03-06T08:10:00,12.364033,-1.515396
ST-DEV-001,2026-03-06T08:10:00,12.359709,-1.516424
LR-ASC-003,2026-03-06T08:10:00,12.362505,-1.513109
ST-ASC-003,2026-03-06T08:10:00,12.362519,-1.513077
civ-611fe07a-a2f0-442f-9fc5-a72c5ee34037,2026-03-06T08:10:00,12.36386,-1.51534
ST-ASC-003,2026-03-06T08:10:00,12.362535,-1.513114
civ-a468a114-5d61-4d4c-ae4e-95320b02f785,2026-03-06T08:13:00,12.363878,-1.51538
civ-1493bb27-c9aa-4752-bb59-eebcef0baefb,2026-03-06T08:14:00,12.363955,-1.515445
civ-8ccee825-f8ec-424c-9e98-42119c6bd5fa,2026-03-06T08:14:00,12.364076,-1.515295
LR-ASC-003,2026-03-06T08:15:00,12.362485,-1.513111
civ-bf1bf079-dbe2-4b80-9863-61ba0331f41f,2026-03-06T08:15:00,12.364107,-1.515234
ST-ASC-003,2026-03-06T08:15:00,12.362498,-1.513107
ST-ASC-003,2026-03-06T08:15:00,12.36247,-1.513108
ST-DEV-001,2026-03-06T08:20:00,12.363994,-1.515429
ST-DEV-001,2026-03-06T08:20:00,12.359687,-1.516371
ST-ASC-003,2026-03-06T08:20:00,12.362499,-1.513094
LR-ASC-003,2026-03-06T08:20:00,12.362491,-1.513094
ST-ASC-003,2026-03-06T08:20:00,12.362464,-1.513086
ST-ASC-003,2026-03-06T08:25:00,12.362516,-1.5131
LR-ASC-003,2026-03-06T08:25:00,12.362542,-1.513113
ST-ASC-003,2026-03-06T08:25:00,12.362463,-1.513099
ST-ASC-003,2026-03-06T08:30:00,12.362511,-1.513071
LR-ASC-003,2026-03-06T08:30:00,12.362493,-1.513101
ST-DEV-001,2026-03-06T08:30:00,12.363995,-1.515406
ST-ASC-003,2026-03-06T08:30:00,12.362463,-1.513106
ST-DEV-001,2026-03-06T08:30:00,12.359713,-1.516344
LR-ASC-003,2026-03-06T08:35:00,12.362507,-1.513095
ST-ASC-003,2026-03-06T08:35:00,12.362507,-1.513094
ST-ASC-003,2026-03-06T08:35:00,12.36253,-1.513094
ST-ASC-003,2026-03-06T08:40:00,12.362484,-1.513101
LR-ASC-003,2026-03-06T08:40:00,12.362523,-1.513144
ST-DEV-001,2026-03-06T08:40:00,12.359732,-1.516369
ST-DEV-001,2026-03-06T08:40:00,12.364017,-1.515392
ST-ASC-003,2026-03-06T08:40:00,12.362473,-1.513147
LR-ASC-003,2026-03-06T08:45:00,12.362457,-1.513109
ST-ASC-003,2026-03-06T08:45:00,12.3625,-1.513091
ST-ASC-003,2026-03-06T08:45:00,12.362507,-1.513102
LR-ASC-003,2026-03-06T08:50:00,12.36252,-1.513128
ST-DEV-001,2026-03-06T08:50:00,12.363979,-1.515397
ST-ASC-003,2026-03-06T08:50:00,12.362475,-1.513089
ST-DEV-001,2026-03-06T08:50:00,12.359663,-1.516379
ST-ASC-003,2026-03-06T08:50:00,12.362491,-1.513096
ST-ASC-003,2026-03-06T08:55:00,12.362499,-1.51308
LR-ASC-003,2026-03-06T08:55:00,12.362446,-1.51309
ST-ASC-003,2026-03-06T08:55:00,12.362451,-1.513111
NEW-DEV-X1,2026-03-06T09:00:00,12.358975,-1.520891
LR-ASC-003,2026-03-06T09:00:00,12.362504,-1.51312
ST-ASC-003,2026-03-06T09:00:00,12.362502,-1.513113
LR-ASC-003,2026-03-06T09:00:00,12.364466,-1.521212
ST-ASC-003,2026-03-06T09:00:00,12.361831,-1.514451
ST-DEV-001,2026-03-06T09:00:00,12.364012,-1.515372
NEW-DEV-X2,2026-03-06T09:00:00,12.358981,-1.520898
NEW-DEV-X3,2026-03-06T09:00:00,12.358988,-1.520896
LR-ASC-003,2026-03-06T09:05:00,12.362482,-1.513117
NEW-DEV-X1,2026-03-06T09:05:00,12.359034,-1.520892
ST-ASC-003,2026-03-06T09:05:00,12.362518,-1.513104
NEW-DEV-X2,2026-03-06T09:05:00,12.358982,-1.520914
NEW-DEV-X3,2026-03-06T09:05:00,12.358969,-1.52091
ST-ASC-003,2026-03-06T09:10:00,12.362509,-1.513109
NEW-DEV-X2,2026-03-06T09:10:00,12.358992,-1.520925
ST-DEV-001,2026-03-06T09:10:00,12.364016,-1.515386
NEW-DEV-X3,2026-03-06T09:10:00,12.35898,-1.520898
LR-ASC-003,2026-03-06T09:10:00,12.362502,-1.513111
NEW-DEV-X1,2026-03-06T09:10:00,12.359005,-1.5209
NEW-DEV-X2,2026-03-06T09:15:00,12.358982,-1.520887
NEW-DEV-X3,2026-03-06T09:15:00,12.359018,-1.520888
LR-ASC-003,2026-03-06T09:15:00,12.362509,-1.513151
NEW-DEV-X1,2026-03-06T09:15:00,12.358972,-1.520876
ST-ASC-003,2026-03-06T09:15:00,12.362488,-1.513098
LR-ASC-003,2026-03-06T09:20:00,12.362485,-1.51312
NEW-DEV-X1,2026-03-06T09:20:00,12.358989,-1.520891
ST-DEV-001,2026-03-06T09:20:00,12.364001,-1.515393
NEW-DEV-X2,2026-03-06T09:20:00,12.358976,-1.520929
ST-ASC-003,2026-03-06T09:20:00,12.3625,-1.513091
NEW-DEV-X3,2026-03-06T09:20:00,12.358957,-1.520863
LR-ASC-003,2026-03-06T09:25:00,12.362495,-1.51311
NEW-DEV-X1,2026-03-06T09:25:00,12.358972,-1.520921
ST-ASC-003,2026-03-06T09:25:00,12.362495,-1.513133
NEW-DEV-X2,2026-03-06T09:25:00,12.358989,-1.520887
NEW-DEV-X3,2026-03-06T09:25:00,12.359005,-1.520914
NEW-DEV-X1,2026-03-06T09:30:00,12.359026,-1.520906
NEW-DEV-X2,2026-03-06T09:30:00,12.358996,-1.520908
LR-ASC-003,2026-03-06T09:30:00,12.362514,-1.513133
ST-DEV-001,2026-03-06T09:30:00,12.364022,-1.515424
ST-ASC-003,2026-03-06T09:30:00,12.362492,-1.513086
NEW-DEV-X3,2026-03-06T09:30:00,12.359003,-1.520897
NEW-DEV-X1,2026-03-06T09:35:00,12.359026,-1.520901
NEW-DEV-X3,2026-03-06T09:35:00,12.358988,-1.520896
LR-ASC-003,2026-03-06T09:35:00,12.362501,-1.51309
ST-ASC-003,2026-03-06T09:35:00,12.362495,-1.513104
NEW-DEV-X2,2026-03-06T09:35:00,12.359001,-1.520931
NEW-DEV-X3,2026-03-06T09:40:00,12.358989,-1.520907
ST-ASC-003,2026-03-06T09:40:00,12.362518,-1.513113
NEW-DEV-X1,2026-03-06T09:40:00,12.358967,-1.520884
ST-DEV-001,2026-03-06T09:40:00,12.363994,-1.515414
LR-ASC-003,2026-03-06T09:40:00,12.362533,-1.513109
NEW-DEV-X2,2026-03-06T09:40:00,12.359009,-1.520893
NEW-DEV-X2,2026-03-06T09:45:00,12.358993,-1.520882
ST-ASC-003,2026-03-06T09:45:00,12.362472,-1.513103
LR-ASC-003,2026-03-06T09:45:00,12.362506,-1.513132
NEW-DEV-X1,2026-03-06T09:45:00,12.358989,-1.520887
NEW-DEV-X3,2026-03-06T09:45:00,12.358988,-1.520926
NEW-DEV-X2,2026-03-06T09:50:00,12.35898,-1.52088
ST-DEV-001,2026-03-06T09:50:00,12.364007,-1.515378
LR-ASC-003,2026-03-06T09:50:00,12.362457,-1.513085
NEW-DEV-X1,2026-03-06T09:50:00,12.359,-1.520928
NEW-DEV-X3,2026-03-06T09:50:00,12.359003,-1.520889
ST-ASC-003,2026-03-06T09:50:00,12.362491,-1.513117
NEW-DEV-X1,2026-03-06T09:55:00,12.359003,-1.52086
NEW-DEV-X2,2026-03-06T09:55:00,12.359003,-1.520906
LR-ASC-003,2026-03-06T09:55:00,12.3625,-1.513079
NEW-DEV-X3,2026-03-06T09:55:00,12.359009,-1.520885
ST-ASC-003,2026-03-06T09:55:00,12.362497,-1.513091
LR-ASC-003,2026-03-06T10:00:00,12.362479,-1.513151
ST-DEV-001,2026-03-06T10:00:00,12.363989,-1.515443
NEW-DEV-X2,2026-03-06T10:00:00,12.359,-1.520902
NEW-DEV-X1,2026-03-06T10:00:00,12.359009,-1.520901
NEW-DEV-X3,2026-03-06T10:00:00,12.359006,-1.52091
NEW-DEV-X2,2026-03-06T10:05:00,12.359022,-1.520919
NEW-DEV-X3,2026-03-06T10:05:00,12.359015,-1.520924
NEW-DEV-X1,2026-03-06T10:05:00,12.359019,-1.520896
LR-ASC-003,2026-03-06T10:05:00,12.362485,-1.513083
NEW-DEV-X2,2026-03-06T10:10:00,12.358986,-1.520881
NEW-DEV-X1,2026-03-06T10:10:00,12.359004,-1.52092
NEW-DEV-X3,2026-03-06T10:10:00,12.358984,-1.520917
LR-ASC-003,2026-03-06T10:10:00,12.362509,-1.513104
ST-DEV-001,2026-03-06T10:10:00,12.363993,-1.515384
NEW-DEV-X1,2026-03-06T10:15:00,12.359004,-1.520881
LR-ASC-003,2026-03-06T10:15:00,12.3625,-1.513112
NEW-DEV-X2,2026-03-06T10:15:00,12.358989,-1.520884
NEW-DEV-X3,2026-03-06T10:15:00,12.359019,-1.520883
LR-ASC-003,2026-03-06T10:20:00,12.362504,-1.513086
NEW-DEV-X3,2026-03-06T10:20:00,12.359009,-1.520881
NEW-DEV-X1,2026-03-06T10:20:00,12.358985,-1.520874
NEW-DEV-X2,2026-03-06T10:20:00,12.359031,-1.520907
ST-DEV-001,2026-03-06T10:20:00,12.36401,-1.515392
NEW-DEV-X2,2026-03-06T10:25:00,12.359012,-1.520921
NEW-DEV-X1,2026-03-06T10:25:00,12.358998,-1.520916
LR-ASC-003,2026-03-06T10:25:00,12.362471,-1.513095
NEW-DEV-X3,2026-03-06T10:25:00,12.358984,-1.520894
NEW-DEV-X2,2026-03-06T10:30:00,12.359014,-1.520896
ST-DEV-001,2026-03-06T10:30:00,12.363995,-1.515423
LR-ASC-003,2026-03-06T10:30:00,12.362517,-1.513107
NEW-DEV-X1,2026-03-06T10:30:00,12.359018,-1.520905
NEW-DEV-X3,2026-03-06T10:30:00,12.358998,-1.520885
NEW-DEV-X3,2026-03-06T10:35:00,12.358998,-1.520907
NEW-DEV-X1,2026-03-06T10:35:00,12.359014,-1.520905
LR-ASC-003,2026-03-06T10:35:00,12.362513,-1.513049
NEW-DEV-X2,2026-03-06T10:35:00,12.359009,-1.520912
NEW-DEV-X1,2026-03-06T10:40:00,12.358999,-1.520891
NEW-DEV-X2,2026-03-06T10:40:00,12.35897,-1.520891
LR-ASC-003,2026-03-06T10:40:00,12.362498,-1.513093
ST-DEV-001,2026-03-06T10:40:00,12.364009,-1.515415
NEW-DEV-X3,2026-03-06T10:40:00,12.35901,-1.520884
NEW-DEV-X2,2026-03-06T10:45:00,12.358963,-1.520906
NEW-DEV-X1,2026-03-06T10:45:00,12.359005,-1.520936
LR-ASC-003,2026-03-06T10:45:00,12.362487,-1.513097
NEW-DEV-X3,2026-03-06T10:45:00,12.358988,-1.520901
ST-DEV-001,2026-03-06T10:50:00,12.364039,-1.51539
LR-ASC-003,2026-03-06T10:50:00,12.362508,-1.513096
NEW-DEV-X2,2026-03-06T10:50:00,12.359017,-1.520897
NEW-DEV-X1,2026-03-06T10:50:00,12.35898,-1.520883
NEW-DEV-X3,2026-03-06T10:50:00,12.358981,-1.520945
LR-ASC-003,2026-03-06T10:55:00,12.362482,-1.513096
NEW-DEV-X1,2026-03-06T10:55:00,12.358998,-1.520909
NEW-DEV-X3,2026-03-06T10:55:00,12.359004,-1.520889
NEW-DEV-X2,2026-03-06T10:55:00,12.359035,-1.520882
LR-ASC-003,2026-03-06T11:00:00,12.362526,-1.513092
ST-DEV-001,2026-03-06T11:00:00,12.36399,-1.515411
NEW-DEV-X1,2026-03-06T11:00:00,12.358976,-1.520919
NEW-DEV-X3,2026-03-06T11:00:00,12.359005,-1.520935
NEW-DEV-X2,2026-03-06T11:00:00,12.358988,-1.5209
LR-ASC-003,2026-03-06T11:05:00,12.362517,-1.513104
NEW-DEV-X1,2026-03-06T11:05:00,12.358964,-1.520902
NEW-DEV-X3,2026-03-06T11:05:00,12.358994,-1.52094
NEW-DEV-X2,2026-03-06T11:05:00,12.358999,-1.520928
LR-ASC-003,2026-03-06T11:10:00,12.362513,-1.513095
NEW-DEV-X3,2026-03-06T11:10:00,12.359025,-1.52092
NEW-DEV-X2,2026-03-06T11:10:00,12.358983,-1.52091
ST-DEV-001,2026-03-06T11:10:00,12.363998,-1.515404
NEW-DEV-X1,2026-03-06T11:10:00,12.358989,-1.520917
NEW-DEV-X3,2026-03-06T11:15:00,12.359023,-1.520883
NEW-DEV-X1,2026-03-06T11:15:00,12.358999,-1.520893
LR-ASC-003,2026-03-06T11:15:00,12.362483,-1.513094
NEW-DEV-X2,2026-03-06T11:15:00,12.358963,-1.520899
NEW-DEV-X1,2026-03-06T11:20:00,12.359038,-1.520927
NEW-DEV-X3,2026-03-06T11:20:00,12.358984,-1.52092
LR-ASC-003,2026-03-06T11:20:00,12.362482,-1.513111
ST-DEV-001,2026-03-06T11:20:00,12.36402,-1.515397
NEW-DEV-X2,2026-03-06T11:20:00,12.358996,-1.52093
NEW-DEV-X3,2026-03-06T11:25:00,12.359006,-1.520915
NEW-DEV-X2,2026-03-06T11:25:00,12.359007,-1.520887
NEW-DEV-X1,2026-03-06T11:25:00,12.359021,-1.520882
LR-ASC-003,2026-03-06T11:25:00,12.362503,-1.513095
NEW-DEV-X3,2026-03-06T11:30:00,12.359002,-1.520909
NEW-DEV-X1,2026-03-06T11:30:00,12.358986,-1.520896
NEW-DEV-X2,2026-03-06T11:30:00,12.359004,-1.520906
LR-ASC-003,2026-03-06T11:30:00,12.362479,-1.513081
LR-ASC-003,2026-03-06T11:35:00,12.36251,-1.513113
NEW-DEV-X3,2026-03-06T11:35:00,12.358968,-1.52094
NEW-DEV-X1,2026-03-06T11:35:00,12.358992,-1.520897
NEW-DEV-X2,2026-03-06T11:35:00,12.359011,-1.520888
NEW-DEV-X3,2026-03-06T11:40:00,12.359004,-1.52091
NEW-DEV-X2,2026-03-06T11:40:00,12.359006,-1.520915
LR-ASC-003,2026-03-06T11:40:00,12.362472,-1.513103
NEW-DEV-X1,2026-03-06T11:40:00,12.359027,-1.520889
NEW-DEV-X2,2026-03-06T11:45:00,12.359005,-1.520878
NEW-DEV-X3,2026-03-06T11:45:00,12.35899,-1.520887
LR-ASC-003,2026-03-06T11:45:00,12.362492,-1.513098
NEW-DEV-X1,2026-03-06T11:45:00,12.359009,-1.520908
NEW-DEV-X3,2026-03-06T11:50:00,12.359021,-1.520905
NEW-DEV-X2,2026-03-06T11:50:00,12.358989,-1.520862
NEW-DEV-X1,2026-03-06T11:50:00,12.358973,-1.520904
LR-ASC-003,2026-03-06T11:50:00,12.362493,-1.513136
NEW-DEV-X2,2026-03-06T11:55:00,12.358991,-1.520899
NEW-DEV-X1,2026-03-06T11:55:00,12.359022,-1.520927
NEW-DEV-X3,2026-03-06T11:55:00,12.358994,-1.520891
LR-ASC-003,2026-03-06T11:55:00,12.362493,-1.513106
veh-stage-3,2026-03-06T12:00:00,12.362496,-1.513083
LR-ASC-003,2026-03-06T12:00:00,12.362511,-1.513113
veh-stage-2,2026-03-06T12:00:00,12.362479,-1.513067
veh-stage-1,2026-03-06T12:00:00,12.362516,-1.513117
veh-stage-0,2026-03-06T12:00:00,12.362499,-1.51311
LR-ASC-003,2026-03-06T12:05:00,12.36253,-1.513134
veh-stage-1,2026-03-06T12:10:00,12.362499,-1.513105
veh-stage-2,2026-03-06T12:10:00,12.36249,-1.513085
veh-stage-0,2026-03-06T12:10:00,12.362503,-1.513083
LR-ASC-003,2026-03-06T12:10:00,12.362524,-1.513104
veh-stage-3,2026-03-06T12:10:00,12.362529,-1.513076
LR-ASC-003,2026-03-06T12:15:00,12.362515,-1.513099
veh-stage-2,2026-03-06T12:20:00,12.362504,-1.513118
veh-stage-3,2026-03-06T12:20:00,12.36248,-1.513105
veh-stage-0,2026-03-06T12:20:00,12.362509,-1.513116
LR-ASC-003,2026-03-06T12:20:00,12.362521,-1.513107
veh-stage-1,2026-03-06T12:20:00,12.362482,-1.513094
LR-ASC-003,2026-03-06T12:25:00,12.36248,-1.513074
veh-stage-2,2026-03-06T12:30:00,12.3625,-1.513086
veh-stage-0,2026-03-06T12:30:00,12.362513,-1.513111
veh-stage-1,2026-03-06T12:30:00,12.36249,-1.513088
LR-ASC-003,2026-03-06T12:30:00,12.362498,-1.513096
veh-stage-3,2026-03-06T12:30:00,12.362494,-1.513091
LR-ASC-003,2026-03-06T12:35:00,12.362522,-1.513119
veh-stage-2,2026-03-06T12:40:00,12.362497,-1.513079
veh-stage-0,2026-03-06T12:40:00,12.362504,-1.513105
veh-stage-1,2026-03-06T12:40:00,12.362481,-1.513069
LR-ASC-003,2026-03-06T12:40:00,12.362511,-1.513111
veh-stage-3,2026-03-06T12:40:00,12.362512,-1.513115
LR-ASC-003,2026-03-06T12:45:00,12.362498,-1.513099
veh-stage-1,2026-03-06T12:50:00,12.362484,-1.513096
LR-ASC-003,2026-03-06T12:50:00,12.362473,-1.513114
veh-stage-2,2026-03-06T12:50:00,12.362518,-1.513083
veh-stage-3,2026-03-06T12:50:00,12.362501,-1.513136
veh-stage-0,2026-03-06T12:50:00,12.362496,-1.513086
LR-ASC-003,2026-03-06T12:55:00,12.362524,-1.513084
veh-stage-3,2026-03-06T13:00:00,12.362526,-1.513109
veh-stage-1,2026-03-06T13:00:00,12.362514,-1.51311
veh-stage-2,2026-03-06T13:00:00,12.362492,-1.513119
LR-ASC-003,2026-03-06T13:00:00,12.362499,-1.513096
veh-stage-0,2026-03-06T13:00:00,12.362481,-1.513065
LR-ASC-003,2026-03-06T13:05:00,12.362495,-1.513076
veh-stage-1,2026-03-06T13:10:00,12.362515,-1.513122
veh-stage-0,2026-03-06T13:10:00,12.362467,-1.513111
veh-stage-2,2026-03-06T13:10:00,12.362489,-1.513096
veh-stage-3,2026-03-06T13:10:00,12.362501,-1.513106
LR-ASC-003,2026-03-06T13:10:00,12.362496,-1.513096
LR-ASC-003,2026-03-06T13:15:00,12.362521,-1.513114
LR-ASC-003,2026-03-06T13:20:00,12.362528,-1.513128
veh-stage-3,2026-03-06T13:20:00,12.362521,-1.513151
veh-stage-2,2026-03-06T13:20:00,12.36251,-1.513139
veh-stage-1,2026-03-06T13:20:00,12.362526,-1.5131
veh-stage-0,2026-03-06T13:20:00,12.362507,-1.513089
LR-ASC-003,2026-03-06T13:25:00,12.362529,-1.513107
veh-stage-0,2026-03-06T13:30:00,12.362498,-1.513101
veh-stage-3,2026-03-06T13:30:00,12.3625,-1.513102
LR-ASC-003,2026-03-06T13:30:00,12.362496,-1.513134
veh-stage-2,2026-03-06T13:30:00,12.3625,-1.513097
veh-stage-1,2026-03-06T13:30:00,12.362489,-1.513105
LR-ASC-003,2026-03-06T13:35:00,12.362492,-1.513119
veh-stage-2,2026-03-06T13:40:00,12.362495,-1.513077
veh-stage-3,2026-03-06T13:40:00,12.362492,-1.513069
LR-ASC-003,2026-03-06T13:40:00,12.362489,-1.513102
veh-stage-0,2026-03-06T13:40:00,12.362507,-1.513104
veh-stage-1,2026-03-06T13:40:00,12.362515,-1.513111
LR-ASC-003,2026-03-06T13:45:00,12.362517,-1.513096
veh-stage-1,2026-03-06T13:50:00,12.362487,-1.513104
veh-stage-0,2026-03-06T13:50:00,12.362525,-1.513085
LR-ASC-003,2026-03-06T13:50:00,12.362506,-1.51312
veh-stage-2,2026-03-06T13:50:00,12.362508,-1.513076
veh-stage-3,2026-03-06T13:50:00,12.362484,-1.513086
LR-ASC-003,2026-03-06T13:55:00,12.362484,-1.513068
ST-DEV-001,2026-03-06T18:15:00,12.361831,-1.514451
ST-DEV-001,2026-03-06T19:00:00,12.359687,-1.516366
ST-DEV-001,2026-03-06T19:15:00,12.359701,-1.516386
ST-DEV-001,2026-03-06T19:30:00,12.359689,-1.516393
ST-DEV-001,2026-03-06T19:45:00,12.359706,-1.516434
ST-DEV-001,2026-03-06T20:00:00,12.359736,-1.516377
ST-DEV-001,2026-03-06T20:15:00,12.359693,-1.51642
ST-DEV-001,2026-03-06T20:30:00,12.359706,-1.516398
ST-DEV-001,2026-03-06T20:45:00,12.359706,-1.516397
ST-DEV-001,2026-03-06T21:00:00,12.359709,-1.516374
ST-DEV-001,2026-03-06T21:15:00,12.35971,-1.516419
ST-DEV-001,2026-03-06T21:30:00,12.359725,-1.51637
ST-DEV-001,2026-03-06T21:45:00,12.359757,-1.51642
LR-ASC-003,2026-03-07T05:00:00,12.364466,-1.521212
LR-ASC-003,2026-03-07T06:00:00,12.362458,-1.513086
ST-DEV-001,2026-03-07T06:00:00,12.35969,-1.516394
LR-DEV-001,2026-03-07T06:00:00,12.359001,-1.520901
LR-ASC-003,2026-03-07T06:05:00,12.3625,-1.513078
ST-DEV-001,2026-03-07T06:10:00,12.359675,-1.516353
LR-ASC-003,2026-03-07T06:10:00,12.36248,-1.513157
LR-DEV-001,2026-03-07T06:10:00,12.359043,-1.520879
LR-ASC-003,2026-03-07T06:15:00,12.362505,-1.513095
LR-DEV-001,2026-03-07T06:20:00,12.359013,-1.520898
LR-ASC-003,2026-03-07T06:20:00,12.36247,-1.513118
ST-DEV-001,2026-03-07T06:20:00,12.359683,-1.516401
LR-ASC-003,2026-03-07T06:25:00,12.36255,-1.513106
LR-ASC-003,2026-03-07T06:30:00,12.362513,-1.513112
ST-DEV-001,2026-03-07T06:30:00,12.359715,-1.516416
LR-DEV-001,2026-03-07T06:30:00,12.359018,-1.520891
LR-ASC-003,2026-03-07T06:35:00,12.362462,-1.513103
LR-ASC-003,2026-03-07T06:40:00,12.362495,-1.513107
LR-DEV-001,2026-03-07T06:40:00,12.359,-1.520905
ST-DEV-001,2026-03-07T06:40:00,12.35965,-1.516412
LR-ASC-003,2026-03-07T06:45:00,12.362498,-1.513095
LR-ASC-003,2026-03-07T06:50:00,12.362497,-1.513123
LR-DEV-001,2026-03-07T06:50:00,12.358999,-1.520957
ST-DEV-001,2026-03-07T06:50:00,12.359728,-1.516409
LR-ASC-003,2026-03-07T06:55:00,12.362509,-1.513135
LR-DEV-001,2026-03-07T07:00:00,12.359004,-1.520909
LR-ASC-003,2026-03-07T07:00:00,12.361831,-1.514451
ST-DEV-001,2026-03-07T07:00:00,12.359413,-1.51634
ST-DEV-001,2026-03-07T07:00:00,12.359677,-1.516375
ST-ASC-003,2026-03-07T07:00:00,12.359413,-1.51634
ST-DEV-001,2026-03-07T07:10:00,12.359691,-1.516414
LR-DEV-001,2026-03-07T07:10:00,12.359029,-1.5209
ST-DEV-001,2026-03-07T07:20:00,12.359704,-1.516379
LR-DEV-001,2026-03-07T07:20:00,12.358979,-1.520901
ST-DEV-001,2026-03-07T07:30:00,12.359764,-1.516378
LR-DEV-001,2026-03-07T07:30:00,12.358981,-1.520891
ST-DEV-001,2026-03-07T07:40:00,12.359731,-1.516414
LR-DEV-001,2026-03-07T07:40:00,12.359005,-1.520883
LR-DEV-001,2026-03-07T07:50:00,12.358986,-1.520899
civ-4ee5f652-6dec-4a3e-9da8-5028cc7be1d1,2026-03-07T07:50:00,12.362883,-1.522602
ST-DEV-001,2026-03-07T07:50:00,12.359672,-1.516398
civ-cdb53c5f-9a7a-48fb-8815-1b5e444c506b,2026-03-07T07:51:00,12.362855,-1.522514
civ-1c8aeb44-c08d-4761-bb57-9bf0fb45ca2d,2026-03-07T07:52:00,12.36402,-1.51544
civ-bf1bf079-dbe2-4b80-9863-61ba0331f41f,2026-03-07T07:53:00,12.362889,-1.522519
civ-d91719a4-535b-4455-af7a-04938597798e,2026-03-07T07:54:00,12.364049,-1.515238
civ-cfd611de-41a6-4b73-a764-0ddcbf9dae14,2026-03-07T07:54:00,12.362967,-1.522471
civ-7efa278e-c726-4661-b9fa-cf4ddf158e57,2026-03-07T07:55:00,12.364093,-1.515437
civ-2fdc0436-1a04-434c-9d37-9bde6f249a5a,2026-03-07T07:56:00,12.363922,-1.515401
civ-449026e2-0932-48dd-b2e5-589a4a6d9aab,2026-03-07T07:58:00,12.362838,-1.522559
civ-4ee5f652-6dec-4a3e-9da8-5028cc7be1d1,2026-03-07T07:59:00,12.364025,-1.515587
ST-ASC-003,2026-03-07T08:00:00,12.362499,-1.513096
ST-DEV-001,2026-03-07T08:00:00,12.359703,-1.516429
ST-ASC-003,2026-03-07T08:00:00,12.362481,-1.5131
LR-ASC-003,2026-03-07T08:00:00,12.362501,-1.513113
ST-DEV-001,2026-03-07T08:00:00,12.364006,-1.515377
LR-DEV-001,2026-03-07T08:00:00,12.358975,-1.520887
civ-89a22776-d969-4bbf-a4ce-5a3e4cfc6c0c,2026-03-07T08:01:00,12.362943,-1.522434
civ-d3964bd1-513b-42c0-b2da-9d4cde522505,2026-03-07T08:02:00,12.363858,-1.515395
civ-14e44a92-a8ac-4e10-9f18-39df3c5ace1d,2026-03-07T08:02:00,12.362892,-1.522499
civ-611fe07a-a2f0-442f-9fc5-a72c5ee34037,2026-03-07T08:03:00,12.364082,-1.515389
civ-d91719a4-535b-4455-af7a-04938597798e,2026-03-07T08:04:00,12.362863,-1.52259
civ-6bacced4-8959-468d-8041-f082312ed83e,2026-03-07T08:04:00,12.364028,-1.515515
ST-ASC-003,2026-03-07T08:05:00,12.362517,-1.513091
LR-ASC-003,2026-03-07T08:05:00,12.362531,-1.513081
ST-ASC-003,2026-03-07T08:05:00,12.36247,-1.51312
civ-642e97d3-8d95-46fd-b10b-62983c9c93b8,2026-03-07T08:05:00,12.363105,-1.522577
civ-0772b70c-5227-404f-abb9-6f4bf823ce9a,2026-03-07T08:05:00,12.362783,-1.522667
civ-2fdc0436-1a04-434c-9d37-9bde6f249a5a,2026-03-07T08:07:00,12.362947,-1.522548
civ-cdb53c5f-9a7a-48fb-8815-1b5e444c506b,2026-03-07T08:08:00,12.363931,-1.515502
civ-cedf7edb-54e6-40cd-ba57-81048f7ce03d,2026-03-07T08:09:00,12.362889,-1.522499
ST-ASC-003,2026-03-07T08:10:00,12.362512,-1.513089
civ-b023d061-90e5-4380-80b5-217bc9a0f61f,2026-03-07T08:10:00,12.363948,-1.515352
ST-ASC-003,2026-03-07T08:10:00,12.362497,-1.513104
ST-DEV-001,2026-03-07T08:10:00,12.359695,-1.516389
LR-ASC-003,2026-03-07T08:10:00,12.362487,-1.513124
ST-DEV-001,2026-03-07T08:10:00,12.363988,-1.515413
civ-e5251cef-2ef8-4f32-8c86-222cadbbdd62,2026-03-07T08:10:00,12.364094,-1.515576
LR-DEV-001,2026-03-07T08:10:00,12.359009,-1.520891
civ-15f8c388-2b33-4e47-b91d-53cd3a04bf48,2026-03-07T08:11:00,12.362882,-1.522467
civ-14e44a92-a8ac-4e10-9f18-39df3c5ace1d,2026-03-07T08:14:00,12.364072,-1.515312
ST-ASC-003,2026-03-07T08:15:00,12.362509,-1.513077
civ-b5361b11-82a9-4927-a9e5-a18eae93320e,2026-03-07T08:15:00,12.362912,-1.522237
LR-ASC-003,2026-03-07T08:15:00,12.362493,-1.513092
ST-ASC-003,2026-03-07T08:15:00,12.362493,-1.513118
ST-DEV-001,2026-03-07T08:20:00,12.35971,-1.516386
ST-DEV-001,2026-03-07T08:20:00,12.36402,-1.515392
ST-ASC-003,2026-03-07T08:20:00,12.362502,-1.513108
ST-ASC-003,2026-03-07T08:20:00,12.362482,-1.513107
LR-DEV-001,2026-03-07T08:20:00,12.359,-1.520893
LR-ASC-003,2026-03-07T08:20:00,12.362504,-1.513077
LR-ASC-003,2026-03-07T08:25:00,12.362514,-1.513083
ST-ASC-003,2026-03-07T08:25:00,12.362512,-1.513083
ST-ASC-003,2026-03-07T08:25:00,12.362482,-1.513126
ST-DEV-001,2026-03-07T08:30:00,12.363972,-1.51541
ST-DEV-001,2026-03-07T08:30:00,12.359708,-1.516414
LR-ASC-003,2026-03-07T08:30:00,12.362506,-1.513125
ST-ASC-003,2026-03-07T08:30:00,12.362512,-1.51309
LR-DEV-001,2026-03-07T08:30:00,12.359029,-1.520905
ST-ASC-003,2026-03-07T08:30:00,12.362491,-1.513121
ST-ASC-003,2026-03-07T08:35:00,12.362505,-1.513115
LR-ASC-003,2026-03-07T08:35:00,12.362496,-1.513081
ST-ASC-003,2026-03-07T08:35:00,12.36251,-1.513102
LR-ASC-003,2026-03-07T08:40:00,12.362499,-1.513091
ST-DEV-001,2026-03-07T08:40:00,12.359686,-1.516432
ST-ASC-003,2026-03-07T08:40:00,12.362491,-1.513076
ST-ASC-003,2026-03-07T08:40:00,12.362525,-1.513109
ST-DEV-001,2026-03-07T08:40:00,12.364007,-1.515385
LR-DEV-001,2026-03-07T08:40:00,12.359002,-1.52092
LR-ASC-003,2026-03-07T08:45:00,12.362494,-1.513119
ST-ASC-003,2026-03-07T08:45:00,12.362515,-1.513097
ST-ASC-003,2026-03-07T08:45:00,12.362517,-1.513101
LR-DEV-001,2026-03-07T08:50:00,12.358984,-1.520898
ST-DEV-001,2026-03-07T08:50:00,12.363988,-1.515452
LR-ASC-003,2026-03-07T08:50:00,12.362498,-1.513094
ST-DEV-001,2026-03-07T08:50:00,12.359748,-1.5164
ST-ASC-003,2026-03-07T08:50:00,12.362489,-1.513089
ST-ASC-003,2026-03-07T08:50:00,12.362477,-1.513096
LR-ASC-003,2026-03-07T08:55:00,12.362488,-1.513104
ST-ASC-003,2026-03-07T08:55:00,12.362507,-1.513094
ST-ASC-003,2026-03-07T08:55:00,12.362519,-1.513107
NEW-DEV-X1,2026-03-07T09:00:00,12.358962,-1.520888
ST-ASC-003,2026-03-07T09:00:00,12.361831,-1.514451
LR-DEV-001,2026-03-07T09:00:00,12.35902,-1.520905
ST-ASC-003,2026-03-07T09:00:00,12.362524,-1.513077
LR-ASC-003,2026-03-07T09:00:00,12.362483,-1.51308
NEW-DEV-X2,2026-03-07T09:00:00,12.358994,-1.520924
ST-DEV-001,2026-03-07T09:00:00,12.364009,-1.515422
LR-ASC-003,2026-03-07T09:00:00,12.364466,-1.521212
NEW-DEV-X1,2026-03-07T09:05:00,12.358998,-1.52089
ST-ASC-003,2026-03-07T09:05:00,12.36253,-1.513095
NEW-DEV-X2,2026-03-07T09:05:00,12.359013,-1.520904
LR-ASC-003,2026-03-07T09:05:00,12.362495,-1.513074
ST-DEV-001,2026-03-07T09:10:00,12.363964,-1.515451
ST-ASC-003,2026-03-07T09:10:00,12.362511,-1.513075
LR-DEV-001,2026-03-07T09:10:00,12.358996,-1.520907
NEW-DEV-X2,2026-03-07T09:10:00,12.359001,-1.520871
LR-ASC-003,2026-03-07T09:10:00,12.362528,-1.513101
NEW-DEV-X1,2026-03-07T09:10:00,12.358988,-1.520901
NEW-DEV-X1,2026-03-07T09:15:00,12.359013,-1.520844
ST-ASC-003,2026-03-07T09:15:00,12.362508,-1.513109
NEW-DEV-X2,2026-03-07T09:15:00,12.359,-1.520895
LR-ASC-003,2026-03-07T09:15:00,12.362482,-1.513138
LR-ASC-003,2026-03-07T09:20:00,12.362474,-1.513125
NEW-DEV-X2,2026-03-07T09:20:00,12.358979,-1.520904
ST-ASC-003,2026-03-07T09:20:00,12.362492,-1.513096
ST-DEV-001,2026-03-07T09:20:00,12.364015,-1.515398
LR-DEV-001,2026-03-07T09:20:00,12.35899,-1.520895
NEW-DEV-X1,2026-03-07T09:20:00,12.359015,-1.520915
ST-ASC-003,2026-03-07T09:25:00,12.362477,-1.513103
NEW-DEV-X1,2026-03-07T09:25:00,12.358992,-1.520908
LR-ASC-003,2026-03-07T09:25:00,12.362525,-1.513098
NEW-DEV-X2,2026-03-07T09:25:00,12.359011,-1.520928
LR-ASC-003,2026-03-07T09:30:00,12.362507,-1.51314
ST-DEV-001,2026-03-07T09:30:00,12.363996,-1.515375
ST-ASC-003,2026-03-07T09:30:00,12.36252,-1.513139
NEW-DEV-X2,2026-03-07T09:30:00,12.359004,-1.520898
NEW-DEV-X1,2026-03-07T09:30:00,12.358968,-1.520906
LR-DEV-001,2026-03-07T09:30:00,12.358973,-1.520877
NEW-DEV-X1,2026-03-07T09:35:00,12.359013,-1.520923
ST-ASC-003,2026-03-07T09:35:00,12.362528,-1.51308
NEW-DEV-X2,2026-03-07T09:35:00,12.359001,-1.520881
LR-ASC-003,2026-03-07T09:35:00,12.362478,-1.513084
NEW-DEV-X1,2026-03-07T09:40:00,12.359019,-1.520891
LR-DEV-001,2026-03-07T09:40:00,12.358988,-1.520887
LR-ASC-003,2026-03-07T09:40:00,12.362505,-1.513103
ST-ASC-003,2026-03-07T09:40:00,12.362492,-1.51309
NEW-DEV-X2,2026-03-07T09:40:00,12.359006,-1.520873
ST-DEV-001,2026-03-07T09:40:00,12.364011,-1.515371
LR-ASC-003,2026-03-07T09:45:00,12.36251,-1.513071
NEW-DEV-X2,2026-03-07T09:45:00,12.358982,-1.520898
NEW-DEV-X1,2026-03-07T09:45:00,12.358987,-1.520903
ST-ASC-003,2026-03-07T09:45:00,12.3625,-1.513078
ST-ASC-003,2026-03-07T09:50:00,12.362518,-1.513125
NEW-DEV-X1,2026-03-07T09:50:00,12.359029,-1.520887
LR-ASC-003,2026-03-07T09:50:00,12.362496,-1.513099
LR-DEV-001,2026-03-07T09:50:00,12.358977,-1.520888
NEW-DEV-X2,2026-03-07T09:50:00,12.359002,-1.520919
ST-DEV-001,2026-03-07T09:50:00,12.363975,-1.515401
NEW-DEV-X1,2026-03-07T09:55:00,12.359,-1.520904
NEW-DEV-X2,2026-03-07T09:55:00,12.359017,-1.520858
ST-ASC-003,2026-03-07T09:55:00,12.362511,-1.513104
LR-ASC-003,2026-03-07T09:55:00,12.362503,-1.513057
NEW-DEV-X2,2026-03-07T10:00:00,12.359,-1.520891
LR-DEV-001,2026-03-07T10:00:00,12.359012,-1.520893
NEW-DEV-X1,2026-03-07T10:00:00,12.359001,-1.520909
ST-DEV-001,2026-03-07T10:00:00,12.363971,-1.515404
LR-ASC-003,2026-03-07T10:00:00,12.362463,-1.513087
NEW-DEV-X2,2026-03-07T10:05:00,12.359002,-1.520913
NEW-DEV-X1,2026-03-07T10:05:00,12.358962,-1.520863
LR-ASC-003,2026-03-07T10:05:00,12.362509,-1.513101
NEW-DEV-X2,2026-03-07T10:10:00,12.358967,-1.520913
LR-ASC-003,2026-03-07T10:10:00,12.362475,-1.513113
NEW-DEV-X1,2026-03-07T10:10:00,12.359003,-1.520893
LR-DEV-001,2026-03-07T10:10:00,12.358982,-1.520896
ST-DEV-001,2026-03-07T10:10:00,12.363996,-1.515389
LR-ASC-003,2026-03-07T10:15:00,12.362495,-1.513129
NEW-DEV-X2,2026-03-07T10:15:00,12.358975,-1.520869
NEW-DEV-X1,2026-03-07T10:15:00,12.358999,-1.520913
LR-ASC-003,2026-03-07T10:20:00,12.362487,-1.513088
NEW-DEV-X2,2026-03-07T10:20:00,12.358998,-1.520906
LR-DEV-001,2026-03-07T10:20:00,12.358979,-1.520905
ST-DEV-001,2026-03-07T10:20:00,12.364001,-1.515389
NEW-DEV-X1,2026-03-07T10:20:00,12.358997,-1.520929
LR-ASC-003,2026-03-07T10:25:00,12.362526,-1.513108
NEW-DEV-X2,2026-03-07T10:25:00,12.359016,-1.52092
NEW-DEV-X1,2026-03-07T10:25:00,12.359041,-1.520922
NEW-DEV-X2,2026-03-07T10:30:00,12.358986,-1.520899
NEW-DEV-X1,2026-03-07T10:30:00,12.358981,-1.520908
ST-DEV-001,2026-03-07T10:30:00,12.364013,-1.515361
LR-ASC-003,2026-03-07T10:30:00,12.362514,-1.513134
LR-DEV-001,2026-03-07T10:30:00,12.359019,-1.520886
NEW-DEV-X1,2026-03-07T10:35:00,12.359023,-1.5209
LR-ASC-003,2026-03-07T10:35:00,12.362512,-1.513114
NEW-DEV-X2,2026-03-07T10:35:00,12.359019,-1.520891
NEW-DEV-X1,2026-03-07T10:40:00,12.358978,-1.520877
ST-DEV-001,2026-03-07T10:40:00,12.363994,-1.515417
LR-ASC-003,2026-03-07T10:40:00,12.362506,-1.513104
LR-DEV-001,2026-03-07T10:40:00,12.359,-1.520918
NEW-DEV-X2,2026-03-07T10:40:00,12.359004,-1.520899
NEW-DEV-X2,2026-03-07T10:45:00,12.359007,-1.520896
LR-ASC-003,2026-03-07T10:45:00,12.362524,-1.513116
NEW-DEV-X1,2026-03-07T10:45:00,12.359013,-1.52089
LR-ASC-003,2026-03-07T10:50:00,12.362511,-1.513105
LR-DEV-001,2026-03-07T10:50:00,12.359012,-1.5209
ST-DEV-001,2026-03-07T10:50:00,12.364004,-1.515414
NEW-DEV-X2,2026-03-07T10:50:00,12.358981,-1.520899
NEW-DEV-X1,2026-03-07T10:50:00,12.359013,-1.520857
NEW-DEV-X2,2026-03-07T10:55:00,12.358981,-1.520899
LR-ASC-003,2026-03-07T10:55:00,12.362497,-1.513103
NEW-DEV-X1,2026-03-07T10:55:00,12.359039,-1.520912
NEW-DEV-X2,2026-03-07T11:00:00,12.358991,-1.520854
ST-DEV-001,2026-03-07T11:00:00,12.364027,-1.515405
LR-ASC-003,2026-03-07T11:00:00,12.362485,-1.5131
NEW-DEV-X1,2026-03-07T11:00:00,12.359029,-1.520893
NEW-DEV-X1,2026-03-07T11:05:00,12.359009,-1.52093
LR-ASC-003,2026-03-07T11:05:00,12.362499,-1.513096
NEW-DEV-X2,2026-03-07T11:05:00,12.358999,-1.520925
LR-ASC-003,2026-03-07T11:10:00,12.362502,-1.513086
ST-DEV-001,2026-03-07T11:10:00,12.36399,-1.515408
NEW-DEV-X1,2026-03-07T11:10:00,12.358997,-1.520915
NEW-DEV-X2,2026-03-07T11:10:00,12.358998,-1.520891
LR-ASC-003,2026-03-07T11:15:00,12.362517,-1.513119
NEW-DEV-X2,2026-03-07T11:15:00,12.35903,-1.520911
NEW-DEV-X1,2026-03-07T11:15:00,12.359015,-1.520881
LR-ASC-003,2026-03-07T11:20:00,12.362516,-1.513121
ST-DEV-001,2026-03-07T11:20:00,12.364013,-1.515403
NEW-DEV-X2,2026-03-07T11:20:00,12.358972,-1.520885
NEW-DEV-X1,2026-03-07T11:20:00,12.358963,-1.5209
LR-ASC-003,2026-03-07T11:25:00,12.362511,-1.513089
NEW-DEV-X2,2026-03-07T11:25:00,12.358975,-1.520908
NEW-DEV-X1,2026-03-07T11:25:00,12.35902,-1.520903
NEW-DEV-X1,2026-03-07T11:30:00,12.359013,-1.520894
LR-ASC-003,2026-03-07T11:30:00,12.362466,-1.513098
NEW-DEV-X2,2026-03-07T11:30:00,12.358995,-1.520901
NEW-DEV-X1,2026-03-07T11:35:00,12.359006,-1.520905
LR-ASC-003,2026-03-07T11:35:00,12.362492,-1.513114
NEW-DEV-X2,2026-03-07T11:35:00,12.359012,-1.520912
NEW-DEV-X2,2026-03-07T11:40:00,12.358995,-1.5209
LR-ASC-003,2026-03-07T11:40:00,12.362524,-1.513112
NEW-DEV-X1,2026-03-07T11:40:00,12.358978,-1.52092
NEW-DEV-X1,2026-03-07T11:45:00,12.359013,-1.5209
LR-ASC-003,2026-03-07T11:45:00,12.362485,-1.513099
NEW-DEV-X2,2026-03-07T11:45:00,12.359003,-1.520898
NEW-DEV-X1,2026-03-07T11:50:00,12.358998,-1.520908
NEW-DEV-X2,2026-03-07T11:50:00,12.359008,-1.520885
LR-ASC-003,2026-03-07T11:50:00,12.362512,-1.513103
NEW-DEV-X2,2026-03-07T11:55:00,12.359007,-1.520892
NEW-DEV-X1,2026-03-07T11:55:00,12.358995,-1.520881
LR-ASC-003,2026-03-07T11:55:00,12.362521,-1.51309
veh-stage-3,2026-03-07T12:00:00,12.362524,-1.513103
veh-stage-1,2026-03-07T12:00:00,12.362489,-1.513128
LR-ASC-003,2026-03-07T12:00:00,12.362461,-1.51311
veh-stage-2,2026-03-07T12:00:00,12.362523,-1.513053
veh-stage-0,2026-03-07T12:00:00,12.362496,-1.513117
LR-ASC-003,2026-03-07T12:05:00,12.36249,-1.513091
veh-stage-1,2026-03-07T12:10:00,12.362515,-1.513092
veh-stage-3,2026-03-07T12:10:00,12.362501,-1.513086
veh-stage-2,2026-03-07T12:10:00,12.362478,-1.513087
veh-stage-0,2026-03-07T12:10:00,12.362553,-1.513119
LR-ASC-003,2026-03-07T12:10:00,12.362453,-1.513054
LR-ASC-003,2026-03-07T12:15:00,12.36251,-1.513097
veh-stage-0,2026-03-07T12:20:00,12.362492,-1.513093
veh-stage-2,2026-03-07T12:20:00,12.362493,-1.513086
veh-stage-1,2026-03-07T12:20:00,12.362483,-1.51311
LR-ASC-003,2026-03-07T12:20:00,12.362521,-1.513058
veh-stage-3,2026-03-07T12:20:00,12.362513,-1.513095
LR-ASC-003,2026-03-07T12:25:00,12.362516,-1.513083
veh-stage-2,2026-03-07T12:30:00,12.362474,-1.513123
veh-stage-0,2026-03-07T12:30:00,12.362511,-1.513083
veh-stage-1,2026-03-07T12:30:00,12.362492,-1.513127
LR-ASC-003,2026-03-07T12:30:00,12.362502,-1.513103
veh-stage-3,2026-03-07T12:30:00,12.362496,-1.513106
LR-ASC-003,2026-03-07T12:35:00,12.362491,-1.513115
veh-stage-3,2026-03-07T12:40:00,12.362515,-1.51309
veh-stage-1,2026-03-07T12:40:00,12.362485,-1.51312
veh-stage-0,2026-03-07T12:40:00,12.362533,-1.513091
veh-stage-2,2026-03-07T12:40:00,12.362486,-1.513099
LR-ASC-003,2026-03-07T12:40:00,12.362488,-1.513124
LR-ASC-003,2026-03-07T12:45:00,12.362499,-1.51313
veh-stage-3,2026-03-07T12:50:00,12.362495,-1.513081
veh-stage-1,2026-03-07T12:50:00,12.362493,-1.513113
veh-stage-0,2026-03-07T12:50:00,12.362481,-1.513105
LR-ASC-003,2026-03-07T12:50:00,12.362503,-1.513101
veh-stage-2,2026-03-07T12:50:00,12.362488,-1.513088
LR-ASC-003,2026-03-07T12:55:00,12.362503,-1.513109
veh-stage-1,2026-03-07T13:00:00,12.362471,-1.513064
veh-stage-2,2026-03-07T13:00:00,12.362518,-1.513089
veh-stage-0,2026-03-07T13:00:00,12.362506,-1.513063
veh-stage-3,2026-03-07T13:00:00,12.362498,-1.513115
LR-ASC-003,2026-03-07T13:00:00,12.362555,-1.513076
LR-ASC-003,2026-03-07T13:05:00,12.362478,-1.513096
LR-ASC-003,2026-03-07T13:10:00,12.362489,-1.513118
veh-stage-2,2026-03-07T13:10:00,12.362529,-1.513093
veh-stage-3,2026-03-07T13:10:00,12.362486,-1.513118
veh-stage-1,2026-03-07T13:10:00,12.362523,-1.513114
veh-stage-0,2026-03-07T13:10:00,12.362475,-1.513078
LR-ASC-003,2026-03-07T13:15:00,12.362476,-1.513092
LR-ASC-003,2026-03-07T13:20:00,12.362488,-1.513083
veh-stage-2,2026-03-07T13:20:00,12.362478,-1.513075
veh-stage-3,2026-03-07T13:20:00,12.362495,-1.513078
veh-stage-0,2026-03-07T13:20:00,12.362503,-1.513085
veh-stage-1,2026-03-07T13:20:00,12.362505,-1.513092
LR-ASC-003,2026-03-07T13:25:00,12.362518,-1.513075
veh-stage-0,2026-03-07T13:30:00,12.362498,-1.513115
veh-stage-2,2026-03-07T13:30:00,12.362489,-1.513084
LR-ASC-003,2026-03-07T13:30:00,12.362485,-1.513091
veh-stage-1,2026-03-07T13:30:00,12.362521,-1.513115
veh-stage-3,2026-03-07T13:30:00,12.362486,-1.513097
LR-ASC-003,2026-03-07T13:35:00,12.362511,-1.513109
veh-stage-3,2026-03-07T13:40:00,12.362488,-1.513105
LR-ASC-003,2026-03-07T13:40:00,12.362486,-1.513071
veh-stage-1,2026-03-07T13:40:00,12.36252,-1.51311
veh-stage-0,2026-03-07T13:40:00,12.362514,-1.513088
veh-stage-2,2026-03-07T13:40:00,12.362528,-1.513092
LR-ASC-003,2026-03-07T13:45:00,12.362504,-1.513089
veh-stage-3,2026-03-07T13:50:00,12.362473,-1.513104
LR-ASC-003,2026-03-07T13:50:00,12.362485,-1.513122
veh-stage-0,2026-03-07T13:50:00,12.362517,-1.5131
veh-stage-1,2026-03-07T13:50:00,12.362476,-1.513087
veh-stage-2,2026-03-07T13:50:00,12.362473,-1.513117
LR-ASC-003,2026-03-07T13:55:00,12.36249,-1.513102
ST-DEV-001,2026-03-07T18:15:00,12.361831,-1.514451
ST-DEV-001,2026-03-07T19:00:00,12.359688,-1.51637
ST-DEV-001,2026-03-07T19:15:00,12.359685,-1.516399
ST-DEV-001,2026-03-07T19:30:00,12.359712,-1.516429
ST-DEV-001,2026-03-07T19:45:00,12.359709,-1.516419
ST-DEV-001,2026-03-07T20:00:00,12.359715,-1.516417
ST-DEV-001,2026-03-07T20:15:00,12.359712,-1.51638
ST-DEV-001,2026-03-07T20:30:00,12.359716,-1.516395
ST-DEV-001,2026-03-07T20:45:00,12.359696,-1.51641
ST-DEV-001,2026-03-07T21:00:00,12.359726,-1.516413
ST-DEV-001,2026-03-07T21:15:00,12.359681,-1.516388
ST-DEV-001,2026-03-07T21:30:00,12.359686,-1.516417
ST-DEV-001,2026-03-07T21:45:00,12.359674,-1.516409
LR-ASC-003,2026-03-08T05:00:00,12.364466,-1.521212
LR-ASC-003,2026-03-08T06:00:00,12.362494,-1.513098
ST-DEV-001,2026-03-08T06:00:00,12.359713,-1.516377
LR-DEV-001,2026-03-08T06:00:00,12.358996,-1.52088
LR-ASC-003,2026-03-08T06:05:00,12.362527,-1.513093
LR-DEV-001,2026-03-08T06:10:00,12.358991,-1.520909
LR-ASC-003,2026-03-08T06:10:00,12.362493,-1.513109
ST-DEV-001,2026-03-08T06:10:00,12.359684,-1.516369
LR-ASC-003,2026-03-08T06:15:00,12.362497,-1.513071
LR-ASC-003,2026-03-08T06:20:00,12.362497,-1.5131
LR-DEV-001,2026-03-08T06:20:00,12.358986,-1.520884
ST-DEV-001,2026-03-08T06:20:00,12.359655,-1.51644
LR-ASC-003,2026-03-08T06:25:00,12.362491,-1.51308
LR-ASC-003,2026-03-08T06:30:00,12.362535,-1.513092
LR-DEV-001,2026-03-08T06:30:00,12.358987,-1.520888
ST-DEV-001,2026-03-08T06:30:00,12.359704,-1.516399
LR-ASC-003,2026-03-08T06:35:00,12.362501,-1.513099
LR-ASC-003,2026-03-08T06:40:00,12.362457,-1.513087
LR-DEV-001,2026-03-08T06:40:00,12.358993,-1.520936
ST-DEV-001,2026-03-08T06:40:00,12.359681,-1.516378
LR-ASC-003,2026-03-08T06:45:00,12.362502,-1.513092
LR-DEV-001,2026-03-08T06:50:00,12.35899,-1.520921
ST-DEV-001,2026-03-08T06:50:00,12.359714,-1.516377
LR-ASC-003,2026-03-08T06:50:00,12.362487,-1.513107
LR-ASC-003,2026-03-08T06:55:00,12.362493,-1.513082
ST-DEV-001,2026-03-08T07:00:00,12.359413,-1.51634
LR-DEV-001,2026-03-08T07:00:00,12.359001,-1.520921
LR-ASC-003,2026-03-08T07:00:00,12.361831,-1.514451
ST-ASC-003,2026-03-08T07:00:00,12.359413,-1.51634
ST-DEV-001,2026-03-08T07:00:00,12.359697,-1.516384
ST-DEV-001,2026-03-08T07:10:00,12.359688,-1.516345
LR-DEV-001,2026-03-08T07:10:00,12.359017,-1.520902
ST-DEV-001,2026-03-08T07:20:00,12.359678,-1.516343
LR-DEV-001,2026-03-08T07:20:00,12.358997,-1.520888
ST-DEV-001,2026-03-08T07:30:00,12.359701,-1.516437
LR-DEV-001,2026-03-08T07:30:00,12.359017,-1.5209
ST-DEV-001,2026-03-08T07:40:00,12.359737,-1.516397
LR-DEV-001,2026-03-08T07:40:00,12.358986,-1.520932
LR-DEV-001,2026-03-08T07:50:00,12.358988,-1.520911
ST-DEV-001,2026-03-08T07:50:00,12.359723,-1.516367
civ-39928994-47f1-47b0-b156-d57f97cb60d5,2026-03-08T07:51:00,12.3629,-1.522639
civ-dd01804d-8340-43eb-9071-e6ff8db1c60d,2026-03-08T07:55:00,12.36282,-1.522535
civ-f752f7b2-d4eb-47df-a259-72cae2081fed,2026-03-08T07:57:00,12.363881,-1.515331
civ-28886a71-a8de-4e8c-8ebc-a1265ae6176c,2026-03-08T07:59:00,12.364061,-1.515385
civ-6110ef6a-22a3-44c0-91e3-46b0a21ed53d,2026-03-08T08:00:00,12.362909,-1.522708
ST-DEV-001,2026-03-08T08:00:00,12.363997,-1.51539
LR-DEV-001,2026-03-08T08:00:00,12.359002,-1.520906
ST-ASC-003,2026-03-08T08:00:00,12.362521,-1.513072
ST-DEV-001,2026-03-08T08:00:00,12.359709,-1.516416
ST-ASC-003,2026-03-08T08:00:00,12.362515,-1.5131
LR-ASC-003,2026-03-08T08:00:00,12.362538,-1.513118
civ-9c199966-6fe0-4d08-8c17-ef6131c70e92,2026-03-08T08:01:00,12.363994,-1.515627
civ-7547f95b-ca80-463d-81af-64baaecebbbf,2026-03-08T08:01:00,12.364112,-1.515199
civ-dd01804d-8340-43eb-9071-e6ff8db1c60d,2026-03-08T08:02:00,12.363984,-1.515661
civ-7efa278e-c726-4661-b9fa-cf4ddf158e57,2026-03-08T08:02:00,12.362958,-1.522599
civ-449026e2-0932-48dd-b2e5-589a4a6d9aab,2026-03-08T08:03:00,12.362972,-1.522669
civ-89a22776-d969-4bbf-a4ce-5a3e4cfc6c0c,2026-03-08T08:04:00,12.363979,-1.51548
civ-6465e4c0-d8dc-4972-bee7-bb6306b5fdfb,2026-03-08T08:04:00,12.362946,-1.522508
LR-ASC-003,2026-03-08T08:05:00,12.362494,-1.513096
ST-ASC-003,2026-03-08T08:05:00,12.362524,-1.513127
ST-ASC-003,2026-03-08T08:05:00,12.36249,-1.513105
civ-88501974-47f7-4216-97e8-ca2826aea818,2026-03-08T08:05:00,12.362813,-1.522572
civ-d3964bd1-513b-42c0-b2da-9d4cde522505,2026-03-08T08:06:00,12.363986,-1.515305
civ-7547f95b-ca80-463d-81af-64baaecebbbf,2026-03-08T08:07:00,12.36301,-1.522642
civ-89a22776-d969-4bbf-a4ce-5a3e4cfc6c0c,2026-03-08T08:07:00,12.363013,-1.522463
civ-2b45e74d-42d2-4d50-aa6a-7a3af2caaec1,2026-03-08T08:08:00,12.36415,-1.515481
LR-ASC-003,2026-03-08T08:10:00,12.362514,-1.51311
ST-DEV-001,2026-03-08T08:10:00,12.364004,-1.515422
ST-DEV-001,2026-03-08T08:10:00,12.359726,-1.5164
ST-ASC-003,2026-03-08T08:10:00,12.362476,-1.513139
ST-ASC-003,2026-03-08T08:10:00,12.362486,-1.513093
LR-DEV-001,2026-03-08T08:10:00,12.359012,-1.520911
civ-cfd611de-41a6-4b73-a764-0ddcbf9dae14,2026-03-08T08:11:00,12.362958,-1.522493
civ-bf1bf079-dbe2-4b80-9863-61ba0331f41f,2026-03-08T08:11:00,12.363013,-1.522485
civ-c4f94f5c-24ad-4bf5-9583-d3aea6586d8c,2026-03-08T08:14:00,12.364151,-1.51536
LR-ASC-003,2026-03-08T08:15:00,12.362449,-1.513076
ST-ASC-003,2026-03-08T08:15:00,12.362487,-1.513097
civ-99965e45-072a-4918-b9b1-21e5c468122b,2026-03-08T08:15:00,12.362742,-1.522577
civ-37446b6c-c563-41ba-9897-901eff57cc85,2026-03-08T08:15:00,12.363006,-1.522464
ST-ASC-003,2026-03-08T08:15:00,12.36252,-1.513131
ST-ASC-003,2026-03-08T08:20:00,12.362507,-1.513105
ST-DEV-001,2026-03-08T08:20:00,12.359719,-1.516458
LR-DEV-001,2026-03-08T08:20:00,12.358999,-1.520879
ST-ASC-003,2026-03-08T08:20:00,12.362502,-1.513097
ST-DEV-001,2026-03-08T08:20:00,12.36402,-1.515396
LR-ASC-003,2026-03-08T08:20:00,12.362514,-1.513131
ST-ASC-003,2026-03-08T08:25:00,12.362502,-1.513092
ST-ASC-003,2026-03-08T08:25:00,12.362475,-1.513086
LR-ASC-003,2026-03-08T08:25:00,12.362489,-1.513072
LR-ASC-003,2026-03-08T08:30:00,12.362526,-1.513083
ST-ASC-003,2026-03-08T08:30:00,12.362497,-1.513102
ST-DEV-001,2026-03-08T08:30:00,12.364004,-1.5154
ST-DEV-001,2026-03-08T08:30:00,12.359712,-1.516417
ST-ASC-003,2026-03-08T08:30:00,12.362504,-1.513087
LR-DEV-001,2026-03-08T08:30:00,12.359006,-1.520901
ST-ASC-003,2026-03-08T08:35:00,12.362496,-1.513083
LR-ASC-003,2026-03-08T08:35:00,12.362497,-1.513099
ST-ASC-003,2026-03-08T08:35:00,12.362466,-1.513094
ST-ASC-003,2026-03-08T08:40:00,12.362508,-1.513096
ST-DEV-001,2026-03-08T08:40:00,12.363991,-1.515396
LR-ASC-003,2026-03-08T08:40:00,12.362498,-1.51308
LR-DEV-001,2026-03-08T08:40:00,12.358989,-1.520911
ST-DEV-001,2026-03-08T08:40:00,12.359745,-1.516383
ST-ASC-003,2026-03-08T08:40:00,12.362479,-1.513107
LR-ASC-003,2026-03-08T08:45:00,12.362484,-1.513115
ST-ASC-003,2026-03-08T08:45:00,12.362477,-1.513107
ST-ASC-003,2026-03-08T08:45:00,12.36251,-1.513098
ST-DEV-001,2026-03-08T08:50:00,12.359706,-1.516387
LR-ASC-003,2026-03-08T08:50:00,12.362518,-1.513101
ST-ASC-003,2026-03-08T08:50:00,12.362516,-1.513099
ST-DEV-001,2026-03-08T08:50:00,12.364009,-1.515431
LR-DEV-001,2026-03-08T08:50:00,12.358985,-1.52091
ST-ASC-003,2026-03-08T08:50:00,12.362485,-1.5131
ST-ASC-003,2026-03-08T08:55:00,12.362472,-1.513079
LR-ASC-003,2026-03-08T08:55:00,12.362525,-1.513112
ST-ASC-003,2026-03-08T08:55:00,12.362512,-1.513068
ST-ASC-003,2026-03-08T09:00:00,12.361831,-1.514451
NEW-DEV-X3,2026-03-08T09:00:00,12.359003,-1.520875
ST-ASC-003,2026-03-08T09:00:00,12.362519,-1.513098
LR-DEV-001,2026-03-08T09:00:00,12.359014,-1.520904
NEW-DEV-X2,2026-03-08T09:00:00,12.35901,-1.520906
NEW-DEV-X1,2026-03-08T09:00:00,12.35899,-1.520927
ST-DEV-001,2026-03-08T09:00:00,12.36399,-1.515405
LR-ASC-003,2026-03-08T09:00:00,12.362499,-1.513117
LR-ASC-003,2026-03-08T09:00:00,12.364466,-1.521212
LR-ASC-003,2026-03-08T09:05:00,12.3625,-1.513127
NEW-DEV-X2,2026-03-08T09:05:00,12.358991,-1.520885
ST-ASC-003,2026-03-08T09:05:00,12.362491,-1.513146
NEW-DEV-X3,2026-03-08T09:05:00,12.358996,-1.520902
NEW-DEV-X1,2026-03-08T09:05:00,12.359023,-1.520909
NEW-DEV-X3,2026-03-08T09:10:00,12.35898,-1.520885
ST-ASC-003,2026-03-08T09:10:00,12.362497,-1.513106
NEW-DEV-X1,2026-03-08T09:10:00,12.358977,-1.520903
LR-DEV-001,2026-03-08T09:10:00,12.358976,-1.520868
LR-ASC-003,2026-03-08T09:10:00,12.362491,-1.513126
ST-DEV-001,2026-03-08T09:10:00,12.364005,-1.515379
NEW-DEV-X2,2026-03-08T09:10:00,12.359001,-1.520891
NEW-DEV-X1,2026-03-08T09:15:00,12.359001,-1.520931
NEW-DEV-X2,2026-03-08T09:15:00,12.358982,-1.520925
LR-ASC-003,2026-03-08T09:15:00,12.362512,-1.513087
NEW-DEV-X3,2026-03-08T09:15:00,12.359003,-1.520908
ST-ASC-003,2026-03-08T09:15:00,12.362507,-1.513103
NEW-DEV-X2,2026-03-08T09:20:00,12.359002,-1.520906
ST-DEV-001,2026-03-08T09:20:00,12.363986,-1.515409
NEW-DEV-X3,2026-03-08T09:20:00,12.358966,-1.520874
ST-ASC-003,2026-03-08T09:20:00,12.362494,-1.513132
LR-DEV-001,2026-03-08T09:20:00,12.359006,-1.520925
NEW-DEV-X1,2026-03-08T09:20:00,12.359006,-1.520919
LR-ASC-003,2026-03-08T09:20:00,12.362469,-1.513076
LR-ASC-003,2026-03-08T09:25:00,12.362545,-1.513099
NEW-DEV-X2,2026-03-08T09:25:00,12.359011,-1.520901
NEW-DEV-X1,2026-03-08T09:25:00,12.359031,-1.520891
ST-ASC-003,2026-03-08T09:25:00,12.362483,-1.513091
NEW-DEV-X3,2026-03-08T09:25:00,12.358978,-1.520911
NEW-DEV-X2,2026-03-08T09:30:00,12.359004,-1.520929
LR-ASC-003,2026-03-08T09:30:00,12.362488,-1.513049
NEW-DEV-X1,2026-03-08T09:30:00,12.358993,-1.520913
ST-ASC-003,2026-03-08T09:30:00,12.362531,-1.513102
NEW-DEV-X3,2026-03-08T09:30:00,12.359006,-1.520922
ST-DEV-001,2026-03-08T09:30:00,12.363991,-1.515414
LR-DEV-001,2026-03-08T09:30:00,12.358992,-1.520898
NEW-DEV-X2,2026-03-08T09:35:00,12.359034,-1.520903
NEW-DEV-X1,2026-03-08T09:35:00,12.358998,-1.520889
ST-ASC-003,2026-03-08T09:35:00,12.362506,-1.513083
NEW-DEV-X3,2026-03-08T09:35:00,12.358973,-1.520938
LR-ASC-003,2026-03-08T09:35:00,12.362476,-1.5131
LR-ASC-003,2026-03-08T09:40:00,12.362503,-1.513076
NEW-DEV-X3,2026-03-08T09:40:00,12.359013,-1.52091
NEW-DEV-X1,2026-03-08T09:40:00,12.359,-1.520904
LR-DEV-001,2026-03-08T09:40:00,12.359031,-1.52092
NEW-DEV-X2,2026-03-08T09:40:00,12.359013,-1.520915
ST-DEV-001,2026-03-08T09:40:00,12.363994,-1.515386
ST-ASC-003,2026-03-08T09:40:00,12.362485,-1.513093
NEW-DEV-X3,2026-03-08T09:45:00,12.359053,-1.520918
NEW-DEV-X2,2026-03-08T09:45:00,12.359006,-1.520923
ST-ASC-003,2026-03-08T09:45:00,12.362487,-1.513084
LR-ASC-003,2026-03-08T09:45:00,12.362506,-1.513109
NEW-DEV-X1,2026-03-08T09:45:00,12.359001,-1.520911
NEW-DEV-X3,2026-03-08T09:50:00,12.358983,-1.52091
NEW-DEV-X2,2026-03-08T09:50:00,12.359008,-1.520906
NEW-DEV-X1,2026-03-08T09:50:00,12.358994,-1.520938
ST-DEV-001,2026-03-08T09:50:00,12.363981,-1.515392
LR-ASC-003,2026-03-08T09:50:00,12.362483,-1.513106
ST-ASC-003,2026-03-08T09:50:00,12.362503,-1.513095
LR-DEV-001,2026-03-08T09:50:00,12.359018,-1.520875
NEW-DEV-X2,2026-03-08T09:55:00,12.359001,-1.520887
NEW-DEV-X1,2026-03-08T09:55:00,12.359018,-1.520895
LR-ASC-003,2026-03-08T09:55:00,12.362482,-1.513099
ST-ASC-003,2026-03-08T09:55:00,12.362486,-1.513087
NEW-DEV-X3,2026-03-08T09:55:00,12.359004,-1.520908
ST-DEV-001,2026-03-08T10:00:00,12.363969,-1.51541
LR-ASC-003,2026-03-08T10:00:00,12.362493,-1.513063
NEW-DEV-X2,2026-03-08T10:00:00,12.358978,-1.520912
NEW-DEV-X3,2026-03-08T10:00:00,12.359011,-1.520918
LR-DEV-001,2026-03-08T10:00:00,12.358989,-1.520905
NEW-DEV-X1,2026-03-08T10:00:00,12.358986,-1.520866
NEW-DEV-X3,2026-03-08T10:05:00,12.358975,-1.520932
LR-ASC-003,2026-03-08T10:05:00,12.362508,-1.513123
NEW-DEV-X2,2026-03-08T10:05:00,12.359008,-1.520862
NEW-DEV-X1,2026-03-08T10:05:00,12.359002,-1.520919
LR-ASC-003,2026-03-08T10:10:00,12.362498,-1.513112
ST-DEV-001,2026-03-08T10:10:00,12.363994,-1.51537
NEW-DEV-X2,2026-03-08T10:10:00,12.358998,-1.520889
NEW-DEV-X1,2026-03-08T10:10:00,12.359015,-1.520893
NEW-DEV-X3,2026-03-08T10:10:00,12.35896,-1.520909
LR-DEV-001,2026-03-08T10:10:00,12.358981,-1.520904
NEW-DEV-X1,2026-03-08T10:15:00,12.359007,-1.520908
NEW-DEV-X3,2026-03-08T10:15:00,12.358995,-1.520911
NEW-DEV-X2,2026-03-08T10:15:00,12.358998,-1.520865
LR-ASC-003,2026-03-08T10:15:00,12.362461,-1.513071
NEW-DEV-X1,2026-03-08T10:20:00,12.359008,-1.520905
NEW-DEV-X3,2026-03-08T10:20:00,12.359022,-1.520878
NEW-DEV-X2,2026-03-08T10:20:00,12.358969,-1.520898
LR-DEV-001,2026-03-08T10:20:00,12.358999,-1.520888
LR-ASC-003,2026-03-08T10:20:00,12.362513,-1.51309
ST-DEV-001,2026-03-08T10:20:00,12.363995,-1.51544
NEW-DEV-X3,2026-03-08T10:25:00,12.358994,-1.520932
LR-ASC-003,2026-03-08T10:25:00,12.362503,-1.513125
NEW-DEV-X2,2026-03-08T10:25:00,12.358971,-1.520945
NEW-DEV-X1,2026-03-08T10:25:00,12.35901,-1.520934
ST-DEV-001,2026-03-08T10:30:00,12.363964,-1.515399
NEW-DEV-X3,2026-03-08T10:30:00,12.35899,-1.520911
LR-ASC-003,2026-03-08T10:30:00,12.362491,-1.513085
LR-DEV-001,2026-03-08T10:30:00,12.35902,-1.520913
NEW-DEV-X1,2026-03-08T10:30:00,12.358992,-1.520869
NEW-DEV-X2,2026-03-08T10:30:00,12.359005,-1.520897
NEW-DEV-X2,2026-03-08T10:35:00,12.358995,-1.520902
NEW-DEV-X3,2026-03-08T10:35:00,12.358988,-1.520913
LR-ASC-003,2026-03-08T10:35:00,12.362481,-1.513146
NEW-DEV-X1,2026-03-08T10:35:00,12.358986,-1.520911
LR-DEV-001,2026-03-08T10:40:00,12.358965,-1.5209
LR-ASC-003,2026-03-08T10:40:00,12.362496,-1.513103
NEW-DEV-X3,2026-03-08T10:40:00,12.358988,-1.520907
NEW-DEV-X2,2026-03-08T10:40:00,12.359056,-1.520905
ST-DEV-001,2026-03-08T10:40:00,12.364011,-1.515393
NEW-DEV-X1,2026-03-08T10:40:00,12.358992,-1.520922
NEW-DEV-X2,2026-03-08T10:45:00,12.359009,-1.520912
NEW-DEV-X1,2026-03-08T10:45:00,12.35896,-1.520904
NEW-DEV-X3,2026-03-08T10:45:00,12.358989,-1.520896
LR-ASC-003,2026-03-08T10:45:00,12.362502,-1.513087
LR-DEV-001,2026-03-08T10:50:00,12.359005,-1.520896
NEW-DEV-X1,2026-03-08T10:50:00,12.359002,-1.520901
ST-DEV-001,2026-03-08T10:50:00,12.364003,-1.515379
NEW-DEV-X3,2026-03-08T10:50:00,12.359006,-1.520916
NEW-DEV-X2,2026-03-08T10:50:00,12.359005,-1.520904
LR-ASC-003,2026-03-08T10:50:00,12.362511,-1.513095
NEW-DEV-X3,2026-03-08T10:55:00,12.359023,-1.520918
NEW-DEV-X1,2026-03-08T10:55:00,12.358997,-1.520899
LR-ASC-003,2026-03-08T10:55:00,12.362522,-1.513127
NEW-DEV-X2,2026-03-08T10:55:00,12.358993,-1.520867
LR-ASC-003,2026-03-08T11:00:00,12.362509,-1.513089
NEW-DEV-X1,2026-03-08T11:00:00,12.359018,-1.520903
NEW-DEV-X2,2026-03-08T11:00:00,12.359021,-1.520898
ST-DEV-001,2026-03-08T11:00:00,12.36399,-1.515384
NEW-DEV-X3,2026-03-08T11:00:00,12.358971,-1.520893
NEW-DEV-X2,2026-03-08T11:05:00,12.358959,-1.520906
NEW-DEV-X3,2026-03-08T11:05:00,12.358985,-1.520894
LR-ASC-003,2026-03-08T11:05:00,12.362478,-1.513127
NEW-DEV-X1,2026-03-08T11:05:00,12.35899,-1.520905
ST-DEV-001,2026-03-08T11:10:00,12.363971,-1.515416
LR-ASC-003,2026-03-08T11:10:00,12.362487,-1.513112
NEW-DEV-X3,2026-03-08T11:10:00,12.358957,-1.520875
NEW-DEV-X2,2026-03-08T11:10:00,12.359049,-1.520904
NEW-DEV-X1,2026-03-08T11:10:00,12.35901,-1.520875
LR-ASC-003,2026-03-08T11:15:00,12.362514,-1.513111
NEW-DEV-X3,2026-03-08T11:15:00,12.359012,-1.520927
NEW-DEV-X2,2026-03-08T11:15:00,12.35902,-1.520874
NEW-DEV-X1,2026-03-08T11:15:00,12.358989,-1.520898
NEW-DEV-X3,2026-03-08T11:20:00,12.358973,-1.52087
NEW-DEV-X1,2026-03-08T11:20:00,12.359006,-1.520918
NEW-DEV-X2,2026-03-08T11:20:00,12.359004,-1.520915
ST-DEV-001,2026-03-08T11:20:00,12.363967,-1.515405
LR-ASC-003,2026-03-08T11:20:00,12.362485,-1.513111
LR-ASC-003,2026-03-08T11:25:00,12.36252,-1.5131
NEW-DEV-X1,2026-03-08T11:25:00,12.359,-1.520926
NEW-DEV-X3,2026-03-08T11:25:00,12.358987,-1.520915
NEW-DEV-X2,2026-03-08T11:25:00,12.358956,-1.520888
NEW-DEV-X2,2026-03-08T11:30:00,12.358985,-1.520897
LR-ASC-003,2026-03-08T11:30:00,12.362497,-1.513102
NEW-DEV-X1,2026-03-08T11:30:00,12.358968,-1.520893
NEW-DEV-X3,2026-03-08T11:30:00,12.358959,-1.520906
NEW-DEV-X3,2026-03-08T11:35:00,12.358996,-1.520887
NEW-DEV-X1,2026-03-08T11:35:00,12.358993,-1.520896
NEW-DEV-X2,2026-03-08T11:35:00,12.358978,-1.520905
LR-ASC-003,2026-03-08T11:35:00,12.362523,-1.513113
NEW-DEV-X2,2026-03-08T11:40:00,12.359001,-1.520895
LR-ASC-003,2026-03-08T11:40:00,12.362524,-1.513096
NEW-DEV-X1,2026-03-08T11:40:00,12.359,-1.520918
NEW-DEV-X3,2026-03-08T11:40:00,12.358975,-1.520927
NEW-DEV-X2,2026-03-08T11:45:00,12.35898,-1.520878
LR-ASC-003,2026-03-08T11:45:00,12.362497,-1.513055
NEW-DEV-X1,2026-03-08T11:45:00,12.358999,-1.520922
NEW-DEV-X3,2026-03-08T11:45:00,12.359008,-1.520882
NEW-DEV-X2,2026-03-08T11:50:00,12.358989,-1.52093
NEW-DEV-X3,2026-03-08T11:50:00,12.358972,-1.520881
LR-ASC-003,2026-03-08T11:50:00,12.362481,-1.513106
NEW-DEV-X1,2026-03-08T11:50:00,12.359025,-1.520924
NEW-DEV-X3,2026-03-08T11:55:00,12.359001,-1.52088
LR-ASC-003,2026-03-08T11:55:00,12.362478,-1.513083
NEW-DEV-X1,2026-03-08T11:55:00,12.358996,-1.520919
NEW-DEV-X2,2026-03-08T11:55:00,12.358998,-1.520899
LR-ASC-003,2026-03-08T12:00:00,12.36253,-1.51307
veh-stage-0,2026-03-08T12:00:00,12.362482,-1.513071
veh-stage-1,2026-03-08T12:00:00,12.362496,-1.513085
veh-stage-3,2026-03-08T12:00:00,12.362493,-1.513085
veh-stage-2,2026-03-08T12:00:00,12.362465,-1.513111
LR-ASC-003,2026-03-08T12:05:00,12.362522,-1.513104
veh-stage-2,2026-03-08T12:10:00,12.362471,-1.513108
LR-ASC-003,2026-03-08T12:10:00,12.362493,-1.51313
veh-stage-3,2026-03-08T12:10:00,12.362506,-1.513073
veh-stage-1,2026-03-08T12:10:00,12.362494,-1.513129
veh-stage-0,2026-03-08T12:10:00,12.362536,-1.513093
LR-ASC-003,2026-03-08T12:15:00,12.362537,-1.513092
veh-stage-0,2026-03-08T12:20:00,12.362529,-1.51311
veh-stage-1,2026-03-08T12:20:00,12.362521,-1.513115
LR-ASC-003,2026-03-08T12:20:00,12.362491,-1.513076
veh-stage-3,2026-03-08T12:20:00,12.362501,-1.513082
veh-stage-2,2026-03-08T12:20:00,12.362509,-1.513116
LR-ASC-003,2026-03-08T12:25:00,12.362482,-1.513093
veh-stage-2,2026-03-08T12:30:00,12.362474,-1.513099
veh-stage-1,2026-03-08T12:30:00,12.362499,-1.513092
veh-stage-0,2026-03-08T12:30:00,12.362486,-1.513099
LR-ASC-003,2026-03-08T12:30:00,12.362497,-1.513089
veh-stage-3,2026-03-08T12:30:00,12.362548,-1.513089
LR-ASC-003,2026-03-08T12:35:00,12.362499,-1.513126
veh-stage-0,2026-03-08T12:40:00,12.362508,-1.513107
veh-stage-3,2026-03-08T12:40:00,12.362501,-1.513087
veh-stage-1,2026-03-08T12:40:00,12.362504,-1.51308
LR-ASC-003,2026-03-08T12:40:00,12.362501,-1.513081
veh-stage-2,2026-03-08T12:40:00,12.362516,-1.513131
LR-ASC-003,2026-03-08T12:45:00,12.362499,-1.513086
veh-stage-3,2026-03-08T12:50:00,12.362493,-1.513057
veh-stage-1,2026-03-08T12:50:00,12.362509,-1.513116
veh-stage-0,2026-03-08T12:50:00,12.36251,-1.513094
veh-stage-2,2026-03-08T12:50:00,12.362515,-1.513085
LR-ASC-003,2026-03-08T12:50:00,12.362481,-1.5131
LR-ASC-003,2026-03-08T12:55:00,12.362489,-1.513087
veh-stage-3,2026-03-08T13:00:00,12.362503,-1.513105
veh-stage-2,2026-03-08T13:00:00,12.362517,-1.513078
veh-stage-1,2026-03-08T13:00:00,12.362539,-1.513097
LR-ASC-003,2026-03-08T13:00:00,12.362501,-1.513088
veh-stage-0,2026-03-08T13:00:00,12.362482,-1.513091
LR-ASC-003,2026-03-08T13:05:00,12.36252,-1.513088
veh-stage-1,2026-03-08T13:10:00,12.362497,-1.513083
veh-stage-3,2026-03-08T13:10:00,12.362485,-1.51308
veh-stage-2,2026-03-08T13:10:00,12.36254,-1.513106
veh-stage-0,2026-03-08T13:10:00,12.362516,-1.513097
LR-ASC-003,2026-03-08T13:10:00,12.362505,-1.513118
LR-ASC-003,2026-03-08T13:15:00,12.3625,-1.51311
veh-stage-3,2026-03-08T13:20:00,12.362516,-1.513109
LR-ASC-003,2026-03-08T13:20:00,12.362494,-1.513107
veh-stage-2,2026-03-08T13:20:00,12.362502,-1.513107
veh-stage-1,2026-03-08T13:20:00,12.362504,-1.513093
veh-stage-0,2026-03-08T13:20:00,12.362521,-1.513122
LR-ASC-003,2026-03-08T13:25:00,12.362482,-1.513135
LR-ASC-003,2026-03-08T13:30:00,12.362488,-1.513097
veh-stage-3,2026-03-08T13:30:00,12.36251,-1.513127
veh-stage-0,2026-03-08T13:30:00,12.362508,-1.513121
veh-stage-1,2026-03-08T13:30:00,12.362545,-1.513105
veh-stage-2,2026-03-08T13:30:00,12.3625,-1.513072
LR-ASC-003,2026-03-08T13:35:00,12.362476,-1.5131
veh-stage-3,2026-03-08T13:40:00,12.362503,-1.513092
LR-ASC-003,2026-03-08T13:40:00,12.362534,-1.513082
veh-stage-0,2026-03-08T13:40:00,12.36248,-1.513111
veh-stage-2,2026-03-08T13:40:00,12.362476,-1.513115
veh-stage-1,2026-03-08T13:40:00,12.362494,-1.513098
LR-ASC-003,2026-03-08T13:45:00,12.36253,-1.513093
veh-stage-3,2026-03-08T13:50:00,12.362531,-1.513114
veh-stage-0,2026-03-08T13:50:00,12.362483,-1.51311
veh-stage-2,2026-03-08T13:50:00,12.362525,-1.513082
LR-ASC-003,2026-03-08T13:50:00,12.362521,-1.513113
veh-stage-1,2026-03-08T13:50:00,12.362519,-1.513127
LR-ASC-003,2026-03-08T13:55:00,12.362488,-1.513149
ST-DEV-001,2026-03-08T18:15:00,12.361831,-1.514451
ST-DEV-001,2026-03-08T19:00:00,12.359699,-1.516398
ST-DEV-001,2026-03-08T19:15:00,12.359701,-1.516417
ST-DEV-001,2026-03-08T19:30:00,12.359697,-1.516427
ST-DEV-001,2026-03-08T19:45:00,12.359725,-1.516405
ST-DEV-001,2026-03-08T20:00:00,12.359691,-1.516371
ST-DEV-001,2026-03-08T20:15:00,12.359678,-1.51642
ST-DEV-001,2026-03-08T20:30:00,12.35968,-1.516401
ST-DEV-001,2026-03-08T20:45:00,12.359708,-1.516387
ST-DEV-001,2026-03-08T21:00:00,12.359746,-1.51644
ST-DEV-001,2026-03-08T21:15:00,12.359711,-1.51641
ST-DEV-001,2026-03-08T21:30:00,12.359689,-1.516411
ST-DEV-001,2026-03-08T21:45:00,12.359684,-1.51637
LR-ASC-003,2026-03-09T05:00:00,12.364466,-1.521212
ST-DEV-001,2026-03-09T06:00:00,12.35965,-1.516364
LR-ASC-003,2026-03-09T06:00:00,12.36252,-1.513103
LR-ASC-003,2026-03-09T06:05:00,12.362497,-1.513092
ST-DEV-001,2026-03-09T06:10:00,12.359686,-1.516416
LR-ASC-003,2026-03-09T06:10:00,12.362484,-1.513098
LR-ASC-003,2026-03-09T06:15:00,12.362493,-1.513124
LR-ASC-003,2026-03-09T06:20:00,12.362506,-1.513105
ST-DEV-001,2026-03-09T06:20:00,12.359652,-1.516353
LR-ASC-003,2026-03-09T06:25:00,12.362497,-1.513122
ST-DEV-001,2026-03-09T06:30:00,12.359665,-1.516398
LR-ASC-003,2026-03-09T06:30:00,12.362529,-1.513084
LR-ASC-003,2026-03-09T06:35:00,12.362517,-1.513105
LR-ASC-003,2026-03-09T06:40:00,12.362469,-1.513065
ST-DEV-001,2026-03-09T06:40:00,12.359725,-1.516389
LR-ASC-003,2026-03-09T06:45:00,12.362499,-1.513113
ST-DEV-001,2026-03-09T06:50:00,12.359698,-1.516446
LR-ASC-003,2026-03-09T06:50:00,12.362508,-1.513079
LR-ASC-003,2026-03-09T06:55:00,12.3625,-1.513077
LR-ASC-003,2026-03-09T07:00:00,12.361831,-1.514451
ST-ASC-003,2026-03-09T07:00:00,12.359413,-1.51634
ST-DEV-001,2026-03-09T07:00:00,12.359678,-1.516395
ST-DEV-001,2026-03-09T07:00:00,12.359413,-1.51634
ST-DEV-001,2026-03-09T07:10:00,12.359679,-1.516395
ST-DEV-001,2026-03-09T07:20:00,12.359718,-1.516374
ST-DEV-001,2026-03-09T07:30:00,12.359667,-1.516341
ST-DEV-001,2026-03-09T07:40:00,12.359721,-1.5164
ST-DEV-001,2026-03-09T07:50:00,12.359729,-1.516336
civ-2fdc0436-1a04-434c-9d37-9bde6f249a5a,2026-03-09T07:50:00,12.364035,-1.515348
civ-1c8aeb44-c08d-4761-bb57-9bf0fb45ca2d,2026-03-09T07:51:00,12.362881,-1.522606
civ-1be46b08-c711-4559-bde1-07761caecd83,2026-03-09T07:52:00,12.362962,-1.522374
civ-14e44a92-a8ac-4e10-9f18-39df3c5ace1d,2026-03-09T07:52:00,12.362888,-1.522619
civ-bc1e3457-fde8-443c-9c92-d09856ab0271,2026-03-09T07:52:00,12.363029,-1.522523
civ-bc1e3457-fde8-443c-9c92-d09856ab0271,2026-03-09T07:53:00,12.363921,-1.515376
civ-1493bb27-c9aa-4752-bb59-eebcef0baefb,2026-03-09T07:53:00,12.363938,-1.515326
civ-8ccee825-f8ec-424c-9e98-42119c6bd5fa,2026-03-09T07:54:00,12.363858,-1.515474
civ-f752f7b2-d4eb-47df-a259-72cae2081fed,2026-03-09T07:54:00,12.364143,-1.515391
civ-88501974-47f7-4216-97e8-ca2826aea818,2026-03-09T07:54:00,12.363093,-1.522542
civ-b55cc047-f0fb-4020-abd8-8445961805c3,2026-03-09T07:56:00,12.362814,-1.522437
civ-1493bb27-c9aa-4752-bb59-eebcef0baefb,2026-03-09T07:58:00,12.363039,-1.522387
civ-0204c6dc-5f86-412c-9d05-0a31fa7ffb2d,2026-03-09T07:58:00,12.363975,-1.515526
ST-ASC-003,2026-03-09T08:00:00,12.362481,-1.513087
ST-ASC-003,2026-03-09T08:00:00,12.3625,-1.513088
civ-0204c6dc-5f86-412c-9d05-0a31fa7ffb2d,2026-03-09T08:00:00,12.362936,-1.522567
ST-DEV-001,2026-03-09T08:00:00,12.363977,-1.515416
ST-DEV-001,2026-03-09T08:00:00,12.359661,-1.516406
LR-ASC-003,2026-03-09T08:00:00,12.362498,-1.513098
civ-99965e45-072a-4918-b9b1-21e5c468122b,2026-03-09T08:01:00,12.362899,-1.522396
civ-39928994-47f1-47b0-b156-d57f97cb60d5,2026-03-09T08:01:00,12.363032,-1.522556
civ-a468a114-5d61-4d4c-ae4e-95320b02f785,2026-03-09T08:03:00,12.362869,-1.522504
civ-d91719a4-535b-4455-af7a-04938597798e,2026-03-09T08:04:00,12.363976,-1.515539
ST-ASC-003,2026-03-09T08:05:00,12.362511,-1.513104
civ-65555717-54c0-4722-8fb0-05d7bd119bb4,2026-03-09T08:05:00,12.364133,-1.515417
ST-ASC-003,2026-03-09T08:05:00,12.362526,-1.513106
LR-ASC-003,2026-03-09T08:05:00,12.362512,-1.513108
civ-817b1ac2-8b62-4963-9676-fdfe05160ec2,2026-03-09T08:06:00,12.362845,-1.522591
civ-6cef502b-9aa9-492d-9076-f4fe51c3d513,2026-03-09T08:06:00,12.362873,-1.522379
civ-8ccee825-f8ec-424c-9e98-42119c6bd5fa,2026-03-09T08:09:00,12.362907,-1.522533
civ-6cef502b-9aa9-492d-9076-f4fe51c3d513,2026-03-09T08:09:00,12.363983,-1.515268
LR-ASC-003,2026-03-09T08:10:00,12.362503,-1.513101
civ-cdb53c5f-9a7a-48fb-8815-1b5e444c506b,2026-03-09T08:10:00,12.363974,-1.515378
civ-88501974-47f7-4216-97e8-ca2826aea818,2026-03-09T08:10:00,12.364014,-1.515296
ST-ASC-003,2026-03-09T08:10:00,12.362501,-1.513107
ST-DEV-001,2026-03-09T08:10:00,12.359636,-1.516395
ST-DEV-001,2026-03-09T08:10:00,12.363976,-1.515376
ST-ASC-003,2026-03-09T08:10:00,12.362496,-1.513074
civ-5f19587d-f9d4-45e1-95cc-4a1462e1221d,2026-03-09T08:11:00,12.362952,-1.522459
civ-cdb53c5f-9a7a-48fb-8815-1b5e444c506b,2026-03-09T08:12:00,12.362923,-1.522661
civ-3b925994-a234-43bf-a3fb-1518a0494ff0,2026-03-09T08:12:00,12.36292,-1.522384
civ-2b45e74d-42d2-4d50-aa6a-7a3af2caaec1,2026-03-09T08:12:00,12.364002,-1.515472
civ-b5361b11-82a9-4927-a9e5-a18eae93320e,2026-03-09T08:13:00,12.36289,-1.5224
civ-cfd611de-41a6-4b73-a764-0ddcbf9dae14,2026-03-09T08:14:00,12.363842,-1.515416
civ-611fe07a-a2f0-442f-9fc5-a72c5ee34037,2026-03-09T08:14:00,12.364025,-1.515641
civ-71a08559-d00a-4cd6-99e9-fbee460cf42c,2026-03-09T08:15:00,12.362898,-1.522436
civ-b023d061-90e5-4380-80b5-217bc9a0f61f,2026-03-09T08:15:00,12.363954,-1.515492
ST-ASC-003,2026-03-09T08:15:00,12.362473,-1.513095
ST-ASC-003,2026-03-09T08:15:00,12.362509,-1.513092
LR-ASC-003,2026-03-09T08:15:00,12.362483,-1.513102
LR-ASC-003,2026-03-09T08:20:00,12.362497,-1.513103
ST-DEV-001,2026-03-09T08:20:00,12.35971,-1.516401
ST-ASC-003,2026-03-09T08:20:00,12.362479,-1.513088
ST-ASC-003,2026-03-09T08:20:00,12.362534,-1.513116
ST-DEV-001,2026-03-09T08:20:00,12.364028,-1.515394
ST-ASC-003,2026-03-09T08:25:00,12.362486,-1.513116
LR-ASC-003,2026-03-09T08:25:00,12.362501,-1.513099
ST-ASC-003,2026-03-09T08:25:00,12.362483,-1.51312
ST-ASC-003,2026-03-09T08:30:00,12.362494,-1.513111
ST-DEV-001,2026-03-09T08:30:00,12.364022,-1.515398
ST-DEV-001,2026-03-09T08:30:00,12.359682,-1.516455
LR-ASC-003,2026-03-09T08:30:00,12.362492,-1.513077
ST-ASC-003,2026-03-09T08:30:00,12.362513,-1.513092
LR-ASC-003,2026-03-09T08:35:00,12.362479,-1.513113
ST-ASC-003,2026-03-09T08:35:00,12.362496,-1.513126
ST-ASC-003,2026-03-09T08:35:00,12.362497,-1.513117
LR-ASC-003,2026-03-09T08:40:00,12.36255,-1.513119
ST-DEV-001,2026-03-09T08:40:00,12.35971,-1.516361
ST-DEV-001,2026-03-09T08:40:00,12.363998,-1.515406
ST-ASC-003,2026-03-09T08:40:00,12.362517,-1.51308
ST-ASC-003,2026-03-09T08:40:00,12.362502,-1.513128
ST-ASC-003,2026-03-09T08:45:00,12.362503,-1.513084
ST-ASC-003,2026-03-09T08:45:00,12.362465,-1.513082
LR-ASC-003,2026-03-09T08:45:00,12.362476,-1.513087
ST-DEV-001,2026-03-09T08:50:00,12.363994,-1.515428
LR-ASC-003,2026-03-09T08:50:00,12.362463,-1.513104
ST-DEV-001,2026-03-09T08:50:00,12.359684,-1.516388
ST-ASC-003,2026-03-09T08:50:00,12.362485,-1.513085
ST-ASC-003,2026-03-09T08:50:00,12.362477,-1.513128
ST-ASC-003,2026-03-09T08:55:00,12.362528,-1.513111
ST-ASC-003,2026-03-09T08:55:00,12.362499,-1.513099
LR-ASC-003,2026-03-09T08:55:00,12.362539,-1.513128
ST-DEV-001,2026-03-09T09:00:00,12.364005,-1.515401
NEW-DEV-X2,2026-03-09T09:00:00,12.358973,-1.520918
LR-ASC-003,2026-03-09T09:00:00,12.362464,-1.513127
NEW-DEV-X1,2026-03-09T09:00:00,12.358991,-1.520902
LR-ASC-003,2026-03-09T09:00:00,12.364466,-1.521212
ST-ASC-003,2026-03-09T09:00:00,12.361831,-1.514451
ST-ASC-003,2026-03-09T09:00:00,12.362497,-1.513078
NEW-DEV-X1,2026-03-09T09:05:00,12.359008,-1.520877
NEW-DEV-X2,2026-03-09T09:05:00,12.358979,-1.520882
LR-ASC-003,2026-03-09T09:05:00,12.362516,-1.51308
ST-ASC-003,2026-03-09T09:05:00,12.362478,-1.513089
LR-ASC-003,2026-03-09T09:10:00,12.362491,-1.513088
ST-ASC-003,2026-03-09T09:10:00,12.36252,-1.513087
ST-DEV-001,2026-03-09T09:10:00,12.364013,-1.515398
NEW-DEV-X2,2026-03-09T09:10:00,12.358987,-1.520898
NEW-DEV-X1,2026-03-09T09:10:00,12.359,-1.520926
NEW-DEV-X2,2026-03-09T09:15:00,12.358993,-1.520923
ST-ASC-003,2026-03-09T09:15:00,12.362542,-1.51311
NEW-DEV-X1,2026-03-09T09:15:00,12.359015,-1.520886
LR-ASC-003,2026-03-09T09:15:00,12.362525,-1.513068
ST-DEV-001,2026-03-09T09:20:00,12.363997,-1.515416
NEW-DEV-X1,2026-03-09T09:20:00,12.358965,-1.5209
NEW-DEV-X2,2026-03-09T09:20:00,12.358997,-1.520889
LR-ASC-003,2026-03-09T09:20:00,12.362496,-1.513141
ST-ASC-003,2026-03-09T09:20:00,12.362517,-1.513102
LR-ASC-003,2026-03-09T09:25:00,12.362485,-1.513108
ST-ASC-003,2026-03-09T09:25:00,12.362522,-1.5131
NEW-DEV-X1,2026-03-09T09:25:00,12.358971,-1.520912
NEW-DEV-X2,2026-03-09T09:25:00,12.358978,-1.520885
ST-ASC-003,2026-03-09T09:30:00,12.362493,-1.513076
NEW-DEV-X1,2026-03-09T09:30:00,12.358984,-1.520885
ST-DEV-001,2026-03-09T09:30:00,12.364001,-1.515387
NEW-DEV-X2,2026-03-09T09:30:00,12.358985,-1.520909
LR-ASC-003,2026-03-09T09:30:00,12.362495,-1.513103
LR-ASC-003,2026-03-09T09:35:00,12.36252,-1.513077
ST-ASC-003,2026-03-09T09:35:00,12.362491,-1.513125
NEW-DEV-X1,2026-03-09T09:35:00,12.359002,-1.520923
NEW-DEV-X2,2026-03-09T09:35:00,12.35901,-1.520912
NEW-DEV-X1,2026-03-09T09:40:00,12.359016,-1.520926
LR-ASC-003,2026-03-09T09:40:00,12.362497,-1.51308
ST-DEV-001,2026-03-09T09:40:00,12.363979,-1.515398
ST-ASC-003,2026-03-09T09:40:00,12.362491,-1.513089
NEW-DEV-X2,2026-03-09T09:40:00,12.359001,-1.520906
NEW-DEV-X1,2026-03-09T09:45:00,12.359006,-1.520915
ST-ASC-003,2026-03-09T09:45:00,12.362525,-1.513098
LR-ASC-003,2026-03-09T09:45:00,12.362506,-1.513099
NEW-DEV-X2,2026-03-09T09:45:00,12.359002,-1.520943
NEW-DEV-X1,2026-03-09T09:50:00,12.358993,-1.520891
NEW-DEV-X2,2026-03-09T09:50:00,12.358967,-1.520889
LR-ASC-003,2026-03-09T09:50:00,12.362516,-1.513099
ST-DEV-001,2026-03-09T09:50:00,12.364004,-1.515413
ST-ASC-003,2026-03-09T09:50:00,12.362524,-1.513124
NEW-DEV-X1,2026-03-09T09:55:00,12.359009,-1.520876
ST-ASC-003,2026-03-09T09:55:00,12.362492,-1.513105
LR-ASC-003,2026-03-09T09:55:00,12.362537,-1.513126
NEW-DEV-X2,2026-03-09T09:55:00,12.359019,-1.520916
NEW-DEV-X1,2026-03-09T10:00:00,12.358999,-1.520894
ST-DEV-001,2026-03-09T10:00:00,12.363989,-1.515396
LR-ASC-003,2026-03-09T10:00:00,12.362519,-1.513119
NEW-DEV-X2,2026-03-09T10:00:00,12.358996,-1.520895
NEW-DEV-X2,2026-03-09T10:05:00,12.359012,-1.520936
LR-ASC-003,2026-03-09T10:05:00,12.362488,-1.513083
NEW-DEV-X1,2026-03-09T10:05:00,12.358992,-1.520897
LR-ASC-003,2026-03-09T10:10:00,12.362451,-1.513103
ST-DEV-001,2026-03-09T10:10:00,12.36398,-1.515394
NEW-DEV-X1,2026-03-09T10:10:00,12.359008,-1.520902
NEW-DEV-X2,2026-03-09T10:10:00,12.358984,-1.520906
NEW-DEV-X1,2026-03-09T10:15:00,12.358968,-1.520894
NEW-DEV-X2,2026-03-09T10:15:00,12.359013,-1.520855
LR-ASC-003,2026-03-09T10:15:00,12.362474,-1.513109
NEW-DEV-X2,2026-03-09T10:20:00,12.358996,-1.520925
LR-ASC-003,2026-03-09T10:20:00,12.362495,-1.513106
ST-DEV-001,2026-03-09T10:20:00,12.363984,-1.515381
NEW-DEV-X1,2026-03-09T10:20:00,12.359007,-1.520912
NEW-DEV-X1,2026-03-09T10:25:00,12.358977,-1.520873
NEW-DEV-X2,2026-03-09T10:25:00,12.359007,-1.520876
LR-ASC-003,2026-03-09T10:25:00,12.36249,-1.51312
LR-ASC-003,2026-03-09T10:30:00,12.362541,-1.513066
NEW-DEV-X1,2026-03-09T10:30:00,12.359009,-1.520904
NEW-DEV-X2,2026-03-09T10:30:00,12.359002,-1.520916
ST-DEV-001,2026-03-09T10:30:00,12.364042,-1.515415
LR-ASC-003,2026-03-09T10:35:00,12.362479,-1.513072
NEW-DEV-X2,2026-03-09T10:35:00,12.359017,-1.520888
NEW-DEV-X1,2026-03-09T10:35:00,12.35898,-1.520915
LR-ASC-003,2026-03-09T10:40:00,12.362493,-1.513098
NEW-DEV-X2,2026-03-09T10:40:00,12.358982,-1.520893
NEW-DEV-X1,2026-03-09T10:40:00,12.359023,-1.520898
ST-DEV-001,2026-03-09T10:40:00,12.36401,-1.515413
NEW-DEV-X1,2026-03-09T10:45:00,12.35899,-1.520891
NEW-DEV-X2,2026-03-09T10:45:00,12.359018,-1.520879
LR-ASC-003,2026-03-09T10:45:00,12.362499,-1.513112
NEW-DEV-X2,2026-03-09T10:50:00,12.358999,-1.520906
LR-ASC-003,2026-03-09T10:50:00,12.362518,-1.513098
NEW-DEV-X1,2026-03-09T10:50:00,12.358985,-1.520873
ST-DEV-001,2026-03-09T10:50:00,12.364019,-1.515423
NEW-DEV-X1,2026-03-09T10:55:00,12.359024,-1.520908
LR-ASC-003,2026-03-09T10:55:00,12.362491,-1.513123
NEW-DEV-X2,2026-03-09T10:55:00,12.359022,-1.520922
ST-DEV-001,2026-03-09T11:00:00,12.364009,-1.515416
NEW-DEV-X1,2026-03-09T11:00:00,12.358989,-1.520947
LR-ASC-003,2026-03-09T11:00:00,12.362484,-1.51313
NEW-DEV-X2,2026-03-09T11:00:00,12.359008,-1.520925
LR-ASC-003,2026-03-09T11:05:00,12.3625,-1.513122
NEW-DEV-X2,2026-03-09T11:05:00,12.359019,-1.520905
NEW-DEV-X1,2026-03-09T11:05:00,12.358973,-1.520924
LR-ASC-003,2026-03-09T11:10:00,12.362495,-1.513075
NEW-DEV-X1,2026-03-09T11:10:00,12.359002,-1.520906
NEW-DEV-X2,2026-03-09T11:10:00,12.359023,-1.520891
ST-DEV-001,2026-03-09T11:10:00,12.363996,-1.515419
NEW-DEV-X2,2026-03-09T11:15:00,12.358978,-1.520874
LR-ASC-003,2026-03-09T11:15:00,12.362522,-1.513101
NEW-DEV-X1,2026-03-09T11:15:00,12.358976,-1.520905
NEW-DEV-X1,2026-03-09T11:20:00,12.359009,-1.52089
NEW-DEV-X2,2026-03-09T11:20:00,12.359028,-1.520884
ST-DEV-001,2026-03-09T11:20:00,12.364015,-1.515415
LR-ASC-003,2026-03-09T11:20:00,12.362498,-1.513066
NEW-DEV-X1,2026-03-09T11:25:00,12.358966,-1.520902
NEW-DEV-X2,2026-03-09T11:25:00,12.358986,-1.520906
LR-ASC-003,2026-03-09T11:25:00,12.362509,-1.513106
NEW-DEV-X1,2026-03-09T11:30:00,12.358975,-1.520884
LR-ASC-003,2026-03-09T11:30:00,12.362474,-1.513093
NEW-DEV-X2,2026-03-09T11:30:00,12.359003,-1.520913
LR-ASC-003,2026-03-09T11:35:00,12.362515,-1.513111
NEW-DEV-X2,2026-03-09T11:35:00,12.35903,-1.520897
NEW-DEV-X1,2026-03-09T11:35:00,12.359014,-1.520916
LR-ASC-003,2026-03-09T11:40:00,12.362505,-1.513107
NEW-DEV-X1,2026-03-09T11:40:00,12.358986,-1.520908
NEW-DEV-X2,2026-03-09T11:40:00,12.358951,-1.520894
LR-ASC-003,2026-03-09T11:45:00,12.362497,-1.513145
NEW-DEV-X1,2026-03-09T11:45:00,12.358959,-1.520894
NEW-DEV-X2,2026-03-09T11:45:00,12.358994,-1.520901
NEW-DEV-X2,2026-03-09T11:50:00,12.358993,-1.520885
NEW-DEV-X1,2026-03-09T11:50:00,12.358995,-1.520883
LR-ASC-003,2026-03-09T11:50:00,12.362496,-1.513083
LR-ASC-003,2026-03-09T11:55:00,12.362489,-1.513099
NEW-DEV-X1,2026-03-09T11:55:00,12.35898,-1.520911
NEW-DEV-X2,2026-03-09T11:55:00,12.35902,-1.520895
veh-stage-0,2026-03-09T12:00:00,12.362472,-1.513092
veh-stage-2,2026-03-09T12:00:00,12.362488,-1.51311
veh-stage-3,2026-03-09T12:00:00,12.36246,-1.513125
LR-ASC-003,2026-03-09T12:00:00,12.362486,-1.513094
veh-stage-1,2026-03-09T12:00:00,12.36249,-1.513067
LR-ASC-003,2026-03-09T12:05:00,12.362496,-1.513117
veh-stage-2,2026-03-09T12:10:00,12.362494,-1.513095
veh-stage-3,2026-03-09T12:10:00,12.362496,-1.513121
veh-stage-1,2026-03-09T12:10:00,12.362477,-1.513072
LR-ASC-003,2026-03-09T12:10:00,12.362524,-1.513083
veh-stage-0,2026-03-09T12:10:00,12.362493,-1.513114
LR-ASC-003,2026-03-09T12:15:00,12.362489,-1.513091
veh-stage-3,2026-03-09T12:20:00,12.362493,-1.513099
veh-stage-2,2026-03-09T12:20:00,12.362513,-1.513101
veh-stage-1,2026-03-09T12:20:00,12.362498,-1.513095
LR-ASC-003,2026-03-09T12:20:00,12.36251,-1.513088
veh-stage-0,2026-03-09T12:20:00,12.362486,-1.513107
LR-ASC-003,2026-03-09T12:25:00,12.36247,-1.513082
LR-ASC-003,2026-03-09T12:30:00,12.36249,-1.513106
veh-stage-0,2026-03-09T12:30:00,12.362507,-1.513124
veh-stage-1,2026-03-09T12:30:00,12.362515,-1.513111
veh-stage-2,2026-03-09T12:30:00,12.3625,-1.513097
veh-stage-3,2026-03-09T12:30:00,12.362526,-1.513105
LR-ASC-003,2026-03-09T12:35:00,12.362547,-1.513095
LR-ASC-003,2026-03-09T12:40:00,12.362493,-1.51314
veh-stage-3,2026-03-09T12:40:00,12.362519,-1.513074
veh-stage-1,2026-03-09T12:40:00,12.362516,-1.513149
veh-stage-0,2026-03-09T12:40:00,12.362493,-1.513101
veh-stage-2,2026-03-09T12:40:00,12.362491,-1.513117
LR-ASC-003,2026-03-09T12:45:00,12.362525,-1.513124
LR-ASC-003,2026-03-09T12:50:00,12.362482,-1.513106
veh-stage-0,2026-03-09T12:50:00,12.36248,-1.513068
veh-stage-1,2026-03-09T12:50:00,12.362487,-1.513117
veh-stage-2,2026-03-09T12:50:00,12.362468,-1.513113
veh-stage-3,2026-03-09T12:50:00,12.362526,-1.513095
LR-ASC-003,2026-03-09T12:55:00,12.362525,-1.513086
veh-stage-0,2026-03-09T13:00:00,12.362485,-1.513112
veh-stage-2,2026-03-09T13:00:00,12.362509,-1.513113
veh-stage-3,2026-03-09T13:00:00,12.362465,-1.513092
LR-ASC-003,2026-03-09T13:00:00,12.362497,-1.513094
veh-stage-1,2026-03-09T13:00:00,12.362477,-1.513104
LR-ASC-003,2026-03-09T13:05:00,12.362489,-1.513097
veh-stage-1,2026-03-09T13:10:00,12.362507,-1.513087
veh-stage-3,2026-03-09T13:10:00,12.362519,-1.513101
veh-stage-0,2026-03-09T13:10:00,12.362482,-1.513068
LR-ASC-003,2026-03-09T13:10:00,12.362501,-1.513083
veh-stage-2,2026-03-09T13:10:00,12.362496,-1.513092
LR-ASC-003,2026-03-09T13:15:00,12.362517,-1.513091
veh-stage-3,2026-03-09T13:20:00,12.362531,-1.513085
veh-stage-2,2026-03-09T13:20:00,12.362509,-1.513119
veh-stage-1,2026-03-09T13:20:00,12.362504,-1.513112
veh-stage-0,2026-03-09T13:20:00,12.36251,-1.513117
LR-ASC-003,2026-03-09T13:20:00,12.362493,-1.513087
LR-ASC-003,2026-03-09T13:25:00,12.362498,-1.513119
veh-stage-0,2026-03-09T13:30:00,12.36252,-1.513096
veh-stage-3,2026-03-09T13:30:00,12.36251,-1.51308
veh-stage-1,2026-03-09T13:30:00,12.362507,-1.513098
LR-ASC-003,2026-03-09T13:30:00,12.362493,-1.513098
veh-stage-2,2026-03-09T13:30:00,12.362518,-1.51308
LR-ASC-003,2026-03-09T13:35:00,12.362516,-1.513103
veh-stage-0,2026-03-09T13:40:00,12.362505,-1.513106
veh-stage-3,2026-03-09T13:40:00,12.362506,-1.513145
LR-ASC-003,2026-03-09T13:40:00,12.362478,-1.513099
veh-stage-2,2026-03-09T13:40:00,12.36248,-1.513115
veh-stage-1,2026-03-09T13:40:00,12.362517,-1.513086
LR-ASC-003,2026-03-09T13:45:00,12.362502,-1.513097
veh-stage-3,2026-03-09T13:50:00,12.362491,-1.513078
LR-ASC-003,2026-03-09T13:50:00,12.362517,-1.513082
veh-stage-0,2026-03-09T13:50:00,12.362487,-1.513094
veh-stage-2,2026-03-09T13:50:00,12.362521,-1.513103
veh-stage-1,2026-03-09T13:50:00,12.362501,-1.513116
LR-ASC-003,2026-03-09T13:55:00,12.362489,-1.513111
ST-DEV-001,2026-03-09T18:15:00,12.361831,-1.514451
ST-DEV-001,2026-03-09T19:00:00,12.35971,-1.516406
ST-DEV-001,2026-03-09T19:15:00,12.359698,-1.516397
ST-DEV-001,2026-03-09T19:30:00,12.359686,-1.516396
ST-DEV-001,2026-03-09T19:45:00,12.359728,-1.516414
ST-DEV-001,2026-03-09T20:00:00,12.359721,-1.516373
ST-DEV-001,2026-03-09T20:15:00,12.359685,-1.516426
ST-DEV-001,2026-03-09T20:30:00,12.359705,-1.51641
ST-DEV-001,2026-03-09T20:45:00,12.359734,-1.516399
ST-DEV-001,2026-03-09T21:00:00,12.359686,-1.516421
ST-DEV-001,2026-03-09T21:15:00,12.35972,-1.51641
ST-DEV-001,2026-03-09T21:30:00,12.359701,-1.516383
ST-DEV-001,2026-03-09T21:45:00,12.359691,-1.516401
LR-ASC-003,2026-03-10T05:00:00,12.364466,-1.521212
LR-DEV-001,2026-03-10T06:00:00,12.358965,-1.520927
LR-ASC-003,2026-03-10T06:00:00,12.36251,-1.513113
ST-DEV-001,2026-03-10T06:00:00,12.359688,-1.516391
LR-ASC-003,2026-03-10T06:05:00,12.362495,-1.513129
LR-ASC-003,2026-03-10T06:10:00,12.362503,-1.513101
LR-DEV-001,2026-03-10T06:10:00,12.359,-1.52091
ST-DEV-001,2026-03-10T06:10:00,12.359712,-1.516482
LR-ASC-003,2026-03-10T06:15:00,12.362487,-1.513103
ST-DEV-001,2026-03-10T06:20:00,12.359728,-1.516361
LR-DEV-001,2026-03-10T06:20:00,12.359036,-1.520867
LR-ASC-003,2026-03-10T06:20:00,12.362503,-1.513115
LR-ASC-003,2026-03-10T06:25:00,12.362473,-1.513067
LR-ASC-003,2026-03-10T06:30:00,12.362489,-1.513102
ST-DEV-001,2026-03-10T06:30:00,12.359672,-1.516426
LR-DEV-001,2026-03-10T06:30:00,12.358984,-1.52089
LR-ASC-003,2026-03-10T06:35:00,12.362518,-1.513036
LR-ASC-003,2026-03-10T06:40:00,12.362478,-1.513092
ST-DEV-001,2026-03-10T06:40:00,12.359688,-1.51642
LR-DEV-001,2026-03-10T06:40:00,12.359013,-1.520911
LR-ASC-003,2026-03-10T06:45:00,12.362487,-1.51311
LR-DEV-001,2026-03-10T06:50:00,12.358973,-1.5209
ST-DEV-001,2026-03-10T06:50:00,12.359706,-1.516453
LR-ASC-003,2026-03-10T06:50:00,12.362487,-1.51312
LR-ASC-003,2026-03-10T06:55:00,12.362499,-1.513127
ST-DEV-001,2026-03-10T07:00:00,12.359413,-1.51634
LR-DEV-001,2026-03-10T07:00:00,12.358997,-1.520908
ST-DEV-001,2026-03-10T07:00:00,12.35967,-1.516358
LR-ASC-003,2026-03-10T07:00:00,12.361831,-1.514451
ST-ASC-003,2026-03-10T07:00:00,12.359413,-1.51634
ST-DEV-001,2026-03-10T07:10:00,12.359675,-1.516366
LR-DEV-001,2026-03-10T07:10:00,12.359008,-1.520914
LR-DEV-001,2026-03-10T07:20:00,12.358979,-1.520898
ST-DEV-001,2026-03-10T07:20:00,12.35971,-1.516449
LR-DEV-001,2026-03-10T07:30:00,12.359007,-1.520921
ST-DEV-001,2026-03-10T07:30:00,12.359717,-1.516403
ST-DEV-001,2026-03-10T07:40:00,12.359688,-1.516393
LR-DEV-001,2026-03-10T07:40:00,12.359017,-1.520932
LR-DEV-001,2026-03-10T07:50:00,12.35899,-1.520905
civ-6110ef6a-22a3-44c0-91e3-46b0a21ed53d,2026-03-10T07:50:00,12.364097,-1.515306
ST-DEV-001,2026-03-10T07:50:00,12.359713,-1.516381
civ-3b925994-a234-43bf-a3fb-1518a0494ff0,2026-03-10T07:50:00,12.363077,-1.522504
civ-bf1bf079-dbe2-4b80-9863-61ba0331f41f,2026-03-10T07:51:00,12.363993,-1.515342
civ-6cef502b-9aa9-492d-9076-f4fe51c3d513,2026-03-10T07:53:00,12.364129,-1.515463
civ-4ee5f652-6dec-4a3e-9da8-5028cc7be1d1,2026-03-10T07:54:00,12.364081,-1.51542
civ-bc1e3457-fde8-443c-9c92-d09856ab0271,2026-03-10T07:54:00,12.363926,-1.515495
civ-1493bb27-c9aa-4752-bb59-eebcef0baefb,2026-03-10T07:54:00,12.363989,-1.515399
civ-5f19587d-f9d4-45e1-95cc-4a1462e1221d,2026-03-10T07:55:00,12.363923,-1.515458
civ-1f3d1602-74c8-4bee-b7ea-a61cfa1ba919,2026-03-10T07:55:00,12.362836,-1.522399
civ-1be46b08-c711-4559-bde1-07761caecd83,2026-03-10T07:56:00,12.363845,-1.515379
civ-a468a114-5d61-4d4c-ae4e-95320b02f785,2026-03-10T07:58:00,12.363916,-1.51549
civ-7efa278e-c726-4661-b9fa-cf4ddf158e57,2026-03-10T07:59:00,12.364065,-1.515236
civ-14e44a92-a8ac-4e10-9f18-39df3c5ace1d,2026-03-10T08:00:00,12.363012,-1.522595
LR-DEV-001,2026-03-10T08:00:00,12.358989,-1.52091
ST-ASC-003,2026-03-10T08:00:00,12.362514,-1.513109
LR-ASC-003,2026-03-10T08:00:00,12.362514,-1.51311
ST-DEV-001,2026-03-10T08:00:00,12.363985,-1.515404
ST-ASC-003,2026-03-10T08:00:00,12.362516,-1.513111
ST-DEV-001,2026-03-10T08:00:00,12.359732,-1.516389
civ-b5361b11-82a9-4927-a9e5-a18eae93320e,2026-03-10T08:02:00,12.364016,-1.515475
civ-99965e45-072a-4918-b9b1-21e5c468122b,2026-03-10T08:03:00,12.362887,-1.522559
civ-6bacced4-8959-468d-8041-f082312ed83e,2026-03-10T08:03:00,12.362634,-1.522558
civ-b023d061-90e5-4380-80b5-217bc9a0f61f,2026-03-10T08:03:00,12.364095,-1.515313
LR-ASC-003,2026-03-10T08:05:00,12.3625,-1.513102
ST-ASC-003,2026-03-10T08:05:00,12.362496,-1.513075
ST-ASC-003,2026-03-10T08:05:00,12.3625,-1.513093
civ-2fdc0436-1a04-434c-9d37-9bde6f249a5a,2026-03-10T08:06:00,12.364035,-1.515278
civ-0772b70c-5227-404f-abb9-6f4bf823ce9a,2026-03-10T08:06:00,12.363944,-1.515488
civ-b023d061-90e5-4380-80b5-217bc9a0f61f,2026-03-10T08:06:00,12.36293,-1.522566
civ-28886a71-a8de-4e8c-8ebc-a1265ae6176c,2026-03-10T08:07:00,12.362893,-1.522431
civ-c4f94f5c-24ad-4bf5-9583-d3aea6586d8c,2026-03-10T08:09:00,12.364078,-1.515401
ST-DEV-001,2026-03-10T08:10:00,12.363981,-1.515368
ST-ASC-003,2026-03-10T08:10:00,12.362514,-1.513132
ST-DEV-001,2026-03-10T08:10:00,12.359663,-1.516413
LR-ASC-003,2026-03-10T08:10:00,12.362477,-1.513121
LR-DEV-001,2026-03-10T08:10:00,12.359034,-1.520915
ST-ASC-003,2026-03-10T08:10:00,12.362528,-1.513072
civ-b55cc047-f0fb-4020-abd8-8445961805c3,2026-03-10T08:10:00,12.362727,-1.522632
civ-8ccee825-f8ec-424c-9e98-42119c6bd5fa,2026-03-10T08:11:00,12.364179,-1.515399
civ-99965e45-072a-4918-b9b1-21e5c468122b,2026-03-10T08:11:00,12.364079,-1.515393
civ-9c199966-6fe0-4d08-8c17-ef6131c70e92,2026-03-10T08:11:00,12.362877,-1.522475
civ-fc9771b7-c1ef-4ca0-b8a3-720ac96c75fe,2026-03-10T08:11:00,12.364062,-1.51544
civ-37446b6c-c563-41ba-9897-901eff57cc85,2026-03-10T08:13:00,12.36393,-1.515277
civ-71a08559-d00a-4cd6-99e9-fbee460cf42c,2026-03-10T08:13:00,12.362805,-1.522506
civ-15f8c388-2b33-4e47-b91d-53cd3a04bf48,2026-03-10T08:14:00,12.362841,-1.522546
civ-cfd611de-41a6-4b73-a764-0ddcbf9dae14,2026-03-10T08:14:00,12.362847,-1.522279
civ-f752f7b2-d4eb-47df-a259-72cae2081fed,2026-03-10T08:14:00,12.362911,-1.522538
civ-89a22776-d969-4bbf-a4ce-5a3e4cfc6c0c,2026-03-10T08:14:00,12.362963,-1.522557
LR-ASC-003,2026-03-10T08:15:00,12.362517,-1.513093
ST-ASC-003,2026-03-10T08:15:00,12.362495,-1.513078
ST-ASC-003,2026-03-10T08:15:00,12.362513,-1.513104
ST-ASC-003,2026-03-10T08:20:00,12.362513,-1.513086
ST-ASC-003,2026-03-10T08:20:00,12.362483,-1.513116
LR-ASC-003,2026-03-10T08:20:00,12.362519,-1.513094
ST-DEV-001,2026-03-10T08:20:00,12.36403,-1.515416
ST-DEV-001,2026-03-10T08:20:00,12.359779,-1.51638
LR-DEV-001,2026-03-10T08:20:00,12.359044,-1.520892
ST-ASC-003,2026-03-10T08:25:00,12.362458,-1.51307
LR-ASC-003,2026-03-10T08:25:00,12.362503,-1.513131
ST-ASC-003,2026-03-10T08:25:00,12.362529,-1.513076
ST-DEV-001,2026-03-10T08:30:00,12.359764,-1.516362
LR-ASC-003,2026-03-10T08:30:00,12.362495,-1.5131
ST-ASC-003,2026-03-10T08:30:00,12.362524,-1.513074
LR-DEV-001,2026-03-10T08:30:00,12.359002,-1.520891
ST-DEV-001,2026-03-10T08:30:00,12.364003,-1.515412
ST-ASC-003,2026-03-10T08:30:00,12.362484,-1.513102
LR-ASC-003,2026-03-10T08:35:00,12.362535,-1.513088
ST-ASC-003,2026-03-10T08:35:00,12.362505,-1.513099
ST-ASC-003,2026-03-10T08:35:00,12.362484,-1.513087
LR-ASC-003,2026-03-10T08:40:00,12.362528,-1.513089
ST-ASC-003,2026-03-10T08:40:00,12.362516,-1.513087
LR-DEV-001,2026-03-10T08:40:00,12.359046,-1.520918
ST-ASC-003,2026-03-10T08:40:00,12.362493,-1.513123
ST-DEV-001,2026-03-10T08:40:00,12.364011,-1.515391
ST-DEV-001,2026-03-10T08:40:00,12.359707,-1.516392
ST-ASC-003,2026-03-10T08:45:00,12.362508,-1.513126
LR-ASC-003,2026-03-10T08:45:00,12.362487,-1.513098
ST-ASC-003,2026-03-10T08:45:00,12.362494,-1.513093
ST-ASC-003,2026-03-10T08:50:00,12.362499,-1.513115
ST-DEV-001,2026-03-10T08:50:00,12.359699,-1.516447
ST-DEV-001,2026-03-10T08:50:00,12.364015,-1.515394
LR-ASC-003,2026-03-10T08:50:00,12.362504,-1.513117
LR-DEV-001,2026-03-10T08:50:00,12.35898,-1.520914
ST-ASC-003,2026-03-10T08:50:00,12.362485,-1.513138
ST-ASC-003,2026-03-10T08:55:00,12.362474,-1.513097
ST-ASC-003,2026-03-10T08:55:00,12.362523,-1.513099
LR-ASC-003,2026-03-10T08:55:00,12.362493,-1.513104
LR-DEV-001,2026-03-10T09:00:00,12.359001,-1.520931
ST-ASC-003,2026-03-10T09:00:00,12.361831,-1.514451
LR-ASC-003,2026-03-10T09:00:00,12.364466,-1.521212
LR-ASC-003,2026-03-10T09:00:00,12.362529,-1.513137
NEW-DEV-X2,2026-03-10T09:00:00,12.358974,-1.520879
NEW-DEV-X3,2026-03-10T09:00:00,12.358987,-1.520902
ST-DEV-001,2026-03-10T09:00:00,12.364053,-1.515419
ST-ASC-003,2026-03-10T09:00:00,12.362537,-1.513129
ST-ASC-003,2026-03-10T09:05:00,12.36249,-1.513099
LR-ASC-003,2026-03-10T09:05:00,12.362522,-1.513117
NEW-DEV-X3,2026-03-10T09:05:00,12.359034,-1.520902
NEW-DEV-X2,2026-03-10T09:05:00,12.359012,-1.520931
ST-ASC-003,2026-03-10T09:10:00,12.36252,-1.513093
LR-DEV-001,2026-03-10T09:10:00,12.359,-1.52087
NEW-DEV-X2,2026-03-10T09:10:00,12.359049,-1.520901
ST-DEV-001,2026-03-10T09:10:00,12.363969,-1.515407
LR-ASC-003,2026-03-10T09:10:00,12.362475,-1.513079
NEW-DEV-X3,2026-03-10T09:10:00,12.35902,-1.520899
LR-ASC-003,2026-03-10T09:15:00,12.362513,-1.513077
ST-ASC-003,2026-03-10T09:15:00,12.362506,-1.51312
NEW-DEV-X2,2026-03-10T09:15:00,12.358984,-1.520925
NEW-DEV-X3,2026-03-10T09:15:00,12.358991,-1.520904
NEW-DEV-X2,2026-03-10T09:20:00,12.358996,-1.520902
ST-ASC-003,2026-03-10T09:20:00,12.362479,-1.513094
NEW-DEV-X3,2026-03-10T09:20:00,12.358997,-1.520889
LR-DEV-001,2026-03-10T09:20:00,12.359003,-1.520905
ST-DEV-001,2026-03-10T09:20:00,12.363972,-1.515427
LR-ASC-003,2026-03-10T09:20:00,12.362514,-1.513063
LR-ASC-003,2026-03-10T09:25:00,12.36251,-1.513103
NEW-DEV-X2,2026-03-10T09:25:00,12.359002,-1.520905
NEW-DEV-X3,2026-03-10T09:25:00,12.359025,-1.520894
ST-ASC-003,2026-03-10T09:25:00,12.362475,-1.51311
ST-ASC-003,2026-03-10T09:30:00,12.362509,-1.513118
LR-ASC-003,2026-03-10T09:30:00,12.362506,-1.513078
NEW-DEV-X2,2026-03-10T09:30:00,12.359011,-1.520907
NEW-DEV-X3,2026-03-10T09:30:00,12.359021,-1.520917
LR-DEV-001,2026-03-10T09:30:00,12.358989,-1.520884
ST-DEV-001,2026-03-10T09:30:00,12.363982,-1.515417
ST-ASC-003,2026-03-10T09:35:00,12.362529,-1.513078
NEW-DEV-X2,2026-03-10T09:35:00,12.358965,-1.520903
LR-ASC-003,2026-03-10T09:35:00,12.362486,-1.513112
NEW-DEV-X3,2026-03-10T09:35:00,12.358993,-1.520913
NEW-DEV-X2,2026-03-10T09:40:00,12.358957,-1.520894
NEW-DEV-X3,2026-03-10T09:40:00,12.359006,-1.520906
LR-ASC-003,2026-03-10T09:40:00,12.362494,-1.513138
ST-ASC-003,2026-03-10T09:40:00,12.362472,-1.513117
LR-DEV-001,2026-03-10T09:40:00,12.358985,-1.520867
ST-DEV-001,2026-03-10T09:40:00,12.363983,-1.515391
ST-ASC-003,2026-03-10T09:45:00,12.362459,-1.513114
NEW-DEV-X3,2026-03-10T09:45:00,12.359013,-1.520917
NEW-DEV-X2,2026-03-10T09:45:00,12.358982,-1.520897
LR-ASC-003,2026-03-10T09:45:00,12.362502,-1.513134
ST-ASC-003,2026-03-10T09:50:00,12.362514,-1.513107
NEW-DEV-X3,2026-03-10T09:50:00,12.359001,-1.520888
ST-DEV-001,2026-03-10T09:50:00,12.363991,-1.515403
LR-ASC-003,2026-03-10T09:50:00,12.362501,-1.513084
NEW-DEV-X2,2026-03-10T09:50:00,12.359024,-1.520917
LR-DEV-001,2026-03-10T09:50:00,12.359035,-1.520895
ST-ASC-003,2026-03-10T09:55:00,12.362508,-1.513127
NEW-DEV-X3,2026-03-10T09:55:00,12.358963,-1.520862
LR-ASC-003,2026-03-10T09:55:00,12.362491,-1.51307
NEW-DEV-X2,2026-03-10T09:55:00,12.359019,-1.520908
NEW-DEV-X2,2026-03-10T10:00:00,12.359032,-1.520907
NEW-DEV-X3,2026-03-10T10:00:00,12.358995,-1.520936
ST-DEV-001,2026-03-10T10:00:00,12.364016,-1.515414
LR-DEV-001,2026-03-10T10:00:00,12.359,-1.520881
LR-ASC-003,2026-03-10T10:00:00,12.362517,-1.513099
NEW-DEV-X2,2026-03-10T10:05:00,12.358985,-1.520888
NEW-DEV-X3,2026-03-10T10:05:00,12.359003,-1.520899
LR-ASC-003,2026-03-10T10:05:00,12.362508,-1.513108
NEW-DEV-X2,2026-03-10T10:10:00,12.358992,-1.520915
LR-DEV-001,2026-03-10T10:10:00,12.35902,-1.520915
NEW-DEV-X3,2026-03-10T10:10:00,12.358999,-1.520882
ST-DEV-001,2026-03-10T10:10:00,12.363995,-1.515393
LR-ASC-003,2026-03-10T10:10:00,12.362493,-1.513095
NEW-DEV-X2,2026-03-10T10:15:00,12.358991,-1.520901
LR-ASC-003,2026-03-10T10:15:00,12.362479,-1.513106
NEW-DEV-X3,2026-03-10T10:15:00,12.359013,-1.520895
LR-ASC-003,2026-03-10T10:20:00,12.362485,-1.513116
NEW-DEV-X3,2026-03-10T10:20:00,12.359008,-1.520902
NEW-DEV-X2,2026-03-10T10:20:00,12.359024,-1.520935
LR-DEV-001,2026-03-10T10:20:00,12.358991,-1.520924
ST-DEV-001,2026-03-10T10:20:00,12.363965,-1.515443
NEW-DEV-X3,2026-03-10T10:25:00,12.359032,-1.520927
NEW-DEV-X2,2026-03-10T10:25:00,12.359,-1.520889
LR-ASC-003,2026-03-10T10:25:00,12.362462,-1.513076
NEW-DEV-X2,2026-03-10T10:30:00,12.359003,-1.520876
NEW-DEV-X3,2026-03-10T10:30:00,12.359003,-1.520899
LR-DEV-001,2026-03-10T10:30:00,12.359007,-1.520888
ST-DEV-001,2026-03-10T10:30:00,12.364006,-1.515391
LR-ASC-003,2026-03-10T10:30:00,12.362488,-1.513079
NEW-DEV-X2,2026-03-10T10:35:00,12.358999,-1.520903
NEW-DEV-X3,2026-03-10T10:35:00,12.359015,-1.520915
LR-ASC-003,2026-03-10T10:35:00,12.362519,-1.513123
LR-ASC-003,2026-03-10T10:40:00,12.36248,-1.513054
ST-DEV-001,2026-03-10T10:40:00,12.364037,-1.515397
LR-DEV-001,2026-03-10T10:40:00,12.358976,-1.520908
NEW-DEV-X2,2026-03-10T10:40:00,12.359011,-1.520898
NEW-DEV-X3,2026-03-10T10:40:00,12.358969,-1.520897
NEW-DEV-X3,2026-03-10T10:45:00,12.359005,-1.520873
LR-ASC-003,2026-03-10T10:45:00,12.362532,-1.513101
NEW-DEV-X2,2026-03-10T10:45:00,12.358993,-1.520891
NEW-DEV-X3,2026-03-10T10:50:00,12.358977,-1.520879
NEW-DEV-X2,2026-03-10T10:50:00,12.358988,-1.520911
LR-ASC-003,2026-03-10T10:50:00,12.362505,-1.513111
LR-DEV-001,2026-03-10T10:50:00,12.358976,-1.520916
ST-DEV-001,2026-03-10T10:50:00,12.364015,-1.515404
NEW-DEV-X3,2026-03-10T10:55:00,12.359043,-1.520907
LR-ASC-003,2026-03-10T10:55:00,12.362508,-1.513113
NEW-DEV-X2,2026-03-10T10:55:00,12.35899,-1.520876
NEW-DEV-X2,2026-03-10T11:00:00,12.358942,-1.520893
NEW-DEV-X3,2026-03-10T11:00:00,12.358977,-1.520907
LR-ASC-003,2026-03-10T11:00:00,12.362463,-1.513124
ST-DEV-001,2026-03-10T11:00:00,12.364005,-1.51537
LR-ASC-003,2026-03-10T11:05:00,12.3625,-1.51312
NEW-DEV-X2,2026-03-10T11:05:00,12.359001,-1.52093
NEW-DEV-X3,2026-03-10T11:05:00,12.359,-1.52089
ST-DEV-001,2026-03-10T11:10:00,12.363962,-1.515393
NEW-DEV-X3,2026-03-10T11:10:00,12.358989,-1.520872
NEW-DEV-X2,2026-03-10T11:10:00,12.359006,-1.520891
LR-ASC-003,2026-03-10T11:10:00,12.362499,-1.513119
NEW-DEV-X2,2026-03-10T11:15:00,12.359011,-1.520948
NEW-DEV-X3,2026-03-10T11:15:00,12.35898,-1.520931
LR-ASC-003,2026-03-10T11:15:00,12.362486,-1.513085
ST-DEV-001,2026-03-10T11:20:00,12.364038,-1.515395
LR-ASC-003,2026-03-10T11:20:00,12.362504,-1.5131
NEW-DEV-X3,2026-03-10T11:20:00,12.35902,-1.520941
NEW-DEV-X2,2026-03-10T11:20:00,12.359025,-1.520913
NEW-DEV-X3,2026-03-10T11:25:00,12.358996,-1.520844
LR-ASC-003,2026-03-10T11:25:00,12.362516,-1.513091
NEW-DEV-X2,2026-03-10T11:25:00,12.359012,-1.520887
NEW-DEV-X3,2026-03-10T11:30:00,12.359,-1.52092
NEW-DEV-X2,2026-03-10T11:30:00,12.358984,-1.520888
LR-ASC-003,2026-03-10T11:30:00,12.362526,-1.513108
NEW-DEV-X3,2026-03-10T11:35:00,12.358999,-1.520901
NEW-DEV-X2,2026-03-10T11:35:00,12.358993,-1.520937
LR-ASC-003,2026-03-10T11:35:00,12.362492,-1.513123
NEW-DEV-X2,2026-03-10T11:40:00,12.359021,-1.520914
LR-ASC-003,2026-03-10T11:40:00,12.362492,-1.513083
NEW-DEV-X3,2026-03-10T11:40:00,12.359003,-1.520888
LR-ASC-003,2026-03-10T11:45:00,12.362523,-1.513083
NEW-DEV-X2,2026-03-10T11:45:00,12.358985,-1.520907
NEW-DEV-X3,2026-03-10T11:45:00,12.358981,-1.52087
NEW-DEV-X2,2026-03-10T11:50:00,12.359005,-1.520901
NEW-DEV-X3,2026-03-10T11:50:00,12.359004,-1.520887
LR-ASC-003,2026-03-10T11:50:00,12.362468,-1.513081
NEW-DEV-X3,2026-03-10T11:55:00,12.358989,-1.520877
NEW-DEV-X2,2026-03-10T11:55:00,12.35901,-1.520924
LR-ASC-003,2026-03-10T11:55:00,12.362467,-1.513084
veh-stage-1,2026-03-10T12:00:00,12.362519,-1.51311
veh-stage-0,2026-03-10T12:00:00,12.3625,-1.513078
veh-stage-3,2026-03-10T12:00:00,12.362519,-1.513098
veh-stage-2,2026-03-10T12:00:00,12.362494,-1.513094
LR-ASC-003,2026-03-10T12:00:00,12.362493,-1.513087
LR-ASC-003,2026-03-10T12:05:00,12.362476,-1.513079
veh-stage-3,2026-03-10T12:10:00,12.362496,-1.513093
LR-ASC-003,2026-03-10T12:10:00,12.362474,-1.513112
veh-stage-0,2026-03-10T12:10:00,12.362489,-1.513093
veh-stage-2,2026-03-10T12:10:00,12.362508,-1.513085
veh-stage-1,2026-03-10T12:10:00,12.362519,-1.513086
LR-ASC-003,2026-03-10T12:15:00,12.362482,-1.513132
veh-stage-3,2026-03-10T12:20:00,12.362541,-1.513132
LR-ASC-003,2026-03-10T12:20:00,12.362502,-1.513067
veh-stage-0,2026-03-10T12:20:00,12.362515,-1.513116
veh-stage-1,2026-03-10T12:20:00,12.362531,-1.513108
veh-stage-2,2026-03-10T12:20:00,12.362523,-1.513099
LR-ASC-003,2026-03-10T12:25:00,12.362548,-1.513098
veh-stage-0,2026-03-10T12:30:00,12.362492,-1.513118
veh-stage-2,2026-03-10T12:30:00,12.362476,-1.513106
veh-stage-3,2026-03-10T12:30:00,12.362514,-1.513116
veh-stage-1,2026-03-10T12:30:00,12.362477,-1.513109
LR-ASC-003,2026-03-10T12:30:00,12.36252,-1.513096
LR-ASC-003,2026-03-10T12:35:00,12.362509,-1.513106
veh-stage-2,2026-03-10T12:40:00,12.362501,-1.513133
veh-stage-0,2026-03-10T12:40:00,12.362485,-1.513123
veh-stage-1,2026-03-10T12:40:00,12.362504,-1.513099
LR-ASC-003,2026-03-10T12:40:00,12.362504,-1.51309
veh-stage-3,2026-03-10T12:40:00,12.3625,-1.513104
LR-ASC-003,2026-03-10T12:45:00,12.36249,-1.513101
veh-stage-1,2026-03-10T12:50:00,12.362493,-1.513134
veh-stage-0,2026-03-10T12:50:00,12.362484,-1.513074
veh-stage-3,2026-03-10T12:50:00,12.362492,-1.5131
LR-ASC-003,2026-03-10T12:50:00,12.362499,-1.513085
veh-stage-2,2026-03-10T12:50:00,12.362525,-1.513097
LR-ASC-003,2026-03-10T12:55:00,12.362481,-1.513101
veh-stage-3,2026-03-10T13:00:00,12.36248,-1.513081
veh-stage-0,2026-03-10T13:00:00,12.362484,-1.513098
veh-stage-1,2026-03-10T13:00:00,12.362508,-1.513064
LR-ASC-003,2026-03-10T13:00:00,12.362534,-1.513079
veh-stage-2,2026-03-10T13:00:00,12.362507,-1.513075
LR-ASC-003,2026-03-10T13:05:00,12.362524,-1.5131
veh-stage-1,2026-03-10T13:10:00,12.362508,-1.513089
veh-stage-2,2026-03-10T13:10:00,12.362489,-1.51309
veh-stage-0,2026-03-10T13:10:00,12.362491,-1.513079
veh-stage-3,2026-03-10T13:10:00,12.362468,-1.51309
LR-ASC-003,2026-03-10T13:10:00,12.362506,-1.513082
LR-ASC-003,2026-03-10T13:15:00,12.362528,-1.513135
veh-stage-0,2026-03-10T13:20:00,12.362524,-1.513084
veh-stage-1,2026-03-10T13:20:00,12.36251,-1.513093
veh-stage-3,2026-03-10T13:20:00,12.362494,-1.513121
veh-stage-2,2026-03-10T13:20:00,12.362498,-1.513103
LR-ASC-003,2026-03-10T13:20:00,12.362476,-1.513076
LR-ASC-003,2026-03-10T13:25:00,12.362495,-1.513112
LR-ASC-003,2026-03-10T13:30:00,12.362477,-1.51311
veh-stage-3,2026-03-10T13:30:00,12.362504,-1.513128
veh-stage-1,2026-03-10T13:30:00,12.362517,-1.513093
veh-stage-2,2026-03-10T13:30:00,12.362486,-1.51307
veh-stage-0,2026-03-10T13:30:00,12.362506,-1.513104
LR-ASC-003,2026-03-10T13:35:00,12.362475,-1.513062
veh-stage-2,2026-03-10T13:40:00,12.362493,-1.513087
veh-stage-3,2026-03-10T13:40:00,12.362501,-1.513126
veh-stage-1,2026-03-10T13:40:00,12.362494,-1.513114
veh-stage-0,2026-03-10T13:40:00,12.362479,-1.513065
LR-ASC-003,2026-03-10T13:40:00,12.3625,-1.513101
LR-ASC-003,2026-03-10T13:45:00,12.362511,-1.513083
veh-stage-2,2026-03-10T13:50:00,12.362466,-1.513079
veh-stage-3,2026-03-10T13:50:00,12.362508,-1.513117
veh-stage-1,2026-03-10T13:50:00,12.362496,-1.513094
veh-stage-0,2026-03-10T13:50:00,12.362486,-1.513088
LR-ASC-003,2026-03-10T13:50:00,12.362517,-1.513081
LR-ASC-003,2026-03-10T13:55:00,12.362489,-1.513105
ST-DEV-001,2026-03-10T18:15:00,12.361831,-1.514451
ST-DEV-001,2026-03-10T19:00:00,12.35973,-1.516411
ST-DEV-001,2026-03-10T19:15:00,12.359699,-1.516399
ST-DEV-001,2026-03-10T19:30:00,12.35966,-1.516421
ST-DEV-001,2026-03-10T19:45:00,12.35968,-1.516385
ST-DEV-001,2026-03-10T20:00:00,12.359716,-1.516394
ST-DEV-001,2026-03-10T20:15:00,12.359715,-1.516403
ST-DEV-001,2026-03-10T20:30:00,12.359722,-1.5164
ST-DEV-001,2026-03-10T20:45:00,12.359701,-1.516405
ST-DEV-001,2026-03-10T21:00:00,12.359712,-1.516408
ST-DEV-001,2026-03-10T21:15:00,12.359718,-1.51642
ST-DEV-001,2026-03-10T21:30:00,12.35968,-1.516388
ST-DEV-001,2026-03-10T21:45:00,12.359698,-1.516408
LR-ASC-003,2026-03-11T05:00:00,12.364466,-1.521212
LR-ASC-003,2026-03-11T06:00:00,12.362486,-1.513105
LR-DEV-001,2026-03-11T06:00:00,12.359012,-1.520915
ST-DEV-001,2026-03-11T06:00:00,12.359698,-1.516339
LR-ASC-003,2026-03-11T06:05:00,12.362528,-1.513101
ST-DEV-001,2026-03-11T06:10:00,12.359695,-1.516405
LR-ASC-003,2026-03-11T06:10:00,12.362487,-1.513116
LR-DEV-001,2026-03-11T06:10:00,12.358981,-1.520885
LR-ASC-003,2026-03-11T06:15:00,12.362506,-1.513124
ST-DEV-001,2026-03-11T06:20:00,12.359661,-1.516374
LR-DEV-001,2026-03-11T06:20:00,12.359007,-1.520897
LR-ASC-003,2026-03-11T06:20:00,12.362496,-1.513094
LR-ASC-003,2026-03-11T06:25:00,12.362523,-1.513088
ST-DEV-001,2026-03-11T06:30:00,12.359726,-1.516379
LR-DEV-001,2026-03-11T06:30:00,12.358985,-1.520889
LR-ASC-003,2026-03-11T06:30:00,12.362487,-1.513079
LR-ASC-003,2026-03-11T06:35:00,12.362495,-1.513122
ST-DEV-001,2026-03-11T06:40:00,12.359683,-1.516419
LR-ASC-003,2026-03-11T06:40:00,12.362497,-1.513074
LR-DEV-001,2026-03-11T06:40:00,12.358986,-1.520902
LR-ASC-003,2026-03-11T06:45:00,12.362503,-1.5131
LR-ASC-003,2026-03-11T06:50:00,12.362529,-1.513126
LR-DEV-001,2026-03-11T06:50:00,12.359026,-1.520912
ST-DEV-001,2026-03-11T06:50:00,12.359665,-1.516398
LR-ASC-003,2026-03-11T06:55:00,12.362477,-1.513129
LR-DEV-001,2026-03-11T07:00:00,12.358972,-1.520919
ST-ASC-003,2026-03-11T07:00:00,12.359413,-1.51634
LR-ASC-003,2026-03-11T07:00:00,12.361831,-1.514451
ST-DEV-001,2026-03-11T07:00:00,12.359413,-1.51634
ST-DEV-001,2026-03-11T07:00:00,12.359671,-1.516432
ST-DEV-001,2026-03-11T07:10:00,12.359689,-1.516413
LR-DEV-001,2026-03-11T07:10:00,12.359018,-1.520895
ST-DEV-001,2026-03-11T07:20:00,12.359685,-1.516387
LR-DEV-001,2026-03-11T07:20:00,12.358998,-1.520909
LR-DEV-001,2026-03-11T07:30:00,12.359009,-1.520915
ST-DEV-001,2026-03-11T07:30:00,12.359702,-1.516408
ST-DEV-001,2026-03-11T07:40:00,12.359705,-1.516427
LR-DEV-001,2026-03-11T07:40:00,12.359006,-1.520913
ST-DEV-001,2026-03-11T07:50:00,12.359703,-1.516396
LR-DEV-001,2026-03-11T07:50:00,12.358984,-1.520911
civ-449026e2-0932-48dd-b2e5-589a4a6d9aab,2026-03-11T07:51:00,12.362897,-1.522545
civ-b5361b11-82a9-4927-a9e5-a18eae93320e,2026-03-11T07:52:00,12.36289,-1.522505
civ-2b45e74d-42d2-4d50-aa6a-7a3af2caaec1,2026-03-11T07:52:00,12.363049,-1.522313
civ-2fdc0436-1a04-434c-9d37-9bde6f249a5a,2026-03-11T07:53:00,12.362872,-1.522407
civ-c4f94f5c-24ad-4bf5-9583-d3aea6586d8c,2026-03-11T07:54:00,12.362685,-1.522551
civ-7547f95b-ca80-463d-81af-64baaecebbbf,2026-03-11T07:55:00,12.363897,-1.515395
civ-88501974-47f7-4216-97e8-ca2826aea818,2026-03-11T07:56:00,12.364191,-1.515312
civ-1f3d1602-74c8-4bee-b7ea-a61cfa1ba919,2026-03-11T07:57:00,12.362871,-1.522321
civ-7efa278e-c726-4661-b9fa-cf4ddf158e57,2026-03-11T07:57:00,12.363015,-1.522449
civ-dd01804d-8340-43eb-9071-e6ff8db1c60d,2026-03-11T07:59:00,12.364029,-1.515475
civ-c4f94f5c-24ad-4bf5-9583-d3aea6586d8c,2026-03-11T07:59:00,12.363837,-1.515486
ST-ASC-003,2026-03-11T08:00:00,12.362472,-1.51312
LR-DEV-001,2026-03-11T08:00:00,12.358993,-1.520901
LR-ASC-003,2026-03-11T08:00:00,12.362552,-1.513116
ST-DEV-001,2026-03-11T08:00:00,12.359659,-1.516373
ST-ASC-003,2026-03-11T08:00:00,12.362517,-1.513079
ST-DEV-001,2026-03-11T08:00:00,12.363992,-1.515395
civ-f752f7b2-d4eb-47df-a259-72cae2081fed,2026-03-11T08:01:00,12.362863,-1.522365
civ-1be46b08-c711-4559-bde1-07761caecd83,2026-03-11T08:01:00,12.362866,-1.522379
civ-e5251cef-2ef8-4f32-8c86-222cadbbdd62,2026-03-11T08:02:00,12.36386,-1.515526
civ-a468a114-5d61-4d4c-ae4e-95320b02f785,2026-03-11T08:04:00,12.363936,-1.515201
civ-9c199966-6fe0-4d08-8c17-ef6131c70e92,2026-03-11T08:04:00,12.363048,-1.522418
civ-e59c9d8d-85b9-4043-bed5-94294d0fff92,2026-03-11T08:04:00,12.363027,-1.522429
civ-cedf7edb-54e6-40cd-ba57-81048f7ce03d,2026-03-11T08:04:00,12.363854,-1.515393
LR-ASC-003,2026-03-11T08:05:00,12.362551,-1.513106
ST-ASC-003,2026-03-11T08:05:00,12.362499,-1.513104
ST-ASC-003,2026-03-11T08:05:00,12.362518,-1.513084
ST-DEV-001,2026-03-11T08:10:00,12.359676,-1.516398
LR-DEV-001,2026-03-11T08:10:00,12.359004,-1.520966
ST-DEV-001,2026-03-11T08:10:00,12.363986,-1.515401
civ-b023d061-90e5-4380-80b5-217bc9a0f61f,2026-03-11T08:10:00,12.363984,-1.515336
civ-642e97d3-8d95-46fd-b10b-62983c9c93b8,2026-03-11T08:10:00,12.362909,-1.522365
ST-ASC-003,2026-03-11T08:10:00,12.362503,-1.513121
ST-ASC-003,2026-03-11T08:10:00,12.362507,-1.513131
LR-ASC-003,2026-03-11T08:10:00,12.362489,-1.513094
civ-99965e45-072a-4918-b9b1-21e5c468122b,2026-03-11T08:11:00,12.363974,-1.515361
civ-6cef502b-9aa9-492d-9076-f4fe51c3d513,2026-03-11T08:12:00,12.362834,-1.522567
civ-817b1ac2-8b62-4963-9676-fdfe05160ec2,2026-03-11T08:14:00,12.363718,-1.515412
ST-ASC-003,2026-03-11T08:15:00,12.362497,-1.513087
LR-ASC-003,2026-03-11T08:15:00,12.36249,-1.513093
ST-ASC-003,2026-03-11T08:15:00,12.362494,-1.513122
LR-ASC-003,2026-03-11T08:20:00,12.362476,-1.513104
ST-ASC-003,2026-03-11T08:20:00,12.362521,-1.513111
ST-DEV-001,2026-03-11T08:20:00,12.359731,-1.516375
ST-DEV-001,2026-03-11T08:20:00,12.363973,-1.515389
LR-DEV-001,2026-03-11T08:20:00,12.358985,-1.520907
ST-ASC-003,2026-03-11T08:20:00,12.362512,-1.513105
LR-ASC-003,2026-03-11T08:25:00,12.362523,-1.513101
ST-ASC-003,2026-03-11T08:25:00,12.362504,-1.513115
ST-ASC-003,2026-03-11T08:25:00,12.36248,-1.513099
LR-DEV-001,2026-03-11T08:30:00,12.359027,-1.520919
ST-DEV-001,2026-03-11T08:30:00,12.364032,-1.51535
LR-ASC-003,2026-03-11T08:30:00,12.362503,-1.513091
ST-DEV-001,2026-03-11T08:30:00,12.359701,-1.51641
ST-ASC-003,2026-03-11T08:30:00,12.362513,-1.513101
ST-ASC-003,2026-03-11T08:30:00,12.362488,-1.513073
ST-ASC-003,2026-03-11T08:35:00,12.362487,-1.513125
ST-ASC-003,2026-03-11T08:35:00,12.362495,-1.513107
LR-ASC-003,2026-03-11T08:35:00,12.362521,-1.51313
ST-ASC-003,2026-03-11T08:40:00,12.362499,-1.513108
LR-ASC-003,2026-03-11T08:40:00,12.362511,-1.513105
ST-DEV-001,2026-03-11T08:40:00,12.359726,-1.516382
ST-ASC-003,2026-03-11T08:40:00,12.362461,-1.513101
ST-DEV-001,2026-03-11T08:40:00,12.364002,-1.515386
LR-DEV-001,2026-03-11T08:40:00,12.359003,-1.520873
ST-ASC-003,2026-03-11T08:45:00,12.36249,-1.513126
ST-ASC-003,2026-03-11T08:45:00,12.362512,-1.513107
LR-ASC-003,2026-03-11T08:45:00,12.362503,-1.513081
ST-ASC-003,2026-03-11T08:50:00,12.362521,-1.513088
LR-ASC-003,2026-03-11T08:50:00,12.362479,-1.513118
ST-ASC-003,2026-03-11T08:50:00,12.362529,-1.513074
ST-DEV-001,2026-03-11T08:50:00,12.363968,-1.515373
ST-DEV-001,2026-03-11T08:50:00,12.359683,-1.516421
LR-DEV-001,2026-03-11T08:50:00,12.358976,-1.520893
ST-ASC-003,2026-03-11T08:55:00,12.362499,-1.513075
ST-ASC-003,2026-03-11T08:55:00,12.362484,-1.513099
LR-ASC-003,2026-03-11T08:55:00,12.362465,-1.51311
LR-DEV-001,2026-03-11T09:00:00,12.358986,-1.520909
LR-ASC-003,2026-03-11T09:00:00,12.362524,-1.513102
ST-ASC-003,2026-03-11T09:00:00,12.362488,-1.513106
ST-ASC-003,2026-03-11T09:00:00,12.361831,-1.514451
ST-DEV-001,2026-03-11T09:00:00,12.364014,-1.515409
NEW-DEV-X3,2026-03-11T09:00:00,12.359024,-1.520879
LR-ASC-003,2026-03-11T09:00:00,12.364466,-1.521212
NEW-DEV-X3,2026-03-11T09:05:00,12.358977,-1.520877
ST-ASC-003,2026-03-11T09:05:00,12.362536,-1.513106
LR-ASC-003,2026-03-11T09:05:00,12.362476,-1.513109
LR-ASC-003,2026-03-11T09:10:00,12.362473,-1.51312
LR-DEV-001,2026-03-11T09:10:00,12.358986,-1.520913
ST-DEV-001,2026-03-11T09:10:00,12.364022,-1.515405
NEW-DEV-X3,2026-03-11T09:10:00,12.358994,-1.520889
ST-ASC-003,2026-03-11T09:10:00,12.362506,-1.51309
LR-ASC-003,2026-03-11T09:15:00,12.362507,-1.513121
NEW-DEV-X3,2026-03-11T09:15:00,12.358984,-1.520897
ST-ASC-003,2026-03-11T09:15:00,12.362482,-1.513115
ST-DEV-001,2026-03-11T09:20:00,12.363992,-1.515391
ST-ASC-003,2026-03-11T09:20:00,12.362478,-1.513116
LR-DEV-001,2026-03-11T09:20:00,12.359049,-1.520885
NEW-DEV-X3,2026-03-11T09:20:00,12.359006,-1.520927
LR-ASC-003,2026-03-11T09:20:00,12.36252,-1.513101
NEW-DEV-X3,2026-03-11T09:25:00,12.359011,-1.520876
LR-ASC-003,2026-03-11T09:25:00,12.362502,-1.513105
ST-ASC-003,2026-03-11T09:25:00,12.362449,-1.51309
LR-DEV-001,2026-03-11T09:30:00,12.35902,-1.520891
NEW-DEV-X3,2026-03-11T09:30:00,12.358997,-1.520876
LR-ASC-003,2026-03-11T09:30:00,12.362514,-1.513086
ST-DEV-001,2026-03-11T09:30:00,12.363981,-1.515382
ST-ASC-003,2026-03-11T09:30:00,12.362537,-1.513097
NEW-DEV-X3,2026-03-11T09:35:00,12.358997,-1.520885
ST-ASC-003,2026-03-11T09:35:00,12.362475,-1.513112
LR-ASC-003,2026-03-11T09:35:00,12.362506,-1.51309
LR-ASC-003,2026-03-11T09:40:00,12.362496,-1.51309
NEW-DEV-X3,2026-03-11T09:40:00,12.35896,-1.520856
ST-ASC-003,2026-03-11T09:40:00,12.362492,-1.513118
ST-DEV-001,2026-03-11T09:40:00,12.363981,-1.515419
LR-DEV-001,2026-03-11T09:40:00,12.358971,-1.520893
ST-ASC-003,2026-03-11T09:45:00,12.362515,-1.513085
LR-ASC-003,2026-03-11T09:45:00,12.362494,-1.5131
NEW-DEV-X3,2026-03-11T09:45:00,12.359027,-1.520905
LR-DEV-001,2026-03-11T09:50:00,12.359019,-1.520915
LR-ASC-003,2026-03-11T09:50:00,12.362495,-1.513108
ST-ASC-003,2026-03-11T09:50:00,12.362479,-1.513087
ST-DEV-001,2026-03-11T09:50:00,12.363984,-1.515386
NEW-DEV-X3,2026-03-11T09:50:00,12.358965,-1.520895
ST-ASC-003,2026-03-11T09:55:00,12.362527,-1.513066
NEW-DEV-X3,2026-03-11T09:55:00,12.358974,-1.520892
LR-ASC-003,2026-03-11T09:55:00,12.362488,-1.513092
LR-ASC-003,2026-03-11T10:00:00,12.362507,-1.513097
LR-DEV-001,2026-03-11T10:00:00,12.359017,-1.520887
ST-DEV-001,2026-03-11T10:00:00,12.363989,-1.515424
NEW-DEV-X3,2026-03-11T10:00:00,12.359007,-1.520917
LR-ASC-003,2026-03-11T10:05:00,12.362528,-1.513096
NEW-DEV-X3,2026-03-11T10:05:00,12.35902,-1.520885
ST-DEV-001,2026-03-11T10:10:00,12.363989,-1.515401
LR-ASC-003,2026-03-11T10:10:00,12.362493,-1.5131
LR-DEV-001,2026-03-11T10:10:00,12.359033,-1.520908
NEW-DEV-X3,2026-03-11T10:10:00,12.359018,-1.5209
LR-ASC-003,2026-03-11T10:15:00,12.362502,-1.51313
NEW-DEV-X3,2026-03-11T10:15:00,12.358975,-1.520882
LR-DEV-001,2026-03-11T10:20:00,12.35898,-1.520907
NEW-DEV-X3,2026-03-11T10:20:00,12.358995,-1.520925
ST-DEV-001,2026-03-11T10:20:00,12.363979,-1.515421
LR-ASC-003,2026-03-11T10:20:00,12.362549,-1.513091
NEW-DEV-X3,2026-03-11T10:25:00,12.359024,-1.520862
LR-ASC-003,2026-03-11T10:25:00,12.362504,-1.513089
NEW-DEV-X3,2026-03-11T10:30:00,12.358999,-1.520861
ST-DEV-001,2026-03-11T10:30:00,12.364038,-1.515415
LR-DEV-001,2026-03-11T10:30:00,12.359026,-1.520933
LR-ASC-003,2026-03-11T10:30:00,12.362513,-1.513103
NEW-DEV-X3,2026-03-11T10:35:00,12.359002,-1.520907
LR-ASC-003,2026-03-11T10:35:00,12.362489,-1.513089
ST-DEV-001,2026-03-11T10:40:00,12.363994,-1.515407
NEW-DEV-X3,2026-03-11T10:40:00,12.358989,-1.520871
LR-ASC-003,2026-03-11T10:40:00,12.362507,-1.513115
LR-DEV-001,2026-03-11T10:40:00,12.358963,-1.520898
NEW-DEV-X3,2026-03-11T10:45:00,12.358986,-1.520887
LR-ASC-003,2026-03-11T10:45:00,12.362526,-1.513095
LR-DEV-001,2026-03-11T10:50:00,12.358992,-1.5209
ST-DEV-001,2026-03-11T10:50:00,12.363992,-1.515389
NEW-DEV-X3,2026-03-11T10:50:00,12.35899,-1.520908
LR-ASC-003,2026-03-11T10:50:00,12.362513,-1.513075
NEW-DEV-X3,2026-03-11T10:55:00,12.359019,-1.520907
LR-ASC-003,2026-03-11T10:55:00,12.3625,-1.513094
ST-DEV-001,2026-03-11T11:00:00,12.364017,-1.515406
NEW-DEV-X3,2026-03-11T11:00:00,12.358993,-1.52088
LR-ASC-003,2026-03-11T11:00:00,12.362515,-1.513113
NEW-DEV-X3,2026-03-11T11:05:00,12.359029,-1.520888
LR-ASC-003,2026-03-11T11:05:00,12.362501,-1.513098
ST-DEV-001,2026-03-11T11:10:00,12.363978,-1.515377
NEW-DEV-X3,2026-03-11T11:10:00,12.358988,-1.520909
LR-ASC-003,2026-03-11T11:10:00,12.362483,-1.513058
LR-ASC-003,2026-03-11T11:15:00,12.362475,-1.513123
NEW-DEV-X3,2026-03-11T11:15:00,12.359001,-1.520894
ST-DEV-001,2026-03-11T11:20:00,12.363998,-1.515369
NEW-DEV-X3,2026-03-11T11:20:00,12.358982,-1.520887
LR-ASC-003,2026-03-11T11:20:00,12.362524,-1.513087
NEW-DEV-X3,2026-03-11T11:25:00,12.359002,-1.520931
LR-ASC-003,2026-03-11T11:25:00,12.362482,-1.513089
NEW-DEV-X3,2026-03-11T11:30:00,12.358983,-1.520909
LR-ASC-003,2026-03-11T11:30:00,12.362526,-1.513101
LR-ASC-003,2026-03-11T11:35:00,12.362547,-1.513131
NEW-DEV-X3,2026-03-11T11:35:00,12.358999,-1.520866
LR-ASC-003,2026-03-11T11:40:00,12.362512,-1.513079
NEW-DEV-X3,2026-03-11T11:40:00,12.359004,-1.520915
NEW-DEV-X3,2026-03-11T11:45:00,12.359004,-1.520906
LR-ASC-003,2026-03-11T11:45:00,12.362516,-1.513104
NEW-DEV-X3,2026-03-11T11:50:00,12.359006,-1.52089
LR-ASC-003,2026-03-11T11:50:00,12.362495,-1.513092
NEW-DEV-X3,2026-03-11T11:55:00,12.359022,-1.5209
LR-ASC-003,2026-03-11T11:55:00,12.362515,-1.513089
veh-stage-3,2026-03-11T12:00:00,12.362502,-1.513082
veh-stage-0,2026-03-11T12:00:00,12.362508,-1.5131
veh-stage-2,2026-03-11T12:00:00,12.36249,-1.513077
veh-stage-1,2026-03-11T12:00:00,12.362511,-1.51307
LR-ASC-003,2026-03-11T12:00:00,12.362519,-1.513118
LR-ASC-003,2026-03-11T12:05:00,12.362496,-1.513117
LR-ASC-003,2026-03-11T12:10:00,12.362493,-1.513082
veh-stage-1,2026-03-11T12:10:00,12.362505,-1.51311
veh-stage-2,2026-03-11T12:10:00,12.362505,-1.513114
veh-stage-0,2026-03-11T12:10:00,12.362494,-1.513084
veh-stage-3,2026-03-11T12:10:00,12.362512,-1.513063
LR-ASC-003,2026-03-11T12:15:00,12.362502,-1.513053
veh-stage-0,2026-03-11T12:20:00,12.362516,-1.513117
veh-stage-1,2026-03-11T12:20:00,12.362508,-1.51311
veh-stage-2,2026-03-11T12:20:00,12.362492,-1.51308
LR-ASC-003,2026-03-11T12:20:00,12.362503,-1.513099
veh-stage-3,2026-03-11T12:20:00,12.36254,-1.513099
LR-ASC-003,2026-03-11T12:25:00,12.362502,-1.513111
veh-stage-3,2026-03-11T12:30:00,12.362431,-1.513078
ST-DEV-001,2026-03-11T12:30:00,12.363601,-1.515311
veh-stage-2,2026-03-11T12:30:00,12.362529,-1.513072
LR-ASC-003,2026-03-11T12:30:00,12.362499,-1.51308
veh-stage-1,2026-03-11T12:30:00,12.362491,-1.513127
veh-stage-0,2026-03-11T12:30:00,12.362497,-1.513095
LR-DEV-001,2026-03-11T12:30:00,12.35903,-1.520731
LR-ASC-003,2026-03-11T12:35:00,12.362502,-1.513114
veh-stage-0,2026-03-11T12:40:00,12.362495,-1.513089
veh-stage-2,2026-03-11T12:40:00,12.362514,-1.513105
veh-stage-3,2026-03-11T12:40:00,12.36249,-1.513114
veh-stage-1,2026-03-11T12:40:00,12.362517,-1.513107
LR-ASC-003,2026-03-11T12:40:00,12.362483,-1.513108
LR-ASC-003,2026-03-11T12:45:00,12.362501,-1.513079
veh-stage-3,2026-03-11T12:50:00,12.362493,-1.513108
LR-ASC-003,2026-03-11T12:50:00,12.362476,-1.513106
veh-stage-1,2026-03-11T12:50:00,12.362503,-1.513119
veh-stage-2,2026-03-11T12:50:00,12.362442,-1.513095
veh-stage-0,2026-03-11T12:50:00,12.362505,-1.513067
LR-ASC-003,2026-03-11T12:55:00,12.362503,-1.513133
ST-DEV-001,2026-03-11T13:00:00,12.36246,-1.513096
veh-stage-0,2026-03-11T13:00:00,12.362472,-1.513102
LR-ASC-003,2026-03-11T13:00:00,12.362485,-1.513112
veh-stage-3,2026-03-11T13:00:00,12.362511,-1.513128
LR-DEV-001,2026-03-11T13:00:00,12.362517,-1.51311
veh-stage-2,2026-03-11T13:00:00,12.3625,-1.513097
escort-armed,2026-03-11T13:00:00,12.362444,-1.513096
veh-stage-1,2026-03-11T13:00:00,12.362508,-1.513114
LR-ASC-003,2026-03-11T13:05:00,12.362486,-1.513097
ST-DEV-001,2026-03-11T13:10:00,12.362535,-1.513106
escort-armed,2026-03-11T13:10:00,12.362498,-1.513069
veh-stage-3,2026-03-11T13:10:00,12.362481,-1.513094
veh-stage-0,2026-03-11T13:10:00,12.362484,-1.513089
LR-ASC-003,2026-03-11T13:10:00,12.362497,-1.51311
veh-stage-2,2026-03-11T13:10:00,12.362501,-1.513124
LR-DEV-001,2026-03-11T13:10:00,12.362466,-1.513063
veh-stage-1,2026-03-11T13:10:00,12.362497,-1.513084
LR-ASC-003,2026-03-11T13:15:00,12.362508,-1.513069
veh-stage-3,2026-03-11T13:20:00,12.362511,-1.513088
escort-armed,2026-03-11T13:20:00,12.36251,-1.513064
veh-stage-2,2026-03-11T13:20:00,12.36251,-1.513089
ST-DEV-001,2026-03-11T13:20:00,12.362496,-1.513095
LR-ASC-003,2026-03-11T13:20:00,12.36253,-1.513135
veh-stage-0,2026-03-11T13:20:00,12.362471,-1.513094
LR-DEV-001,2026-03-11T13:20:00,12.362482,-1.513119
veh-stage-1,2026-03-11T13:20:00,12.362514,-1.5131
LR-ASC-003,2026-03-11T13:25:00,12.36251,-1.513103
ST-DEV-001,2026-03-11T13:30:00,12.36249,-1.513106
LR-ASC-003,2026-03-11T13:30:00,12.362503,-1.513107
veh-stage-1,2026-03-11T13:30:00,12.362468,-1.513046
LR-DEV-001,2026-03-11T13:30:00,12.36252,-1.513107
veh-stage-2,2026-03-11T13:30:00,12.362512,-1.513083
veh-stage-0,2026-03-11T13:30:00,12.362489,-1.513113
escort-armed,2026-03-11T13:30:00,12.362481,-1.513069
veh-stage-3,2026-03-11T13:30:00,12.362486,-1.513118
LR-ASC-003,2026-03-11T13:35:00,12.362502,-1.513097
veh-stage-3,2026-03-11T13:40:00,12.362491,-1.513096
LR-ASC-003,2026-03-11T13:40:00,12.36249,-1.513116
escort-armed,2026-03-11T13:40:00,12.362486,-1.513079
LR-DEV-001,2026-03-11T13:40:00,12.362499,-1.513091
veh-stage-1,2026-03-11T13:40:00,12.362531,-1.513087
ST-DEV-001,2026-03-11T13:40:00,12.362494,-1.513111
veh-stage-2,2026-03-11T13:40:00,12.362511,-1.513107
veh-stage-0,2026-03-11T13:40:00,12.362474,-1.513108
LR-ASC-003,2026-03-11T13:45:00,12.362492,-1.513096
veh-stage-0,2026-03-11T13:50:00,12.36252,-1.5131
escort-armed,2026-03-11T13:50:00,12.362461,-1.513094
veh-stage-3,2026-03-11T13:50:00,12.362527,-1.513137
veh-stage-2,2026-03-11T13:50:00,12.362499,-1.513098
LR-DEV-001,2026-03-11T13:50:00,12.36252,-1.513106
LR-ASC-003,2026-03-11T13:50:00,12.362511,-1.513085
ST-DEV-001,2026-03-11T13:50:00,12.362522,-1.513092
veh-stage-1,2026-03-11T13:50:00,12.362486,-1.513102
LR-ASC-003,2026-03-11T13:55:00,12.362491,-1.513095
escort-armed,2026-03-11T14:00:00,12.362446,-1.513107
LR-DEV-001,2026-03-11T14:00:00,12.362527,-1.513138
ST-DEV-001,2026-03-11T14:00:00,12.362505,-1.513085
LR-DEV-001,2026-03-11T14:10:00,12.362514,-1.513115
ST-DEV-001,2026-03-11T14:10:00,12.362495,-1.513114
escort-armed,2026-03-11T14:10:00,12.362512,-1.513114
LR-DEV-001,2026-03-11T14:20:00,12.362525,-1.513097
ST-DEV-001,2026-03-11T14:20:00,12.362489,-1.5131
escort-armed,2026-03-11T14:20:00,12.362472,-1.513077
escort-armed,2026-03-11T14:30:00,12.362497,-1.513113
LR-DEV-001,2026-03-11T14:30:00,12.362488,-1.513088
ST-DEV-001,2026-03-11T14:30:00,12.362481,-1.513109
escort-armed,2026-03-11T14:40:00,12.362501,-1.513029
LR-DEV-001,2026-03-11T14:40:00,12.362516,-1.513088
ST-DEV-001,2026-03-11T14:40:00,12.362491,-1.513062
escort-armed,2026-03-11T14:50:00,12.362531,-1.513069
ST-DEV-001,2026-03-11T14:50:00,12.36245,-1.513103
LR-DEV-001,2026-03-11T14:50:00,12.362481,-1.513109
escort-armed,2026-03-11T15:00:00,12.362512,-1.513096
LR-DEV-001,2026-03-11T15:00:00,12.3625,-1.513101
ST-DEV-001,2026-03-11T15:00:00,12.362531,-1.513098
escort-armed,2026-03-11T15:10:00,12.362435,-1.513118
LR-DEV-001,2026-03-11T15:10:00,12.362513,-1.513136
ST-DEV-001,2026-03-11T15:10:00,12.362514,-1.513098
LR-DEV-001,2026-03-11T15:20:00,12.362506,-1.513105
escort-armed,2026-03-11T15:20:00,12.362487,-1.513151
ST-DEV-001,2026-03-11T15:20:00,12.362488,-1.51314
LR-DEV-001,2026-03-11T15:30:00,12.362485,-1.513113
escort-armed,2026-03-11T15:30:00,12.362469,-1.513153
ST-DEV-001,2026-03-11T15:30:00,12.362504,-1.513114
ST-DEV-001,2026-03-11T15:40:00,12.362486,-1.513109
escort-armed,2026-03-11T15:40:00,12.362499,-1.513078
LR-DEV-001,2026-03-11T15:40:00,12.362496,-1.513165
LR-DEV-001,2026-03-11T15:50:00,12.362487,-1.513116
escort-armed,2026-03-11T15:50:00,12.36253,-1.513089
ST-DEV-001,2026-03-11T15:50:00,12.362531,-1.513057
escort-armed,2026-03-11T16:00:00,12.362474,-1.513152
ST-DEV-001,2026-03-11T16:00:00,12.362504,-1.513108
LR-DEV-001,2026-03-11T16:00:00,12.36251,-1.513114
escort-armed,2026-03-11T16:10:00,12.362453,-1.513134
ST-DEV-001,2026-03-11T16:10:00,12.362479,-1.513092
LR-DEV-001,2026-03-11T16:10:00,12.362496,-1.513072
ST-DEV-001,2026-03-11T16:20:00,12.362532,-1.513104
LR-DEV-001,2026-03-11T16:20:00,12.362518,-1.513084
escort-armed,2026-03-11T16:20:00,12.362476,-1.513104
escort-armed,2026-03-11T16:30:00,12.362473,-1.513091
LR-DEV-001,2026-03-11T16:30:00,12.362491,-1.51309
ST-DEV-001,2026-03-11T16:30:00,12.362457,-1.513088
LR-DEV-001,2026-03-11T16:40:00,12.362496,-1.513104
escort-armed,2026-03-11T16:40:00,12.362494,-1.5131
ST-DEV-001,2026-03-11T16:40:00,12.362518,-1.513129
LR-DEV-001,2026-03-11T16:50:00,12.362507,-1.513111
escort-armed,2026-03-11T16:50:00,12.362531,-1.513132
ST-DEV-001,2026-03-11T16:50:00,12.362503,-1.513092
LR-DEV-001,2026-03-11T17:00:00,12.362527,-1.513103
ST-DEV-001,2026-03-11T17:00:00,12.362499,-1.513114
LR-DEV-001,2026-03-11T17:10:00,12.362511,-1.513074
ST-DEV-001,2026-03-11T17:10:00,12.362518,-1.513107
LR-DEV-001,2026-03-11T17:20:00,12.362519,-1.513125
ST-DEV-001,2026-03-11T17:20:00,12.362473,-1.513137
LR-DEV-001,2026-03-11T17:30:00,12.362508,-1.513085
ST-DEV-001,2026-03-11T17:30:00,12.362523,-1.513089
ST-DEV-001,2026-03-11T17:40:00,12.362502,-1.513108
LR-DEV-001,2026-03-11T17:40:00,12.362516,-1.51312
LR-DEV-001,2026-03-11T17:50:00,12.362488,-1.513082
ST-DEV-001,2026-03-11T17:50:00,12.36249,-1.513119
LR-DEV-001,2026-03-11T18:00:00,12.361831,-1.514451
ST-DEV-001,2026-03-11T18:15:00,12.361831,-1.514451
ST-DEV-001,2026-03-11T19:00:00,12.359692,-1.516438
ST-DEV-001,2026-03-11T19:15:00,12.359687,-1.516406
ST-DEV-001,2026-03-11T19:30:00,12.359711,-1.516401
ST-DEV-001,2026-03-11T19:45:00,12.359714,-1.516376
ST-DEV-001,2026-03-11T20:00:00,12.359719,-1.516392
ST-DEV-001,2026-03-11T20:15:00,12.3597,-1.516418
ST-DEV-001,2026-03-11T20:30:00,12.359713,-1.51637
ST-DEV-001,2026-03-11T20:45:00,12.359706,-1.516365
ST-DEV-001,2026-03-11T21:00:00,12.359673,-1.516421
ST-DEV-001,2026-03-11T21:15:00,12.359715,-1.516395
ST-DEV-001,2026-03-11T21:30:00,12.359724,-1.5164
ST-DEV-001,2026-03-11T21:45:00,12.359684,-1.516404
LR-ASC-003,2026-03-12T05:00:00,12.364466,-1.521212
LR-ASC-003,2026-03-12T06:00:00,12.362529,-1.513096
ST-DEV-001,2026-03-12T06:00:00,12.359707,-1.516391
LR-DEV-001,2026-03-12T06:00:00,12.364388,-1.521205
LR-ASC-003,2026-03-12T06:05:00,12.362493,-1.513116
LR-DEV-001,2026-03-12T06:10:00,12.364384,-1.521151
LR-ASC-003,2026-03-12T06:10:00,12.362504,-1.513144
ST-DEV-001,2026-03-12T06:10:00,12.359696,-1.51641
LR-ASC-003,2026-03-12T06:15:00,12.362497,-1.513104
LR-ASC-003,2026-03-12T06:20:00,12.362475,-1.513117
ST-DEV-001,2026-03-12T06:20:00,12.359785,-1.516376
LR-DEV-001,2026-03-12T06:20:00,12.364404,-1.521215
LR-ASC-003,2026-03-12T06:25:00,12.362515,-1.513096
LR-ASC-003,2026-03-12T06:30:00,12.362502,-1.513094
ST-DEV-001,2026-03-12T06:30:00,12.359711,-1.516406
LR-DEV-001,2026-03-12T06:30:00,12.364416,-1.521186
LR-ASC-003,2026-03-12T06:35:00,12.362502,-1.513078
LR-DEV-001,2026-03-12T06:40:00,12.364397,-1.521185
ST-DEV-001,2026-03-12T06:40:00,12.359688,-1.516404
LR-ASC-003,2026-03-12T06:40:00,12.362502,-1.513126
LR-ASC-003,2026-03-12T06:45:00,12.362529,-1.513093
LR-DEV-001,2026-03-12T06:50:00,12.364385,-1.521209
ST-DEV-001,2026-03-12T06:50:00,12.359708,-1.516451
LR-ASC-003,2026-03-12T06:50:00,12.362489,-1.513123
LR-ASC-003,2026-03-12T06:55:00,12.362507,-1.513102
ST-ASC-003,2026-03-12T07:00:00,12.359413,-1.51634
LR-ASC-003,2026-03-12T07:00:00,12.361831,-1.514451
LR-DEV-001,2026-03-12T07:00:00,12.364364,-1.521224
ST-DEV-001,2026-03-12T07:00:00,12.359658,-1.516417
ST-DEV-001,2026-03-12T07:00:00,12.359413,-1.51634
ST-DEV-001,2026-03-12T07:10:00,12.359706,-1.516406
LR-DEV-001,2026-03-12T07:10:00,12.364433,-1.52117
LR-DEV-001,2026-03-12T07:20:00,12.364401,-1.52117
ST-DEV-001,2026-03-12T07:20:00,12.35974,-1.51644
ST-DEV-001,2026-03-12T07:30:00,12.35968,-1.516359
LR-DEV-001,2026-03-12T07:30:00,12.364397,-1.521204
LR-DEV-001,2026-03-12T07:40:00,12.364401,-1.521202
ST-DEV-001,2026-03-12T07:40:00,12.359704,-1.516376
LR-DEV-001,2026-03-12T07:50:00,12.364396,-1.521179
ST-DEV-001,2026-03-12T07:50:00,12.359755,-1.516419
civ-37446b6c-c563-41ba-9897-901eff57cc85,2026-03-12T07:50:00,12.362891,-1.522606
civ-1be46b08-c711-4559-bde1-07761caecd83,2026-03-12T07:50:00,12.362978,-1.522471
civ-dd01804d-8340-43eb-9071-e6ff8db1c60d,2026-03-12T07:52:00,12.362906,-1.522489
civ-1493bb27-c9aa-4752-bb59-eebcef0baefb,2026-03-12T07:53:00,12.364035,-1.515328
civ-642e97d3-8d95-46fd-b10b-62983c9c93b8,2026-03-12T07:53:00,12.364019,-1.51536
civ-cdb53c5f-9a7a-48fb-8815-1b5e444c506b,2026-03-12T07:54:00,12.364157,-1.51534
civ-d91719a4-535b-4455-af7a-04938597798e,2026-03-12T07:56:00,12.36399,-1.515441
civ-d91719a4-535b-4455-af7a-04938597798e,2026-03-12T07:56:00,12.363027,-1.522579
civ-bf1bf079-dbe2-4b80-9863-61ba0331f41f,2026-03-12T07:56:00,12.363994,-1.515293
civ-3b925994-a234-43bf-a3fb-1518a0494ff0,2026-03-12T07:57:00,12.363043,-1.522553
civ-6465e4c0-d8dc-4972-bee7-bb6306b5fdfb,2026-03-12T07:57:00,12.362871,-1.522423
civ-1493bb27-c9aa-4752-bb59-eebcef0baefb,2026-03-12T07:57:00,12.362812,-1.522562
civ-b55cc047-f0fb-4020-abd8-8445961805c3,2026-03-12T07:59:00,12.364101,-1.515259
civ-642e97d3-8d95-46fd-b10b-62983c9c93b8,2026-03-12T07:59:00,12.362869,-1.522419
ST-ASC-003,2026-03-12T08:00:00,12.36251,-1.513113
LR-ASC-003,2026-03-12T08:00:00,12.362511,-1.513069
ST-DEV-001,2026-03-12T08:00:00,12.363996,-1.515424
LR-DEV-001,2026-03-12T08:00:00,12.364403,-1.521187
ST-DEV-001,2026-03-12T08:00:00,12.359697,-1.516407
ST-ASC-003,2026-03-12T08:00:00,12.362482,-1.513083
civ-bc1e3457-fde8-443c-9c92-d09856ab0271,2026-03-12T08:01:00,12.364047,-1.515472
civ-f752f7b2-d4eb-47df-a259-72cae2081fed,2026-03-12T08:01:00,12.3641,-1.515349
civ-6cef502b-9aa9-492d-9076-f4fe51c3d513,2026-03-12T08:01:00,12.362946,-1.522482
civ-65555717-54c0-4722-8fb0-05d7bd119bb4,2026-03-12T08:02:00,12.363111,-1.522626
civ-2b45e74d-42d2-4d50-aa6a-7a3af2caaec1,2026-03-12T08:03:00,12.364072,-1.51525
civ-4ee5f652-6dec-4a3e-9da8-5028cc7be1d1,2026-03-12T08:03:00,12.362799,-1.522376
civ-2fdc0436-1a04-434c-9d37-9bde6f249a5a,2026-03-12T08:03:00,12.362938,-1.522644
civ-99965e45-072a-4918-b9b1-21e5c468122b,2026-03-12T08:05:00,12.363899,-1.515391
ST-ASC-003,2026-03-12T08:05:00,12.362503,-1.513118
civ-28886a71-a8de-4e8c-8ebc-a1265ae6176c,2026-03-12T08:05:00,12.363997,-1.515318
ST-ASC-003,2026-03-12T08:05:00,12.362523,-1.513117
LR-ASC-003,2026-03-12T08:05:00,12.362506,-1.513088
civ-2b45e74d-42d2-4d50-aa6a-7a3af2caaec1,2026-03-12T08:06:00,12.363108,-1.522626
civ-0204c6dc-5f86-412c-9d05-0a31fa7ffb2d,2026-03-12T08:06:00,12.363848,-1.515325
civ-6cef502b-9aa9-492d-9076-f4fe51c3d513,2026-03-12T08:06:00,12.364048,-1.515411
civ-6110ef6a-22a3-44c0-91e3-46b0a21ed53d,2026-03-12T08:07:00,12.36277,-1.522443
ST-ASC-003,2026-03-12T08:10:00,12.362498,-1.51311
ST-DEV-001,2026-03-12T08:10:00,12.36397,-1.515383
ST-DEV-001,2026-03-12T08:10:00,12.359647,-1.516408
LR-DEV-001,2026-03-12T08:10:00,12.364419,-1.521193
civ-e59c9d8d-85b9-4043-bed5-94294d0fff92,2026-03-12T08:10:00,12.364058,-1.515387
civ-f752f7b2-d4eb-47df-a259-72cae2081fed,2026-03-12T08:10:00,12.362795,-1.52253
ST-ASC-003,2026-03-12T08:10:00,12.362489,-1.513134
civ-9c199966-6fe0-4d08-8c17-ef6131c70e92,2026-03-12T08:10:00,12.362868,-1.522352
LR-ASC-003,2026-03-12T08:10:00,12.362494,-1.513125
civ-4ee5f652-6dec-4a3e-9da8-5028cc7be1d1,2026-03-12T08:11:00,12.364183,-1.515387
civ-15f8c388-2b33-4e47-b91d-53cd3a04bf48,2026-03-12T08:12:00,12.363972,-1.515383
civ-6bacced4-8959-468d-8041-f082312ed83e,2026-03-12T08:14:00,12.362918,-1.522463
LR-ASC-003,2026-03-12T08:15:00,12.362488,-1.5131
ST-ASC-003,2026-03-12T08:15:00,12.362498,-1.51306
ST-ASC-003,2026-03-12T08:15:00,12.362482,-1.513087
LR-ASC-003,2026-03-12T08:20:00,12.362501,-1.513065
ST-DEV-001,2026-03-12T08:20:00,12.36401,-1.515392
ST-ASC-003,2026-03-12T08:20:00,12.36251,-1.513078
ST-DEV-001,2026-03-12T08:20:00,12.359724,-1.516385
ST-ASC-003,2026-03-12T08:20:00,12.362514,-1.513061
LR-DEV-001,2026-03-12T08:20:00,12.364383,-1.521224
LR-ASC-003,2026-03-12T08:25:00,12.362501,-1.513079
ST-ASC-003,2026-03-12T08:25:00,12.362516,-1.513082
ST-ASC-003,2026-03-12T08:25:00,12.362468,-1.513081
ST-DEV-001,2026-03-12T08:30:00,12.359717,-1.51641
ST-ASC-003,2026-03-12T08:30:00,12.362545,-1.513108
LR-ASC-003,2026-03-12T08:30:00,12.362492,-1.513106
LR-DEV-001,2026-03-12T08:30:00,12.364403,-1.521203
ST-ASC-003,2026-03-12T08:30:00,12.362536,-1.513093
ST-DEV-001,2026-03-12T08:30:00,12.364017,-1.515409
LR-ASC-003,2026-03-12T08:35:00,12.362476,-1.513113
ST-ASC-003,2026-03-12T08:35:00,12.362534,-1.513105
ST-ASC-003,2026-03-12T08:35:00,12.362497,-1.513081
LR-ASC-003,2026-03-12T08:40:00,12.362509,-1.5131
ST-DEV-001,2026-03-12T08:40:00,12.363992,-1.515361
ST-ASC-003,2026-03-12T08:40:00,12.362475,-1.513106
LR-DEV-001,2026-03-12T08:40:00,12.364402,-1.5212
ST-ASC-003,2026-03-12T08:40:00,12.362526,-1.513109
ST-DEV-001,2026-03-12T08:40:00,12.359682,-1.516366
ST-ASC-003,2026-03-12T08:45:00,12.362519,-1.513115
LR-ASC-003,2026-03-12T08:45:00,12.362517,-1.513097
ST-ASC-003,2026-03-12T08:45:00,12.362487,-1.513098
ST-ASC-003,2026-03-12T08:50:00,12.362489,-1.513089
ST-ASC-003,2026-03-12T08:50:00,12.362515,-1.513086
LR-ASC-003,2026-03-12T08:50:00,12.362494,-1.513061
ST-DEV-001,2026-03-12T08:50:00,12.359687,-1.516392
LR-DEV-001,2026-03-12T08:50:00,12.364447,-1.521224
ST-DEV-001,2026-03-12T08:50:00,12.363996,-1.515387
ST-ASC-003,2026-03-12T08:55:00,12.3625,-1.513089
LR-ASC-003,2026-03-12T08:55:00,12.362498,-1.513079
ST-ASC-003,2026-03-12T08:55:00,12.362474,-1.513066
LR-ASC-003,2026-03-12T09:00:00,12.364466,-1.521212
ST-DEV-001,2026-03-12T09:00:00,12.364,-1.515433
ST-ASC-003,2026-03-12T09:00:00,12.362504,-1.513091
LR-ASC-003,2026-03-12T09:00:00,12.362493,-1.513087
NEW-DEV-X3,2026-03-12T09:00:00,12.358995,-1.52089
LR-DEV-001,2026-03-12T09:00:00,12.364364,-1.521194
ST-ASC-003,2026-03-12T09:00:00,12.361831,-1.514451
LR-ASC-003,2026-03-12T09:05:00,12.362517,-1.513096
NEW-DEV-X3,2026-03-12T09:05:00,12.359034,-1.520939
ST-ASC-003,2026-03-12T09:05:00,12.362492,-1.513096
NEW-DEV-X3,2026-03-12T09:10:00,12.358987,-1.520904
ST-ASC-003,2026-03-12T09:10:00,12.362483,-1.513077
LR-DEV-001,2026-03-12T09:10:00,12.364393,-1.521194
LR-ASC-003,2026-03-12T09:10:00,12.362458,-1.5131
ST-DEV-001,2026-03-12T09:10:00,12.363963,-1.51541
NEW-DEV-X3,2026-03-12T09:15:00,12.359026,-1.520929
LR-ASC-003,2026-03-12T09:15:00,12.362522,-1.513091
ST-ASC-003,2026-03-12T09:15:00,12.362489,-1.51308
LR-DEV-001,2026-03-12T09:20:00,12.364411,-1.521177
NEW-DEV-X3,2026-03-12T09:20:00,12.359035,-1.520898
LR-ASC-003,2026-03-12T09:20:00,12.362508,-1.513131
ST-DEV-001,2026-03-12T09:20:00,12.364019,-1.515386
ST-ASC-003,2026-03-12T09:20:00,12.362496,-1.513096
ST-ASC-003,2026-03-12T09:25:00,12.362491,-1.513118
LR-ASC-003,2026-03-12T09:25:00,12.362487,-1.513093
NEW-DEV-X3,2026-03-12T09:25:00,12.358998,-1.520904
ST-ASC-003,2026-03-12T09:30:00,12.362469,-1.513119
LR-ASC-003,2026-03-12T09:30:00,12.362507,-1.513078
ST-DEV-001,2026-03-12T09:30:00,12.364016,-1.515418
NEW-DEV-X3,2026-03-12T09:30:00,12.358992,-1.520881
LR-DEV-001,2026-03-12T09:30:00,12.364373,-1.52121
NEW-DEV-X3,2026-03-12T09:35:00,12.358981,-1.520894
LR-ASC-003,2026-03-12T09:35:00,12.362497,-1.513093
ST-ASC-003,2026-03-12T09:35:00,12.362494,-1.513096
ST-DEV-001,2026-03-12T09:40:00,12.364029,-1.515417
LR-ASC-003,2026-03-12T09:40:00,12.3625,-1.513118
NEW-DEV-X3,2026-03-12T09:40:00,12.358993,-1.520914
ST-ASC-003,2026-03-12T09:40:00,12.362518,-1.513108
LR-DEV-001,2026-03-12T09:40:00,12.364408,-1.521186
ST-ASC-003,2026-03-12T09:45:00,12.362484,-1.513126
NEW-DEV-X3,2026-03-12T09:45:00,12.359047,-1.520892
LR-ASC-003,2026-03-12T09:45:00,12.362459,-1.513092
ST-DEV-001,2026-03-12T09:50:00,12.364004,-1.5154
ST-ASC-003,2026-03-12T09:50:00,12.362509,-1.513075
NEW-DEV-X3,2026-03-12T09:50:00,12.359011,-1.52088
LR-ASC-003,2026-03-12T09:50:00,12.362503,-1.513111
LR-DEV-001,2026-03-12T09:50:00,12.364439,-1.521183
NEW-DEV-X3,2026-03-12T09:55:00,12.358974,-1.520868
ST-ASC-003,2026-03-12T09:55:00,12.362523,-1.513087
LR-ASC-003,2026-03-12T09:55:00,12.362471,-1.513089
NEW-DEV-X3,2026-03-12T10:00:00,12.358955,-1.520914
LR-ASC-003,2026-03-12T10:00:00,12.362528,-1.513106
LR-DEV-001,2026-03-12T10:00:00,12.364399,-1.521216
ST-DEV-001,2026-03-12T10:00:00,12.363997,-1.515376
LR-ASC-003,2026-03-12T10:05:00,12.362485,-1.513084
NEW-DEV-X3,2026-03-12T10:05:00,12.358992,-1.52089
NEW-DEV-X3,2026-03-12T10:10:00,12.359004,-1.520903
LR-DEV-001,2026-03-12T10:10:00,12.36439,-1.521211
LR-ASC-003,2026-03-12T10:10:00,12.362517,-1.513097
ST-DEV-001,2026-03-12T10:10:00,12.363987,-1.515424
NEW-DEV-X3,2026-03-12T10:15:00,12.359,-1.520918
LR-ASC-003,2026-03-12T10:15:00,12.362512,-1.513101
NEW-DEV-X3,2026-03-12T10:20:00,12.358973,-1.520887
ST-DEV-001,2026-03-12T10:20:00,12.364,-1.515407
LR-DEV-001,2026-03-12T10:20:00,12.364412,-1.521195
LR-ASC-003,2026-03-12T10:20:00,12.362504,-1.513079
LR-ASC-003,2026-03-12T10:25:00,12.362511,-1.513103
NEW-DEV-X3,2026-03-12T10:25:00,12.359012,-1.520871
LR-DEV-001,2026-03-12T10:30:00,12.364376,-1.521208
LR-ASC-003,2026-03-12T10:30:00,12.362524,-1.513143
ST-DEV-001,2026-03-12T10:30:00,12.364061,-1.515388
NEW-DEV-X3,2026-03-12T10:30:00,12.358986,-1.520888
NEW-DEV-X3,2026-03-12T10:35:00,12.358995,-1.520879
LR-ASC-003,2026-03-12T10:35:00,12.362537,-1.513131
LR-DEV-001,2026-03-12T10:40:00,12.364416,-1.521194
LR-ASC-003,2026-03-12T10:40:00,12.362489,-1.513101
ST-DEV-001,2026-03-12T10:40:00,12.363993,-1.515419
NEW-DEV-X3,2026-03-12T10:40:00,12.359018,-1.520896
LR-ASC-003,2026-03-12T10:45:00,12.362497,-1.513082
NEW-DEV-X3,2026-03-12T10:45:00,12.358994,-1.520883
NEW-DEV-X3,2026-03-12T10:50:00,12.359012,-1.520912
ST-DEV-001,2026-03-12T10:50:00,12.363966,-1.515418
LR-ASC-003,2026-03-12T10:50:00,12.362481,-1.513095
LR-DEV-001,2026-03-12T10:50:00,12.36441,-1.521193
NEW-DEV-X3,2026-03-12T10:55:00,12.358976,-1.520905
LR-ASC-003,2026-03-12T10:55:00,12.36249,-1.513095
ST-DEV-001,2026-03-12T11:00:00,12.364002,-1.515374
NEW-DEV-X3,2026-03-12T11:00:00,12.359027,-1.520879
LR-ASC-003,2026-03-12T11:00:00,12.362499,-1.513098
NEW-DEV-X3,2026-03-12T11:05:00,12.35898,-1.520921
LR-ASC-003,2026-03-12T11:05:00,12.36249,-1.513109
ST-DEV-001,2026-03-12T11:10:00,12.36402,-1.515396
NEW-DEV-X3,2026-03-12T11:10:00,12.359023,-1.52092
LR-ASC-003,2026-03-12T11:10:00,12.362505,-1.513083
NEW-DEV-X3,2026-03-12T11:15:00,12.359009,-1.520911
LR-ASC-003,2026-03-12T11:15:00,12.362489,-1.513116
NEW-DEV-X3,2026-03-12T11:20:00,12.359029,-1.520914
LR-ASC-003,2026-03-12T11:20:00,12.362511,-1.513101
ST-DEV-001,2026-03-12T11:20:00,12.363994,-1.515395
LR-ASC-003,2026-03-12T11:25:00,12.362515,-1.513116
NEW-DEV-X3,2026-03-12T11:25:00,12.359021,-1.520897
LR-ASC-003,2026-03-12T11:30:00,12.362468,-1.51311
NEW-DEV-X3,2026-03-12T11:30:00,12.359005,-1.520935
LR-ASC-003,2026-03-12T11:35:00,12.362486,-1.513101
NEW-DEV-X3,2026-03-12T11:35:00,12.35896,-1.520904
LR-ASC-003,2026-03-12T11:40:00,12.362489,-1.513087
NEW-DEV-X3,2026-03-12T11:40:00,12.359004,-1.52092
LR-ASC-003,2026-03-12T11:45:00,12.362495,-1.513097
NEW-DEV-X3,2026-03-12T11:45:00,12.35898,-1.52089
LR-ASC-003,2026-03-12T11:50:00,12.362503,-1.513096
NEW-DEV-X3,2026-03-12T11:50:00,12.35901,-1.520902
NEW-DEV-X3,2026-03-12T11:55:00,12.359014,-1.520921
LR-ASC-003,2026-03-12T11:55:00,12.3625,-1.513091
veh-stage-1,2026-03-12T12:00:00,12.362521,-1.513121
veh-stage-0,2026-03-12T12:00:00,12.362503,-1.513074
veh-stage-2,2026-03-12T12:00:00,12.362484,-1.513101
veh-stage-3,2026-03-12T12:00:00,12.362493,-1.513111
LR-ASC-003,2026-03-12T12:00:00,12.362486,-1.513075
LR-ASC-003,2026-03-12T12:05:00,12.362496,-1.513124
veh-stage-2,2026-03-12T12:10:00,12.362509,-1.513086
veh-stage-3,2026-03-12T12:10:00,12.362491,-1.513083
veh-stage-0,2026-03-12T12:10:00,12.362517,-1.513123
veh-stage-1,2026-03-12T12:10:00,12.362478,-1.513096
LR-ASC-003,2026-03-12T12:10:00,12.362503,-1.513115
LR-ASC-003,2026-03-12T12:15:00,12.362512,-1.51306
veh-stage-2,2026-03-12T12:20:00,12.362503,-1.513094
veh-stage-3,2026-03-12T12:20:00,12.362513,-1.5131
veh-stage-1,2026-03-12T12:20:00,12.362511,-1.513105
veh-stage-0,2026-03-12T12:20:00,12.362479,-1.51309
LR-ASC-003,2026-03-12T12:20:00,12.362486,-1.513094
LR-ASC-003,2026-03-12T12:25:00,12.362468,-1.513092
veh-stage-2,2026-03-12T12:30:00,12.362502,-1.513088
veh-stage-1,2026-03-12T12:30:00,12.362512,-1.513113
veh-stage-3,2026-03-12T12:30:00,12.36249,-1.513124
LR-ASC-003,2026-03-12T12:30:00,12.362484,-1.513111
veh-stage-0,2026-03-12T12:30:00,12.362499,-1.513108
LR-ASC-003,2026-03-12T12:35:00,12.36248,-1.513087
LR-ASC-003,2026-03-12T12:40:00,12.362518,-1.5131
veh-stage-3,2026-03-12T12:40:00,12.362526,-1.513089
veh-stage-2,2026-03-12T12:40:00,12.362506,-1.513099
veh-stage-0,2026-03-12T12:40:00,12.362518,-1.513097
veh-stage-1,2026-03-12T12:40:00,12.362462,-1.513108
LR-ASC-003,2026-03-12T12:45:00,12.362484,-1.513071
LR-ASC-003,2026-03-12T12:50:00,12.362486,-1.513139
veh-stage-0,2026-03-12T12:50:00,12.362501,-1.513086
veh-stage-2,2026-03-12T12:50:00,12.362495,-1.513099
veh-stage-3,2026-03-12T12:50:00,12.362487,-1.513087
veh-stage-1,2026-03-12T12:50:00,12.362501,-1.513105
LR-ASC-003,2026-03-12T12:55:00,12.362508,-1.51312
veh-stage-1,2026-03-12T13:00:00,12.362479,-1.513133
veh-stage-3,2026-03-12T13:00:00,12.362499,-1.513105
LR-ASC-003,2026-03-12T13:00:00,12.362518,-1.513107
veh-stage-2,2026-03-12T13:00:00,12.362509,-1.513095
veh-stage-0,2026-03-12T13:00:00,12.362493,-1.513072
LR-ASC-003,2026-03-12T13:05:00,12.362511,-1.513075
veh-stage-1,2026-03-12T13:10:00,12.362491,-1.513084
veh-stage-2,2026-03-12T13:10:00,12.362507,-1.513076
veh-stage-3,2026-03-12T13:10:00,12.362508,-1.513113
LR-ASC-003,2026-03-12T13:10:00,12.362478,-1.51311
veh-stage-0,2026-03-12T13:10:00,12.362486,-1.513088
LR-ASC-003,2026-03-12T13:15:00,12.362499,-1.513072
veh-stage-0,2026-03-12T13:20:00,12.362526,-1.513125
veh-stage-2,2026-03-12T13:20:00,12.362505,-1.513112
LR-ASC-003,2026-03-12T13:20:00,12.362488,-1.513111
veh-stage-1,2026-03-12T13:20:00,12.362523,-1.513079
veh-stage-3,2026-03-12T13:20:00,12.362494,-1.513098
LR-ASC-003,2026-03-12T13:25:00,12.362509,-1.51311
veh-stage-1,2026-03-12T13:30:00,12.362485,-1.513121
veh-stage-0,2026-03-12T13:30:00,12.362494,-1.513079
LR-ASC-003,2026-03-12T13:30:00,12.362503,-1.513128
veh-stage-3,2026-03-12T13:30:00,12.362491,-1.513088
veh-stage-2,2026-03-12T13:30:00,12.362516,-1.513125
LR-ASC-003,2026-03-12T13:35:00,12.36254,-1.513124
veh-stage-1,2026-03-12T13:40:00,12.362509,-1.513089
veh-stage-2,2026-03-12T13:40:00,12.362481,-1.513094
veh-stage-0,2026-03-12T13:40:00,12.362521,-1.513103
veh-stage-3,2026-03-12T13:40:00,12.362534,-1.513114
LR-ASC-003,2026-03-12T13:40:00,12.362494,-1.513101
LR-ASC-003,2026-03-12T13:45:00,12.362534,-1.513124
veh-stage-0,2026-03-12T13:50:00,12.362487,-1.513083
veh-stage-1,2026-03-12T13:50:00,12.362507,-1.513136
veh-stage-2,2026-03-12T13:50:00,12.362509,-1.513122
LR-ASC-003,2026-03-12T13:50:00,12.362536,-1.513086
veh-stage-3,2026-03-12T13:50:00,12.36247,-1.513136
LR-ASC-003,2026-03-12T13:55:00,12.362508,-1.513118
ST-DEV-001,2026-03-12T18:15:00,12.361831,-1.514451
ST-DEV-001,2026-03-12T19:00:00,12.359691,-1.516369
ST-DEV-001,2026-03-12T19:15:00,12.359697,-1.516402
ST-DEV-001,2026-03-12T19:30:00,12.35966,-1.516404
ST-DEV-001,2026-03-12T19:45:00,12.359715,-1.516419
ST-DEV-001,2026-03-12T20:00:00,12.359686,-1.516386
ST-DEV-001,2026-03-12T20:15:00,12.359673,-1.516381
ST-DEV-001,2026-03-12T20:30:00,12.35969,-1.516407
ST-DEV-001,2026-03-12T20:45:00,12.35968,-1.516393
ST-DEV-001,2026-03-12T21:00:00,12.359744,-1.516386
ST-DEV-001,2026-03-12T21:15:00,12.359684,-1.51638
ST-DEV-001,2026-03-12T21:30:00,12.359694,-1.516375
ST-DEV-001,2026-03-12T21:45:00,12.359715,-1.516453
LR-ASC-003,2026-03-13T05:00:00,12.364466,-1.521212
LR-ASC-003,2026-03-13T06:00:00,12.362497,-1.513121
ST-DEV-001,2026-03-13T06:00:00,12.359701,-1.516404
LR-DEV-001,2026-03-13T06:00:00,12.358982,-1.520903
LR-ASC-003,2026-03-13T06:05:00,12.362496,-1.513082
LR-DEV-001,2026-03-13T06:10:00,12.358996,-1.520897
ST-DEV-001,2026-03-13T06:10:00,12.359709,-1.51638
LR-ASC-003,2026-03-13T06:10:00,12.362505,-1.513079
LR-ASC-003,2026-03-13T06:15:00,12.362506,-1.513123
LR-DEV-001,2026-03-13T06:20:00,12.359006,-1.52089
LR-ASC-003,2026-03-13T06:20:00,12.362455,-1.513097
ST-DEV-001,2026-03-13T06:20:00,12.359716,-1.516409
LR-ASC-003,2026-03-13T06:25:00,12.362496,-1.513118
LR-DEV-001,2026-03-13T06:30:00,12.359004,-1.520922
ST-DEV-001,2026-03-13T06:30:00,12.359709,-1.516387
LR-ASC-003,2026-03-13T06:30:00,12.362469,-1.513113
LR-ASC-003,2026-03-13T06:35:00,12.362496,-1.513088
LR-ASC-003,2026-03-13T06:40:00,12.362503,-1.513071
LR-DEV-001,2026-03-13T06:40:00,12.358983,-1.52091
ST-DEV-001,2026-03-13T06:40:00,12.359673,-1.516395
LR-ASC-003,2026-03-13T06:45:00,12.362481,-1.513084
LR-DEV-001,2026-03-13T06:50:00,12.358995,-1.520881
ST-DEV-001,2026-03-13T06:50:00,12.359642,-1.516387
LR-ASC-003,2026-03-13T06:50:00,12.362501,-1.513087
LR-ASC-003,2026-03-13T06:55:00,12.362492,-1.513081
ST-ASC-003,2026-03-13T07:00:00,12.359413,-1.51634
LR-ASC-003,2026-03-13T07:00:00,12.361831,-1.514451
ST-DEV-001,2026-03-13T07:00:00,12.359413,-1.51634
ST-DEV-001,2026-03-13T07:00:00,12.359718,-1.51638
LR-DEV-001,2026-03-13T07:00:00,12.358979,-1.520906
LR-DEV-001,2026-03-13T07:10:00,12.359017,-1.520905
ST-DEV-001,2026-03-13T07:10:00,12.359689,-1.516392
LR-DEV-001,2026-03-13T07:20:00,12.359008,-1.520903
ST-DEV-001,2026-03-13T07:20:00,12.359738,-1.516362
ST-DEV-001,2026-03-13T07:30:00,12.359699,-1.516396
LR-DEV-001,2026-03-13T07:30:00,12.359005,-1.520904
ST-DEV-001,2026-03-13T07:40:00,12.35973,-1.516441
LR-DEV-001,2026-03-13T07:40:00,12.359012,-1.520928
ST-DEV-001,2026-03-13T07:50:00,12.359691,-1.516364
LR-DEV-001,2026-03-13T07:50:00,12.358993,-1.520895
civ-c4f94f5c-24ad-4bf5-9583-d3aea6586d8c,2026-03-13T07:52:00,12.363928,-1.515303
civ-8ccee825-f8ec-424c-9e98-42119c6bd5fa,2026-03-13T07:53:00,12.36409,-1.515316
civ-e59c9d8d-85b9-4043-bed5-94294d0fff92,2026-03-13T07:53:00,12.364046,-1.515417
civ-b5361b11-82a9-4927-a9e5-a18eae93320e,2026-03-13T07:54:00,12.362888,-1.522638
civ-f752f7b2-d4eb-47df-a259-72cae2081fed,2026-03-13T07:54:00,12.362848,-1.522422
civ-642e97d3-8d95-46fd-b10b-62983c9c93b8,2026-03-13T07:55:00,12.362975,-1.522466
civ-14e44a92-a8ac-4e10-9f18-39df3c5ace1d,2026-03-13T07:56:00,12.36286,-1.522537
civ-449026e2-0932-48dd-b2e5-589a4a6d9aab,2026-03-13T07:57:00,12.364048,-1.515559
civ-99965e45-072a-4918-b9b1-21e5c468122b,2026-03-13T07:58:00,12.36292,-1.522407
civ-28886a71-a8de-4e8c-8ebc-a1265ae6176c,2026-03-13T07:59:00,12.363958,-1.515499
ST-ASC-003,2026-03-13T08:00:00,12.362511,-1.513099
ST-DEV-001,2026-03-13T08:00:00,12.363997,-1.515412
LR-DEV-001,2026-03-13T08:00:00,12.35901,-1.520873
ST-DEV-001,2026-03-13T08:00:00,12.359726,-1.51639
LR-ASC-003,2026-03-13T08:00:00,12.362511,-1.513121
ST-ASC-003,2026-03-13T08:00:00,12.36253,-1.513093
civ-d91719a4-535b-4455-af7a-04938597798e,2026-03-13T08:00:00,12.363027,-1.522528
civ-dd01804d-8340-43eb-9071-e6ff8db1c60d,2026-03-13T08:01:00,12.363932,-1.515464
civ-817b1ac2-8b62-4963-9676-fdfe05160ec2,2026-03-13T08:02:00,12.36292,-1.522445
civ-d3964bd1-513b-42c0-b2da-9d4cde522505,2026-03-13T08:04:00,12.363076,-1.52259
civ-88501974-47f7-4216-97e8-ca2826aea818,2026-03-13T08:05:00,12.362909,-1.522645
civ-0204c6dc-5f86-412c-9d05-0a31fa7ffb2d,2026-03-13T08:05:00,12.364097,-1.515408
ST-ASC-003,2026-03-13T08:05:00,12.36248,-1.513102
ST-ASC-003,2026-03-13T08:05:00,12.36251,-1.513115
LR-ASC-003,2026-03-13T08:05:00,12.36252,-1.513107
civ-1f3d1602-74c8-4bee-b7ea-a61cfa1ba919,2026-03-13T08:06:00,12.364003,-1.515398
civ-88501974-47f7-4216-97e8-ca2826aea818,2026-03-13T08:07:00,12.36387,-1.515367
civ-0204c6dc-5f86-412c-9d05-0a31fa7ffb2d,2026-03-13T08:09:00,12.363073,-1.522586
civ-1493bb27-c9aa-4752-bb59-eebcef0baefb,2026-03-13T08:09:00,12.362938,-1.522424
ST-ASC-003,2026-03-13T08:10:00,12.36251,-1.513082
LR-ASC-003,2026-03-13T08:10:00,12.362523,-1.51311
ST-ASC-003,2026-03-13T08:10:00,12.36248,-1.513088
LR-DEV-001,2026-03-13T08:10:00,12.358993,-1.520873
ST-DEV-001,2026-03-13T08:10:00,12.359659,-1.516401
ST-DEV-001,2026-03-13T08:10:00,12.364004,-1.515398
civ-15f8c388-2b33-4e47-b91d-53cd3a04bf48,2026-03-13T08:10:00,12.362816,-1.522493
civ-39928994-47f1-47b0-b156-d57f97cb60d5,2026-03-13T08:10:00,12.363026,-1.52246
civ-9c199966-6fe0-4d08-8c17-ef6131c70e92,2026-03-13T08:11:00,12.363859,-1.515363
civ-4ee5f652-6dec-4a3e-9da8-5028cc7be1d1,2026-03-13T08:11:00,12.363974,-1.51549
civ-fc9771b7-c1ef-4ca0-b8a3-720ac96c75fe,2026-03-13T08:11:00,12.362912,-1.522596
civ-1f3d1602-74c8-4bee-b7ea-a61cfa1ba919,2026-03-13T08:12:00,12.363025,-1.522519
ST-ASC-003,2026-03-13T08:15:00,12.362522,-1.513064
ST-ASC-003,2026-03-13T08:15:00,12.362476,-1.513105
LR-ASC-003,2026-03-13T08:15:00,12.362482,-1.513108
ST-DEV-001,2026-03-13T08:20:00,12.359684,-1.516391
ST-ASC-003,2026-03-13T08:20:00,12.362482,-1.513098
LR-DEV-001,2026-03-13T08:20:00,12.358988,-1.520876
ST-ASC-003,2026-03-13T08:20:00,12.362504,-1.513095
ST-DEV-001,2026-03-13T08:20:00,12.363971,-1.515433
LR-ASC-003,2026-03-13T08:20:00,12.362498,-1.513107
ST-ASC-003,2026-03-13T08:25:00,12.362493,-1.513097
LR-ASC-003,2026-03-13T08:25:00,12.362496,-1.513094
ST-ASC-003,2026-03-13T08:25:00,12.362473,-1.51311
LR-ASC-003,2026-03-13T08:30:00,12.362497,-1.513101
ST-DEV-001,2026-03-13T08:30:00,12.364005,-1.515398
ST-DEV-001,2026-03-13T08:30:00,12.359678,-1.516428
LR-DEV-001,2026-03-13T08:30:00,12.359015,-1.520916
ST-ASC-003,2026-03-13T08:30:00,12.362497,-1.513081
ST-ASC-003,2026-03-13T08:30:00,12.3625,-1.513118
LR-ASC-003,2026-03-13T08:35:00,12.362469,-1.513093
ST-ASC-003,2026-03-13T08:35:00,12.362511,-1.513101
ST-ASC-003,2026-03-13T08:35:00,12.362489,-1.513086
ST-ASC-003,2026-03-13T08:40:00,12.3625,-1.513103
ST-ASC-003,2026-03-13T08:40:00,12.362482,-1.51306
LR-DEV-001,2026-03-13T08:40:00,12.359006,-1.520901
LR-ASC-003,2026-03-13T08:40:00,12.362498,-1.513071
ST-DEV-001,2026-03-13T08:40:00,12.359644,-1.516367
ST-DEV-001,2026-03-13T08:40:00,12.363992,-1.51543
LR-ASC-003,2026-03-13T08:45:00,12.362483,-1.513133
ST-ASC-003,2026-03-13T08:45:00,12.362509,-1.513103
ST-ASC-003,2026-03-13T08:45:00,12.362504,-1.513107
ST-ASC-003,2026-03-13T08:50:00,12.362525,-1.513067
LR-DEV-001,2026-03-13T08:50:00,12.359011,-1.520904
ST-ASC-003,2026-03-13T08:50:00,12.362492,-1.513131
LR-ASC-003,2026-03-13T08:50:00,12.362511,-1.513094
ST-DEV-001,2026-03-13T08:50:00,12.359689,-1.516396
ST-DEV-001,2026-03-13T08:50:00,12.364008,-1.515377
LR-ASC-003,2026-03-13T08:55:00,12.362482,-1.513128
ST-ASC-003,2026-03-13T08:55:00,12.362496,-1.513109
ST-ASC-003,2026-03-13T08:55:00,12.362497,-1.513094
LR-DEV-001,2026-03-13T09:00:00,12.358994,-1.520875
ST-DEV-001,2026-03-13T09:00:00,12.364005,-1.515415
LR-ASC-003,2026-03-13T09:00:00,12.364466,-1.521212
NEW-DEV-X3,2026-03-13T09:00:00,12.359005,-1.520903
LR-ASC-003,2026-03-13T09:00:00,12.362528,-1.513075
ST-ASC-003,2026-03-13T09:00:00,12.361831,-1.514451
ST-ASC-003,2026-03-13T09:00:00,12.362491,-1.513092
ST-ASC-003,2026-03-13T09:05:00,12.362512,-1.513096
NEW-DEV-X3,2026-03-13T09:05:00,12.359017,-1.520928
LR-ASC-003,2026-03-13T09:05:00,12.362455,-1.513108
NEW-DEV-X3,2026-03-13T09:10:00,12.358973,-1.520897
ST-ASC-003,2026-03-13T09:10:00,12.362518,-1.51309
LR-ASC-003,2026-03-13T09:10:00,12.36253,-1.513109
LR-DEV-001,2026-03-13T09:10:00,12.358998,-1.520885
ST-DEV-001,2026-03-13T09:10:00,12.364001,-1.515425
LR-ASC-003,2026-03-13T09:15:00,12.362491,-1.513105
ST-ASC-003,2026-03-13T09:15:00,12.362495,-1.513108
NEW-DEV-X3,2026-03-13T09:15:00,12.358991,-1.520911
LR-ASC-003,2026-03-13T09:20:00,12.36248,-1.513131
ST-ASC-003,2026-03-13T09:20:00,12.362506,-1.51309
LR-DEV-001,2026-03-13T09:20:00,12.358996,-1.52087
NEW-DEV-X3,2026-03-13T09:20:00,12.358968,-1.5209
ST-DEV-001,2026-03-13T09:20:00,12.364019,-1.515399
LR-ASC-003,2026-03-13T09:25:00,12.362519,-1.513133
ST-ASC-003,2026-03-13T09:25:00,12.362525,-1.513079
NEW-DEV-X3,2026-03-13T09:25:00,12.358999,-1.520888
LR-DEV-001,2026-03-13T09:30:00,12.358988,-1.520911
ST-ASC-003,2026-03-13T09:30:00,12.36249,-1.513102
LR-ASC-003,2026-03-13T09:30:00,12.362504,-1.513084
ST-DEV-001,2026-03-13T09:30:00,12.363968,-1.515405
NEW-DEV-X3,2026-03-13T09:30:00,12.359001,-1.520902
LR-ASC-003,2026-03-13T09:35:00,12.362474,-1.513117
NEW-DEV-X3,2026-03-13T09:35:00,12.359021,-1.520924
ST-ASC-003,2026-03-13T09:35:00,12.362512,-1.513081
LR-DEV-001,2026-03-13T09:40:00,12.359027,-1.520908
LR-ASC-003,2026-03-13T09:40:00,12.362522,-1.51309
NEW-DEV-X3,2026-03-13T09:40:00,12.35901,-1.52093
ST-DEV-001,2026-03-13T09:40:00,12.364008,-1.515406
ST-ASC-003,2026-03-13T09:40:00,12.362517,-1.513101
LR-ASC-003,2026-03-13T09:45:00,12.362489,-1.513078
NEW-DEV-X3,2026-03-13T09:45:00,12.358985,-1.520922
ST-ASC-003,2026-03-13T09:45:00,12.362477,-1.513118
LR-DEV-001,2026-03-13T09:50:00,12.359029,-1.520884
ST-ASC-003,2026-03-13T09:50:00,12.362505,-1.513094
ST-DEV-001,2026-03-13T09:50:00,12.363995,-1.515422
LR-ASC-003,2026-03-13T09:50:00,12.362522,-1.513095
NEW-DEV-X3,2026-03-13T09:50:00,12.359014,-1.520901
ST-ASC-003,2026-03-13T09:55:00,12.36248,-1.513099
LR-ASC-003,2026-03-13T09:55:00,12.362484,-1.513107
NEW-DEV-X3,2026-03-13T09:55:00,12.359,-1.52092
LR-DEV-001,2026-03-13T10:00:00,12.358997,-1.520933
LR-ASC-003,2026-03-13T10:00:00,12.362505,-1.513112
NEW-DEV-X3,2026-03-13T10:00:00,12.358995,-1.520914
ST-DEV-001,2026-03-13T10:00:00,12.36401,-1.515412
LR-ASC-003,2026-03-13T10:05:00,12.3625,-1.513104
NEW-DEV-X3,2026-03-13T10:05:00,12.359007,-1.520918
NEW-DEV-X3,2026-03-13T10:10:00,12.359024,-1.52093
LR-ASC-003,2026-03-13T10:10:00,12.362509,-1.513121
ST-DEV-001,2026-03-13T10:10:00,12.363961,-1.515407
LR-DEV-001,2026-03-13T10:10:00,12.359,-1.520898
NEW-DEV-X3,2026-03-13T10:15:00,12.358985,-1.52087
LR-ASC-003,2026-03-13T10:15:00,12.362499,-1.513093
NEW-DEV-X3,2026-03-13T10:20:00,12.358992,-1.520924
ST-DEV-001,2026-03-13T10:20:00,12.364018,-1.515407
LR-DEV-001,2026-03-13T10:20:00,12.359021,-1.520871
LR-ASC-003,2026-03-13T10:20:00,12.362501,-1.513076
NEW-DEV-X3,2026-03-13T10:25:00,12.359004,-1.520909
LR-ASC-003,2026-03-13T10:25:00,12.362514,-1.5131
ST-DEV-001,2026-03-13T10:30:00,12.364031,-1.515392
NEW-DEV-X3,2026-03-13T10:30:00,12.358985,-1.52092
LR-ASC-003,2026-03-13T10:30:00,12.362504,-1.513095
LR-DEV-001,2026-03-13T10:30:00,12.358988,-1.520886
LR-ASC-003,2026-03-13T10:35:00,12.362507,-1.513133
NEW-DEV-X3,2026-03-13T10:35:00,12.35905,-1.520905
LR-DEV-001,2026-03-13T10:40:00,12.359014,-1.520881
NEW-DEV-X3,2026-03-13T10:40:00,12.358965,-1.520873
LR-ASC-003,2026-03-13T10:40:00,12.362495,-1.513127
ST-DEV-001,2026-03-13T10:40:00,12.364006,-1.515402
LR-ASC-003,2026-03-13T10:45:00,12.362523,-1.513101
NEW-DEV-X3,2026-03-13T10:45:00,12.359011,-1.520914
NEW-DEV-X3,2026-03-13T10:50:00,12.358983,-1.520888
ST-DEV-001,2026-03-13T10:50:00,12.363999,-1.515405
LR-ASC-003,2026-03-13T10:50:00,12.362497,-1.513084
LR-DEV-001,2026-03-13T10:50:00,12.359009,-1.520935
NEW-DEV-X3,2026-03-13T10:55:00,12.358996,-1.520935
LR-ASC-003,2026-03-13T10:55:00,12.362508,-1.51312
LR-ASC-003,2026-03-13T11:00:00,12.362499,-1.513106
NEW-DEV-X3,2026-03-13T11:00:00,12.359032,-1.520908
ST-DEV-001,2026-03-13T11:00:00,12.363995,-1.51539
NEW-DEV-X3,2026-03-13T11:05:00,12.359027,-1.520877
LR-ASC-003,2026-03-13T11:05:00,12.362469,-1.513112
NEW-DEV-X3,2026-03-13T11:10:00,12.358982,-1.520881
LR-ASC-003,2026-03-13T11:10:00,12.362497,-1.513102
ST-DEV-001,2026-03-13T11:10:00,12.363983,-1.515419
LR-ASC-003,2026-03-13T11:15:00,12.362473,-1.513079
NEW-DEV-X3,2026-03-13T11:15:00,12.358988,-1.520934
ST-DEV-001,2026-03-13T11:20:00,12.36398,-1.515363
LR-ASC-003,2026-03-13T11:20:00,12.362498,-1.513099
NEW-DEV-X3,2026-03-13T11:20:00,12.358992,-1.520893
NEW-DEV-X3,2026-03-13T11:25:00,12.358992,-1.520906
LR-ASC-003,2026-03-13T11:25:00,12.362507,-1.513114
LR-ASC-003,2026-03-13T11:30:00,12.362508,-1.513107
NEW-DEV-X3,2026-03-13T11:30:00,12.359021,-1.520898
LR-ASC-003,2026-03-13T11:35:00,12.362484,-1.51309
NEW-DEV-X3,2026-03-13T11:35:00,12.358985,-1.520887
NEW-DEV-X3,2026-03-13T11:40:00,12.359004,-1.520945
LR-ASC-003,2026-03-13T11:40:00,12.362527,-1.513087
NEW-DEV-X3,2026-03-13T11:45:00,12.359008,-1.520893
LR-ASC-003,2026-03-13T11:45:00,12.362517,-1.513109
LR-ASC-003,2026-03-13T11:50:00,12.362471,-1.513073
NEW-DEV-X3,2026-03-13T11:50:00,12.359,-1.520884
LR-ASC-003,2026-03-13T11:55:00,12.362537,-1.513072
NEW-DEV-X3,2026-03-13T11:55:00,12.358988,-1.520894
veh-stage-1,2026-03-13T12:00:00,12.362511,-1.513068
veh-stage-3,2026-03-13T12:00:00,12.362489,-1.513096
LR-ASC-003,2026-03-13T12:00:00,12.362494,-1.513121
veh-stage-0,2026-03-13T12:00:00,12.3625,-1.513119
veh-stage-2,2026-03-13T12:00:00,12.362464,-1.513064
LR-ASC-003,2026-03-13T12:05:00,12.362481,-1.51313
veh-stage-2,2026-03-13T12:10:00,12.362516,-1.513115
veh-stage-3,2026-03-13T12:10:00,12.362514,-1.513113
veh-stage-1,2026-03-13T12:10:00,12.362478,-1.513108
veh-stage-0,2026-03-13T12:10:00,12.362477,-1.513118
LR-ASC-003,2026-03-13T12:10:00,12.362498,-1.513071
LR-ASC-003,2026-03-13T12:15:00,12.362497,-1.513095
veh-stage-0,2026-03-13T12:20:00,12.362487,-1.513093
veh-stage-1,2026-03-13T12:20:00,12.362493,-1.513076
veh-stage-3,2026-03-13T12:20:00,12.362514,-1.513099
LR-ASC-003,2026-03-13T12:20:00,12.362525,-1.513107
veh-stage-2,2026-03-13T12:20:00,12.362495,-1.513111
LR-ASC-003,2026-03-13T12:25:00,12.362537,-1.513064
veh-stage-3,2026-03-13T12:30:00,12.362519,-1.513104
veh-stage-1,2026-03-13T12:30:00,12.362499,-1.513116
LR-ASC-003,2026-03-13T12:30:00,12.362498,-1.51311
veh-stage-0,2026-03-13T12:30:00,12.362486,-1.513069
veh-stage-2,2026-03-13T12:30:00,12.362528,-1.513126
LR-ASC-003,2026-03-13T12:35:00,12.362513,-1.513106
veh-stage-2,2026-03-13T12:40:00,12.362502,-1.513102
veh-stage-0,2026-03-13T12:40:00,12.362518,-1.513085
veh-stage-1,2026-03-13T12:40:00,12.36251,-1.513107
veh-stage-3,2026-03-13T12:40:00,12.362507,-1.513101
LR-ASC-003,2026-03-13T12:40:00,12.362479,-1.513077
LR-ASC-003,2026-03-13T12:45:00,12.362522,-1.513097
LR-ASC-003,2026-03-13T12:50:00,12.362477,-1.513122
veh-stage-0,2026-03-13T12:50:00,12.362498,-1.513073
veh-stage-2,2026-03-13T12:50:00,12.362515,-1.513102
veh-stage-1,2026-03-13T12:50:00,12.362478,-1.513116
veh-stage-3,2026-03-13T12:50:00,12.362498,-1.513095
LR-ASC-003,2026-03-13T12:55:00,12.362502,-1.513109
veh-stage-1,2026-03-13T13:00:00,12.362531,-1.513093
veh-stage-0,2026-03-13T13:00:00,12.362496,-1.513101
veh-stage-2,2026-03-13T13:00:00,12.362468,-1.513105
veh-stage-3,2026-03-13T13:00:00,12.36251,-1.513122
LR-ASC-003,2026-03-13T13:00:00,12.362494,-1.513082
LR-ASC-003,2026-03-13T13:05:00,12.362513,-1.513075
LR-ASC-003,2026-03-13T13:10:00,12.362482,-1.513106
veh-stage-1,2026-03-13T13:10:00,12.362502,-1.513104
veh-stage-2,2026-03-13T13:10:00,12.362483,-1.513099
veh-stage-3,2026-03-13T13:10:00,12.362526,-1.513133
veh-stage-0,2026-03-13T13:10:00,12.362503,-1.513087
LR-ASC-003,2026-03-13T13:15:00,12.362514,-1.513092
veh-stage-0,2026-03-13T13:20:00,12.362511,-1.513109
veh-stage-2,2026-03-13T13:20:00,12.362526,-1.513131
veh-stage-1,2026-03-13T13:20:00,12.362505,-1.513095
veh-stage-3,2026-03-13T13:20:00,12.362488,-1.513102
LR-ASC-003,2026-03-13T13:20:00,12.362528,-1.513092
LR-ASC-003,2026-03-13T13:25:00,12.362533,-1.51309
veh-stage-1,2026-03-13T13:30:00,12.362505,-1.513098
LR-ASC-003,2026-03-13T13:30:00,12.362519,-1.513106
veh-stage-3,2026-03-13T13:30:00,12.362507,-1.513072
veh-stage-0,2026-03-13T13:30:00,12.36249,-1.513088
veh-stage-2,2026-03-13T13:30:00,12.362486,-1.51311
LR-ASC-003,2026-03-13T13:35:00,12.3625,-1.513084
veh-stage-3,2026-03-13T13:40:00,12.362467,-1.513109
veh-stage-1,2026-03-13T13:40:00,12.362516,-1.5131
veh-stage-0,2026-03-13T13:40:00,12.362513,-1.513107
LR-ASC-003,2026-03-13T13:40:00,12.362529,-1.513087
veh-stage-2,2026-03-13T13:40:00,12.362493,-1.513087
LR-ASC-003,2026-03-13T13:45:00,12.362499,-1.513075
veh-stage-3,2026-03-13T13:50:00,12.362462,-1.513099
veh-stage-2,2026-03-13T13:50:00,12.362497,-1.513093
LR-ASC-003,2026-03-13T13:50:00,12.362461,-1.513126
veh-stage-0,2026-03-13T13:50:00,12.362471,-1.513104
veh-stage-1,2026-03-13T13:50:00,12.362482,-1.513111
LR-ASC-003,2026-03-13T13:55:00,12.362512,-1.5131
ST-DEV-001,2026-03-13T18:15:00,12.361831,-1.514451
ST-DEV-001,2026-03-13T19:00:00,12.35971,-1.516395
ST-DEV-001,2026-03-13T19:15:00,12.359681,-1.516389
ST-DEV-001,2026-03-13T19:30:00,12.359698,-1.516396
ST-DEV-001,2026-03-13T19:45:00,12.359682,-1.516397
ST-DEV-001,2026-03-13T20:00:00,12.359692,-1.516414
ST-DEV-001,2026-03-13T20:15:00,12.359713,-1.516428
ST-DEV-001,2026-03-13T20:30:00,12.35971,-1.516388
ST-DEV-001,2026-03-13T20:45:00,12.359684,-1.516415
ST-DEV-001,2026-03-13T21:00:00,12.359696,-1.516395
ST-DEV-001,2026-03-13T21:15:00,12.359697,-1.516392
ST-DEV-001,2026-03-13T21:30:00,12.359732,-1.516409
ST-DEV-001,2026-03-13T21:45:00,12.359669,-1.516385
LR-ASC-003,2026-03-14T05:00:00,12.364466,-1.521212
ST-DEV-001,2026-03-14T06:00:00,12.359726,-1.516434
LR-ASC-003,2026-03-14T06:00:00,12.362482,-1.513091
LR-ASC-003,2026-03-14T06:05:00,12.362539,-1.513107
ST-DEV-001,2026-03-14T06:10:00,12.359717,-1.516337
LR-ASC-003,2026-03-14T06:10:00,12.362493,-1.51311
LR-ASC-003,2026-03-14T06:15:00,12.362491,-1.513149
ST-DEV-001,2026-03-14T06:20:00,12.359729,-1.516362
LR-ASC-003,2026-03-14T06:20:00,12.362507,-1.513115
LR-ASC-003,2026-03-14T06:25:00,12.362471,-1.513086
ST-DEV-001,2026-03-14T06:30:00,12.359706,-1.516374
LR-ASC-003,2026-03-14T06:30:00,12.362481,-1.513106
LR-ASC-003,2026-03-14T06:35:00,12.362526,-1.513125
LR-ASC-003,2026-03-14T06:40:00,12.362472,-1.513095
ST-DEV-001,2026-03-14T06:40:00,12.359681,-1.516379
LR-ASC-003,2026-03-14T06:45:00,12.362521,-1.513128
LR-ASC-003,2026-03-14T06:50:00,12.362507,-1.51309
ST-DEV-001,2026-03-14T06:50:00,12.359718,-1.516392
LR-ASC-003,2026-03-14T06:55:00,12.362463,-1.513086
ST-ASC-003,2026-03-14T07:00:00,12.359413,-1.51634
ST-DEV-001,2026-03-14T07:00:00,12.359736,-1.516415
LR-ASC-003,2026-03-14T07:00:00,12.361831,-1.514451
ST-DEV-001,2026-03-14T07:00:00,12.359413,-1.51634
ST-DEV-001,2026-03-14T07:10:00,12.359695,-1.516397
ST-DEV-001,2026-03-14T07:20:00,12.359672,-1.516394
ST-DEV-001,2026-03-14T07:30:00,12.359654,-1.516372
ST-DEV-001,2026-03-14T07:40:00,12.359701,-1.516414
ST-DEV-001,2026-03-14T07:50:00,12.359677,-1.516406
civ-cfd611de-41a6-4b73-a764-0ddcbf9dae14,2026-03-14T07:51:00,12.362871,-1.522375
civ-7547f95b-ca80-463d-81af-64baaecebbbf,2026-03-14T07:51:00,12.362888,-1.52257
civ-a468a114-5d61-4d4c-ae4e-95320b02f785,2026-03-14T07:51:00,12.362849,-1.522447
civ-89a22776-d969-4bbf-a4ce-5a3e4cfc6c0c,2026-03-14T07:52:00,12.364054,-1.515357
civ-817b1ac2-8b62-4963-9676-fdfe05160ec2,2026-03-14T07:53:00,12.363013,-1.522418
civ-99965e45-072a-4918-b9b1-21e5c468122b,2026-03-14T07:55:00,12.364171,-1.515522
civ-dd01804d-8340-43eb-9071-e6ff8db1c60d,2026-03-14T07:56:00,12.363923,-1.515435
civ-bf1bf079-dbe2-4b80-9863-61ba0331f41f,2026-03-14T07:57:00,12.364005,-1.515511
civ-611fe07a-a2f0-442f-9fc5-a72c5ee34037,2026-03-14T07:57:00,12.364034,-1.515428
civ-6cef502b-9aa9-492d-9076-f4fe51c3d513,2026-03-14T07:59:00,12.362792,-1.52246
civ-fc9771b7-c1ef-4ca0-b8a3-720ac96c75fe,2026-03-14T07:59:00,12.36405,-1.515215
ST-DEV-001,2026-03-14T08:00:00,12.364005,-1.515371
ST-ASC-003,2026-03-14T08:00:00,12.362466,-1.513127
LR-ASC-003,2026-03-14T08:00:00,12.362524,-1.513103
civ-7547f95b-ca80-463d-81af-64baaecebbbf,2026-03-14T08:00:00,12.36396,-1.515424
ST-ASC-003,2026-03-14T08:00:00,12.362514,-1.51311
civ-15f8c388-2b33-4e47-b91d-53cd3a04bf48,2026-03-14T08:00:00,12.362799,-1.522504
ST-DEV-001,2026-03-14T08:00:00,12.359719,-1.516385
civ-4ee5f652-6dec-4a3e-9da8-5028cc7be1d1,2026-03-14T08:01:00,12.364004,-1.515422
civ-1be46b08-c711-4559-bde1-07761caecd83,2026-03-14T08:02:00,12.3628,-1.522346
civ-cfd611de-41a6-4b73-a764-0ddcbf9dae14,2026-03-14T08:02:00,12.364029,-1.515402
civ-88501974-47f7-4216-97e8-ca2826aea818,2026-03-14T08:02:00,12.363987,-1.51543
civ-1493bb27-c9aa-4752-bb59-eebcef0baefb,2026-03-14T08:03:00,12.364048,-1.515497
ST-ASC-003,2026-03-14T08:05:00,12.3625,-1.513095
LR-ASC-003,2026-03-14T08:05:00,12.362508,-1.513109
ST-ASC-003,2026-03-14T08:05:00,12.362525,-1.513102
civ-d91719a4-535b-4455-af7a-04938597798e,2026-03-14T08:06:00,12.362867,-1.522519
civ-cedf7edb-54e6-40cd-ba57-81048f7ce03d,2026-03-14T08:06:00,12.363045,-1.522415
civ-88501974-47f7-4216-97e8-ca2826aea818,2026-03-14T08:07:00,12.362949,-1.522599
civ-cedf7edb-54e6-40cd-ba57-81048f7ce03d,2026-03-14T08:09:00,12.364084,-1.515367
civ-449026e2-0932-48dd-b2e5-589a4a6d9aab,2026-03-14T08:09:00,12.36401,-1.515403
civ-c4f94f5c-24ad-4bf5-9583-d3aea6586d8c,2026-03-14T08:09:00,12.362923,-1.522601
ST-ASC-003,2026-03-14T08:10:00,12.362509,-1.513105
ST-DEV-001,2026-03-14T08:10:00,12.364002,-1.515381
ST-DEV-001,2026-03-14T08:10:00,12.359681,-1.516423
ST-ASC-003,2026-03-14T08:10:00,12.362512,-1.513087
LR-ASC-003,2026-03-14T08:10:00,12.362517,-1.513093
civ-b55cc047-f0fb-4020-abd8-8445961805c3,2026-03-14T08:12:00,12.362929,-1.52249
ST-ASC-003,2026-03-14T08:15:00,12.362546,-1.513104
ST-ASC-003,2026-03-14T08:15:00,12.362489,-1.513137
LR-ASC-003,2026-03-14T08:15:00,12.362485,-1.513121
ST-DEV-001,2026-03-14T08:20:00,12.364011,-1.515408
ST-ASC-003,2026-03-14T08:20:00,12.362496,-1.513114
LR-ASC-003,2026-03-14T08:20:00,12.362474,-1.513097
ST-ASC-003,2026-03-14T08:20:00,12.362506,-1.513099
ST-DEV-001,2026-03-14T08:20:00,12.359718,-1.51642
LR-ASC-003,2026-03-14T08:25:00,12.36251,-1.513088
ST-ASC-003,2026-03-14T08:25:00,12.362502,-1.513089
ST-ASC-003,2026-03-14T08:25:00,12.36251,-1.513104
ST-DEV-001,2026-03-14T08:30:00,12.363975,-1.515395
ST-ASC-003,2026-03-14T08:30:00,12.362522,-1.513127
LR-ASC-003,2026-03-14T08:30:00,12.362498,-1.513121
ST-DEV-001,2026-03-14T08:30:00,12.359702,-1.516397
ST-ASC-003,2026-03-14T08:30:00,12.362492,-1.513064
ST-ASC-003,2026-03-14T08:35:00,12.362496,-1.513092
LR-ASC-003,2026-03-14T08:35:00,12.362488,-1.513079
ST-ASC-003,2026-03-14T08:35:00,12.362473,-1.513087
ST-ASC-003,2026-03-14T08:40:00,12.362511,-1.5131
LR-ASC-003,2026-03-14T08:40:00,12.362491,-1.513097
ST-DEV-001,2026-03-14T08:40:00,12.359708,-1.516377
ST-DEV-001,2026-03-14T08:40:00,12.363973,-1.515377
ST-ASC-003,2026-03-14T08:40:00,12.36249,-1.513106
ST-ASC-003,2026-03-14T08:45:00,12.36251,-1.513115
LR-ASC-003,2026-03-14T08:45:00,12.362481,-1.513094
ST-ASC-003,2026-03-14T08:45:00,12.362494,-1.513114
ST-DEV-001,2026-03-14T08:50:00,12.363997,-1.515378
ST-ASC-003,2026-03-14T08:50:00,12.362528,-1.513082
LR-ASC-003,2026-03-14T08:50:00,12.362492,-1.513081
ST-ASC-003,2026-03-14T08:50:00,12.36251,-1.513075
ST-DEV-001,2026-03-14T08:50:00,12.359666,-1.516452
ST-ASC-003,2026-03-14T08:55:00,12.362476,-1.513119
LR-ASC-003,2026-03-14T08:55:00,12.362514,-1.513109
ST-ASC-003,2026-03-14T08:55:00,12.362508,-1.513098
ST-ASC-003,2026-03-14T09:00:00,12.362481,-1.513088
LR-ASC-003,2026-03-14T09:00:00,12.362498,-1.51311
NEW-DEV-X1,2026-03-14T09:00:00,12.35898,-1.520894
ST-DEV-001,2026-03-14T09:00:00,12.363991,-1.515395
LR-ASC-003,2026-03-14T09:00:00,12.364466,-1.521212
ST-ASC-003,2026-03-14T09:00:00,12.361831,-1.514451
NEW-DEV-X1,2026-03-14T09:05:00,12.358972,-1.520896
ST-ASC-003,2026-03-14T09:05:00,12.362477,-1.513106
LR-ASC-003,2026-03-14T09:05:00,12.362474,-1.513115
ST-DEV-001,2026-03-14T09:10:00,12.364004,-1.515401
ST-ASC-003,2026-03-14T09:10:00,12.362508,-1.513101
LR-ASC-003,2026-03-14T09:10:00,12.362504,-1.513094
NEW-DEV-X1,2026-03-14T09:10:00,12.359003,-1.52087
ST-ASC-003,2026-03-14T09:15:00,12.362505,-1.513119
LR-ASC-003,2026-03-14T09:15:00,12.362503,-1.513105
NEW-DEV-X1,2026-03-14T09:15:00,12.358972,-1.520911
ST-ASC-003,2026-03-14T09:20:00,12.362511,-1.513111
NEW-DEV-X1,2026-03-14T09:20:00,12.359015,-1.520894
LR-ASC-003,2026-03-14T09:20:00,12.362517,-1.513099
ST-DEV-001,2026-03-14T09:20:00,12.363992,-1.515393
LR-ASC-003,2026-03-14T09:25:00,12.362513,-1.513132
ST-ASC-003,2026-03-14T09:25:00,12.362494,-1.513096
NEW-DEV-X1,2026-03-14T09:25:00,12.359003,-1.520917
NEW-DEV-X1,2026-03-14T09:30:00,12.358989,-1.520878
LR-ASC-003,2026-03-14T09:30:00,12.362429,-1.513095
ST-ASC-003,2026-03-14T09:30:00,12.362502,-1.5131
ST-DEV-001,2026-03-14T09:30:00,12.363983,-1.515422
ST-ASC-003,2026-03-14T09:35:00,12.362486,-1.513105
LR-ASC-003,2026-03-14T09:35:00,12.362474,-1.513104
NEW-DEV-X1,2026-03-14T09:35:00,12.358999,-1.520893
ST-DEV-001,2026-03-14T09:40:00,12.364022,-1.515387
LR-ASC-003,2026-03-14T09:40:00,12.362495,-1.513071
NEW-DEV-X1,2026-03-14T09:40:00,12.358998,-1.520921
ST-ASC-003,2026-03-14T09:40:00,12.3625,-1.513125
ST-ASC-003,2026-03-14T09:45:00,12.362492,-1.513093
NEW-DEV-X1,2026-03-14T09:45:00,12.359017,-1.520891
LR-ASC-003,2026-03-14T09:45:00,12.362507,-1.513097
ST-DEV-001,2026-03-14T09:50:00,12.364001,-1.51537
NEW-DEV-X1,2026-03-14T09:50:00,12.359042,-1.520918
LR-ASC-003,2026-03-14T09:50:00,12.362515,-1.513093
ST-ASC-003,2026-03-14T09:50:00,12.362477,-1.513079
NEW-DEV-X1,2026-03-14T09:55:00,12.359015,-1.520924
LR-ASC-003,2026-03-14T09:55:00,12.362492,-1.513081
ST-ASC-003,2026-03-14T09:55:00,12.362523,-1.513122
LR-ASC-003,2026-03-14T10:00:00,12.362516,-1.513106
ST-DEV-001,2026-03-14T10:00:00,12.363995,-1.515376
NEW-DEV-X1,2026-03-14T10:00:00,12.359003,-1.520882
NEW-DEV-X1,2026-03-14T10:05:00,12.358963,-1.520904
LR-ASC-003,2026-03-14T10:05:00,12.362523,-1.51308
LR-ASC-003,2026-03-14T10:10:00,12.362502,-1.513108
ST-DEV-001,2026-03-14T10:10:00,12.364003,-1.515418
NEW-DEV-X1,2026-03-14T10:10:00,12.35899,-1.520913
LR-ASC-003,2026-03-14T10:15:00,12.362482,-1.513101
NEW-DEV-X1,2026-03-14T10:15:00,12.359007,-1.52088
NEW-DEV-X1,2026-03-14T10:20:00,12.358998,-1.520896
ST-DEV-001,2026-03-14T10:20:00,12.364033,-1.515382
LR-ASC-003,2026-03-14T10:20:00,12.36251,-1.513106
NEW-DEV-X1,2026-03-14T10:25:00,12.359002,-1.5209
LR-ASC-003,2026-03-14T10:25:00,12.36246,-1.513077
LR-ASC-003,2026-03-14T10:30:00,12.362503,-1.513107
NEW-DEV-X1,2026-03-14T10:30:00,12.35898,-1.52088
ST-DEV-001,2026-03-14T10:30:00,12.363998,-1.515387
NEW-DEV-X1,2026-03-14T10:35:00,12.359005,-1.520893
LR-ASC-003,2026-03-14T10:35:00,12.362515,-1.513073
ST-DEV-001,2026-03-14T10:40:00,12.363993,-1.515385
NEW-DEV-X1,2026-03-14T10:40:00,12.358985,-1.520908
LR-ASC-003,2026-03-14T10:40:00,12.36245,-1.513092
LR-ASC-003,2026-03-14T10:45:00,12.362474,-1.513091
NEW-DEV-X1,2026-03-14T10:45:00,12.358997,-1.520928
LR-ASC-003,2026-03-14T10:50:00,12.362502,-1.513089
NEW-DEV-X1,2026-03-14T10:50:00,12.35897,-1.520911
ST-DEV-001,2026-03-14T10:50:00,12.363957,-1.515418
LR-ASC-003,2026-03-14T10:55:00,12.362491,-1.513134
NEW-DEV-X1,2026-03-14T10:55:00,12.359009,-1.520912
LR-ASC-003,2026-03-14T11:00:00,12.362492,-1.513093
NEW-DEV-X1,2026-03-14T11:00:00,12.358982,-1.520915
ST-DEV-001,2026-03-14T11:00:00,12.364018,-1.515404
NEW-DEV-X1,2026-03-14T11:05:00,12.358992,-1.520906
LR-ASC-003,2026-03-14T11:05:00,12.362518,-1.513121
LR-ASC-003,2026-03-14T11:10:00,12.362518,-1.513112
ST-DEV-001,2026-03-14T11:10:00,12.364004,-1.515424
NEW-DEV-X1,2026-03-14T11:10:00,12.359039,-1.520881
LR-ASC-003,2026-03-14T11:15:00,12.362507,-1.513109
NEW-DEV-X1,2026-03-14T11:15:00,12.359018,-1.520879
ST-DEV-001,2026-03-14T11:20:00,12.364033,-1.515379
LR-ASC-003,2026-03-14T11:20:00,12.362503,-1.513084
NEW-DEV-X1,2026-03-14T11:20:00,12.358982,-1.520922
LR-ASC-003,2026-03-14T11:25:00,12.362478,-1.513112
NEW-DEV-X1,2026-03-14T11:25:00,12.35898,-1.520876
NEW-DEV-X1,2026-03-14T11:30:00,12.35899,-1.520923
LR-ASC-003,2026-03-14T11:30:00,12.362503,-1.513057
LR-ASC-003,2026-03-14T11:35:00,12.362484,-1.513063
NEW-DEV-X1,2026-03-14T11:35:00,12.358992,-1.520904
LR-ASC-003,2026-03-14T11:40:00,12.362536,-1.513102
NEW-DEV-X1,2026-03-14T11:40:00,12.359005,-1.520895
NEW-DEV-X1,2026-03-14T11:45:00,12.358985,-1.520888
LR-ASC-003,2026-03-14T11:45:00,12.362495,-1.513112
NEW-DEV-X1,2026-03-14T11:50:00,12.358988,-1.520903
LR-ASC-003,2026-03-14T11:50:00,12.362499,-1.513125
NEW-DEV-X1,2026-03-14T11:55:00,12.359012,-1.520912
LR-ASC-003,2026-03-14T11:55:00,12.362499,-1.513073
veh-stage-1,2026-03-14T12:00:00,12.362529,-1.513091
LR-ASC-003,2026-03-14T12:00:00,12.362489,-1.513104
veh-stage-2,2026-03-14T12:00:00,12.362482,-1.513114
veh-stage-3,2026-03-14T12:00:00,12.362476,-1.513108
veh-stage-0,2026-03-14T12:00:00,12.36249,-1.513068
LR-ASC-003,2026-03-14T12:05:00,12.362469,-1.513093
veh-stage-1,2026-03-14T12:10:00,12.362491,-1.5131
veh-stage-3,2026-03-14T12:10:00,12.362515,-1.513099
veh-stage-0,2026-03-14T12:10:00,12.362536,-1.513067
veh-stage-2,2026-03-14T12:10:00,12.362526,-1.513097
LR-ASC-003,2026-03-14T12:10:00,12.362505,-1.513099
LR-ASC-003,2026-03-14T12:15:00,12.362496,-1.513105
veh-stage-3,2026-03-14T12:20:00,12.362481,-1.513092
LR-ASC-003,2026-03-14T12:20:00,12.362509,-1.513101
veh-stage-1,2026-03-14T12:20:00,12.362501,-1.513113
veh-stage-0,2026-03-14T12:20:00,12.362497,-1.513132
veh-stage-2,2026-03-14T12:20:00,12.362512,-1.513127
LR-ASC-003,2026-03-14T12:25:00,12.362506,-1.513096
veh-stage-1,2026-03-14T12:30:00,12.362484,-1.513087
veh-stage-2,2026-03-14T12:30:00,12.362521,-1.513077
veh-stage-0,2026-03-14T12:30:00,12.362458,-1.513111
veh-stage-3,2026-03-14T12:30:00,12.362487,-1.513068
LR-ASC-003,2026-03-14T12:30:00,12.36252,-1.513088
LR-ASC-003,2026-03-14T12:35:00,12.362503,-1.513073
veh-stage-0,2026-03-14T12:40:00,12.362496,-1.513077
veh-stage-3,2026-03-14T12:40:00,12.362528,-1.513089
veh-stage-2,2026-03-14T12:40:00,12.362464,-1.513113
veh-stage-1,2026-03-14T12:40:00,12.362515,-1.513089
LR-ASC-003,2026-03-14T12:40:00,12.362508,-1.513077
LR-ASC-003,2026-03-14T12:45:00,12.362511,-1.513133
veh-stage-1,2026-03-14T12:50:00,12.362527,-1.51311
veh-stage-0,2026-03-14T12:50:00,12.362516,-1.513096
veh-stage-3,2026-03-14T12:50:00,12.362524,-1.513099
veh-stage-2,2026-03-14T12:50:00,12.362509,-1.513088
LR-ASC-003,2026-03-14T12:50:00,12.362523,-1.513098
LR-ASC-003,2026-03-14T12:55:00,12.362499,-1.513095
veh-stage-3,2026-03-14T13:00:00,12.362514,-1.513073
veh-stage-0,2026-03-14T13:00:00,12.362484,-1.513117
LR-ASC-003,2026-03-14T13:00:00,12.362494,-1.513096
veh-stage-1,2026-03-14T13:00:00,12.36253,-1.513116
veh-stage-2,2026-03-14T13:00:00,12.362488,-1.513105
LR-ASC-003,2026-03-14T13:05:00,12.362489,-1.513077
LR-ASC-003,2026-03-14T13:10:00,12.362498,-1.513107
veh-stage-1,2026-03-14T13:10:00,12.362482,-1.513132
veh-stage-2,2026-03-14T13:10:00,12.362489,-1.513098
veh-stage-3,2026-03-14T13:10:00,12.362504,-1.513105
veh-stage-0,2026-03-14T13:10:00,12.362505,-1.513087
LR-ASC-003,2026-03-14T13:15:00,12.362483,-1.513095
veh-stage-3,2026-03-14T13:20:00,12.362469,-1.513101
veh-stage-0,2026-03-14T13:20:00,12.362507,-1.513119
veh-stage-2,2026-03-14T13:20:00,12.362522,-1.513114
veh-stage-1,2026-03-14T13:20:00,12.362492,-1.513109
LR-ASC-003,2026-03-14T13:20:00,12.362503,-1.513093
LR-ASC-003,2026-03-14T13:25:00,12.362482,-1.513129
veh-stage-1,2026-03-14T13:30:00,12.362509,-1.513096
veh-stage-2,2026-03-14T13:30:00,12.362518,-1.513114
LR-ASC-003,2026-03-14T13:30:00,12.362511,-1.513073
veh-stage-0,2026-03-14T13:30:00,12.362512,-1.513092
veh-stage-3,2026-03-14T13:30:00,12.362515,-1.513083
LR-ASC-003,2026-03-14T13:35:00,12.362482,-1.513071
veh-stage-2,2026-03-14T13:40:00,12.362485,-1.513085
veh-stage-1,2026-03-14T13:40:00,12.362479,-1.513107
veh-stage-3,2026-03-14T13:40:00,12.362509,-1.51311
LR-ASC-003,2026-03-14T13:40:00,12.362505,-1.5131
veh-stage-0,2026-03-14T13:40:00,12.362481,-1.513114
LR-ASC-003,2026-03-14T13:45:00,12.362493,-1.513125
veh-stage-2,2026-03-14T13:50:00,12.362517,-1.513085
LR-ASC-003,2026-03-14T13:50:00,12.362518,-1.513114
veh-stage-3,2026-03-14T13:50:00,12.362464,-1.513109
veh-stage-1,2026-03-14T13:50:00,12.362493,-1.513132
veh-stage-0,2026-03-14T13:50:00,12.362512,-1.513104
LR-ASC-003,2026-03-14T13:55:00,12.362486,-1.513082
ST-DEV-001,2026-03-14T18:15:00,12.361831,-1.514451
ST-DEV-001,2026-03-14T19:00:00,12.359696,-1.516407
ST-DEV-001,2026-03-14T19:15:00,12.359719,-1.516364
ST-DEV-001,2026-03-14T19:30:00,12.359717,-1.516361
ST-DEV-001,2026-03-14T19:45:00,12.359683,-1.516415
ST-DEV-001,2026-03-14T20:00:00,12.359679,-1.516392
ST-DEV-001,2026-03-14T20:15:00,12.359703,-1.516403
ST-DEV-001,2026-03-14T20:30:00,12.359715,-1.516378
ST-DEV-001,2026-03-14T20:45:00,12.359673,-1.516411
ST-DEV-001,2026-03-14T21:00:00,12.359715,-1.516408
ST-DEV-001,2026-03-14T21:15:00,12.359686,-1.516382
ST-DEV-001,2026-03-14T21:30:00,12.359677,-1.516405
ST-DEV-001,2026-03-14T21:45:00,12.359706,-1.51641
